<gpx version="1.1" creator="Apple Watch" xsi:schemaLocation="http://www.topografix.com/GPX/1/1 http://www.topografix.com/GPX/1/1/gpx.xsd http://www.garmin.com/xmlschemas/GpxExtensions/v3 http://www.garmin.com/xmlschemas/GpxExtensionsv3.xsd http://www.garmin.com/xmlschemas/TrackPointExtension/v1 http://www.garmin.com/xmlschemas/TrackPointExtensionv1.xsd" xmlns="http://www.topografix.com/GPX/1/1" xmlns:gpxtpx="http://www.garmin.com/xmlschemas/TrackPointExtension/v1" xmlns:gpxx="http://www.garmin.com/xmlschemas/GpxExtensions/v3" xmlns:xsi="http://www.w3.org/2001/XMLSchema-instance"><metadata><name>Friday Morning Run</name></metadata>
<trk><name>Friday Morning Run</name><type>running</type>
<wpt lat="38.5760359" lon="-121.4575398">
<name>Start</name>
<ele>11</ele>
<time>2025-08-29T16:06:55.746Z</time>
<type>user</type>
</wpt>
<wpt lat="38.5738382" lon="-121.4689730">
<name>Lap 2</name>
<ele>12</ele>
<time>2025-08-29T16:17:31.000Z</time>
<type>user</type>
</wpt>
<wpt lat="38.5765874" lon="-121.4694231">
<name>Lap 3</name>
<ele>11</ele>
<time>2025-08-29T16:26:50.998Z</time>
<type>user</type>
</wpt>
<wpt lat="38.5805426" lon="-121.4706154">
<name>Lap 4</name>
<ele>11</ele>
<time>2025-08-29T16:36:07.000Z</time>
<type>user</type>
</wpt>
<wpt lat="38.5821631" lon="-121.4715106">
<name>Lap 5</name>
<ele>11</ele>
<time>2025-08-29T16:45:45.000Z</time>
<type>user</type>
</wpt>
<wpt lat="38.5794942" lon="-121.4756072">
<name>Lap 6</name>
<ele>10</ele>
<time>2025-08-29T16:55:18.999Z</time>
<type>user</type>
</wpt>
<wpt lat="38.5769729" lon="-121.4797559">
<name>Lap 7</name>
<ele>10</ele>
<time>2025-08-29T17:04:44.000Z</time>
<type>user</type>
</wpt>
<wpt lat="38.5807355" lon="-121.4794880">
<name>Lap 8</name>
<ele>9</ele>
<time>2025-08-29T17:16:36.000Z</time>
<type>user</type>
</wpt>
<wpt lat="38.5764948" lon="-121.4704239">
<name>Lap 9</name>
<ele>9</ele>
<time>2025-08-29T17:26:18.999Z</time>
<type>user</type>
</wpt>
<wpt lat="38.5776919" lon="-121.4629096">
<name>Lap 10</name>
<ele>9</ele>
<time>2025-08-29T17:36:12.999Z</time>
<type>user</type>
</wpt>
<trkseg>
<trkpt lat="38.5760359" lon="-121.4575398">
<ele>11</ele><time>2025-08-29T16:06:55.746Z</time><extensions><gpxtpx:TrackPointExtension><gpxtpx:hr>98</gpxtpx:hr><gpxtpx:cad>127</gpxtpx:cad></gpxtpx:TrackPointExtension></extensions><extensions><gpxtpx:PowerExtension><gpxtpx:PowerInWatts>70</gpxtpx:PowerInWatts></gpxtpx:PowerExtension></extensions></trkpt>
<trkpt lat="38.5760844" lon="-121.4575118">
<ele>11</ele><time>2025-08-29T16:07:22.000Z</time><extensions><gpxtpx:TrackPointExtension><gpxtpx:hr>95</gpxtpx:hr><gpxtpx:cad>48</gpxtpx:cad></gpxtpx:TrackPointExtension></extensions><extensions><gpxtpx:PowerExtension><gpxtpx:PowerInWatts>70</gpxtpx:PowerInWatts></gpxtpx:PowerExtension></extensions></trkpt>
<trkpt lat="38.5761295" lon="-121.4574925">
<ele>11</ele><time>2025-08-29T16:07:26.000Z</time><extensions><gpxtpx:TrackPointExtension><gpxtpx:hr>94</gpxtpx:hr><gpxtpx:cad>49</gpxtpx:cad></gpxtpx:TrackPointExtension></extensions><extensions><gpxtpx:PowerExtension><gpxtpx:PowerInWatts>71</gpxtpx:PowerInWatts></gpxtpx:PowerExtension></extensions></trkpt>
<trkpt lat="38.5761707" lon="-121.4575332">
<ele>11</ele><time>2025-08-29T16:07:28.000Z</time><extensions><gpxtpx:TrackPointExtension><gpxtpx:hr>94</gpxtpx:hr><gpxtpx:cad>49</gpxtpx:cad></gpxtpx:TrackPointExtension></extensions><extensions><gpxtpx:PowerExtension><gpxtpx:PowerInWatts>71</gpxtpx:PowerInWatts></gpxtpx:PowerExtension></extensions></trkpt>
<trkpt lat="38.5761908" lon="-121.4575882">
<ele>11</ele><time>2025-08-29T16:07:30.000Z</time><extensions><gpxtpx:TrackPointExtension><gpxtpx:hr>95</gpxtpx:hr><gpxtpx:cad>49</gpxtpx:cad></gpxtpx:TrackPointExtension></extensions><extensions><gpxtpx:PowerExtension><gpxtpx:PowerInWatts>75</gpxtpx:PowerInWatts></gpxtpx:PowerExtension></extensions></trkpt>
<trkpt lat="38.5762348" lon="-121.4575455">
<ele>11</ele><time>2025-08-29T16:07:34.000Z</time><extensions><gpxtpx:TrackPointExtension><gpxtpx:hr>95</gpxtpx:hr><gpxtpx:cad>48</gpxtpx:cad></gpxtpx:TrackPointExtension></extensions><extensions><gpxtpx:PowerExtension><gpxtpx:PowerInWatts>78</gpxtpx:PowerInWatts></gpxtpx:PowerExtension></extensions></trkpt>
<trkpt lat="38.5762817" lon="-121.4575227">
<ele>11</ele><time>2025-08-29T16:07:38.000Z</time><extensions><gpxtpx:TrackPointExtension><gpxtpx:hr>94</gpxtpx:hr><gpxtpx:cad>50</gpxtpx:cad></gpxtpx:TrackPointExtension></extensions><extensions><gpxtpx:PowerExtension><gpxtpx:PowerInWatts>76</gpxtpx:PowerInWatts></gpxtpx:PowerExtension></extensions></trkpt>
<trkpt lat="38.5763356" lon="-121.4574910">
<ele>11</ele><time>2025-08-29T16:07:43.000Z</time><extensions><gpxtpx:TrackPointExtension><gpxtpx:hr>93</gpxtpx:hr><gpxtpx:cad>48</gpxtpx:cad></gpxtpx:TrackPointExtension></extensions><extensions><gpxtpx:PowerExtension><gpxtpx:PowerInWatts>77</gpxtpx:PowerInWatts></gpxtpx:PowerExtension></extensions></trkpt>
<trkpt lat="38.5763824" lon="-121.4574639">
<ele>11</ele><time>2025-08-29T16:07:47.000Z</time><extensions><gpxtpx:TrackPointExtension><gpxtpx:hr>93</gpxtpx:hr><gpxtpx:cad>48</gpxtpx:cad></gpxtpx:TrackPointExtension></extensions><extensions><gpxtpx:PowerExtension><gpxtpx:PowerInWatts>80</gpxtpx:PowerInWatts></gpxtpx:PowerExtension></extensions></trkpt>
<trkpt lat="38.5764278" lon="-121.4574319">
<ele>11</ele><time>2025-08-29T16:07:51.000Z</time><extensions><gpxtpx:TrackPointExtension><gpxtpx:hr>94</gpxtpx:hr><gpxtpx:cad>46</gpxtpx:cad></gpxtpx:TrackPointExtension></extensions><extensions><gpxtpx:PowerExtension><gpxtpx:PowerInWatts>80</gpxtpx:PowerInWatts></gpxtpx:PowerExtension></extensions></trkpt>
<trkpt lat="38.5764637" lon="-121.4573947">
<ele>11</ele><time>2025-08-29T16:07:54.000Z</time><extensions><gpxtpx:TrackPointExtension><gpxtpx:hr>95</gpxtpx:hr><gpxtpx:cad>48</gpxtpx:cad></gpxtpx:TrackPointExtension></extensions><extensions><gpxtpx:PowerExtension><gpxtpx:PowerInWatts>80</gpxtpx:PowerInWatts></gpxtpx:PowerExtension></extensions></trkpt>
<trkpt lat="38.5765302" lon="-121.4573622">
<ele>11</ele><time>2025-08-29T16:07:59.000Z</time><extensions><gpxtpx:TrackPointExtension><gpxtpx:hr>97</gpxtpx:hr><gpxtpx:cad>41</gpxtpx:cad></gpxtpx:TrackPointExtension></extensions><extensions><gpxtpx:PowerExtension><gpxtpx:PowerInWatts>90</gpxtpx:PowerInWatts></gpxtpx:PowerExtension></extensions></trkpt>
<trkpt lat="38.5765752" lon="-121.4573857">
<ele>11</ele><time>2025-08-29T16:08:02.000Z</time><extensions><gpxtpx:TrackPointExtension><gpxtpx:hr>99</gpxtpx:hr><gpxtpx:cad>41</gpxtpx:cad></gpxtpx:TrackPointExtension></extensions><extensions><gpxtpx:PowerExtension><gpxtpx:PowerInWatts>90</gpxtpx:PowerInWatts></gpxtpx:PowerExtension></extensions></trkpt>
<trkpt lat="38.5766178" lon="-121.4574122">
<ele>11</ele><time>2025-08-29T16:08:06.000Z</time><extensions><gpxtpx:TrackPointExtension><gpxtpx:hr>103</gpxtpx:hr><gpxtpx:cad>41</gpxtpx:cad></gpxtpx:TrackPointExtension></extensions><extensions><gpxtpx:PowerExtension><gpxtpx:PowerInWatts>90</gpxtpx:PowerInWatts></gpxtpx:PowerExtension></extensions></trkpt>
<trkpt lat="38.5766573" lon="-121.4574649">
<ele>11</ele><time>2025-08-29T16:08:10.000Z</time><extensions><gpxtpx:TrackPointExtension><gpxtpx:hr>107</gpxtpx:hr><gpxtpx:cad>40</gpxtpx:cad></gpxtpx:TrackPointExtension></extensions><extensions><gpxtpx:PowerExtension><gpxtpx:PowerInWatts>94</gpxtpx:PowerInWatts></gpxtpx:PowerExtension></extensions></trkpt>
<trkpt lat="38.5766932" lon="-121.4575240">
<ele>11</ele><time>2025-08-29T16:08:14.000Z</time><extensions><gpxtpx:TrackPointExtension><gpxtpx:hr>109</gpxtpx:hr><gpxtpx:cad>43</gpxtpx:cad></gpxtpx:TrackPointExtension></extensions><extensions><gpxtpx:PowerExtension><gpxtpx:PowerInWatts>94</gpxtpx:PowerInWatts></gpxtpx:PowerExtension></extensions></trkpt>
<trkpt lat="38.5767081" lon="-121.4575955">
<ele>11</ele><time>2025-08-29T16:08:18.000Z</time><extensions><gpxtpx:TrackPointExtension><gpxtpx:hr>110</gpxtpx:hr><gpxtpx:cad>43</gpxtpx:cad></gpxtpx:TrackPointExtension></extensions><extensions><gpxtpx:PowerExtension><gpxtpx:PowerInWatts>101</gpxtpx:PowerInWatts></gpxtpx:PowerExtension></extensions></trkpt>
<trkpt lat="38.5767475" lon="-121.4576457">
<ele>11</ele><time>2025-08-29T16:08:22.000Z</time><extensions><gpxtpx:TrackPointExtension><gpxtpx:hr>107</gpxtpx:hr><gpxtpx:cad>44</gpxtpx:cad></gpxtpx:TrackPointExtension></extensions><extensions><gpxtpx:PowerExtension><gpxtpx:PowerInWatts>101</gpxtpx:PowerInWatts></gpxtpx:PowerExtension></extensions></trkpt>
<trkpt lat="38.5767439" lon="-121.4577481">
<ele>11</ele><time>2025-08-29T16:08:54.000Z</time><extensions><gpxtpx:TrackPointExtension><gpxtpx:hr>107</gpxtpx:hr><gpxtpx:cad>45</gpxtpx:cad></gpxtpx:TrackPointExtension></extensions><extensions><gpxtpx:PowerExtension><gpxtpx:PowerInWatts>88</gpxtpx:PowerInWatts></gpxtpx:PowerExtension></extensions></trkpt>
<trkpt lat="38.5767861" lon="-121.4578215">
<ele>11</ele><time>2025-08-29T16:08:56.000Z</time><extensions><gpxtpx:TrackPointExtension><gpxtpx:hr>107</gpxtpx:hr><gpxtpx:cad>48</gpxtpx:cad></gpxtpx:TrackPointExtension></extensions><extensions><gpxtpx:PowerExtension><gpxtpx:PowerInWatts>88</gpxtpx:PowerInWatts></gpxtpx:PowerExtension></extensions></trkpt>
<trkpt lat="38.5767983" lon="-121.4579114">
<ele>11</ele><time>2025-08-29T16:08:59.000Z</time><extensions><gpxtpx:TrackPointExtension><gpxtpx:hr>108</gpxtpx:hr><gpxtpx:cad>48</gpxtpx:cad></gpxtpx:TrackPointExtension></extensions><extensions><gpxtpx:PowerExtension><gpxtpx:PowerInWatts>88</gpxtpx:PowerInWatts></gpxtpx:PowerExtension></extensions></trkpt>
<trkpt lat="38.5768415" lon="-121.4579751">
<ele>11</ele><time>2025-08-29T16:09:01.000Z</time><extensions><gpxtpx:TrackPointExtension><gpxtpx:hr>109</gpxtpx:hr><gpxtpx:cad>50</gpxtpx:cad></gpxtpx:TrackPointExtension></extensions><extensions><gpxtpx:PowerExtension><gpxtpx:PowerInWatts>235</gpxtpx:PowerInWatts></gpxtpx:PowerExtension></extensions></trkpt>
<trkpt lat="38.5768714" lon="-121.4580432">
<ele>11</ele><time>2025-08-29T16:09:03.000Z</time><extensions><gpxtpx:TrackPointExtension><gpxtpx:hr>113</gpxtpx:hr><gpxtpx:cad>52</gpxtpx:cad></gpxtpx:TrackPointExtension></extensions><extensions><gpxtpx:PowerExtension><gpxtpx:PowerInWatts>245</gpxtpx:PowerInWatts></gpxtpx:PowerExtension></extensions></trkpt>
<trkpt lat="38.5768986" lon="-121.4581353">
<ele>11</ele><time>2025-08-29T16:09:06.000Z</time><extensions><gpxtpx:TrackPointExtension><gpxtpx:hr>117</gpxtpx:hr><gpxtpx:cad>51</gpxtpx:cad></gpxtpx:TrackPointExtension></extensions><extensions><gpxtpx:PowerExtension><gpxtpx:PowerInWatts>246</gpxtpx:PowerInWatts></gpxtpx:PowerExtension></extensions></trkpt>
<trkpt lat="38.5769153" lon="-121.4582216">
<ele>11</ele><time>2025-08-29T16:09:09.000Z</time><extensions><gpxtpx:TrackPointExtension><gpxtpx:hr>119</gpxtpx:hr><gpxtpx:cad>80</gpxtpx:cad></gpxtpx:TrackPointExtension></extensions><extensions><gpxtpx:PowerExtension><gpxtpx:PowerInWatts>246</gpxtpx:PowerInWatts></gpxtpx:PowerExtension></extensions></trkpt>
<trkpt lat="38.5769345" lon="-121.4582822">
<ele>11</ele><time>2025-08-29T16:09:11.000Z</time><extensions><gpxtpx:TrackPointExtension><gpxtpx:hr>120</gpxtpx:hr><gpxtpx:cad>83</gpxtpx:cad></gpxtpx:TrackPointExtension></extensions><extensions><gpxtpx:PowerExtension><gpxtpx:PowerInWatts>211</gpxtpx:PowerInWatts></gpxtpx:PowerExtension></extensions></trkpt>
<trkpt lat="38.5769539" lon="-121.4583454">
<ele>11</ele><time>2025-08-29T16:09:13.000Z</time><extensions><gpxtpx:TrackPointExtension><gpxtpx:hr>120</gpxtpx:hr><gpxtpx:cad>87</gpxtpx:cad></gpxtpx:TrackPointExtension></extensions><extensions><gpxtpx:PowerExtension><gpxtpx:PowerInWatts>211</gpxtpx:PowerInWatts></gpxtpx:PowerExtension></extensions></trkpt>
<trkpt lat="38.5769620" lon="-121.4584056">
<ele>11</ele><time>2025-08-29T16:09:15.000Z</time><extensions><gpxtpx:TrackPointExtension><gpxtpx:hr>121</gpxtpx:hr><gpxtpx:cad>81</gpxtpx:cad></gpxtpx:TrackPointExtension></extensions><extensions><gpxtpx:PowerExtension><gpxtpx:PowerInWatts>213</gpxtpx:PowerInWatts></gpxtpx:PowerExtension></extensions></trkpt>
<trkpt lat="38.5769820" lon="-121.4584950">
<ele>11</ele><time>2025-08-29T16:09:18.000Z</time><extensions><gpxtpx:TrackPointExtension><gpxtpx:hr>124</gpxtpx:hr><gpxtpx:cad>78</gpxtpx:cad></gpxtpx:TrackPointExtension></extensions><extensions><gpxtpx:PowerExtension><gpxtpx:PowerInWatts>223</gpxtpx:PowerInWatts></gpxtpx:PowerExtension></extensions></trkpt>
<trkpt lat="38.5770010" lon="-121.4585526">
<ele>11</ele><time>2025-08-29T16:09:20.000Z</time><extensions><gpxtpx:TrackPointExtension><gpxtpx:hr>125</gpxtpx:hr><gpxtpx:cad>78</gpxtpx:cad></gpxtpx:TrackPointExtension></extensions><extensions><gpxtpx:PowerExtension><gpxtpx:PowerInWatts>223</gpxtpx:PowerInWatts></gpxtpx:PowerExtension></extensions></trkpt>
<trkpt lat="38.5770150" lon="-121.4586103">
<ele>11</ele><time>2025-08-29T16:09:22.000Z</time><extensions><gpxtpx:TrackPointExtension><gpxtpx:hr>126</gpxtpx:hr><gpxtpx:cad>79</gpxtpx:cad></gpxtpx:TrackPointExtension></extensions><extensions><gpxtpx:PowerExtension><gpxtpx:PowerInWatts>218</gpxtpx:PowerInWatts></gpxtpx:PowerExtension></extensions></trkpt>
<trkpt lat="38.5770343" lon="-121.4586797">
<ele>11</ele><time>2025-08-29T16:09:24.000Z</time><extensions><gpxtpx:TrackPointExtension><gpxtpx:hr>128</gpxtpx:hr><gpxtpx:cad>81</gpxtpx:cad></gpxtpx:TrackPointExtension></extensions><extensions><gpxtpx:PowerExtension><gpxtpx:PowerInWatts>214</gpxtpx:PowerInWatts></gpxtpx:PowerExtension></extensions></trkpt>
<trkpt lat="38.5770492" lon="-121.4587520">
<ele>11</ele><time>2025-08-29T16:09:26.000Z</time><extensions><gpxtpx:TrackPointExtension><gpxtpx:hr>130</gpxtpx:hr><gpxtpx:cad>81</gpxtpx:cad></gpxtpx:TrackPointExtension></extensions><extensions><gpxtpx:PowerExtension><gpxtpx:PowerInWatts>217</gpxtpx:PowerInWatts></gpxtpx:PowerExtension></extensions></trkpt>
<trkpt lat="38.5770778" lon="-121.4588281">
<ele>11</ele><time>2025-08-29T16:09:28.000Z</time><extensions><gpxtpx:TrackPointExtension><gpxtpx:hr>130</gpxtpx:hr><gpxtpx:cad>81</gpxtpx:cad></gpxtpx:TrackPointExtension></extensions><extensions><gpxtpx:PowerExtension><gpxtpx:PowerInWatts>217</gpxtpx:PowerInWatts></gpxtpx:PowerExtension></extensions></trkpt>
<trkpt lat="38.5770991" lon="-121.4588974">
<ele>11</ele><time>2025-08-29T16:09:30.000Z</time><extensions><gpxtpx:TrackPointExtension><gpxtpx:hr>131</gpxtpx:hr><gpxtpx:cad>78</gpxtpx:cad></gpxtpx:TrackPointExtension></extensions><extensions><gpxtpx:PowerExtension><gpxtpx:PowerInWatts>219</gpxtpx:PowerInWatts></gpxtpx:PowerExtension></extensions></trkpt>
<trkpt lat="38.5771216" lon="-121.4589856">
<ele>11</ele><time>2025-08-29T16:09:32.000Z</time><extensions><gpxtpx:TrackPointExtension><gpxtpx:hr>132</gpxtpx:hr><gpxtpx:cad>78</gpxtpx:cad></gpxtpx:TrackPointExtension></extensions><extensions><gpxtpx:PowerExtension><gpxtpx:PowerInWatts>219</gpxtpx:PowerInWatts></gpxtpx:PowerExtension></extensions></trkpt>
<trkpt lat="38.5771431" lon="-121.4590581">
<ele>11</ele><time>2025-08-29T16:09:34.999Z</time><extensions><gpxtpx:TrackPointExtension><gpxtpx:hr>133</gpxtpx:hr><gpxtpx:cad>84</gpxtpx:cad></gpxtpx:TrackPointExtension></extensions><extensions><gpxtpx:PowerExtension><gpxtpx:PowerInWatts>219</gpxtpx:PowerInWatts></gpxtpx:PowerExtension></extensions></trkpt>
<trkpt lat="38.5771635" lon="-121.4591314">
<ele>11</ele><time>2025-08-29T16:09:36.999Z</time><extensions><gpxtpx:TrackPointExtension><gpxtpx:hr>133</gpxtpx:hr><gpxtpx:cad>85</gpxtpx:cad></gpxtpx:TrackPointExtension></extensions><extensions><gpxtpx:PowerExtension><gpxtpx:PowerInWatts>227</gpxtpx:PowerInWatts></gpxtpx:PowerExtension></extensions></trkpt>
<trkpt lat="38.5771792" lon="-121.4591925">
<ele>11</ele><time>2025-08-29T16:09:38.999Z</time><extensions><gpxtpx:TrackPointExtension><gpxtpx:hr>134</gpxtpx:hr><gpxtpx:cad>81</gpxtpx:cad></gpxtpx:TrackPointExtension></extensions><extensions><gpxtpx:PowerExtension><gpxtpx:PowerInWatts>228</gpxtpx:PowerInWatts></gpxtpx:PowerExtension></extensions></trkpt>
<trkpt lat="38.5771954" lon="-121.4592620">
<ele>11</ele><time>2025-08-29T16:09:40.999Z</time><extensions><gpxtpx:TrackPointExtension><gpxtpx:hr>135</gpxtpx:hr><gpxtpx:cad>76</gpxtpx:cad></gpxtpx:TrackPointExtension></extensions><extensions><gpxtpx:PowerExtension><gpxtpx:PowerInWatts>228</gpxtpx:PowerInWatts></gpxtpx:PowerExtension></extensions></trkpt>
<trkpt lat="38.5772138" lon="-121.4593528">
<ele>11</ele><time>2025-08-29T16:09:42.999Z</time><extensions><gpxtpx:TrackPointExtension><gpxtpx:hr>136</gpxtpx:hr><gpxtpx:cad>78</gpxtpx:cad></gpxtpx:TrackPointExtension></extensions><extensions><gpxtpx:PowerExtension><gpxtpx:PowerInWatts>228</gpxtpx:PowerInWatts></gpxtpx:PowerExtension></extensions></trkpt>
<trkpt lat="38.5772257" lon="-121.4594106">
<ele>12</ele><time>2025-08-29T16:09:44.999Z</time><extensions><gpxtpx:TrackPointExtension><gpxtpx:hr>136</gpxtpx:hr><gpxtpx:cad>80</gpxtpx:cad></gpxtpx:TrackPointExtension></extensions><extensions><gpxtpx:PowerExtension><gpxtpx:PowerInWatts>233</gpxtpx:PowerInWatts></gpxtpx:PowerExtension></extensions></trkpt>
<trkpt lat="38.5772894" lon="-121.4594396">
<ele>12</ele><time>2025-08-29T16:09:46.999Z</time><extensions><gpxtpx:TrackPointExtension><gpxtpx:hr>137</gpxtpx:hr><gpxtpx:cad>84</gpxtpx:cad></gpxtpx:TrackPointExtension></extensions><extensions><gpxtpx:PowerExtension><gpxtpx:PowerInWatts>233</gpxtpx:PowerInWatts></gpxtpx:PowerExtension></extensions></trkpt>
<trkpt lat="38.5773348" lon="-121.4594781">
<ele>12</ele><time>2025-08-29T16:09:48.999Z</time><extensions><gpxtpx:TrackPointExtension><gpxtpx:hr>138</gpxtpx:hr><gpxtpx:cad>86</gpxtpx:cad></gpxtpx:TrackPointExtension></extensions><extensions><gpxtpx:PowerExtension><gpxtpx:PowerInWatts>233</gpxtpx:PowerInWatts></gpxtpx:PowerExtension></extensions></trkpt>
<trkpt lat="38.5773674" lon="-121.4595306">
<ele>12</ele><time>2025-08-29T16:09:50.999Z</time><extensions><gpxtpx:TrackPointExtension><gpxtpx:hr>139</gpxtpx:hr><gpxtpx:cad>84</gpxtpx:cad></gpxtpx:TrackPointExtension></extensions><extensions><gpxtpx:PowerExtension><gpxtpx:PowerInWatts>239</gpxtpx:PowerInWatts></gpxtpx:PowerExtension></extensions></trkpt>
<trkpt lat="38.5774321" lon="-121.4595373">
<ele>12</ele><time>2025-08-29T16:09:52.999Z</time><extensions><gpxtpx:TrackPointExtension><gpxtpx:hr>140</gpxtpx:hr><gpxtpx:cad>83</gpxtpx:cad></gpxtpx:TrackPointExtension></extensions><extensions><gpxtpx:PowerExtension><gpxtpx:PowerInWatts>239</gpxtpx:PowerInWatts></gpxtpx:PowerExtension></extensions></trkpt>
<trkpt lat="38.5774495" lon="-121.4596018">
<ele>12</ele><time>2025-08-29T16:09:54.999Z</time><extensions><gpxtpx:TrackPointExtension><gpxtpx:hr>142</gpxtpx:hr><gpxtpx:cad>77</gpxtpx:cad></gpxtpx:TrackPointExtension></extensions><extensions><gpxtpx:PowerExtension><gpxtpx:PowerInWatts>238</gpxtpx:PowerInWatts></gpxtpx:PowerExtension></extensions></trkpt>
<trkpt lat="38.5774649" lon="-121.4596591">
<ele>12</ele><time>2025-08-29T16:09:57.999Z</time><extensions><gpxtpx:TrackPointExtension><gpxtpx:hr>142</gpxtpx:hr><gpxtpx:cad>79</gpxtpx:cad></gpxtpx:TrackPointExtension></extensions><extensions><gpxtpx:PowerExtension><gpxtpx:PowerInWatts>240</gpxtpx:PowerInWatts></gpxtpx:PowerExtension></extensions></trkpt>
<trkpt lat="38.5774740" lon="-121.4597207">
<ele>12</ele><time>2025-08-29T16:09:59.999Z</time><extensions><gpxtpx:TrackPointExtension><gpxtpx:hr>143</gpxtpx:hr><gpxtpx:cad>82</gpxtpx:cad></gpxtpx:TrackPointExtension></extensions><extensions><gpxtpx:PowerExtension><gpxtpx:PowerInWatts>239</gpxtpx:PowerInWatts></gpxtpx:PowerExtension></extensions></trkpt>
<trkpt lat="38.5774822" lon="-121.4597800">
<ele>12</ele><time>2025-08-29T16:10:01.999Z</time><extensions><gpxtpx:TrackPointExtension><gpxtpx:hr>143</gpxtpx:hr><gpxtpx:cad>82</gpxtpx:cad></gpxtpx:TrackPointExtension></extensions><extensions><gpxtpx:PowerExtension><gpxtpx:PowerInWatts>239</gpxtpx:PowerInWatts></gpxtpx:PowerExtension></extensions></trkpt>
<trkpt lat="38.5775039" lon="-121.4598403">
<ele>12</ele><time>2025-08-29T16:10:03.999Z</time><extensions><gpxtpx:TrackPointExtension><gpxtpx:hr>144</gpxtpx:hr><gpxtpx:cad>79</gpxtpx:cad></gpxtpx:TrackPointExtension></extensions><extensions><gpxtpx:PowerExtension><gpxtpx:PowerInWatts>239</gpxtpx:PowerInWatts></gpxtpx:PowerExtension></extensions></trkpt>
<trkpt lat="38.5775273" lon="-121.4598913">
<ele>12</ele><time>2025-08-29T16:10:05.999Z</time><extensions><gpxtpx:TrackPointExtension><gpxtpx:hr>144</gpxtpx:hr><gpxtpx:cad>79</gpxtpx:cad></gpxtpx:TrackPointExtension></extensions><extensions><gpxtpx:PowerExtension><gpxtpx:PowerInWatts>222</gpxtpx:PowerInWatts></gpxtpx:PowerExtension></extensions></trkpt>
<trkpt lat="38.5775480" lon="-121.4599683">
<ele>12</ele><time>2025-08-29T16:10:08.999Z</time><extensions><gpxtpx:TrackPointExtension><gpxtpx:hr>144</gpxtpx:hr><gpxtpx:cad>81</gpxtpx:cad></gpxtpx:TrackPointExtension></extensions><extensions><gpxtpx:PowerExtension><gpxtpx:PowerInWatts>222</gpxtpx:PowerInWatts></gpxtpx:PowerExtension></extensions></trkpt>
<trkpt lat="38.5775546" lon="-121.4600404">
<ele>12</ele><time>2025-08-29T16:10:10.999Z</time><extensions><gpxtpx:TrackPointExtension><gpxtpx:hr>144</gpxtpx:hr><gpxtpx:cad>83</gpxtpx:cad></gpxtpx:TrackPointExtension></extensions><extensions><gpxtpx:PowerExtension><gpxtpx:PowerInWatts>219</gpxtpx:PowerInWatts></gpxtpx:PowerExtension></extensions></trkpt>
<trkpt lat="38.5775700" lon="-121.4601246">
<ele>12</ele><time>2025-08-29T16:10:12.999Z</time><extensions><gpxtpx:TrackPointExtension><gpxtpx:hr>144</gpxtpx:hr><gpxtpx:cad>83</gpxtpx:cad></gpxtpx:TrackPointExtension></extensions><extensions><gpxtpx:PowerExtension><gpxtpx:PowerInWatts>213</gpxtpx:PowerInWatts></gpxtpx:PowerExtension></extensions></trkpt>
<trkpt lat="38.5775791" lon="-121.4602000">
<ele>12</ele><time>2025-08-29T16:10:14.999Z</time><extensions><gpxtpx:TrackPointExtension><gpxtpx:hr>144</gpxtpx:hr><gpxtpx:cad>83</gpxtpx:cad></gpxtpx:TrackPointExtension></extensions><extensions><gpxtpx:PowerExtension><gpxtpx:PowerInWatts>213</gpxtpx:PowerInWatts></gpxtpx:PowerExtension></extensions></trkpt>
<trkpt lat="38.5776003" lon="-121.4602735">
<ele>12</ele><time>2025-08-29T16:10:16.999Z</time><extensions><gpxtpx:TrackPointExtension><gpxtpx:hr>144</gpxtpx:hr><gpxtpx:cad>79</gpxtpx:cad></gpxtpx:TrackPointExtension></extensions><extensions><gpxtpx:PowerExtension><gpxtpx:PowerInWatts>215</gpxtpx:PowerInWatts></gpxtpx:PowerExtension></extensions></trkpt>
<trkpt lat="38.5776304" lon="-121.4603390">
<ele>12</ele><time>2025-08-29T16:10:19.999Z</time><extensions><gpxtpx:TrackPointExtension><gpxtpx:hr>145</gpxtpx:hr><gpxtpx:cad>77</gpxtpx:cad></gpxtpx:TrackPointExtension></extensions><extensions><gpxtpx:PowerExtension><gpxtpx:PowerInWatts>221</gpxtpx:PowerInWatts></gpxtpx:PowerExtension></extensions></trkpt>
<trkpt lat="38.5776438" lon="-121.4604088">
<ele>12</ele><time>2025-08-29T16:10:21.999Z</time><extensions><gpxtpx:TrackPointExtension><gpxtpx:hr>145</gpxtpx:hr><gpxtpx:cad>78</gpxtpx:cad></gpxtpx:TrackPointExtension></extensions><extensions><gpxtpx:PowerExtension><gpxtpx:PowerInWatts>221</gpxtpx:PowerInWatts></gpxtpx:PowerExtension></extensions></trkpt>
<trkpt lat="38.5776564" lon="-121.4604783">
<ele>12</ele><time>2025-08-29T16:10:24.999Z</time><extensions><gpxtpx:TrackPointExtension><gpxtpx:hr>145</gpxtpx:hr><gpxtpx:cad>80</gpxtpx:cad></gpxtpx:TrackPointExtension></extensions><extensions><gpxtpx:PowerExtension><gpxtpx:PowerInWatts>220</gpxtpx:PowerInWatts></gpxtpx:PowerExtension></extensions></trkpt>
<trkpt lat="38.5776849" lon="-121.4605354">
<ele>12</ele><time>2025-08-29T16:10:26.999Z</time><extensions><gpxtpx:TrackPointExtension><gpxtpx:hr>145</gpxtpx:hr><gpxtpx:cad>85</gpxtpx:cad></gpxtpx:TrackPointExtension></extensions><extensions><gpxtpx:PowerExtension><gpxtpx:PowerInWatts>219</gpxtpx:PowerInWatts></gpxtpx:PowerExtension></extensions></trkpt>
<trkpt lat="38.5777172" lon="-121.4606016">
<ele>12</ele><time>2025-08-29T16:10:28.999Z</time><extensions><gpxtpx:TrackPointExtension><gpxtpx:hr>145</gpxtpx:hr><gpxtpx:cad>83</gpxtpx:cad></gpxtpx:TrackPointExtension></extensions><extensions><gpxtpx:PowerExtension><gpxtpx:PowerInWatts>219</gpxtpx:PowerInWatts></gpxtpx:PowerExtension></extensions></trkpt>
<trkpt lat="38.5777260" lon="-121.4606726">
<ele>12</ele><time>2025-08-29T16:10:31.999Z</time><extensions><gpxtpx:TrackPointExtension><gpxtpx:hr>145</gpxtpx:hr><gpxtpx:cad>85</gpxtpx:cad></gpxtpx:TrackPointExtension></extensions><extensions><gpxtpx:PowerExtension><gpxtpx:PowerInWatts>208</gpxtpx:PowerInWatts></gpxtpx:PowerExtension></extensions></trkpt>
<trkpt lat="38.5777396" lon="-121.4607374">
<ele>12</ele><time>2025-08-29T16:10:33.999Z</time><extensions><gpxtpx:TrackPointExtension><gpxtpx:hr>145</gpxtpx:hr><gpxtpx:cad>79</gpxtpx:cad></gpxtpx:TrackPointExtension></extensions><extensions><gpxtpx:PowerExtension><gpxtpx:PowerInWatts>208</gpxtpx:PowerInWatts></gpxtpx:PowerExtension></extensions></trkpt>
<trkpt lat="38.5777633" lon="-121.4608028">
<ele>12</ele><time>2025-08-29T16:10:35.999Z</time><extensions><gpxtpx:TrackPointExtension><gpxtpx:hr>146</gpxtpx:hr><gpxtpx:cad>77</gpxtpx:cad></gpxtpx:TrackPointExtension></extensions><extensions><gpxtpx:PowerExtension><gpxtpx:PowerInWatts>210</gpxtpx:PowerInWatts></gpxtpx:PowerExtension></extensions></trkpt>
<trkpt lat="38.5777816" lon="-121.4608830">
<ele>12</ele><time>2025-08-29T16:10:37.999Z</time><extensions><gpxtpx:TrackPointExtension><gpxtpx:hr>145</gpxtpx:hr><gpxtpx:cad>74</gpxtpx:cad></gpxtpx:TrackPointExtension></extensions><extensions><gpxtpx:PowerExtension><gpxtpx:PowerInWatts>210</gpxtpx:PowerInWatts></gpxtpx:PowerExtension></extensions></trkpt>
<trkpt lat="38.5778026" lon="-121.4609814">
<ele>12</ele><time>2025-08-29T16:10:39.999Z</time><extensions><gpxtpx:TrackPointExtension><gpxtpx:hr>145</gpxtpx:hr><gpxtpx:cad>81</gpxtpx:cad></gpxtpx:TrackPointExtension></extensions><extensions><gpxtpx:PowerExtension><gpxtpx:PowerInWatts>210</gpxtpx:PowerInWatts></gpxtpx:PowerExtension></extensions></trkpt>
<trkpt lat="38.5778094" lon="-121.4610486">
<ele>12</ele><time>2025-08-29T16:10:41.999Z</time><extensions><gpxtpx:TrackPointExtension><gpxtpx:hr>145</gpxtpx:hr><gpxtpx:cad>78</gpxtpx:cad></gpxtpx:TrackPointExtension></extensions><extensions><gpxtpx:PowerExtension><gpxtpx:PowerInWatts>211</gpxtpx:PowerInWatts></gpxtpx:PowerExtension></extensions></trkpt>
<trkpt lat="38.5778260" lon="-121.4611279">
<ele>12</ele><time>2025-08-29T16:10:43.999Z</time><extensions><gpxtpx:TrackPointExtension><gpxtpx:hr>145</gpxtpx:hr><gpxtpx:cad>75</gpxtpx:cad></gpxtpx:TrackPointExtension></extensions><extensions><gpxtpx:PowerExtension><gpxtpx:PowerInWatts>214</gpxtpx:PowerInWatts></gpxtpx:PowerExtension></extensions></trkpt>
<trkpt lat="38.5778463" lon="-121.4611948">
<ele>12</ele><time>2025-08-29T16:10:45.999Z</time><extensions><gpxtpx:TrackPointExtension><gpxtpx:hr>146</gpxtpx:hr><gpxtpx:cad>80</gpxtpx:cad></gpxtpx:TrackPointExtension></extensions><extensions><gpxtpx:PowerExtension><gpxtpx:PowerInWatts>227</gpxtpx:PowerInWatts></gpxtpx:PowerExtension></extensions></trkpt>
<trkpt lat="38.5778811" lon="-121.4612747">
<ele>12</ele><time>2025-08-29T16:10:48.999Z</time><extensions><gpxtpx:TrackPointExtension><gpxtpx:hr>146</gpxtpx:hr><gpxtpx:cad>79</gpxtpx:cad></gpxtpx:TrackPointExtension></extensions><extensions><gpxtpx:PowerExtension><gpxtpx:PowerInWatts>227</gpxtpx:PowerInWatts></gpxtpx:PowerExtension></extensions></trkpt>
<trkpt lat="38.5779074" lon="-121.4613510">
<ele>12</ele><time>2025-08-29T16:10:51.999Z</time><extensions><gpxtpx:TrackPointExtension><gpxtpx:hr>146</gpxtpx:hr><gpxtpx:cad>77</gpxtpx:cad></gpxtpx:TrackPointExtension></extensions><extensions><gpxtpx:PowerExtension><gpxtpx:PowerInWatts>227</gpxtpx:PowerInWatts></gpxtpx:PowerExtension></extensions></trkpt>
<trkpt lat="38.5779391" lon="-121.4614345">
<ele>12</ele><time>2025-08-29T16:10:54.999Z</time><extensions><gpxtpx:TrackPointExtension><gpxtpx:hr>147</gpxtpx:hr><gpxtpx:cad>77</gpxtpx:cad></gpxtpx:TrackPointExtension></extensions><extensions><gpxtpx:PowerExtension><gpxtpx:PowerInWatts>227</gpxtpx:PowerInWatts></gpxtpx:PowerExtension></extensions></trkpt>
<trkpt lat="38.5779423" lon="-121.4615009">
<ele>12</ele><time>2025-08-29T16:10:56.999Z</time><extensions><gpxtpx:TrackPointExtension><gpxtpx:hr>147</gpxtpx:hr><gpxtpx:cad>79</gpxtpx:cad></gpxtpx:TrackPointExtension></extensions><extensions><gpxtpx:PowerExtension><gpxtpx:PowerInWatts>219</gpxtpx:PowerInWatts></gpxtpx:PowerExtension></extensions></trkpt>
<trkpt lat="38.5779540" lon="-121.4615673">
<ele>12</ele><time>2025-08-29T16:10:58.999Z</time><extensions><gpxtpx:TrackPointExtension><gpxtpx:hr>147</gpxtpx:hr><gpxtpx:cad>74</gpxtpx:cad></gpxtpx:TrackPointExtension></extensions><extensions><gpxtpx:PowerExtension><gpxtpx:PowerInWatts>219</gpxtpx:PowerInWatts></gpxtpx:PowerExtension></extensions></trkpt>
<trkpt lat="38.5779735" lon="-121.4616417">
<ele>12</ele><time>2025-08-29T16:11:00.999Z</time><extensions><gpxtpx:TrackPointExtension><gpxtpx:hr>147</gpxtpx:hr><gpxtpx:cad>76</gpxtpx:cad></gpxtpx:TrackPointExtension></extensions><extensions><gpxtpx:PowerExtension><gpxtpx:PowerInWatts>216</gpxtpx:PowerInWatts></gpxtpx:PowerExtension></extensions></trkpt>
<trkpt lat="38.5779870" lon="-121.4617293">
<ele>12</ele><time>2025-08-29T16:11:03.999Z</time><extensions><gpxtpx:TrackPointExtension><gpxtpx:hr>148</gpxtpx:hr><gpxtpx:cad>81</gpxtpx:cad></gpxtpx:TrackPointExtension></extensions><extensions><gpxtpx:PowerExtension><gpxtpx:PowerInWatts>217</gpxtpx:PowerInWatts></gpxtpx:PowerExtension></extensions></trkpt>
<trkpt lat="38.5780057" lon="-121.4617975">
<ele>12</ele><time>2025-08-29T16:11:06.999Z</time><extensions><gpxtpx:TrackPointExtension><gpxtpx:hr>149</gpxtpx:hr><gpxtpx:cad>82</gpxtpx:cad></gpxtpx:TrackPointExtension></extensions><extensions><gpxtpx:PowerExtension><gpxtpx:PowerInWatts>220</gpxtpx:PowerInWatts></gpxtpx:PowerExtension></extensions></trkpt>
<trkpt lat="38.5780290" lon="-121.4618702">
<ele>12</ele><time>2025-08-29T16:11:08.999Z</time><extensions><gpxtpx:TrackPointExtension><gpxtpx:hr>149</gpxtpx:hr><gpxtpx:cad>76</gpxtpx:cad></gpxtpx:TrackPointExtension></extensions><extensions><gpxtpx:PowerExtension><gpxtpx:PowerInWatts>219</gpxtpx:PowerInWatts></gpxtpx:PowerExtension></extensions></trkpt>
<trkpt lat="38.5780507" lon="-121.4619249">
<ele>12</ele><time>2025-08-29T16:11:10.999Z</time><extensions><gpxtpx:TrackPointExtension><gpxtpx:hr>150</gpxtpx:hr><gpxtpx:cad>80</gpxtpx:cad></gpxtpx:TrackPointExtension></extensions><extensions><gpxtpx:PowerExtension><gpxtpx:PowerInWatts>216</gpxtpx:PowerInWatts></gpxtpx:PowerExtension></extensions></trkpt>
<trkpt lat="38.5780645" lon="-121.4619802">
<ele>12</ele><time>2025-08-29T16:11:12.999Z</time><extensions><gpxtpx:TrackPointExtension><gpxtpx:hr>150</gpxtpx:hr><gpxtpx:cad>78</gpxtpx:cad></gpxtpx:TrackPointExtension></extensions><extensions><gpxtpx:PowerExtension><gpxtpx:PowerInWatts>214</gpxtpx:PowerInWatts></gpxtpx:PowerExtension></extensions></trkpt>
<trkpt lat="38.5780862" lon="-121.4620365">
<ele>12</ele><time>2025-08-29T16:11:14.999Z</time><extensions><gpxtpx:TrackPointExtension><gpxtpx:hr>150</gpxtpx:hr><gpxtpx:cad>78</gpxtpx:cad></gpxtpx:TrackPointExtension></extensions><extensions><gpxtpx:PowerExtension><gpxtpx:PowerInWatts>214</gpxtpx:PowerInWatts></gpxtpx:PowerExtension></extensions></trkpt>
<trkpt lat="38.5781022" lon="-121.4621010">
<ele>12</ele><time>2025-08-29T16:11:16.999Z</time><extensions><gpxtpx:TrackPointExtension><gpxtpx:hr>150</gpxtpx:hr><gpxtpx:cad>76</gpxtpx:cad></gpxtpx:TrackPointExtension></extensions><extensions><gpxtpx:PowerExtension><gpxtpx:PowerInWatts>218</gpxtpx:PowerInWatts></gpxtpx:PowerExtension></extensions></trkpt>
<trkpt lat="38.5781145" lon="-121.4621594">
<ele>12</ele><time>2025-08-29T16:11:18.999Z</time><extensions><gpxtpx:TrackPointExtension><gpxtpx:hr>150</gpxtpx:hr><gpxtpx:cad>82</gpxtpx:cad></gpxtpx:TrackPointExtension></extensions><extensions><gpxtpx:PowerExtension><gpxtpx:PowerInWatts>212</gpxtpx:PowerInWatts></gpxtpx:PowerExtension></extensions></trkpt>
<trkpt lat="38.5781248" lon="-121.4622481">
<ele>12</ele><time>2025-08-29T16:11:21.999Z</time><extensions><gpxtpx:TrackPointExtension><gpxtpx:hr>150</gpxtpx:hr><gpxtpx:cad>80</gpxtpx:cad></gpxtpx:TrackPointExtension></extensions><extensions><gpxtpx:PowerExtension><gpxtpx:PowerInWatts>212</gpxtpx:PowerInWatts></gpxtpx:PowerExtension></extensions></trkpt>
<trkpt lat="38.5781467" lon="-121.4623088">
<ele>12</ele><time>2025-08-29T16:11:23.999Z</time><extensions><gpxtpx:TrackPointExtension><gpxtpx:hr>150</gpxtpx:hr><gpxtpx:cad>77</gpxtpx:cad></gpxtpx:TrackPointExtension></extensions><extensions><gpxtpx:PowerExtension><gpxtpx:PowerInWatts>210</gpxtpx:PowerInWatts></gpxtpx:PowerExtension></extensions></trkpt>
<trkpt lat="38.5781729" lon="-121.4623707">
<ele>12</ele><time>2025-08-29T16:11:25.999Z</time><extensions><gpxtpx:TrackPointExtension><gpxtpx:hr>150</gpxtpx:hr><gpxtpx:cad>77</gpxtpx:cad></gpxtpx:TrackPointExtension></extensions><extensions><gpxtpx:PowerExtension><gpxtpx:PowerInWatts>210</gpxtpx:PowerInWatts></gpxtpx:PowerExtension></extensions></trkpt>
<trkpt lat="38.5781822" lon="-121.4624296">
<ele>12</ele><time>2025-08-29T16:11:27.999Z</time><extensions><gpxtpx:TrackPointExtension><gpxtpx:hr>150</gpxtpx:hr><gpxtpx:cad>77</gpxtpx:cad></gpxtpx:TrackPointExtension></extensions><extensions><gpxtpx:PowerExtension><gpxtpx:PowerInWatts>210</gpxtpx:PowerInWatts></gpxtpx:PowerExtension></extensions></trkpt>
<trkpt lat="38.5782026" lon="-121.4624892">
<ele>12</ele><time>2025-08-29T16:11:29.999Z</time><extensions><gpxtpx:TrackPointExtension><gpxtpx:hr>150</gpxtpx:hr><gpxtpx:cad>80</gpxtpx:cad></gpxtpx:TrackPointExtension></extensions><extensions><gpxtpx:PowerExtension><gpxtpx:PowerInWatts>210</gpxtpx:PowerInWatts></gpxtpx:PowerExtension></extensions></trkpt>
<trkpt lat="38.5782189" lon="-121.4625731">
<ele>12</ele><time>2025-08-29T16:11:32.999Z</time><extensions><gpxtpx:TrackPointExtension><gpxtpx:hr>151</gpxtpx:hr><gpxtpx:cad>81</gpxtpx:cad></gpxtpx:TrackPointExtension></extensions><extensions><gpxtpx:PowerExtension><gpxtpx:PowerInWatts>210</gpxtpx:PowerInWatts></gpxtpx:PowerExtension></extensions></trkpt>
<trkpt lat="38.5782491" lon="-121.4626415">
<ele>12</ele><time>2025-08-29T16:11:35.999Z</time><extensions><gpxtpx:TrackPointExtension><gpxtpx:hr>150</gpxtpx:hr><gpxtpx:cad>81</gpxtpx:cad></gpxtpx:TrackPointExtension></extensions><extensions><gpxtpx:PowerExtension><gpxtpx:PowerInWatts>211</gpxtpx:PowerInWatts></gpxtpx:PowerExtension></extensions></trkpt>
<trkpt lat="38.5782729" lon="-121.4627031">
<ele>12</ele><time>2025-08-29T16:11:37.999Z</time><extensions><gpxtpx:TrackPointExtension><gpxtpx:hr>150</gpxtpx:hr><gpxtpx:cad>78</gpxtpx:cad></gpxtpx:TrackPointExtension></extensions><extensions><gpxtpx:PowerExtension><gpxtpx:PowerInWatts>211</gpxtpx:PowerInWatts></gpxtpx:PowerExtension></extensions></trkpt>
<trkpt lat="38.5782866" lon="-121.4627875">
<ele>12</ele><time>2025-08-29T16:11:39.999Z</time><extensions><gpxtpx:TrackPointExtension><gpxtpx:hr>150</gpxtpx:hr><gpxtpx:cad>76</gpxtpx:cad></gpxtpx:TrackPointExtension></extensions><extensions><gpxtpx:PowerExtension><gpxtpx:PowerInWatts>209</gpxtpx:PowerInWatts></gpxtpx:PowerExtension></extensions></trkpt>
<trkpt lat="38.5783025" lon="-121.4628621">
<ele>12</ele><time>2025-08-29T16:11:41.999Z</time><extensions><gpxtpx:TrackPointExtension><gpxtpx:hr>150</gpxtpx:hr><gpxtpx:cad>76</gpxtpx:cad></gpxtpx:TrackPointExtension></extensions><extensions><gpxtpx:PowerExtension><gpxtpx:PowerInWatts>207</gpxtpx:PowerInWatts></gpxtpx:PowerExtension></extensions></trkpt>
<trkpt lat="38.5783285" lon="-121.4629418">
<ele>12</ele><time>2025-08-29T16:11:43.999Z</time><extensions><gpxtpx:TrackPointExtension><gpxtpx:hr>151</gpxtpx:hr><gpxtpx:cad>78</gpxtpx:cad></gpxtpx:TrackPointExtension></extensions><extensions><gpxtpx:PowerExtension><gpxtpx:PowerInWatts>208</gpxtpx:PowerInWatts></gpxtpx:PowerExtension></extensions></trkpt>
<trkpt lat="38.5783596" lon="-121.4629971">
<ele>12</ele><time>2025-08-29T16:11:45.999Z</time><extensions><gpxtpx:TrackPointExtension><gpxtpx:hr>151</gpxtpx:hr><gpxtpx:cad>83</gpxtpx:cad></gpxtpx:TrackPointExtension></extensions><extensions><gpxtpx:PowerExtension><gpxtpx:PowerInWatts>208</gpxtpx:PowerInWatts></gpxtpx:PowerExtension></extensions></trkpt>
<trkpt lat="38.5783808" lon="-121.4630870">
<ele>12</ele><time>2025-08-29T16:11:48.999Z</time><extensions><gpxtpx:TrackPointExtension><gpxtpx:hr>151</gpxtpx:hr><gpxtpx:cad>77</gpxtpx:cad></gpxtpx:TrackPointExtension></extensions><extensions><gpxtpx:PowerExtension><gpxtpx:PowerInWatts>243</gpxtpx:PowerInWatts></gpxtpx:PowerExtension></extensions></trkpt>
<trkpt lat="38.5783751" lon="-121.4631476">
<ele>12</ele><time>2025-08-29T16:11:50.999Z</time><extensions><gpxtpx:TrackPointExtension><gpxtpx:hr>151</gpxtpx:hr><gpxtpx:cad>79</gpxtpx:cad></gpxtpx:TrackPointExtension></extensions><extensions><gpxtpx:PowerExtension><gpxtpx:PowerInWatts>243</gpxtpx:PowerInWatts></gpxtpx:PowerExtension></extensions></trkpt>
<trkpt lat="38.5783838" lon="-121.4632148">
<ele>12</ele><time>2025-08-29T16:11:52.999Z</time><extensions><gpxtpx:TrackPointExtension><gpxtpx:hr>151</gpxtpx:hr><gpxtpx:cad>79</gpxtpx:cad></gpxtpx:TrackPointExtension></extensions><extensions><gpxtpx:PowerExtension><gpxtpx:PowerInWatts>197</gpxtpx:PowerInWatts></gpxtpx:PowerExtension></extensions></trkpt>
<trkpt lat="38.5784046" lon="-121.4632661">
<ele>12</ele><time>2025-08-29T16:11:54.999Z</time><extensions><gpxtpx:TrackPointExtension><gpxtpx:hr>151</gpxtpx:hr><gpxtpx:cad>87</gpxtpx:cad></gpxtpx:TrackPointExtension></extensions><extensions><gpxtpx:PowerExtension><gpxtpx:PowerInWatts>197</gpxtpx:PowerInWatts></gpxtpx:PowerExtension></extensions></trkpt>
<trkpt lat="38.5784528" lon="-121.4633369">
<ele>12</ele><time>2025-08-29T16:11:57.999Z</time><extensions><gpxtpx:TrackPointExtension><gpxtpx:hr>152</gpxtpx:hr><gpxtpx:cad>83</gpxtpx:cad></gpxtpx:TrackPointExtension></extensions><extensions><gpxtpx:PowerExtension><gpxtpx:PowerInWatts>197</gpxtpx:PowerInWatts></gpxtpx:PowerExtension></extensions></trkpt>
<trkpt lat="38.5784855" lon="-121.4634147">
<ele>12</ele><time>2025-08-29T16:11:59.999Z</time><extensions><gpxtpx:TrackPointExtension><gpxtpx:hr>153</gpxtpx:hr><gpxtpx:cad>78</gpxtpx:cad></gpxtpx:TrackPointExtension></extensions><extensions><gpxtpx:PowerExtension><gpxtpx:PowerInWatts>209</gpxtpx:PowerInWatts></gpxtpx:PowerExtension></extensions></trkpt>
<trkpt lat="38.5784963" lon="-121.4634853">
<ele>12</ele><time>2025-08-29T16:12:01.999Z</time><extensions><gpxtpx:TrackPointExtension><gpxtpx:hr>154</gpxtpx:hr><gpxtpx:cad>77</gpxtpx:cad></gpxtpx:TrackPointExtension></extensions><extensions><gpxtpx:PowerExtension><gpxtpx:PowerInWatts>209</gpxtpx:PowerInWatts></gpxtpx:PowerExtension></extensions></trkpt>
<trkpt lat="38.5784918" lon="-121.4635528">
<ele>12</ele><time>2025-08-29T16:12:03.999Z</time><extensions><gpxtpx:TrackPointExtension><gpxtpx:hr>154</gpxtpx:hr><gpxtpx:cad>80</gpxtpx:cad></gpxtpx:TrackPointExtension></extensions><extensions><gpxtpx:PowerExtension><gpxtpx:PowerInWatts>204</gpxtpx:PowerInWatts></gpxtpx:PowerExtension></extensions></trkpt>
<trkpt lat="38.5785093" lon="-121.4636102">
<ele>12</ele><time>2025-08-29T16:12:05.999Z</time><extensions><gpxtpx:TrackPointExtension><gpxtpx:hr>153</gpxtpx:hr><gpxtpx:cad>81</gpxtpx:cad></gpxtpx:TrackPointExtension></extensions><extensions><gpxtpx:PowerExtension><gpxtpx:PowerInWatts>209</gpxtpx:PowerInWatts></gpxtpx:PowerExtension></extensions></trkpt>
<trkpt lat="38.5785194" lon="-121.4636792">
<ele>12</ele><time>2025-08-29T16:12:07.999Z</time><extensions><gpxtpx:TrackPointExtension><gpxtpx:hr>153</gpxtpx:hr><gpxtpx:cad>83</gpxtpx:cad></gpxtpx:TrackPointExtension></extensions><extensions><gpxtpx:PowerExtension><gpxtpx:PowerInWatts>216</gpxtpx:PowerInWatts></gpxtpx:PowerExtension></extensions></trkpt>
<trkpt lat="38.5785143" lon="-121.4637417">
<ele>12</ele><time>2025-08-29T16:12:09.999Z</time><extensions><gpxtpx:TrackPointExtension><gpxtpx:hr>153</gpxtpx:hr><gpxtpx:cad>70</gpxtpx:cad></gpxtpx:TrackPointExtension></extensions><extensions><gpxtpx:PowerExtension><gpxtpx:PowerInWatts>216</gpxtpx:PowerInWatts></gpxtpx:PowerExtension></extensions></trkpt>
<trkpt lat="38.5785404" lon="-121.4637897">
<ele>12</ele><time>2025-08-29T16:12:11.999Z</time><extensions><gpxtpx:TrackPointExtension><gpxtpx:hr>153</gpxtpx:hr><gpxtpx:cad>70</gpxtpx:cad></gpxtpx:TrackPointExtension></extensions><extensions><gpxtpx:PowerExtension><gpxtpx:PowerInWatts>216</gpxtpx:PowerInWatts></gpxtpx:PowerExtension></extensions></trkpt>
<trkpt lat="38.5785477" lon="-121.4638493">
<ele>12</ele><time>2025-08-29T16:12:13.999Z</time><extensions><gpxtpx:TrackPointExtension><gpxtpx:hr>154</gpxtpx:hr><gpxtpx:cad>65</gpxtpx:cad></gpxtpx:TrackPointExtension></extensions><extensions><gpxtpx:PowerExtension><gpxtpx:PowerInWatts>219</gpxtpx:PowerInWatts></gpxtpx:PowerExtension></extensions></trkpt>
<trkpt lat="38.5785737" lon="-121.4639145">
<ele>12</ele><time>2025-08-29T16:12:15.999Z</time><extensions><gpxtpx:TrackPointExtension><gpxtpx:hr>154</gpxtpx:hr><gpxtpx:cad>65</gpxtpx:cad></gpxtpx:TrackPointExtension></extensions><extensions><gpxtpx:PowerExtension><gpxtpx:PowerInWatts>219</gpxtpx:PowerInWatts></gpxtpx:PowerExtension></extensions></trkpt>
<trkpt lat="38.5785997" lon="-121.4639680">
<ele>12</ele><time>2025-08-29T16:12:17.999Z</time><extensions><gpxtpx:TrackPointExtension><gpxtpx:hr>154</gpxtpx:hr><gpxtpx:cad>69</gpxtpx:cad></gpxtpx:TrackPointExtension></extensions><extensions><gpxtpx:PowerExtension><gpxtpx:PowerInWatts>211</gpxtpx:PowerInWatts></gpxtpx:PowerExtension></extensions></trkpt>
<trkpt lat="38.5786362" lon="-121.4640451">
<ele>12</ele><time>2025-08-29T16:12:19.999Z</time><extensions><gpxtpx:TrackPointExtension><gpxtpx:hr>155</gpxtpx:hr><gpxtpx:cad>65</gpxtpx:cad></gpxtpx:TrackPointExtension></extensions><extensions><gpxtpx:PowerExtension><gpxtpx:PowerInWatts>210</gpxtpx:PowerInWatts></gpxtpx:PowerExtension></extensions></trkpt>
<trkpt lat="38.5786378" lon="-121.4641046">
<ele>12</ele><time>2025-08-29T16:12:21.999Z</time><extensions><gpxtpx:TrackPointExtension><gpxtpx:hr>155</gpxtpx:hr><gpxtpx:cad>67</gpxtpx:cad></gpxtpx:TrackPointExtension></extensions><extensions><gpxtpx:PowerExtension><gpxtpx:PowerInWatts>210</gpxtpx:PowerInWatts></gpxtpx:PowerExtension></extensions></trkpt>
<trkpt lat="38.5786408" lon="-121.4641728">
<ele>12</ele><time>2025-08-29T16:12:31.999Z</time><extensions><gpxtpx:TrackPointExtension><gpxtpx:hr>153</gpxtpx:hr><gpxtpx:cad>60</gpxtpx:cad></gpxtpx:TrackPointExtension></extensions><extensions><gpxtpx:PowerExtension><gpxtpx:PowerInWatts>189</gpxtpx:PowerInWatts></gpxtpx:PowerExtension></extensions></trkpt>
<trkpt lat="38.5786708" lon="-121.4642383">
<ele>12</ele><time>2025-08-29T16:12:33.999Z</time><extensions><gpxtpx:TrackPointExtension><gpxtpx:hr>153</gpxtpx:hr><gpxtpx:cad>64</gpxtpx:cad></gpxtpx:TrackPointExtension></extensions><extensions><gpxtpx:PowerExtension><gpxtpx:PowerInWatts>189</gpxtpx:PowerInWatts></gpxtpx:PowerExtension></extensions></trkpt>
<trkpt lat="38.5787041" lon="-121.4643149">
<ele>12</ele><time>2025-08-29T16:12:36.999Z</time><extensions><gpxtpx:TrackPointExtension><gpxtpx:hr>153</gpxtpx:hr><gpxtpx:cad>68</gpxtpx:cad></gpxtpx:TrackPointExtension></extensions><extensions><gpxtpx:PowerExtension><gpxtpx:PowerInWatts>128</gpxtpx:PowerInWatts></gpxtpx:PowerExtension></extensions></trkpt>
<trkpt lat="38.5787021" lon="-121.4643865">
<ele>12</ele><time>2025-08-29T16:12:38.999Z</time><extensions><gpxtpx:TrackPointExtension><gpxtpx:hr>153</gpxtpx:hr><gpxtpx:cad>72</gpxtpx:cad></gpxtpx:TrackPointExtension></extensions><extensions><gpxtpx:PowerExtension><gpxtpx:PowerInWatts>128</gpxtpx:PowerInWatts></gpxtpx:PowerExtension></extensions></trkpt>
<trkpt lat="38.5787309" lon="-121.4644352">
<ele>12</ele><time>2025-08-29T16:12:39.999Z</time><extensions><gpxtpx:TrackPointExtension><gpxtpx:hr>153</gpxtpx:hr><gpxtpx:cad>70</gpxtpx:cad></gpxtpx:TrackPointExtension></extensions><extensions><gpxtpx:PowerExtension><gpxtpx:PowerInWatts>128</gpxtpx:PowerInWatts></gpxtpx:PowerExtension></extensions></trkpt>
<trkpt lat="38.5787593" lon="-121.4645025">
<ele>12</ele><time>2025-08-29T16:12:41.999Z</time><extensions><gpxtpx:TrackPointExtension><gpxtpx:hr>152</gpxtpx:hr><gpxtpx:cad>69</gpxtpx:cad></gpxtpx:TrackPointExtension></extensions><extensions><gpxtpx:PowerExtension><gpxtpx:PowerInWatts>244</gpxtpx:PowerInWatts></gpxtpx:PowerExtension></extensions></trkpt>
<trkpt lat="38.5787793" lon="-121.4645703">
<ele>12</ele><time>2025-08-29T16:12:43.999Z</time><extensions><gpxtpx:TrackPointExtension><gpxtpx:hr>152</gpxtpx:hr><gpxtpx:cad>67</gpxtpx:cad></gpxtpx:TrackPointExtension></extensions><extensions><gpxtpx:PowerExtension><gpxtpx:PowerInWatts>243</gpxtpx:PowerInWatts></gpxtpx:PowerExtension></extensions></trkpt>
<trkpt lat="38.5787938" lon="-121.4646417">
<ele>12</ele><time>2025-08-29T16:12:46.999Z</time><extensions><gpxtpx:TrackPointExtension><gpxtpx:hr>153</gpxtpx:hr><gpxtpx:cad>76</gpxtpx:cad></gpxtpx:TrackPointExtension></extensions><extensions><gpxtpx:PowerExtension><gpxtpx:PowerInWatts>240</gpxtpx:PowerInWatts></gpxtpx:PowerExtension></extensions></trkpt>
<trkpt lat="38.5787974" lon="-121.4647012">
<ele>12</ele><time>2025-08-29T16:12:48.999Z</time><extensions><gpxtpx:TrackPointExtension><gpxtpx:hr>153</gpxtpx:hr><gpxtpx:cad>76</gpxtpx:cad></gpxtpx:TrackPointExtension></extensions><extensions><gpxtpx:PowerExtension><gpxtpx:PowerInWatts>236</gpxtpx:PowerInWatts></gpxtpx:PowerExtension></extensions></trkpt>
<trkpt lat="38.5787789" lon="-121.4647611">
<ele>12</ele><time>2025-08-29T16:12:50.999Z</time><extensions><gpxtpx:TrackPointExtension><gpxtpx:hr>153</gpxtpx:hr><gpxtpx:cad>83</gpxtpx:cad></gpxtpx:TrackPointExtension></extensions><extensions><gpxtpx:PowerExtension><gpxtpx:PowerInWatts>226</gpxtpx:PowerInWatts></gpxtpx:PowerExtension></extensions></trkpt>
<trkpt lat="38.5788075" lon="-121.4648602">
<ele>12</ele><time>2025-08-29T16:12:52.999Z</time><extensions><gpxtpx:TrackPointExtension><gpxtpx:hr>153</gpxtpx:hr><gpxtpx:cad>83</gpxtpx:cad></gpxtpx:TrackPointExtension></extensions><extensions><gpxtpx:PowerExtension><gpxtpx:PowerInWatts>226</gpxtpx:PowerInWatts></gpxtpx:PowerExtension></extensions></trkpt>
<trkpt lat="38.5788216" lon="-121.4649355">
<ele>12</ele><time>2025-08-29T16:12:54.999Z</time><extensions><gpxtpx:TrackPointExtension><gpxtpx:hr>154</gpxtpx:hr><gpxtpx:cad>79</gpxtpx:cad></gpxtpx:TrackPointExtension></extensions><extensions><gpxtpx:PowerExtension><gpxtpx:PowerInWatts>226</gpxtpx:PowerInWatts></gpxtpx:PowerExtension></extensions></trkpt>
<trkpt lat="38.5788157" lon="-121.4650252">
<ele>12</ele><time>2025-08-29T16:12:57.999Z</time><extensions><gpxtpx:TrackPointExtension><gpxtpx:hr>155</gpxtpx:hr><gpxtpx:cad>83</gpxtpx:cad></gpxtpx:TrackPointExtension></extensions><extensions><gpxtpx:PowerExtension><gpxtpx:PowerInWatts>223</gpxtpx:PowerInWatts></gpxtpx:PowerExtension></extensions></trkpt>
<trkpt lat="38.5788393" lon="-121.4651058">
<ele>12</ele><time>2025-08-29T16:12:59.999Z</time><extensions><gpxtpx:TrackPointExtension><gpxtpx:hr>155</gpxtpx:hr><gpxtpx:cad>82</gpxtpx:cad></gpxtpx:TrackPointExtension></extensions><extensions><gpxtpx:PowerExtension><gpxtpx:PowerInWatts>225</gpxtpx:PowerInWatts></gpxtpx:PowerExtension></extensions></trkpt>
<trkpt lat="38.5788516" lon="-121.4651734">
<ele>12</ele><time>2025-08-29T16:13:01.999Z</time><extensions><gpxtpx:TrackPointExtension><gpxtpx:hr>154</gpxtpx:hr><gpxtpx:cad>81</gpxtpx:cad></gpxtpx:TrackPointExtension></extensions><extensions><gpxtpx:PowerExtension><gpxtpx:PowerInWatts>227</gpxtpx:PowerInWatts></gpxtpx:PowerExtension></extensions></trkpt>
<trkpt lat="38.5789077" lon="-121.4652234">
<ele>12</ele><time>2025-08-29T16:13:03.999Z</time><extensions><gpxtpx:TrackPointExtension><gpxtpx:hr>154</gpxtpx:hr><gpxtpx:cad>81</gpxtpx:cad></gpxtpx:TrackPointExtension></extensions><extensions><gpxtpx:PowerExtension><gpxtpx:PowerInWatts>227</gpxtpx:PowerInWatts></gpxtpx:PowerExtension></extensions></trkpt>
<trkpt lat="38.5789287" lon="-121.4652763">
<ele>12</ele><time>2025-08-29T16:13:05.999Z</time><extensions><gpxtpx:TrackPointExtension><gpxtpx:hr>154</gpxtpx:hr><gpxtpx:cad>77</gpxtpx:cad></gpxtpx:TrackPointExtension></extensions><extensions><gpxtpx:PowerExtension><gpxtpx:PowerInWatts>233</gpxtpx:PowerInWatts></gpxtpx:PowerExtension></extensions></trkpt>
<trkpt lat="38.5789609" lon="-121.4653266">
<ele>12</ele><time>2025-08-29T16:13:07.999Z</time><extensions><gpxtpx:TrackPointExtension><gpxtpx:hr>154</gpxtpx:hr><gpxtpx:cad>75</gpxtpx:cad></gpxtpx:TrackPointExtension></extensions><extensions><gpxtpx:PowerExtension><gpxtpx:PowerInWatts>233</gpxtpx:PowerInWatts></gpxtpx:PowerExtension></extensions></trkpt>
<trkpt lat="38.5789903" lon="-121.4653857">
<ele>12</ele><time>2025-08-29T16:13:09.999Z</time><extensions><gpxtpx:TrackPointExtension><gpxtpx:hr>154</gpxtpx:hr><gpxtpx:cad>76</gpxtpx:cad></gpxtpx:TrackPointExtension></extensions><extensions><gpxtpx:PowerExtension><gpxtpx:PowerInWatts>232</gpxtpx:PowerInWatts></gpxtpx:PowerExtension></extensions></trkpt>
<trkpt lat="38.5790058" lon="-121.4654749">
<ele>12</ele><time>2025-08-29T16:13:12.999Z</time><extensions><gpxtpx:TrackPointExtension><gpxtpx:hr>155</gpxtpx:hr><gpxtpx:cad>78</gpxtpx:cad></gpxtpx:TrackPointExtension></extensions><extensions><gpxtpx:PowerExtension><gpxtpx:PowerInWatts>228</gpxtpx:PowerInWatts></gpxtpx:PowerExtension></extensions></trkpt>
<trkpt lat="38.5790264" lon="-121.4655526">
<ele>12</ele><time>2025-08-29T16:13:15.999Z</time><extensions><gpxtpx:TrackPointExtension><gpxtpx:hr>155</gpxtpx:hr><gpxtpx:cad>79</gpxtpx:cad></gpxtpx:TrackPointExtension></extensions><extensions><gpxtpx:PowerExtension><gpxtpx:PowerInWatts>229</gpxtpx:PowerInWatts></gpxtpx:PowerExtension></extensions></trkpt>
<trkpt lat="38.5790164" lon="-121.4656176">
<ele>12</ele><time>2025-08-29T16:13:17.999Z</time><extensions><gpxtpx:TrackPointExtension><gpxtpx:hr>155</gpxtpx:hr><gpxtpx:cad>81</gpxtpx:cad></gpxtpx:TrackPointExtension></extensions><extensions><gpxtpx:PowerExtension><gpxtpx:PowerInWatts>229</gpxtpx:PowerInWatts></gpxtpx:PowerExtension></extensions></trkpt>
<trkpt lat="38.5789740" lon="-121.4656729">
<ele>13</ele><time>2025-08-29T16:13:20.999Z</time><extensions><gpxtpx:TrackPointExtension><gpxtpx:hr>155</gpxtpx:hr><gpxtpx:cad>78</gpxtpx:cad></gpxtpx:TrackPointExtension></extensions><extensions><gpxtpx:PowerExtension><gpxtpx:PowerInWatts>224</gpxtpx:PowerInWatts></gpxtpx:PowerExtension></extensions></trkpt>
<trkpt lat="38.5789190" lon="-121.4656718">
<ele>13</ele><time>2025-08-29T16:13:22.999Z</time><extensions><gpxtpx:TrackPointExtension><gpxtpx:hr>156</gpxtpx:hr><gpxtpx:cad>75</gpxtpx:cad></gpxtpx:TrackPointExtension></extensions><extensions><gpxtpx:PowerExtension><gpxtpx:PowerInWatts>224</gpxtpx:PowerInWatts></gpxtpx:PowerExtension></extensions></trkpt>
<trkpt lat="38.5788700" lon="-121.4656784">
<ele>13</ele><time>2025-08-29T16:13:24.999Z</time><extensions><gpxtpx:TrackPointExtension><gpxtpx:hr>156</gpxtpx:hr><gpxtpx:cad>73</gpxtpx:cad></gpxtpx:TrackPointExtension></extensions><extensions><gpxtpx:PowerExtension><gpxtpx:PowerInWatts>222</gpxtpx:PowerInWatts></gpxtpx:PowerExtension></extensions></trkpt>
<trkpt lat="38.5788155" lon="-121.4656958">
<ele>13</ele><time>2025-08-29T16:13:26.999Z</time><extensions><gpxtpx:TrackPointExtension><gpxtpx:hr>156</gpxtpx:hr><gpxtpx:cad>75</gpxtpx:cad></gpxtpx:TrackPointExtension></extensions><extensions><gpxtpx:PowerExtension><gpxtpx:PowerInWatts>218</gpxtpx:PowerInWatts></gpxtpx:PowerExtension></extensions></trkpt>
<trkpt lat="38.5787603" lon="-121.4657082">
<ele>13</ele><time>2025-08-29T16:13:28.999Z</time><extensions><gpxtpx:TrackPointExtension><gpxtpx:hr>156</gpxtpx:hr><gpxtpx:cad>75</gpxtpx:cad></gpxtpx:TrackPointExtension></extensions><extensions><gpxtpx:PowerExtension><gpxtpx:PowerInWatts>218</gpxtpx:PowerInWatts></gpxtpx:PowerExtension></extensions></trkpt>
<trkpt lat="38.5787037" lon="-121.4657243">
<ele>12</ele><time>2025-08-29T16:13:31.999Z</time><extensions><gpxtpx:TrackPointExtension><gpxtpx:hr>156</gpxtpx:hr><gpxtpx:cad>78</gpxtpx:cad></gpxtpx:TrackPointExtension></extensions><extensions><gpxtpx:PowerExtension><gpxtpx:PowerInWatts>218</gpxtpx:PowerInWatts></gpxtpx:PowerExtension></extensions></trkpt>
<trkpt lat="38.5786599" lon="-121.4657513">
<ele>12</ele><time>2025-08-29T16:13:33.999Z</time><extensions><gpxtpx:TrackPointExtension><gpxtpx:hr>155</gpxtpx:hr><gpxtpx:cad>80</gpxtpx:cad></gpxtpx:TrackPointExtension></extensions><extensions><gpxtpx:PowerExtension><gpxtpx:PowerInWatts>218</gpxtpx:PowerInWatts></gpxtpx:PowerExtension></extensions></trkpt>
<trkpt lat="38.5786089" lon="-121.4657717">
<ele>12</ele><time>2025-08-29T16:13:35.999Z</time><extensions><gpxtpx:TrackPointExtension><gpxtpx:hr>155</gpxtpx:hr><gpxtpx:cad>77</gpxtpx:cad></gpxtpx:TrackPointExtension></extensions><extensions><gpxtpx:PowerExtension><gpxtpx:PowerInWatts>217</gpxtpx:PowerInWatts></gpxtpx:PowerExtension></extensions></trkpt>
<trkpt lat="38.5785578" lon="-121.4657907">
<ele>12</ele><time>2025-08-29T16:13:37.999Z</time><extensions><gpxtpx:TrackPointExtension><gpxtpx:hr>156</gpxtpx:hr><gpxtpx:cad>78</gpxtpx:cad></gpxtpx:TrackPointExtension></extensions><extensions><gpxtpx:PowerExtension><gpxtpx:PowerInWatts>217</gpxtpx:PowerInWatts></gpxtpx:PowerExtension></extensions></trkpt>
<trkpt lat="38.5785076" lon="-121.4658105">
<ele>12</ele><time>2025-08-29T16:13:40.999Z</time><extensions><gpxtpx:TrackPointExtension><gpxtpx:hr>156</gpxtpx:hr><gpxtpx:cad>82</gpxtpx:cad></gpxtpx:TrackPointExtension></extensions><extensions><gpxtpx:PowerExtension><gpxtpx:PowerInWatts>214</gpxtpx:PowerInWatts></gpxtpx:PowerExtension></extensions></trkpt>
<trkpt lat="38.5784577" lon="-121.4658388">
<ele>12</ele><time>2025-08-29T16:13:42.999Z</time><extensions><gpxtpx:TrackPointExtension><gpxtpx:hr>156</gpxtpx:hr><gpxtpx:cad>81</gpxtpx:cad></gpxtpx:TrackPointExtension></extensions><extensions><gpxtpx:PowerExtension><gpxtpx:PowerInWatts>214</gpxtpx:PowerInWatts></gpxtpx:PowerExtension></extensions></trkpt>
<trkpt lat="38.5784072" lon="-121.4658653">
<ele>12</ele><time>2025-08-29T16:13:44.999Z</time><extensions><gpxtpx:TrackPointExtension><gpxtpx:hr>156</gpxtpx:hr><gpxtpx:cad>77</gpxtpx:cad></gpxtpx:TrackPointExtension></extensions><extensions><gpxtpx:PowerExtension><gpxtpx:PowerInWatts>213</gpxtpx:PowerInWatts></gpxtpx:PowerExtension></extensions></trkpt>
<trkpt lat="38.5783562" lon="-121.4658864">
<ele>12</ele><time>2025-08-29T16:13:46.999Z</time><extensions><gpxtpx:TrackPointExtension><gpxtpx:hr>156</gpxtpx:hr><gpxtpx:cad>76</gpxtpx:cad></gpxtpx:TrackPointExtension></extensions><extensions><gpxtpx:PowerExtension><gpxtpx:PowerInWatts>207</gpxtpx:PowerInWatts></gpxtpx:PowerExtension></extensions></trkpt>
<trkpt lat="38.5783011" lon="-121.4659051">
<ele>12</ele><time>2025-08-29T16:13:48.999Z</time><extensions><gpxtpx:TrackPointExtension><gpxtpx:hr>155</gpxtpx:hr><gpxtpx:cad>77</gpxtpx:cad></gpxtpx:TrackPointExtension></extensions><extensions><gpxtpx:PowerExtension><gpxtpx:PowerInWatts>207</gpxtpx:PowerInWatts></gpxtpx:PowerExtension></extensions></trkpt>
<trkpt lat="38.5782509" lon="-121.4659272">
<ele>12</ele><time>2025-08-29T16:13:50.999Z</time><extensions><gpxtpx:TrackPointExtension><gpxtpx:hr>155</gpxtpx:hr><gpxtpx:cad>81</gpxtpx:cad></gpxtpx:TrackPointExtension></extensions><extensions><gpxtpx:PowerExtension><gpxtpx:PowerInWatts>209</gpxtpx:PowerInWatts></gpxtpx:PowerExtension></extensions></trkpt>
<trkpt lat="38.5782033" lon="-121.4659200">
<ele>12</ele><time>2025-08-29T16:13:52.999Z</time><extensions><gpxtpx:TrackPointExtension><gpxtpx:hr>154</gpxtpx:hr><gpxtpx:cad>85</gpxtpx:cad></gpxtpx:TrackPointExtension></extensions><extensions><gpxtpx:PowerExtension><gpxtpx:PowerInWatts>209</gpxtpx:PowerInWatts></gpxtpx:PowerExtension></extensions></trkpt>
<trkpt lat="38.5781573" lon="-121.4659455">
<ele>13</ele><time>2025-08-29T16:13:54.999Z</time><extensions><gpxtpx:TrackPointExtension><gpxtpx:hr>153</gpxtpx:hr><gpxtpx:cad>83</gpxtpx:cad></gpxtpx:TrackPointExtension></extensions><extensions><gpxtpx:PowerExtension><gpxtpx:PowerInWatts>214</gpxtpx:PowerInWatts></gpxtpx:PowerExtension></extensions></trkpt>
<trkpt lat="38.5781097" lon="-121.4659645">
<ele>13</ele><time>2025-08-29T16:13:56.999Z</time><extensions><gpxtpx:TrackPointExtension><gpxtpx:hr>153</gpxtpx:hr><gpxtpx:cad>79</gpxtpx:cad></gpxtpx:TrackPointExtension></extensions><extensions><gpxtpx:PowerExtension><gpxtpx:PowerInWatts>214</gpxtpx:PowerInWatts></gpxtpx:PowerExtension></extensions></trkpt>
<trkpt lat="38.5780431" lon="-121.4659794">
<ele>12</ele><time>2025-08-29T16:13:58.999Z</time><extensions><gpxtpx:TrackPointExtension><gpxtpx:hr>153</gpxtpx:hr><gpxtpx:cad>77</gpxtpx:cad></gpxtpx:TrackPointExtension></extensions><extensions><gpxtpx:PowerExtension><gpxtpx:PowerInWatts>213</gpxtpx:PowerInWatts></gpxtpx:PowerExtension></extensions></trkpt>
<trkpt lat="38.5779888" lon="-121.4659971">
<ele>12</ele><time>2025-08-29T16:14:00.999Z</time><extensions><gpxtpx:TrackPointExtension><gpxtpx:hr>152</gpxtpx:hr><gpxtpx:cad>77</gpxtpx:cad></gpxtpx:TrackPointExtension></extensions><extensions><gpxtpx:PowerExtension><gpxtpx:PowerInWatts>210</gpxtpx:PowerInWatts></gpxtpx:PowerExtension></extensions></trkpt>
<trkpt lat="38.5779427" lon="-121.4660489">
<ele>12</ele><time>2025-08-29T16:14:02.999Z</time><extensions><gpxtpx:TrackPointExtension><gpxtpx:hr>152</gpxtpx:hr><gpxtpx:cad>77</gpxtpx:cad></gpxtpx:TrackPointExtension></extensions><extensions><gpxtpx:PowerExtension><gpxtpx:PowerInWatts>209</gpxtpx:PowerInWatts></gpxtpx:PowerExtension></extensions></trkpt>
<trkpt lat="38.5778945" lon="-121.4660796">
<ele>12</ele><time>2025-08-29T16:14:04.999Z</time><extensions><gpxtpx:TrackPointExtension><gpxtpx:hr>152</gpxtpx:hr><gpxtpx:cad>80</gpxtpx:cad></gpxtpx:TrackPointExtension></extensions><extensions><gpxtpx:PowerExtension><gpxtpx:PowerInWatts>217</gpxtpx:PowerInWatts></gpxtpx:PowerExtension></extensions></trkpt>
<trkpt lat="38.5778379" lon="-121.4660932">
<ele>12</ele><time>2025-08-29T16:14:06.999Z</time><extensions><gpxtpx:TrackPointExtension><gpxtpx:hr>154</gpxtpx:hr><gpxtpx:cad>79</gpxtpx:cad></gpxtpx:TrackPointExtension></extensions><extensions><gpxtpx:PowerExtension><gpxtpx:PowerInWatts>220</gpxtpx:PowerInWatts></gpxtpx:PowerExtension></extensions></trkpt>
<trkpt lat="38.5777888" lon="-121.4661429">
<ele>12</ele><time>2025-08-29T16:14:08.999Z</time><extensions><gpxtpx:TrackPointExtension><gpxtpx:hr>154</gpxtpx:hr><gpxtpx:cad>76</gpxtpx:cad></gpxtpx:TrackPointExtension></extensions><extensions><gpxtpx:PowerExtension><gpxtpx:PowerInWatts>220</gpxtpx:PowerInWatts></gpxtpx:PowerExtension></extensions></trkpt>
<trkpt lat="38.5777270" lon="-121.4661410">
<ele>12</ele><time>2025-08-29T16:14:10.999Z</time><extensions><gpxtpx:TrackPointExtension><gpxtpx:hr>154</gpxtpx:hr><gpxtpx:cad>77</gpxtpx:cad></gpxtpx:TrackPointExtension></extensions><extensions><gpxtpx:PowerExtension><gpxtpx:PowerInWatts>220</gpxtpx:PowerInWatts></gpxtpx:PowerExtension></extensions></trkpt>
<trkpt lat="38.5776739" lon="-121.4661519">
<ele>12</ele><time>2025-08-29T16:14:13.999Z</time><extensions><gpxtpx:TrackPointExtension><gpxtpx:hr>156</gpxtpx:hr><gpxtpx:cad>81</gpxtpx:cad></gpxtpx:TrackPointExtension></extensions><extensions><gpxtpx:PowerExtension><gpxtpx:PowerInWatts>221</gpxtpx:PowerInWatts></gpxtpx:PowerExtension></extensions></trkpt>
<trkpt lat="38.5776186" lon="-121.4661793">
<ele>12</ele><time>2025-08-29T16:14:15.999Z</time><extensions><gpxtpx:TrackPointExtension><gpxtpx:hr>156</gpxtpx:hr><gpxtpx:cad>84</gpxtpx:cad></gpxtpx:TrackPointExtension></extensions><extensions><gpxtpx:PowerExtension><gpxtpx:PowerInWatts>221</gpxtpx:PowerInWatts></gpxtpx:PowerExtension></extensions></trkpt>
<trkpt lat="38.5775686" lon="-121.4661853">
<ele>12</ele><time>2025-08-29T16:14:17.999Z</time><extensions><gpxtpx:TrackPointExtension><gpxtpx:hr>157</gpxtpx:hr><gpxtpx:cad>81</gpxtpx:cad></gpxtpx:TrackPointExtension></extensions><extensions><gpxtpx:PowerExtension><gpxtpx:PowerInWatts>221</gpxtpx:PowerInWatts></gpxtpx:PowerExtension></extensions></trkpt>
<trkpt lat="38.5775072" lon="-121.4661877">
<ele>12</ele><time>2025-08-29T16:14:19.999Z</time><extensions><gpxtpx:TrackPointExtension><gpxtpx:hr>158</gpxtpx:hr><gpxtpx:cad>81</gpxtpx:cad></gpxtpx:TrackPointExtension></extensions><extensions><gpxtpx:PowerExtension><gpxtpx:PowerInWatts>221</gpxtpx:PowerInWatts></gpxtpx:PowerExtension></extensions></trkpt>
<trkpt lat="38.5774724" lon="-121.4662397">
<ele>12</ele><time>2025-08-29T16:14:21.999Z</time><extensions><gpxtpx:TrackPointExtension><gpxtpx:hr>159</gpxtpx:hr><gpxtpx:cad>77</gpxtpx:cad></gpxtpx:TrackPointExtension></extensions><extensions><gpxtpx:PowerExtension><gpxtpx:PowerInWatts>221</gpxtpx:PowerInWatts></gpxtpx:PowerExtension></extensions></trkpt>
<trkpt lat="38.5774243" lon="-121.4662642">
<ele>12</ele><time>2025-08-29T16:14:23.999Z</time><extensions><gpxtpx:TrackPointExtension><gpxtpx:hr>159</gpxtpx:hr><gpxtpx:cad>77</gpxtpx:cad></gpxtpx:TrackPointExtension></extensions><extensions><gpxtpx:PowerExtension><gpxtpx:PowerInWatts>216</gpxtpx:PowerInWatts></gpxtpx:PowerExtension></extensions></trkpt>
<trkpt lat="38.5773815" lon="-121.4662915">
<ele>12</ele><time>2025-08-29T16:14:25.999Z</time><extensions><gpxtpx:TrackPointExtension><gpxtpx:hr>159</gpxtpx:hr><gpxtpx:cad>81</gpxtpx:cad></gpxtpx:TrackPointExtension></extensions><extensions><gpxtpx:PowerExtension><gpxtpx:PowerInWatts>219</gpxtpx:PowerInWatts></gpxtpx:PowerExtension></extensions></trkpt>
<trkpt lat="38.5773329" lon="-121.4663348">
<ele>12</ele><time>2025-08-29T16:14:27.999Z</time><extensions><gpxtpx:TrackPointExtension><gpxtpx:hr>159</gpxtpx:hr><gpxtpx:cad>84</gpxtpx:cad></gpxtpx:TrackPointExtension></extensions><extensions><gpxtpx:PowerExtension><gpxtpx:PowerInWatts>219</gpxtpx:PowerInWatts></gpxtpx:PowerExtension></extensions></trkpt>
<trkpt lat="38.5772891" lon="-121.4663555">
<ele>12</ele><time>2025-08-29T16:14:29.999Z</time><extensions><gpxtpx:TrackPointExtension><gpxtpx:hr>159</gpxtpx:hr><gpxtpx:cad>79</gpxtpx:cad></gpxtpx:TrackPointExtension></extensions><extensions><gpxtpx:PowerExtension><gpxtpx:PowerInWatts>219</gpxtpx:PowerInWatts></gpxtpx:PowerExtension></extensions></trkpt>
<trkpt lat="38.5772284" lon="-121.4663687">
<ele>12</ele><time>2025-08-29T16:14:32.999Z</time><extensions><gpxtpx:TrackPointExtension><gpxtpx:hr>159</gpxtpx:hr><gpxtpx:cad>76</gpxtpx:cad></gpxtpx:TrackPointExtension></extensions><extensions><gpxtpx:PowerExtension><gpxtpx:PowerInWatts>220</gpxtpx:PowerInWatts></gpxtpx:PowerExtension></extensions></trkpt>
<trkpt lat="38.5771800" lon="-121.4663938">
<ele>12</ele><time>2025-08-29T16:14:34.999Z</time><extensions><gpxtpx:TrackPointExtension><gpxtpx:hr>159</gpxtpx:hr><gpxtpx:cad>76</gpxtpx:cad></gpxtpx:TrackPointExtension></extensions><extensions><gpxtpx:PowerExtension><gpxtpx:PowerInWatts>220</gpxtpx:PowerInWatts></gpxtpx:PowerExtension></extensions></trkpt>
<trkpt lat="38.5771215" lon="-121.4664308">
<ele>12</ele><time>2025-08-29T16:14:36.999Z</time><extensions><gpxtpx:TrackPointExtension><gpxtpx:hr>159</gpxtpx:hr><gpxtpx:cad>78</gpxtpx:cad></gpxtpx:TrackPointExtension></extensions><extensions><gpxtpx:PowerExtension><gpxtpx:PowerInWatts>221</gpxtpx:PowerInWatts></gpxtpx:PowerExtension></extensions></trkpt>
<trkpt lat="38.5770690" lon="-121.4664445">
<ele>12</ele><time>2025-08-29T16:14:38.999Z</time><extensions><gpxtpx:TrackPointExtension><gpxtpx:hr>159</gpxtpx:hr><gpxtpx:cad>81</gpxtpx:cad></gpxtpx:TrackPointExtension></extensions><extensions><gpxtpx:PowerExtension><gpxtpx:PowerInWatts>214</gpxtpx:PowerInWatts></gpxtpx:PowerExtension></extensions></trkpt>
<trkpt lat="38.5770235" lon="-121.4664445">
<ele>12</ele><time>2025-08-29T16:14:40.999Z</time><extensions><gpxtpx:TrackPointExtension><gpxtpx:hr>159</gpxtpx:hr><gpxtpx:cad>81</gpxtpx:cad></gpxtpx:TrackPointExtension></extensions><extensions><gpxtpx:PowerExtension><gpxtpx:PowerInWatts>219</gpxtpx:PowerInWatts></gpxtpx:PowerExtension></extensions></trkpt>
<trkpt lat="38.5769738" lon="-121.4664597">
<ele>12</ele><time>2025-08-29T16:14:42.999Z</time><extensions><gpxtpx:TrackPointExtension><gpxtpx:hr>159</gpxtpx:hr><gpxtpx:cad>79</gpxtpx:cad></gpxtpx:TrackPointExtension></extensions><extensions><gpxtpx:PowerExtension><gpxtpx:PowerInWatts>219</gpxtpx:PowerInWatts></gpxtpx:PowerExtension></extensions></trkpt>
<trkpt lat="38.5769198" lon="-121.4664658">
<ele>12</ele><time>2025-08-29T16:14:44.999Z</time><extensions><gpxtpx:TrackPointExtension><gpxtpx:hr>159</gpxtpx:hr><gpxtpx:cad>76</gpxtpx:cad></gpxtpx:TrackPointExtension></extensions><extensions><gpxtpx:PowerExtension><gpxtpx:PowerInWatts>219</gpxtpx:PowerInWatts></gpxtpx:PowerExtension></extensions></trkpt>
<trkpt lat="38.5768735" lon="-121.4664906">
<ele>12</ele><time>2025-08-29T16:14:46.999Z</time><extensions><gpxtpx:TrackPointExtension><gpxtpx:hr>160</gpxtpx:hr><gpxtpx:cad>76</gpxtpx:cad></gpxtpx:TrackPointExtension></extensions><extensions><gpxtpx:PowerExtension><gpxtpx:PowerInWatts>219</gpxtpx:PowerInWatts></gpxtpx:PowerExtension></extensions></trkpt>
<trkpt lat="38.5768058" lon="-121.4665424">
<ele>12</ele><time>2025-08-29T16:14:48.999Z</time><extensions><gpxtpx:TrackPointExtension><gpxtpx:hr>161</gpxtpx:hr><gpxtpx:cad>74</gpxtpx:cad></gpxtpx:TrackPointExtension></extensions><extensions><gpxtpx:PowerExtension><gpxtpx:PowerInWatts>219</gpxtpx:PowerInWatts></gpxtpx:PowerExtension></extensions></trkpt>
<trkpt lat="38.5767460" lon="-121.4665697">
<ele>12</ele><time>2025-08-29T16:14:51.999Z</time><extensions><gpxtpx:TrackPointExtension><gpxtpx:hr>160</gpxtpx:hr><gpxtpx:cad>78</gpxtpx:cad></gpxtpx:TrackPointExtension></extensions><extensions><gpxtpx:PowerExtension><gpxtpx:PowerInWatts>223</gpxtpx:PowerInWatts></gpxtpx:PowerExtension></extensions></trkpt>
<trkpt lat="38.5766865" lon="-121.4665982">
<ele>12</ele><time>2025-08-29T16:14:53.999Z</time><extensions><gpxtpx:TrackPointExtension><gpxtpx:hr>160</gpxtpx:hr><gpxtpx:cad>81</gpxtpx:cad></gpxtpx:TrackPointExtension></extensions><extensions><gpxtpx:PowerExtension><gpxtpx:PowerInWatts>223</gpxtpx:PowerInWatts></gpxtpx:PowerExtension></extensions></trkpt>
<trkpt lat="38.5766448" lon="-121.4666289">
<ele>12</ele><time>2025-08-29T16:14:55.999Z</time><extensions><gpxtpx:TrackPointExtension><gpxtpx:hr>160</gpxtpx:hr><gpxtpx:cad>81</gpxtpx:cad></gpxtpx:TrackPointExtension></extensions><extensions><gpxtpx:PowerExtension><gpxtpx:PowerInWatts>228</gpxtpx:PowerInWatts></gpxtpx:PowerExtension></extensions></trkpt>
<trkpt lat="38.5765864" lon="-121.4666367">
<ele>12</ele><time>2025-08-29T16:14:57.999Z</time><extensions><gpxtpx:TrackPointExtension><gpxtpx:hr>160</gpxtpx:hr><gpxtpx:cad>79</gpxtpx:cad></gpxtpx:TrackPointExtension></extensions><extensions><gpxtpx:PowerExtension><gpxtpx:PowerInWatts>228</gpxtpx:PowerInWatts></gpxtpx:PowerExtension></extensions></trkpt>
<trkpt lat="38.5765448" lon="-121.4666640">
<ele>12</ele><time>2025-08-29T16:14:59.999Z</time><extensions><gpxtpx:TrackPointExtension><gpxtpx:hr>160</gpxtpx:hr><gpxtpx:cad>78</gpxtpx:cad></gpxtpx:TrackPointExtension></extensions><extensions><gpxtpx:PowerExtension><gpxtpx:PowerInWatts>226</gpxtpx:PowerInWatts></gpxtpx:PowerExtension></extensions></trkpt>
<trkpt lat="38.5764836" lon="-121.4667044">
<ele>12</ele><time>2025-08-29T16:15:02.999Z</time><extensions><gpxtpx:TrackPointExtension><gpxtpx:hr>160</gpxtpx:hr><gpxtpx:cad>76</gpxtpx:cad></gpxtpx:TrackPointExtension></extensions><extensions><gpxtpx:PowerExtension><gpxtpx:PowerInWatts>225</gpxtpx:PowerInWatts></gpxtpx:PowerExtension></extensions></trkpt>
<trkpt lat="38.5764254" lon="-121.4667407">
<ele>12</ele><time>2025-08-29T16:15:04.999Z</time><extensions><gpxtpx:TrackPointExtension><gpxtpx:hr>160</gpxtpx:hr><gpxtpx:cad>78</gpxtpx:cad></gpxtpx:TrackPointExtension></extensions><extensions><gpxtpx:PowerExtension><gpxtpx:PowerInWatts>225</gpxtpx:PowerInWatts></gpxtpx:PowerExtension></extensions></trkpt>
<trkpt lat="38.5763721" lon="-121.4667674">
<ele>12</ele><time>2025-08-29T16:15:06.999Z</time><extensions><gpxtpx:TrackPointExtension><gpxtpx:hr>161</gpxtpx:hr><gpxtpx:cad>78</gpxtpx:cad></gpxtpx:TrackPointExtension></extensions><extensions><gpxtpx:PowerExtension><gpxtpx:PowerInWatts>218</gpxtpx:PowerInWatts></gpxtpx:PowerExtension></extensions></trkpt>
<trkpt lat="38.5763295" lon="-121.4667872">
<ele>12</ele><time>2025-08-29T16:15:08.999Z</time><extensions><gpxtpx:TrackPointExtension><gpxtpx:hr>161</gpxtpx:hr><gpxtpx:cad>77</gpxtpx:cad></gpxtpx:TrackPointExtension></extensions><extensions><gpxtpx:PowerExtension><gpxtpx:PowerInWatts>218</gpxtpx:PowerInWatts></gpxtpx:PowerExtension></extensions></trkpt>
<trkpt lat="38.5762843" lon="-121.4668157">
<ele>12</ele><time>2025-08-29T16:15:10.999Z</time><extensions><gpxtpx:TrackPointExtension><gpxtpx:hr>162</gpxtpx:hr><gpxtpx:cad>84</gpxtpx:cad></gpxtpx:TrackPointExtension></extensions><extensions><gpxtpx:PowerExtension><gpxtpx:PowerInWatts>218</gpxtpx:PowerInWatts></gpxtpx:PowerExtension></extensions></trkpt>
<trkpt lat="38.5762226" lon="-121.4668288">
<ele>12</ele><time>2025-08-29T16:15:12.999Z</time><extensions><gpxtpx:TrackPointExtension><gpxtpx:hr>162</gpxtpx:hr><gpxtpx:cad>84</gpxtpx:cad></gpxtpx:TrackPointExtension></extensions><extensions><gpxtpx:PowerExtension><gpxtpx:PowerInWatts>218</gpxtpx:PowerInWatts></gpxtpx:PowerExtension></extensions></trkpt>
<trkpt lat="38.5761656" lon="-121.4668603">
<ele>12</ele><time>2025-08-29T16:15:14.999Z</time><extensions><gpxtpx:TrackPointExtension><gpxtpx:hr>162</gpxtpx:hr><gpxtpx:cad>84</gpxtpx:cad></gpxtpx:TrackPointExtension></extensions><extensions><gpxtpx:PowerExtension><gpxtpx:PowerInWatts>224</gpxtpx:PowerInWatts></gpxtpx:PowerExtension></extensions></trkpt>
<trkpt lat="38.5761014" lon="-121.4668636">
<ele>12</ele><time>2025-08-29T16:15:17.999Z</time><extensions><gpxtpx:TrackPointExtension><gpxtpx:hr>161</gpxtpx:hr><gpxtpx:cad>83</gpxtpx:cad></gpxtpx:TrackPointExtension></extensions><extensions><gpxtpx:PowerExtension><gpxtpx:PowerInWatts>221</gpxtpx:PowerInWatts></gpxtpx:PowerExtension></extensions></trkpt>
<trkpt lat="38.5760533" lon="-121.4668800">
<ele>12</ele><time>2025-08-29T16:15:19.999Z</time><extensions><gpxtpx:TrackPointExtension><gpxtpx:hr>161</gpxtpx:hr><gpxtpx:cad>83</gpxtpx:cad></gpxtpx:TrackPointExtension></extensions><extensions><gpxtpx:PowerExtension><gpxtpx:PowerInWatts>223</gpxtpx:PowerInWatts></gpxtpx:PowerExtension></extensions></trkpt>
<trkpt lat="38.5759888" lon="-121.4668916">
<ele>12</ele><time>2025-08-29T16:15:22.999Z</time><extensions><gpxtpx:TrackPointExtension><gpxtpx:hr>162</gpxtpx:hr><gpxtpx:cad>78</gpxtpx:cad></gpxtpx:TrackPointExtension></extensions><extensions><gpxtpx:PowerExtension><gpxtpx:PowerInWatts>225</gpxtpx:PowerInWatts></gpxtpx:PowerExtension></extensions></trkpt>
<trkpt lat="38.5759122" lon="-121.4669056">
<ele>12</ele><time>2025-08-29T16:15:24.999Z</time><extensions><gpxtpx:TrackPointExtension><gpxtpx:hr>162</gpxtpx:hr><gpxtpx:cad>76</gpxtpx:cad></gpxtpx:TrackPointExtension></extensions><extensions><gpxtpx:PowerExtension><gpxtpx:PowerInWatts>219</gpxtpx:PowerInWatts></gpxtpx:PowerExtension></extensions></trkpt>
<trkpt lat="38.5758591" lon="-121.4669511">
<ele>12</ele><time>2025-08-29T16:15:26.999Z</time><extensions><gpxtpx:TrackPointExtension><gpxtpx:hr>161</gpxtpx:hr><gpxtpx:cad>77</gpxtpx:cad></gpxtpx:TrackPointExtension></extensions><extensions><gpxtpx:PowerExtension><gpxtpx:PowerInWatts>219</gpxtpx:PowerInWatts></gpxtpx:PowerExtension></extensions></trkpt>
<trkpt lat="38.5758138" lon="-121.4669750">
<ele>12</ele><time>2025-08-29T16:15:28.999Z</time><extensions><gpxtpx:TrackPointExtension><gpxtpx:hr>161</gpxtpx:hr><gpxtpx:cad>83</gpxtpx:cad></gpxtpx:TrackPointExtension></extensions><extensions><gpxtpx:PowerExtension><gpxtpx:PowerInWatts>219</gpxtpx:PowerInWatts></gpxtpx:PowerExtension></extensions></trkpt>
<trkpt lat="38.5757519" lon="-121.4670139">
<ele>12</ele><time>2025-08-29T16:15:31.999Z</time><extensions><gpxtpx:TrackPointExtension><gpxtpx:hr>161</gpxtpx:hr><gpxtpx:cad>83</gpxtpx:cad></gpxtpx:TrackPointExtension></extensions><extensions><gpxtpx:PowerExtension><gpxtpx:PowerInWatts>226</gpxtpx:PowerInWatts></gpxtpx:PowerExtension></extensions></trkpt>
<trkpt lat="38.5757022" lon="-121.4670242">
<ele>12</ele><time>2025-08-29T16:15:33.999Z</time><extensions><gpxtpx:TrackPointExtension><gpxtpx:hr>161</gpxtpx:hr><gpxtpx:cad>78</gpxtpx:cad></gpxtpx:TrackPointExtension></extensions><extensions><gpxtpx:PowerExtension><gpxtpx:PowerInWatts>226</gpxtpx:PowerInWatts></gpxtpx:PowerExtension></extensions></trkpt>
<trkpt lat="38.5756441" lon="-121.4670380">
<ele>12</ele><time>2025-08-29T16:15:35.999Z</time><extensions><gpxtpx:TrackPointExtension><gpxtpx:hr>161</gpxtpx:hr><gpxtpx:cad>78</gpxtpx:cad></gpxtpx:TrackPointExtension></extensions><extensions><gpxtpx:PowerExtension><gpxtpx:PowerInWatts>223</gpxtpx:PowerInWatts></gpxtpx:PowerExtension></extensions></trkpt>
<trkpt lat="38.5755935" lon="-121.4670529">
<ele>12</ele><time>2025-08-29T16:15:37.999Z</time><extensions><gpxtpx:TrackPointExtension><gpxtpx:hr>161</gpxtpx:hr><gpxtpx:cad>79</gpxtpx:cad></gpxtpx:TrackPointExtension></extensions><extensions><gpxtpx:PowerExtension><gpxtpx:PowerInWatts>222</gpxtpx:PowerInWatts></gpxtpx:PowerExtension></extensions></trkpt>
<trkpt lat="38.5755551" lon="-121.4670995">
<ele>12</ele><time>2025-08-29T16:15:39.999Z</time><extensions><gpxtpx:TrackPointExtension><gpxtpx:hr>161</gpxtpx:hr><gpxtpx:cad>72</gpxtpx:cad></gpxtpx:TrackPointExtension></extensions><extensions><gpxtpx:PowerExtension><gpxtpx:PowerInWatts>223</gpxtpx:PowerInWatts></gpxtpx:PowerExtension></extensions></trkpt>
<trkpt lat="38.5754918" lon="-121.4670947">
<ele>12</ele><time>2025-08-29T16:15:41.999Z</time><extensions><gpxtpx:TrackPointExtension><gpxtpx:hr>162</gpxtpx:hr><gpxtpx:cad>73</gpxtpx:cad></gpxtpx:TrackPointExtension></extensions><extensions><gpxtpx:PowerExtension><gpxtpx:PowerInWatts>226</gpxtpx:PowerInWatts></gpxtpx:PowerExtension></extensions></trkpt>
<trkpt lat="38.5754556" lon="-121.4671401">
<ele>12</ele><time>2025-08-29T16:15:43.999Z</time><extensions><gpxtpx:TrackPointExtension><gpxtpx:hr>162</gpxtpx:hr><gpxtpx:cad>74</gpxtpx:cad></gpxtpx:TrackPointExtension></extensions><extensions><gpxtpx:PowerExtension><gpxtpx:PowerInWatts>226</gpxtpx:PowerInWatts></gpxtpx:PowerExtension></extensions></trkpt>
<trkpt lat="38.5754003" lon="-121.4671223">
<ele>12</ele><time>2025-08-29T16:15:46.999Z</time><extensions><gpxtpx:TrackPointExtension><gpxtpx:hr>162</gpxtpx:hr><gpxtpx:cad>76</gpxtpx:cad></gpxtpx:TrackPointExtension></extensions><extensions><gpxtpx:PowerExtension><gpxtpx:PowerInWatts>224</gpxtpx:PowerInWatts></gpxtpx:PowerExtension></extensions></trkpt>
<trkpt lat="38.5753341" lon="-121.4671491">
<ele>12</ele><time>2025-08-29T16:15:48.999Z</time><extensions><gpxtpx:TrackPointExtension><gpxtpx:hr>162</gpxtpx:hr><gpxtpx:cad>76</gpxtpx:cad></gpxtpx:TrackPointExtension></extensions><extensions><gpxtpx:PowerExtension><gpxtpx:PowerInWatts>224</gpxtpx:PowerInWatts></gpxtpx:PowerExtension></extensions></trkpt>
<trkpt lat="38.5752888" lon="-121.4671752">
<ele>12</ele><time>2025-08-29T16:15:50.999Z</time><extensions><gpxtpx:TrackPointExtension><gpxtpx:hr>162</gpxtpx:hr><gpxtpx:cad>80</gpxtpx:cad></gpxtpx:TrackPointExtension></extensions><extensions><gpxtpx:PowerExtension><gpxtpx:PowerInWatts>217</gpxtpx:PowerInWatts></gpxtpx:PowerExtension></extensions></trkpt>
<trkpt lat="38.5752375" lon="-121.4671953">
<ele>12</ele><time>2025-08-29T16:15:52.999Z</time><extensions><gpxtpx:TrackPointExtension><gpxtpx:hr>161</gpxtpx:hr><gpxtpx:cad>83</gpxtpx:cad></gpxtpx:TrackPointExtension></extensions><extensions><gpxtpx:PowerExtension><gpxtpx:PowerInWatts>217</gpxtpx:PowerInWatts></gpxtpx:PowerExtension></extensions></trkpt>
<trkpt lat="38.5751868" lon="-121.4672177">
<ele>12</ele><time>2025-08-29T16:15:54.999Z</time><extensions><gpxtpx:TrackPointExtension><gpxtpx:hr>161</gpxtpx:hr><gpxtpx:cad>81</gpxtpx:cad></gpxtpx:TrackPointExtension></extensions><extensions><gpxtpx:PowerExtension><gpxtpx:PowerInWatts>217</gpxtpx:PowerInWatts></gpxtpx:PowerExtension></extensions></trkpt>
<trkpt lat="38.5751442" lon="-121.4672388">
<ele>12</ele><time>2025-08-29T16:15:56.999Z</time><extensions><gpxtpx:TrackPointExtension><gpxtpx:hr>162</gpxtpx:hr><gpxtpx:cad>79</gpxtpx:cad></gpxtpx:TrackPointExtension></extensions><extensions><gpxtpx:PowerExtension><gpxtpx:PowerInWatts>219</gpxtpx:PowerInWatts></gpxtpx:PowerExtension></extensions></trkpt>
<trkpt lat="38.5750948" lon="-121.4672632">
<ele>12</ele><time>2025-08-29T16:15:59.000Z</time><extensions><gpxtpx:TrackPointExtension><gpxtpx:hr>162</gpxtpx:hr><gpxtpx:cad>78</gpxtpx:cad></gpxtpx:TrackPointExtension></extensions><extensions><gpxtpx:PowerExtension><gpxtpx:PowerInWatts>219</gpxtpx:PowerInWatts></gpxtpx:PowerExtension></extensions></trkpt>
<trkpt lat="38.5750348" lon="-121.4672807">
<ele>12</ele><time>2025-08-29T16:16:01.000Z</time><extensions><gpxtpx:TrackPointExtension><gpxtpx:hr>162</gpxtpx:hr><gpxtpx:cad>77</gpxtpx:cad></gpxtpx:TrackPointExtension></extensions><extensions><gpxtpx:PowerExtension><gpxtpx:PowerInWatts>219</gpxtpx:PowerInWatts></gpxtpx:PowerExtension></extensions></trkpt>
<trkpt lat="38.5749873" lon="-121.4673013">
<ele>12</ele><time>2025-08-29T16:16:03.000Z</time><extensions><gpxtpx:TrackPointExtension><gpxtpx:hr>161</gpxtpx:hr><gpxtpx:cad>78</gpxtpx:cad></gpxtpx:TrackPointExtension></extensions><extensions><gpxtpx:PowerExtension><gpxtpx:PowerInWatts>216</gpxtpx:PowerInWatts></gpxtpx:PowerExtension></extensions></trkpt>
<trkpt lat="38.5749304" lon="-121.4673229">
<ele>12</ele><time>2025-08-29T16:16:05.000Z</time><extensions><gpxtpx:TrackPointExtension><gpxtpx:hr>161</gpxtpx:hr><gpxtpx:cad>79</gpxtpx:cad></gpxtpx:TrackPointExtension></extensions><extensions><gpxtpx:PowerExtension><gpxtpx:PowerInWatts>216</gpxtpx:PowerInWatts></gpxtpx:PowerExtension></extensions></trkpt>
<trkpt lat="38.5748955" lon="-121.4673687">
<ele>12</ele><time>2025-08-29T16:16:07.000Z</time><extensions><gpxtpx:TrackPointExtension><gpxtpx:hr>161</gpxtpx:hr><gpxtpx:cad>79</gpxtpx:cad></gpxtpx:TrackPointExtension></extensions><extensions><gpxtpx:PowerExtension><gpxtpx:PowerInWatts>216</gpxtpx:PowerInWatts></gpxtpx:PowerExtension></extensions></trkpt>
<trkpt lat="38.5748314" lon="-121.4674096">
<ele>12</ele><time>2025-08-29T16:16:10.000Z</time><extensions><gpxtpx:TrackPointExtension><gpxtpx:hr>160</gpxtpx:hr><gpxtpx:cad>79</gpxtpx:cad></gpxtpx:TrackPointExtension></extensions><extensions><gpxtpx:PowerExtension><gpxtpx:PowerInWatts>219</gpxtpx:PowerInWatts></gpxtpx:PowerExtension></extensions></trkpt>
<trkpt lat="38.5747828" lon="-121.4674547">
<ele>12</ele><time>2025-08-29T16:16:12.000Z</time><extensions><gpxtpx:TrackPointExtension><gpxtpx:hr>160</gpxtpx:hr><gpxtpx:cad>80</gpxtpx:cad></gpxtpx:TrackPointExtension></extensions><extensions><gpxtpx:PowerExtension><gpxtpx:PowerInWatts>219</gpxtpx:PowerInWatts></gpxtpx:PowerExtension></extensions></trkpt>
<trkpt lat="38.5747276" lon="-121.4674764">
<ele>12</ele><time>2025-08-29T16:16:15.000Z</time><extensions><gpxtpx:TrackPointExtension><gpxtpx:hr>161</gpxtpx:hr><gpxtpx:cad>78</gpxtpx:cad></gpxtpx:TrackPointExtension></extensions><extensions><gpxtpx:PowerExtension><gpxtpx:PowerInWatts>218</gpxtpx:PowerInWatts></gpxtpx:PowerExtension></extensions></trkpt>
<trkpt lat="38.5746655" lon="-121.4675234">
<ele>12</ele><time>2025-08-29T16:16:17.000Z</time><extensions><gpxtpx:TrackPointExtension><gpxtpx:hr>161</gpxtpx:hr><gpxtpx:cad>81</gpxtpx:cad></gpxtpx:TrackPointExtension></extensions><extensions><gpxtpx:PowerExtension><gpxtpx:PowerInWatts>218</gpxtpx:PowerInWatts></gpxtpx:PowerExtension></extensions></trkpt>
<trkpt lat="38.5746065" lon="-121.4675256">
<ele>12</ele><time>2025-08-29T16:16:19.000Z</time><extensions><gpxtpx:TrackPointExtension><gpxtpx:hr>161</gpxtpx:hr><gpxtpx:cad>81</gpxtpx:cad></gpxtpx:TrackPointExtension></extensions><extensions><gpxtpx:PowerExtension><gpxtpx:PowerInWatts>219</gpxtpx:PowerInWatts></gpxtpx:PowerExtension></extensions></trkpt>
<trkpt lat="38.5745586" lon="-121.4675436">
<ele>12</ele><time>2025-08-29T16:16:21.000Z</time><extensions><gpxtpx:TrackPointExtension><gpxtpx:hr>160</gpxtpx:hr><gpxtpx:cad>78</gpxtpx:cad></gpxtpx:TrackPointExtension></extensions><extensions><gpxtpx:PowerExtension><gpxtpx:PowerInWatts>220</gpxtpx:PowerInWatts></gpxtpx:PowerExtension></extensions></trkpt>
<trkpt lat="38.5744958" lon="-121.4675606">
<ele>12</ele><time>2025-08-29T16:16:23.000Z</time><extensions><gpxtpx:TrackPointExtension><gpxtpx:hr>160</gpxtpx:hr><gpxtpx:cad>79</gpxtpx:cad></gpxtpx:TrackPointExtension></extensions><extensions><gpxtpx:PowerExtension><gpxtpx:PowerInWatts>220</gpxtpx:PowerInWatts></gpxtpx:PowerExtension></extensions></trkpt>
<trkpt lat="38.5744491" lon="-121.4675810">
<ele>12</ele><time>2025-08-29T16:16:25.000Z</time><extensions><gpxtpx:TrackPointExtension><gpxtpx:hr>160</gpxtpx:hr><gpxtpx:cad>78</gpxtpx:cad></gpxtpx:TrackPointExtension></extensions><extensions><gpxtpx:PowerExtension><gpxtpx:PowerInWatts>220</gpxtpx:PowerInWatts></gpxtpx:PowerExtension></extensions></trkpt>
<trkpt lat="38.5743977" lon="-121.4675683">
<ele>12</ele><time>2025-08-29T16:16:27.000Z</time><extensions><gpxtpx:TrackPointExtension><gpxtpx:hr>160</gpxtpx:hr><gpxtpx:cad>76</gpxtpx:cad></gpxtpx:TrackPointExtension></extensions><extensions><gpxtpx:PowerExtension><gpxtpx:PowerInWatts>223</gpxtpx:PowerInWatts></gpxtpx:PowerExtension></extensions></trkpt>
<trkpt lat="38.5743412" lon="-121.4675886">
<ele>12</ele><time>2025-08-29T16:16:29.000Z</time><extensions><gpxtpx:TrackPointExtension><gpxtpx:hr>160</gpxtpx:hr><gpxtpx:cad>76</gpxtpx:cad></gpxtpx:TrackPointExtension></extensions><extensions><gpxtpx:PowerExtension><gpxtpx:PowerInWatts>223</gpxtpx:PowerInWatts></gpxtpx:PowerExtension></extensions></trkpt>
<trkpt lat="38.5742832" lon="-121.4675877">
<ele>12</ele><time>2025-08-29T16:16:31.000Z</time><extensions><gpxtpx:TrackPointExtension><gpxtpx:hr>160</gpxtpx:hr><gpxtpx:cad>81</gpxtpx:cad></gpxtpx:TrackPointExtension></extensions><extensions><gpxtpx:PowerExtension><gpxtpx:PowerInWatts>223</gpxtpx:PowerInWatts></gpxtpx:PowerExtension></extensions></trkpt>
<trkpt lat="38.5742338" lon="-121.4676450">
<ele>12</ele><time>2025-08-29T16:16:33.000Z</time><extensions><gpxtpx:TrackPointExtension><gpxtpx:hr>160</gpxtpx:hr><gpxtpx:cad>84</gpxtpx:cad></gpxtpx:TrackPointExtension></extensions><extensions><gpxtpx:PowerExtension><gpxtpx:PowerInWatts>223</gpxtpx:PowerInWatts></gpxtpx:PowerExtension></extensions></trkpt>
<trkpt lat="38.5741890" lon="-121.4676830">
<ele>12</ele><time>2025-08-29T16:16:35.000Z</time><extensions><gpxtpx:TrackPointExtension><gpxtpx:hr>161</gpxtpx:hr><gpxtpx:cad>79</gpxtpx:cad></gpxtpx:TrackPointExtension></extensions><extensions><gpxtpx:PowerExtension><gpxtpx:PowerInWatts>224</gpxtpx:PowerInWatts></gpxtpx:PowerExtension></extensions></trkpt>
<trkpt lat="38.5741279" lon="-121.4677187">
<ele>12</ele><time>2025-08-29T16:16:38.000Z</time><extensions><gpxtpx:TrackPointExtension><gpxtpx:hr>161</gpxtpx:hr><gpxtpx:cad>76</gpxtpx:cad></gpxtpx:TrackPointExtension></extensions><extensions><gpxtpx:PowerExtension><gpxtpx:PowerInWatts>227</gpxtpx:PowerInWatts></gpxtpx:PowerExtension></extensions></trkpt>
<trkpt lat="38.5740605" lon="-121.4677501">
<ele>12</ele><time>2025-08-29T16:16:41.000Z</time><extensions><gpxtpx:TrackPointExtension><gpxtpx:hr>162</gpxtpx:hr><gpxtpx:cad>76</gpxtpx:cad></gpxtpx:TrackPointExtension></extensions><extensions><gpxtpx:PowerExtension><gpxtpx:PowerInWatts>226</gpxtpx:PowerInWatts></gpxtpx:PowerExtension></extensions></trkpt>
<trkpt lat="38.5740025" lon="-121.4677900">
<ele>12</ele><time>2025-08-29T16:16:44.000Z</time><extensions><gpxtpx:TrackPointExtension><gpxtpx:hr>161</gpxtpx:hr><gpxtpx:cad>78</gpxtpx:cad></gpxtpx:TrackPointExtension></extensions><extensions><gpxtpx:PowerExtension><gpxtpx:PowerInWatts>222</gpxtpx:PowerInWatts></gpxtpx:PowerExtension></extensions></trkpt>
<trkpt lat="38.5739492" lon="-121.4677904">
<ele>12</ele><time>2025-08-29T16:16:46.000Z</time><extensions><gpxtpx:TrackPointExtension><gpxtpx:hr>160</gpxtpx:hr><gpxtpx:cad>79</gpxtpx:cad></gpxtpx:TrackPointExtension></extensions><extensions><gpxtpx:PowerExtension><gpxtpx:PowerInWatts>219</gpxtpx:PowerInWatts></gpxtpx:PowerExtension></extensions></trkpt>
<trkpt lat="38.5738904" lon="-121.4677834">
<ele>12</ele><time>2025-08-29T16:16:48.000Z</time><extensions><gpxtpx:TrackPointExtension><gpxtpx:hr>160</gpxtpx:hr><gpxtpx:cad>79</gpxtpx:cad></gpxtpx:TrackPointExtension></extensions><extensions><gpxtpx:PowerExtension><gpxtpx:PowerInWatts>219</gpxtpx:PowerInWatts></gpxtpx:PowerExtension></extensions></trkpt>
<trkpt lat="38.5738429" lon="-121.4678352">
<ele>12</ele><time>2025-08-29T16:16:50.000Z</time><extensions><gpxtpx:TrackPointExtension><gpxtpx:hr>160</gpxtpx:hr><gpxtpx:cad>75</gpxtpx:cad></gpxtpx:TrackPointExtension></extensions><extensions><gpxtpx:PowerExtension><gpxtpx:PowerInWatts>217</gpxtpx:PowerInWatts></gpxtpx:PowerExtension></extensions></trkpt>
<trkpt lat="38.5737962" lon="-121.4678705">
<ele>12</ele><time>2025-08-29T16:16:52.000Z</time><extensions><gpxtpx:TrackPointExtension><gpxtpx:hr>160</gpxtpx:hr><gpxtpx:cad>74</gpxtpx:cad></gpxtpx:TrackPointExtension></extensions><extensions><gpxtpx:PowerExtension><gpxtpx:PowerInWatts>219</gpxtpx:PowerInWatts></gpxtpx:PowerExtension></extensions></trkpt>
<trkpt lat="38.5737320" lon="-121.4678714">
<ele>12</ele><time>2025-08-29T16:16:54.000Z</time><extensions><gpxtpx:TrackPointExtension><gpxtpx:hr>160</gpxtpx:hr><gpxtpx:cad>77</gpxtpx:cad></gpxtpx:TrackPointExtension></extensions><extensions><gpxtpx:PowerExtension><gpxtpx:PowerInWatts>220</gpxtpx:PowerInWatts></gpxtpx:PowerExtension></extensions></trkpt>
<trkpt lat="38.5736647" lon="-121.4679143">
<ele>12</ele><time>2025-08-29T16:16:57.000Z</time><extensions><gpxtpx:TrackPointExtension><gpxtpx:hr>161</gpxtpx:hr><gpxtpx:cad>77</gpxtpx:cad></gpxtpx:TrackPointExtension></extensions><extensions><gpxtpx:PowerExtension><gpxtpx:PowerInWatts>220</gpxtpx:PowerInWatts></gpxtpx:PowerExtension></extensions></trkpt>
<trkpt lat="38.5736178" lon="-121.4679254">
<ele>12</ele><time>2025-08-29T16:16:59.000Z</time><extensions><gpxtpx:TrackPointExtension><gpxtpx:hr>161</gpxtpx:hr><gpxtpx:cad>79</gpxtpx:cad></gpxtpx:TrackPointExtension></extensions><extensions><gpxtpx:PowerExtension><gpxtpx:PowerInWatts>220</gpxtpx:PowerInWatts></gpxtpx:PowerExtension></extensions></trkpt>
<trkpt lat="38.5735902" lon="-121.4679767">
<ele>12</ele><time>2025-08-29T16:17:01.000Z</time><extensions><gpxtpx:TrackPointExtension><gpxtpx:hr>161</gpxtpx:hr><gpxtpx:cad>77</gpxtpx:cad></gpxtpx:TrackPointExtension></extensions><extensions><gpxtpx:PowerExtension><gpxtpx:PowerInWatts>220</gpxtpx:PowerInWatts></gpxtpx:PowerExtension></extensions></trkpt>
<trkpt lat="38.5736107" lon="-121.4680933">
<ele>12</ele><time>2025-08-29T16:17:03.000Z</time><extensions><gpxtpx:TrackPointExtension><gpxtpx:hr>161</gpxtpx:hr><gpxtpx:cad>77</gpxtpx:cad></gpxtpx:TrackPointExtension></extensions><extensions><gpxtpx:PowerExtension><gpxtpx:PowerInWatts>220</gpxtpx:PowerInWatts></gpxtpx:PowerExtension></extensions></trkpt>
<trkpt lat="38.5736299" lon="-121.4681644">
<ele>12</ele><time>2025-08-29T16:17:05.000Z</time><extensions><gpxtpx:TrackPointExtension><gpxtpx:hr>162</gpxtpx:hr><gpxtpx:cad>78</gpxtpx:cad></gpxtpx:TrackPointExtension></extensions><extensions><gpxtpx:PowerExtension><gpxtpx:PowerInWatts>217</gpxtpx:PowerInWatts></gpxtpx:PowerExtension></extensions></trkpt>
<trkpt lat="38.5736476" lon="-121.4682265">
<ele>12</ele><time>2025-08-29T16:17:07.000Z</time><extensions><gpxtpx:TrackPointExtension><gpxtpx:hr>162</gpxtpx:hr><gpxtpx:cad>78</gpxtpx:cad></gpxtpx:TrackPointExtension></extensions><extensions><gpxtpx:PowerExtension><gpxtpx:PowerInWatts>217</gpxtpx:PowerInWatts></gpxtpx:PowerExtension></extensions></trkpt>
<trkpt lat="38.5736616" lon="-121.4683073">
<ele>12</ele><time>2025-08-29T16:17:10.000Z</time><extensions><gpxtpx:TrackPointExtension><gpxtpx:hr>162</gpxtpx:hr><gpxtpx:cad>82</gpxtpx:cad></gpxtpx:TrackPointExtension></extensions><extensions><gpxtpx:PowerExtension><gpxtpx:PowerInWatts>215</gpxtpx:PowerInWatts></gpxtpx:PowerExtension></extensions></trkpt>
<trkpt lat="38.5736881" lon="-121.4683680">
<ele>12</ele><time>2025-08-29T16:17:12.000Z</time><extensions><gpxtpx:TrackPointExtension><gpxtpx:hr>162</gpxtpx:hr><gpxtpx:cad>78</gpxtpx:cad></gpxtpx:TrackPointExtension></extensions><extensions><gpxtpx:PowerExtension><gpxtpx:PowerInWatts>221</gpxtpx:PowerInWatts></gpxtpx:PowerExtension></extensions></trkpt>
<trkpt lat="38.5737093" lon="-121.4684256">
<ele>12</ele><time>2025-08-29T16:17:14.000Z</time><extensions><gpxtpx:TrackPointExtension><gpxtpx:hr>161</gpxtpx:hr><gpxtpx:cad>74</gpxtpx:cad></gpxtpx:TrackPointExtension></extensions><extensions><gpxtpx:PowerExtension><gpxtpx:PowerInWatts>221</gpxtpx:PowerInWatts></gpxtpx:PowerExtension></extensions></trkpt>
<trkpt lat="38.5737354" lon="-121.4684914">
<ele>12</ele><time>2025-08-29T16:17:16.000Z</time><extensions><gpxtpx:TrackPointExtension><gpxtpx:hr>161</gpxtpx:hr><gpxtpx:cad>76</gpxtpx:cad></gpxtpx:TrackPointExtension></extensions><extensions><gpxtpx:PowerExtension><gpxtpx:PowerInWatts>221</gpxtpx:PowerInWatts></gpxtpx:PowerExtension></extensions></trkpt>
<trkpt lat="38.5737596" lon="-121.4685506">
<ele>12</ele><time>2025-08-29T16:17:18.000Z</time><extensions><gpxtpx:TrackPointExtension><gpxtpx:hr>161</gpxtpx:hr><gpxtpx:cad>79</gpxtpx:cad></gpxtpx:TrackPointExtension></extensions><extensions><gpxtpx:PowerExtension><gpxtpx:PowerInWatts>218</gpxtpx:PowerInWatts></gpxtpx:PowerExtension></extensions></trkpt>
<trkpt lat="38.5737709" lon="-121.4686330">
<ele>12</ele><time>2025-08-29T16:17:20.000Z</time><extensions><gpxtpx:TrackPointExtension><gpxtpx:hr>161</gpxtpx:hr><gpxtpx:cad>81</gpxtpx:cad></gpxtpx:TrackPointExtension></extensions><extensions><gpxtpx:PowerExtension><gpxtpx:PowerInWatts>218</gpxtpx:PowerInWatts></gpxtpx:PowerExtension></extensions></trkpt>
<trkpt lat="38.5737845" lon="-121.4687003">
<ele>12</ele><time>2025-08-29T16:17:22.000Z</time><extensions><gpxtpx:TrackPointExtension><gpxtpx:hr>162</gpxtpx:hr><gpxtpx:cad>80</gpxtpx:cad></gpxtpx:TrackPointExtension></extensions><extensions><gpxtpx:PowerExtension><gpxtpx:PowerInWatts>220</gpxtpx:PowerInWatts></gpxtpx:PowerExtension></extensions></trkpt>
<trkpt lat="38.5737855" lon="-121.4687621">
<ele>12</ele><time>2025-08-29T16:17:24.000Z</time><extensions><gpxtpx:TrackPointExtension><gpxtpx:hr>162</gpxtpx:hr><gpxtpx:cad>78</gpxtpx:cad></gpxtpx:TrackPointExtension></extensions><extensions><gpxtpx:PowerExtension><gpxtpx:PowerInWatts>220</gpxtpx:PowerInWatts></gpxtpx:PowerExtension></extensions></trkpt>
<trkpt lat="38.5738097" lon="-121.4688301">
<ele>12</ele><time>2025-08-29T16:17:26.000Z</time><extensions><gpxtpx:TrackPointExtension><gpxtpx:hr>161</gpxtpx:hr><gpxtpx:cad>75</gpxtpx:cad></gpxtpx:TrackPointExtension></extensions><extensions><gpxtpx:PowerExtension><gpxtpx:PowerInWatts>224</gpxtpx:PowerInWatts></gpxtpx:PowerExtension></extensions></trkpt>
<trkpt lat="38.5738219" lon="-121.4688880">
<ele>12</ele><time>2025-08-29T16:17:28.000Z</time><extensions><gpxtpx:TrackPointExtension><gpxtpx:hr>161</gpxtpx:hr><gpxtpx:cad>76</gpxtpx:cad></gpxtpx:TrackPointExtension></extensions><extensions><gpxtpx:PowerExtension><gpxtpx:PowerInWatts>222</gpxtpx:PowerInWatts></gpxtpx:PowerExtension></extensions></trkpt>
<trkpt lat="38.5738382" lon="-121.4689730">
<ele>12</ele><time>2025-08-29T16:17:31.000Z</time><extensions><gpxtpx:TrackPointExtension><gpxtpx:hr>160</gpxtpx:hr><gpxtpx:cad>80</gpxtpx:cad></gpxtpx:TrackPointExtension></extensions><extensions><gpxtpx:PowerExtension><gpxtpx:PowerInWatts>222</gpxtpx:PowerInWatts></gpxtpx:PowerExtension></extensions></trkpt>
<trkpt lat="38.5738511" lon="-121.4690382">
<ele>12</ele><time>2025-08-29T16:17:33.000Z</time><extensions><gpxtpx:TrackPointExtension><gpxtpx:hr>160</gpxtpx:hr><gpxtpx:cad>84</gpxtpx:cad></gpxtpx:TrackPointExtension></extensions><extensions><gpxtpx:PowerExtension><gpxtpx:PowerInWatts>223</gpxtpx:PowerInWatts></gpxtpx:PowerExtension></extensions></trkpt>
<trkpt lat="38.5738887" lon="-121.4690957">
<ele>12</ele><time>2025-08-29T16:17:35.000Z</time><extensions><gpxtpx:TrackPointExtension><gpxtpx:hr>160</gpxtpx:hr><gpxtpx:cad>80</gpxtpx:cad></gpxtpx:TrackPointExtension></extensions><extensions><gpxtpx:PowerExtension><gpxtpx:PowerInWatts>223</gpxtpx:PowerInWatts></gpxtpx:PowerExtension></extensions></trkpt>
<trkpt lat="38.5739491" lon="-121.4691364">
<ele>12</ele><time>2025-08-29T16:17:37.000Z</time><extensions><gpxtpx:TrackPointExtension><gpxtpx:hr>160</gpxtpx:hr><gpxtpx:cad>81</gpxtpx:cad></gpxtpx:TrackPointExtension></extensions><extensions><gpxtpx:PowerExtension><gpxtpx:PowerInWatts>220</gpxtpx:PowerInWatts></gpxtpx:PowerExtension></extensions></trkpt>
<trkpt lat="38.5739925" lon="-121.4691087">
<ele>12</ele><time>2025-08-29T16:17:39.000Z</time><extensions><gpxtpx:TrackPointExtension><gpxtpx:hr>160</gpxtpx:hr><gpxtpx:cad>77</gpxtpx:cad></gpxtpx:TrackPointExtension></extensions><extensions><gpxtpx:PowerExtension><gpxtpx:PowerInWatts>220</gpxtpx:PowerInWatts></gpxtpx:PowerExtension></extensions></trkpt>
<trkpt lat="38.5740306" lon="-121.4690716">
<ele>12</ele><time>2025-08-29T16:17:41.000Z</time><extensions><gpxtpx:TrackPointExtension><gpxtpx:hr>160</gpxtpx:hr><gpxtpx:cad>78</gpxtpx:cad></gpxtpx:TrackPointExtension></extensions><extensions><gpxtpx:PowerExtension><gpxtpx:PowerInWatts>221</gpxtpx:PowerInWatts></gpxtpx:PowerExtension></extensions></trkpt>
<trkpt lat="38.5740832" lon="-121.4690505">
<ele>12</ele><time>2025-08-29T16:17:43.000Z</time><extensions><gpxtpx:TrackPointExtension><gpxtpx:hr>160</gpxtpx:hr><gpxtpx:cad>77</gpxtpx:cad></gpxtpx:TrackPointExtension></extensions><extensions><gpxtpx:PowerExtension><gpxtpx:PowerInWatts>227</gpxtpx:PowerInWatts></gpxtpx:PowerExtension></extensions></trkpt>
<trkpt lat="38.5741397" lon="-121.4690422">
<ele>12</ele><time>2025-08-29T16:17:45.000Z</time><extensions><gpxtpx:TrackPointExtension><gpxtpx:hr>160</gpxtpx:hr><gpxtpx:cad>80</gpxtpx:cad></gpxtpx:TrackPointExtension></extensions><extensions><gpxtpx:PowerExtension><gpxtpx:PowerInWatts>221</gpxtpx:PowerInWatts></gpxtpx:PowerExtension></extensions></trkpt>
<trkpt lat="38.5741848" lon="-121.4690310">
<ele>12</ele><time>2025-08-29T16:17:47.000Z</time><extensions><gpxtpx:TrackPointExtension><gpxtpx:hr>160</gpxtpx:hr><gpxtpx:cad>79</gpxtpx:cad></gpxtpx:TrackPointExtension></extensions><extensions><gpxtpx:PowerExtension><gpxtpx:PowerInWatts>221</gpxtpx:PowerInWatts></gpxtpx:PowerExtension></extensions></trkpt>
<trkpt lat="38.5742529" lon="-121.4690075">
<ele>12</ele><time>2025-08-29T16:17:50.000Z</time><extensions><gpxtpx:TrackPointExtension><gpxtpx:hr>160</gpxtpx:hr><gpxtpx:cad>79</gpxtpx:cad></gpxtpx:TrackPointExtension></extensions><extensions><gpxtpx:PowerExtension><gpxtpx:PowerInWatts>222</gpxtpx:PowerInWatts></gpxtpx:PowerExtension></extensions></trkpt>
<trkpt lat="38.5743107" lon="-121.4689843">
<ele>12</ele><time>2025-08-29T16:17:52.000Z</time><extensions><gpxtpx:TrackPointExtension><gpxtpx:hr>160</gpxtpx:hr><gpxtpx:cad>80</gpxtpx:cad></gpxtpx:TrackPointExtension></extensions><extensions><gpxtpx:PowerExtension><gpxtpx:PowerInWatts>223</gpxtpx:PowerInWatts></gpxtpx:PowerExtension></extensions></trkpt>
<trkpt lat="38.5743681" lon="-121.4689461">
<ele>12</ele><time>2025-08-29T16:17:54.000Z</time><extensions><gpxtpx:TrackPointExtension><gpxtpx:hr>160</gpxtpx:hr><gpxtpx:cad>82</gpxtpx:cad></gpxtpx:TrackPointExtension></extensions><extensions><gpxtpx:PowerExtension><gpxtpx:PowerInWatts>223</gpxtpx:PowerInWatts></gpxtpx:PowerExtension></extensions></trkpt>
<trkpt lat="38.5744192" lon="-121.4689424">
<ele>12</ele><time>2025-08-29T16:17:56.000Z</time><extensions><gpxtpx:TrackPointExtension><gpxtpx:hr>160</gpxtpx:hr><gpxtpx:cad>81</gpxtpx:cad></gpxtpx:TrackPointExtension></extensions><extensions><gpxtpx:PowerExtension><gpxtpx:PowerInWatts>220</gpxtpx:PowerInWatts></gpxtpx:PowerExtension></extensions></trkpt>
<trkpt lat="38.5744826" lon="-121.4689133">
<ele>12</ele><time>2025-08-29T16:17:59.000Z</time><extensions><gpxtpx:TrackPointExtension><gpxtpx:hr>160</gpxtpx:hr><gpxtpx:cad>79</gpxtpx:cad></gpxtpx:TrackPointExtension></extensions><extensions><gpxtpx:PowerExtension><gpxtpx:PowerInWatts>224</gpxtpx:PowerInWatts></gpxtpx:PowerExtension></extensions></trkpt>
<trkpt lat="38.5745385" lon="-121.4689007">
<ele>12</ele><time>2025-08-29T16:18:01.000Z</time><extensions><gpxtpx:TrackPointExtension><gpxtpx:hr>160</gpxtpx:hr><gpxtpx:cad>78</gpxtpx:cad></gpxtpx:TrackPointExtension></extensions><extensions><gpxtpx:PowerExtension><gpxtpx:PowerInWatts>224</gpxtpx:PowerInWatts></gpxtpx:PowerExtension></extensions></trkpt>
<trkpt lat="38.5745876" lon="-121.4688488">
<ele>12</ele><time>2025-08-29T16:18:03.000Z</time><extensions><gpxtpx:TrackPointExtension><gpxtpx:hr>160</gpxtpx:hr><gpxtpx:cad>78</gpxtpx:cad></gpxtpx:TrackPointExtension></extensions><extensions><gpxtpx:PowerExtension><gpxtpx:PowerInWatts>224</gpxtpx:PowerInWatts></gpxtpx:PowerExtension></extensions></trkpt>
<trkpt lat="38.5746360" lon="-121.4688369">
<ele>12</ele><time>2025-08-29T16:18:05.000Z</time><extensions><gpxtpx:TrackPointExtension><gpxtpx:hr>160</gpxtpx:hr><gpxtpx:cad>78</gpxtpx:cad></gpxtpx:TrackPointExtension></extensions><extensions><gpxtpx:PowerExtension><gpxtpx:PowerInWatts>222</gpxtpx:PowerInWatts></gpxtpx:PowerExtension></extensions></trkpt>
<trkpt lat="38.5746952" lon="-121.4687890">
<ele>12</ele><time>2025-08-29T16:18:07.000Z</time><extensions><gpxtpx:TrackPointExtension><gpxtpx:hr>160</gpxtpx:hr><gpxtpx:cad>78</gpxtpx:cad></gpxtpx:TrackPointExtension></extensions><extensions><gpxtpx:PowerExtension><gpxtpx:PowerInWatts>222</gpxtpx:PowerInWatts></gpxtpx:PowerExtension></extensions></trkpt>
<trkpt lat="38.5747521" lon="-121.4687432">
<ele>12</ele><time>2025-08-29T16:18:10.000Z</time><extensions><gpxtpx:TrackPointExtension><gpxtpx:hr>159</gpxtpx:hr><gpxtpx:cad>76</gpxtpx:cad></gpxtpx:TrackPointExtension></extensions><extensions><gpxtpx:PowerExtension><gpxtpx:PowerInWatts>224</gpxtpx:PowerInWatts></gpxtpx:PowerExtension></extensions></trkpt>
<trkpt lat="38.5747983" lon="-121.4687296">
<ele>12</ele><time>2025-08-29T16:18:12.000Z</time><extensions><gpxtpx:TrackPointExtension><gpxtpx:hr>159</gpxtpx:hr><gpxtpx:cad>79</gpxtpx:cad></gpxtpx:TrackPointExtension></extensions><extensions><gpxtpx:PowerExtension><gpxtpx:PowerInWatts>224</gpxtpx:PowerInWatts></gpxtpx:PowerExtension></extensions></trkpt>
<trkpt lat="38.5748613" lon="-121.4687212">
<ele>12</ele><time>2025-08-29T16:18:14.000Z</time><extensions><gpxtpx:TrackPointExtension><gpxtpx:hr>159</gpxtpx:hr><gpxtpx:cad>81</gpxtpx:cad></gpxtpx:TrackPointExtension></extensions><extensions><gpxtpx:PowerExtension><gpxtpx:PowerInWatts>225</gpxtpx:PowerInWatts></gpxtpx:PowerExtension></extensions></trkpt>
<trkpt lat="38.5749387" lon="-121.4687030">
<ele>12</ele><time>2025-08-29T16:18:16.000Z</time><extensions><gpxtpx:TrackPointExtension><gpxtpx:hr>159</gpxtpx:hr><gpxtpx:cad>83</gpxtpx:cad></gpxtpx:TrackPointExtension></extensions><extensions><gpxtpx:PowerExtension><gpxtpx:PowerInWatts>225</gpxtpx:PowerInWatts></gpxtpx:PowerExtension></extensions></trkpt>
<trkpt lat="38.5749938" lon="-121.4686814">
<ele>11</ele><time>2025-08-29T16:18:18.000Z</time><extensions><gpxtpx:TrackPointExtension><gpxtpx:hr>159</gpxtpx:hr><gpxtpx:cad>79</gpxtpx:cad></gpxtpx:TrackPointExtension></extensions><extensions><gpxtpx:PowerExtension><gpxtpx:PowerInWatts>224</gpxtpx:PowerInWatts></gpxtpx:PowerExtension></extensions></trkpt>
<trkpt lat="38.5750452" lon="-121.4686455">
<ele>11</ele><time>2025-08-29T16:18:20.000Z</time><extensions><gpxtpx:TrackPointExtension><gpxtpx:hr>159</gpxtpx:hr><gpxtpx:cad>77</gpxtpx:cad></gpxtpx:TrackPointExtension></extensions><extensions><gpxtpx:PowerExtension><gpxtpx:PowerInWatts>224</gpxtpx:PowerInWatts></gpxtpx:PowerExtension></extensions></trkpt>
<trkpt lat="38.5750956" lon="-121.4686140">
<ele>11</ele><time>2025-08-29T16:18:22.000Z</time><extensions><gpxtpx:TrackPointExtension><gpxtpx:hr>159</gpxtpx:hr><gpxtpx:cad>75</gpxtpx:cad></gpxtpx:TrackPointExtension></extensions><extensions><gpxtpx:PowerExtension><gpxtpx:PowerInWatts>233</gpxtpx:PowerInWatts></gpxtpx:PowerExtension></extensions></trkpt>
<trkpt lat="38.5751560" lon="-121.4686031">
<ele>11</ele><time>2025-08-29T16:18:24.000Z</time><extensions><gpxtpx:TrackPointExtension><gpxtpx:hr>159</gpxtpx:hr><gpxtpx:cad>79</gpxtpx:cad></gpxtpx:TrackPointExtension></extensions><extensions><gpxtpx:PowerExtension><gpxtpx:PowerInWatts>272</gpxtpx:PowerInWatts></gpxtpx:PowerExtension></extensions></trkpt>
<trkpt lat="38.5752037" lon="-121.4685803">
<ele>11</ele><time>2025-08-29T16:18:26.000Z</time><extensions><gpxtpx:TrackPointExtension><gpxtpx:hr>159</gpxtpx:hr><gpxtpx:cad>82</gpxtpx:cad></gpxtpx:TrackPointExtension></extensions><extensions><gpxtpx:PowerExtension><gpxtpx:PowerInWatts>253</gpxtpx:PowerInWatts></gpxtpx:PowerExtension></extensions></trkpt>
<trkpt lat="38.5752411" lon="-121.4685433">
<ele>11</ele><time>2025-08-29T16:18:28.000Z</time><extensions><gpxtpx:TrackPointExtension><gpxtpx:hr>159</gpxtpx:hr><gpxtpx:cad>85</gpxtpx:cad></gpxtpx:TrackPointExtension></extensions><extensions><gpxtpx:PowerExtension><gpxtpx:PowerInWatts>253</gpxtpx:PowerInWatts></gpxtpx:PowerExtension></extensions></trkpt>
<trkpt lat="38.5753117" lon="-121.4685197">
<ele>11</ele><time>2025-08-29T16:18:31.000Z</time><extensions><gpxtpx:TrackPointExtension><gpxtpx:hr>160</gpxtpx:hr><gpxtpx:cad>81</gpxtpx:cad></gpxtpx:TrackPointExtension></extensions><extensions><gpxtpx:PowerExtension><gpxtpx:PowerInWatts>222</gpxtpx:PowerInWatts></gpxtpx:PowerExtension></extensions></trkpt>
<trkpt lat="38.5753583" lon="-121.4685197">
<ele>11</ele><time>2025-08-29T16:18:33.000Z</time><extensions><gpxtpx:TrackPointExtension><gpxtpx:hr>160</gpxtpx:hr><gpxtpx:cad>80</gpxtpx:cad></gpxtpx:TrackPointExtension></extensions><extensions><gpxtpx:PowerExtension><gpxtpx:PowerInWatts>222</gpxtpx:PowerInWatts></gpxtpx:PowerExtension></extensions></trkpt>
<trkpt lat="38.5754135" lon="-121.4684578">
<ele>11</ele><time>2025-08-29T16:18:35.000Z</time><extensions><gpxtpx:TrackPointExtension><gpxtpx:hr>160</gpxtpx:hr><gpxtpx:cad>81</gpxtpx:cad></gpxtpx:TrackPointExtension></extensions><extensions><gpxtpx:PowerExtension><gpxtpx:PowerInWatts>222</gpxtpx:PowerInWatts></gpxtpx:PowerExtension></extensions></trkpt>
<trkpt lat="38.5754617" lon="-121.4684637">
<ele>11</ele><time>2025-08-29T16:18:37.000Z</time><extensions><gpxtpx:TrackPointExtension><gpxtpx:hr>160</gpxtpx:hr><gpxtpx:cad>81</gpxtpx:cad></gpxtpx:TrackPointExtension></extensions><extensions><gpxtpx:PowerExtension><gpxtpx:PowerInWatts>217</gpxtpx:PowerInWatts></gpxtpx:PowerExtension></extensions></trkpt>
<trkpt lat="38.5755073" lon="-121.4684511">
<ele>11</ele><time>2025-08-29T16:18:39.000Z</time><extensions><gpxtpx:TrackPointExtension><gpxtpx:hr>161</gpxtpx:hr><gpxtpx:cad>78</gpxtpx:cad></gpxtpx:TrackPointExtension></extensions><extensions><gpxtpx:PowerExtension><gpxtpx:PowerInWatts>217</gpxtpx:PowerInWatts></gpxtpx:PowerExtension></extensions></trkpt>
<trkpt lat="38.5755628" lon="-121.4684399">
<ele>11</ele><time>2025-08-29T16:18:41.000Z</time><extensions><gpxtpx:TrackPointExtension><gpxtpx:hr>161</gpxtpx:hr><gpxtpx:cad>76</gpxtpx:cad></gpxtpx:TrackPointExtension></extensions><extensions><gpxtpx:PowerExtension><gpxtpx:PowerInWatts>224</gpxtpx:PowerInWatts></gpxtpx:PowerExtension></extensions></trkpt>
<trkpt lat="38.5756276" lon="-121.4684226">
<ele>11</ele><time>2025-08-29T16:18:44.000Z</time><extensions><gpxtpx:TrackPointExtension><gpxtpx:hr>161</gpxtpx:hr><gpxtpx:cad>77</gpxtpx:cad></gpxtpx:TrackPointExtension></extensions><extensions><gpxtpx:PowerExtension><gpxtpx:PowerInWatts>224</gpxtpx:PowerInWatts></gpxtpx:PowerExtension></extensions></trkpt>
<trkpt lat="38.5756714" lon="-121.4683903">
<ele>11</ele><time>2025-08-29T16:18:46.000Z</time><extensions><gpxtpx:TrackPointExtension><gpxtpx:hr>161</gpxtpx:hr><gpxtpx:cad>81</gpxtpx:cad></gpxtpx:TrackPointExtension></extensions><extensions><gpxtpx:PowerExtension><gpxtpx:PowerInWatts>219</gpxtpx:PowerInWatts></gpxtpx:PowerExtension></extensions></trkpt>
<trkpt lat="38.5757199" lon="-121.4683499">
<ele>11</ele><time>2025-08-29T16:18:48.000Z</time><extensions><gpxtpx:TrackPointExtension><gpxtpx:hr>161</gpxtpx:hr><gpxtpx:cad>79</gpxtpx:cad></gpxtpx:TrackPointExtension></extensions><extensions><gpxtpx:PowerExtension><gpxtpx:PowerInWatts>219</gpxtpx:PowerInWatts></gpxtpx:PowerExtension></extensions></trkpt>
<trkpt lat="38.5757793" lon="-121.4683051">
<ele>11</ele><time>2025-08-29T16:18:51.000Z</time><extensions><gpxtpx:TrackPointExtension><gpxtpx:hr>161</gpxtpx:hr><gpxtpx:cad>75</gpxtpx:cad></gpxtpx:TrackPointExtension></extensions><extensions><gpxtpx:PowerExtension><gpxtpx:PowerInWatts>216</gpxtpx:PowerInWatts></gpxtpx:PowerExtension></extensions></trkpt>
<trkpt lat="38.5758379" lon="-121.4683339">
<ele>11</ele><time>2025-08-29T16:18:53.000Z</time><extensions><gpxtpx:TrackPointExtension><gpxtpx:hr>161</gpxtpx:hr><gpxtpx:cad>77</gpxtpx:cad></gpxtpx:TrackPointExtension></extensions><extensions><gpxtpx:PowerExtension><gpxtpx:PowerInWatts>216</gpxtpx:PowerInWatts></gpxtpx:PowerExtension></extensions></trkpt>
<trkpt lat="38.5758840" lon="-121.4683032">
<ele>11</ele><time>2025-08-29T16:18:55.000Z</time><extensions><gpxtpx:TrackPointExtension><gpxtpx:hr>161</gpxtpx:hr><gpxtpx:cad>78</gpxtpx:cad></gpxtpx:TrackPointExtension></extensions><extensions><gpxtpx:PowerExtension><gpxtpx:PowerInWatts>217</gpxtpx:PowerInWatts></gpxtpx:PowerExtension></extensions></trkpt>
<trkpt lat="38.5759423" lon="-121.4682803">
<ele>12</ele><time>2025-08-29T16:18:57.000Z</time><extensions><gpxtpx:TrackPointExtension><gpxtpx:hr>162</gpxtpx:hr><gpxtpx:cad>70</gpxtpx:cad></gpxtpx:TrackPointExtension></extensions><extensions><gpxtpx:PowerExtension><gpxtpx:PowerInWatts>217</gpxtpx:PowerInWatts></gpxtpx:PowerExtension></extensions></trkpt>
<trkpt lat="38.5760013" lon="-121.4682687">
<ele>11</ele><time>2025-08-29T16:18:59.000Z</time><extensions><gpxtpx:TrackPointExtension><gpxtpx:hr>162</gpxtpx:hr><gpxtpx:cad>73</gpxtpx:cad></gpxtpx:TrackPointExtension></extensions><extensions><gpxtpx:PowerExtension><gpxtpx:PowerInWatts>214</gpxtpx:PowerInWatts></gpxtpx:PowerExtension></extensions></trkpt>
<trkpt lat="38.5760445" lon="-121.4682368">
<ele>11</ele><time>2025-08-29T16:19:01.000Z</time><extensions><gpxtpx:TrackPointExtension><gpxtpx:hr>162</gpxtpx:hr><gpxtpx:cad>73</gpxtpx:cad></gpxtpx:TrackPointExtension></extensions><extensions><gpxtpx:PowerExtension><gpxtpx:PowerInWatts>214</gpxtpx:PowerInWatts></gpxtpx:PowerExtension></extensions></trkpt>
<trkpt lat="38.5760977" lon="-121.4681965">
<ele>11</ele><time>2025-08-29T16:19:03.000Z</time><extensions><gpxtpx:TrackPointExtension><gpxtpx:hr>162</gpxtpx:hr><gpxtpx:cad>77</gpxtpx:cad></gpxtpx:TrackPointExtension></extensions><extensions><gpxtpx:PowerExtension><gpxtpx:PowerInWatts>218</gpxtpx:PowerInWatts></gpxtpx:PowerExtension></extensions></trkpt>
<trkpt lat="38.5761613" lon="-121.4681911">
<ele>11</ele><time>2025-08-29T16:19:06.000Z</time><extensions><gpxtpx:TrackPointExtension><gpxtpx:hr>162</gpxtpx:hr><gpxtpx:cad>79</gpxtpx:cad></gpxtpx:TrackPointExtension></extensions><extensions><gpxtpx:PowerExtension><gpxtpx:PowerInWatts>222</gpxtpx:PowerInWatts></gpxtpx:PowerExtension></extensions></trkpt>
<trkpt lat="38.5762288" lon="-121.4681774">
<ele>11</ele><time>2025-08-29T16:19:08.000Z</time><extensions><gpxtpx:TrackPointExtension><gpxtpx:hr>162</gpxtpx:hr><gpxtpx:cad>79</gpxtpx:cad></gpxtpx:TrackPointExtension></extensions><extensions><gpxtpx:PowerExtension><gpxtpx:PowerInWatts>222</gpxtpx:PowerInWatts></gpxtpx:PowerExtension></extensions></trkpt>
<trkpt lat="38.5762828" lon="-121.4681368">
<ele>11</ele><time>2025-08-29T16:19:10.000Z</time><extensions><gpxtpx:TrackPointExtension><gpxtpx:hr>162</gpxtpx:hr><gpxtpx:cad>77</gpxtpx:cad></gpxtpx:TrackPointExtension></extensions><extensions><gpxtpx:PowerExtension><gpxtpx:PowerInWatts>225</gpxtpx:PowerInWatts></gpxtpx:PowerExtension></extensions></trkpt>
<trkpt lat="38.5763327" lon="-121.4680983">
<ele>11</ele><time>2025-08-29T16:19:12.000Z</time><extensions><gpxtpx:TrackPointExtension><gpxtpx:hr>162</gpxtpx:hr><gpxtpx:cad>76</gpxtpx:cad></gpxtpx:TrackPointExtension></extensions><extensions><gpxtpx:PowerExtension><gpxtpx:PowerInWatts>225</gpxtpx:PowerInWatts></gpxtpx:PowerExtension></extensions></trkpt>
<trkpt lat="38.5763977" lon="-121.4680812">
<ele>11</ele><time>2025-08-29T16:19:15.000Z</time><extensions><gpxtpx:TrackPointExtension><gpxtpx:hr>162</gpxtpx:hr><gpxtpx:cad>76</gpxtpx:cad></gpxtpx:TrackPointExtension></extensions><extensions><gpxtpx:PowerExtension><gpxtpx:PowerInWatts>223</gpxtpx:PowerInWatts></gpxtpx:PowerExtension></extensions></trkpt>
<trkpt lat="38.5764440" lon="-121.4680470">
<ele>11</ele><time>2025-08-29T16:19:17.000Z</time><extensions><gpxtpx:TrackPointExtension><gpxtpx:hr>162</gpxtpx:hr><gpxtpx:cad>79</gpxtpx:cad></gpxtpx:TrackPointExtension></extensions><extensions><gpxtpx:PowerExtension><gpxtpx:PowerInWatts>225</gpxtpx:PowerInWatts></gpxtpx:PowerExtension></extensions></trkpt>
<trkpt lat="38.5764939" lon="-121.4680263">
<ele>11</ele><time>2025-08-29T16:19:19.000Z</time><extensions><gpxtpx:TrackPointExtension><gpxtpx:hr>162</gpxtpx:hr><gpxtpx:cad>83</gpxtpx:cad></gpxtpx:TrackPointExtension></extensions><extensions><gpxtpx:PowerExtension><gpxtpx:PowerInWatts>225</gpxtpx:PowerInWatts></gpxtpx:PowerExtension></extensions></trkpt>
<trkpt lat="38.5765435" lon="-121.4680239">
<ele>11</ele><time>2025-08-29T16:19:21.000Z</time><extensions><gpxtpx:TrackPointExtension><gpxtpx:hr>163</gpxtpx:hr><gpxtpx:cad>84</gpxtpx:cad></gpxtpx:TrackPointExtension></extensions><extensions><gpxtpx:PowerExtension><gpxtpx:PowerInWatts>222</gpxtpx:PowerInWatts></gpxtpx:PowerExtension></extensions></trkpt>
<trkpt lat="38.5765961" lon="-121.4679747">
<ele>11</ele><time>2025-08-29T16:19:23.000Z</time><extensions><gpxtpx:TrackPointExtension><gpxtpx:hr>163</gpxtpx:hr><gpxtpx:cad>79</gpxtpx:cad></gpxtpx:TrackPointExtension></extensions><extensions><gpxtpx:PowerExtension><gpxtpx:PowerInWatts>222</gpxtpx:PowerInWatts></gpxtpx:PowerExtension></extensions></trkpt>
<trkpt lat="38.5766388" lon="-121.4679302">
<ele>11</ele><time>2025-08-29T16:19:26.000Z</time><extensions><gpxtpx:TrackPointExtension><gpxtpx:hr>162</gpxtpx:hr><gpxtpx:cad>78</gpxtpx:cad></gpxtpx:TrackPointExtension></extensions><extensions><gpxtpx:PowerExtension><gpxtpx:PowerInWatts>220</gpxtpx:PowerInWatts></gpxtpx:PowerExtension></extensions></trkpt>
<trkpt lat="38.5766934" lon="-121.4679024">
<ele>11</ele><time>2025-08-29T16:19:28.000Z</time><extensions><gpxtpx:TrackPointExtension><gpxtpx:hr>162</gpxtpx:hr><gpxtpx:cad>78</gpxtpx:cad></gpxtpx:TrackPointExtension></extensions><extensions><gpxtpx:PowerExtension><gpxtpx:PowerInWatts>220</gpxtpx:PowerInWatts></gpxtpx:PowerExtension></extensions></trkpt>
<trkpt lat="38.5767474" lon="-121.4678801">
<ele>11</ele><time>2025-08-29T16:19:30.000Z</time><extensions><gpxtpx:TrackPointExtension><gpxtpx:hr>162</gpxtpx:hr><gpxtpx:cad>81</gpxtpx:cad></gpxtpx:TrackPointExtension></extensions><extensions><gpxtpx:PowerExtension><gpxtpx:PowerInWatts>220</gpxtpx:PowerInWatts></gpxtpx:PowerExtension></extensions></trkpt>
<trkpt lat="38.5768107" lon="-121.4678810">
<ele>11</ele><time>2025-08-29T16:19:33.000Z</time><extensions><gpxtpx:TrackPointExtension><gpxtpx:hr>163</gpxtpx:hr><gpxtpx:cad>81</gpxtpx:cad></gpxtpx:TrackPointExtension></extensions><extensions><gpxtpx:PowerExtension><gpxtpx:PowerInWatts>215</gpxtpx:PowerInWatts></gpxtpx:PowerExtension></extensions></trkpt>
<trkpt lat="38.5768632" lon="-121.4678877">
<ele>11</ele><time>2025-08-29T16:19:35.000Z</time><extensions><gpxtpx:TrackPointExtension><gpxtpx:hr>163</gpxtpx:hr><gpxtpx:cad>77</gpxtpx:cad></gpxtpx:TrackPointExtension></extensions><extensions><gpxtpx:PowerExtension><gpxtpx:PowerInWatts>217</gpxtpx:PowerInWatts></gpxtpx:PowerExtension></extensions></trkpt>
<trkpt lat="38.5769197" lon="-121.4678850">
<ele>11</ele><time>2025-08-29T16:19:37.000Z</time><extensions><gpxtpx:TrackPointExtension><gpxtpx:hr>162</gpxtpx:hr><gpxtpx:cad>78</gpxtpx:cad></gpxtpx:TrackPointExtension></extensions><extensions><gpxtpx:PowerExtension><gpxtpx:PowerInWatts>215</gpxtpx:PowerInWatts></gpxtpx:PowerExtension></extensions></trkpt>
<trkpt lat="38.5769535" lon="-121.4678381">
<ele>11</ele><time>2025-08-29T16:19:39.000Z</time><extensions><gpxtpx:TrackPointExtension><gpxtpx:hr>162</gpxtpx:hr><gpxtpx:cad>81</gpxtpx:cad></gpxtpx:TrackPointExtension></extensions><extensions><gpxtpx:PowerExtension><gpxtpx:PowerInWatts>215</gpxtpx:PowerInWatts></gpxtpx:PowerExtension></extensions></trkpt>
<trkpt lat="38.5770095" lon="-121.4677976">
<ele>11</ele><time>2025-08-29T16:19:41.000Z</time><extensions><gpxtpx:TrackPointExtension><gpxtpx:hr>162</gpxtpx:hr><gpxtpx:cad>84</gpxtpx:cad></gpxtpx:TrackPointExtension></extensions><extensions><gpxtpx:PowerExtension><gpxtpx:PowerInWatts>213</gpxtpx:PowerInWatts></gpxtpx:PowerExtension></extensions></trkpt>
<trkpt lat="38.5770717" lon="-121.4677745">
<ele>11</ele><time>2025-08-29T16:19:42.999Z</time><extensions><gpxtpx:TrackPointExtension><gpxtpx:hr>162</gpxtpx:hr><gpxtpx:cad>79</gpxtpx:cad></gpxtpx:TrackPointExtension></extensions><extensions><gpxtpx:PowerExtension><gpxtpx:PowerInWatts>216</gpxtpx:PowerInWatts></gpxtpx:PowerExtension></extensions></trkpt>
<trkpt lat="38.5771222" lon="-121.4677463">
<ele>11</ele><time>2025-08-29T16:19:44.999Z</time><extensions><gpxtpx:TrackPointExtension><gpxtpx:hr>162</gpxtpx:hr><gpxtpx:cad>76</gpxtpx:cad></gpxtpx:TrackPointExtension></extensions><extensions><gpxtpx:PowerExtension><gpxtpx:PowerInWatts>222</gpxtpx:PowerInWatts></gpxtpx:PowerExtension></extensions></trkpt>
<trkpt lat="38.5771744" lon="-121.4677195">
<ele>11</ele><time>2025-08-29T16:19:46.999Z</time><extensions><gpxtpx:TrackPointExtension><gpxtpx:hr>162</gpxtpx:hr><gpxtpx:cad>79</gpxtpx:cad></gpxtpx:TrackPointExtension></extensions><extensions><gpxtpx:PowerExtension><gpxtpx:PowerInWatts>222</gpxtpx:PowerInWatts></gpxtpx:PowerExtension></extensions></trkpt>
<trkpt lat="38.5772206" lon="-121.4677267">
<ele>11</ele><time>2025-08-29T16:19:48.999Z</time><extensions><gpxtpx:TrackPointExtension><gpxtpx:hr>162</gpxtpx:hr><gpxtpx:cad>80</gpxtpx:cad></gpxtpx:TrackPointExtension></extensions><extensions><gpxtpx:PowerExtension><gpxtpx:PowerInWatts>222</gpxtpx:PowerInWatts></gpxtpx:PowerExtension></extensions></trkpt>
<trkpt lat="38.5772680" lon="-121.4677416">
<ele>11</ele><time>2025-08-29T16:19:50.999Z</time><extensions><gpxtpx:TrackPointExtension><gpxtpx:hr>162</gpxtpx:hr><gpxtpx:cad>79</gpxtpx:cad></gpxtpx:TrackPointExtension></extensions><extensions><gpxtpx:PowerExtension><gpxtpx:PowerInWatts>222</gpxtpx:PowerInWatts></gpxtpx:PowerExtension></extensions></trkpt>
<trkpt lat="38.5773138" lon="-121.4677443">
<ele>11</ele><time>2025-08-29T16:19:52.999Z</time><extensions><gpxtpx:TrackPointExtension><gpxtpx:hr>162</gpxtpx:hr><gpxtpx:cad>80</gpxtpx:cad></gpxtpx:TrackPointExtension></extensions><extensions><gpxtpx:PowerExtension><gpxtpx:PowerInWatts>228</gpxtpx:PowerInWatts></gpxtpx:PowerExtension></extensions></trkpt>
<trkpt lat="38.5773670" lon="-121.4677199">
<ele>11</ele><time>2025-08-29T16:19:54.999Z</time><extensions><gpxtpx:TrackPointExtension><gpxtpx:hr>162</gpxtpx:hr><gpxtpx:cad>82</gpxtpx:cad></gpxtpx:TrackPointExtension></extensions><extensions><gpxtpx:PowerExtension><gpxtpx:PowerInWatts>228</gpxtpx:PowerInWatts></gpxtpx:PowerExtension></extensions></trkpt>
<trkpt lat="38.5774399" lon="-121.4677060">
<ele>11</ele><time>2025-08-29T16:19:56.999Z</time><extensions><gpxtpx:TrackPointExtension><gpxtpx:hr>161</gpxtpx:hr><gpxtpx:cad>78</gpxtpx:cad></gpxtpx:TrackPointExtension></extensions><extensions><gpxtpx:PowerExtension><gpxtpx:PowerInWatts>228</gpxtpx:PowerInWatts></gpxtpx:PowerExtension></extensions></trkpt>
<trkpt lat="38.5774889" lon="-121.4676697">
<ele>11</ele><time>2025-08-29T16:19:58.999Z</time><extensions><gpxtpx:TrackPointExtension><gpxtpx:hr>161</gpxtpx:hr><gpxtpx:cad>74</gpxtpx:cad></gpxtpx:TrackPointExtension></extensions><extensions><gpxtpx:PowerExtension><gpxtpx:PowerInWatts>225</gpxtpx:PowerInWatts></gpxtpx:PowerExtension></extensions></trkpt>
<trkpt lat="38.5775362" lon="-121.4676199">
<ele>11</ele><time>2025-08-29T16:20:00.999Z</time><extensions><gpxtpx:TrackPointExtension><gpxtpx:hr>161</gpxtpx:hr><gpxtpx:cad>78</gpxtpx:cad></gpxtpx:TrackPointExtension></extensions><extensions><gpxtpx:PowerExtension><gpxtpx:PowerInWatts>225</gpxtpx:PowerInWatts></gpxtpx:PowerExtension></extensions></trkpt>
<trkpt lat="38.5775728" lon="-121.4675572">
<ele>11</ele><time>2025-08-29T16:20:02.999Z</time><extensions><gpxtpx:TrackPointExtension><gpxtpx:hr>161</gpxtpx:hr><gpxtpx:cad>78</gpxtpx:cad></gpxtpx:TrackPointExtension></extensions><extensions><gpxtpx:PowerExtension><gpxtpx:PowerInWatts>229</gpxtpx:PowerInWatts></gpxtpx:PowerExtension></extensions></trkpt>
<trkpt lat="38.5776173" lon="-121.4675070">
<ele>11</ele><time>2025-08-29T16:20:04.999Z</time><extensions><gpxtpx:TrackPointExtension><gpxtpx:hr>161</gpxtpx:hr><gpxtpx:cad>78</gpxtpx:cad></gpxtpx:TrackPointExtension></extensions><extensions><gpxtpx:PowerExtension><gpxtpx:PowerInWatts>229</gpxtpx:PowerInWatts></gpxtpx:PowerExtension></extensions></trkpt>
<trkpt lat="38.5776770" lon="-121.4674855">
<ele>11</ele><time>2025-08-29T16:20:08.000Z</time><extensions><gpxtpx:TrackPointExtension><gpxtpx:hr>161</gpxtpx:hr><gpxtpx:cad>77</gpxtpx:cad></gpxtpx:TrackPointExtension></extensions><extensions><gpxtpx:PowerExtension><gpxtpx:PowerInWatts>234</gpxtpx:PowerInWatts></gpxtpx:PowerExtension></extensions></trkpt>
<trkpt lat="38.5777209" lon="-121.4674640">
<ele>11</ele><time>2025-08-29T16:20:10.000Z</time><extensions><gpxtpx:TrackPointExtension><gpxtpx:hr>160</gpxtpx:hr><gpxtpx:cad>80</gpxtpx:cad></gpxtpx:TrackPointExtension></extensions><extensions><gpxtpx:PowerExtension><gpxtpx:PowerInWatts>234</gpxtpx:PowerInWatts></gpxtpx:PowerExtension></extensions></trkpt>
<trkpt lat="38.5777870" lon="-121.4674595">
<ele>11</ele><time>2025-08-29T16:20:12.000Z</time><extensions><gpxtpx:TrackPointExtension><gpxtpx:hr>161</gpxtpx:hr><gpxtpx:cad>84</gpxtpx:cad></gpxtpx:TrackPointExtension></extensions><extensions><gpxtpx:PowerExtension><gpxtpx:PowerInWatts>232</gpxtpx:PowerInWatts></gpxtpx:PowerExtension></extensions></trkpt>
<trkpt lat="38.5778411" lon="-121.4674333">
<ele>11</ele><time>2025-08-29T16:20:15.000Z</time><extensions><gpxtpx:TrackPointExtension><gpxtpx:hr>161</gpxtpx:hr><gpxtpx:cad>81</gpxtpx:cad></gpxtpx:TrackPointExtension></extensions><extensions><gpxtpx:PowerExtension><gpxtpx:PowerInWatts>226</gpxtpx:PowerInWatts></gpxtpx:PowerExtension></extensions></trkpt>
<trkpt lat="38.5779019" lon="-121.4673982">
<ele>11</ele><time>2025-08-29T16:20:18.000Z</time><extensions><gpxtpx:TrackPointExtension><gpxtpx:hr>162</gpxtpx:hr><gpxtpx:cad>77</gpxtpx:cad></gpxtpx:TrackPointExtension></extensions><extensions><gpxtpx:PowerExtension><gpxtpx:PowerInWatts>223</gpxtpx:PowerInWatts></gpxtpx:PowerExtension></extensions></trkpt>
<trkpt lat="38.5779473" lon="-121.4673721">
<ele>11</ele><time>2025-08-29T16:20:20.000Z</time><extensions><gpxtpx:TrackPointExtension><gpxtpx:hr>162</gpxtpx:hr><gpxtpx:cad>77</gpxtpx:cad></gpxtpx:TrackPointExtension></extensions><extensions><gpxtpx:PowerExtension><gpxtpx:PowerInWatts>223</gpxtpx:PowerInWatts></gpxtpx:PowerExtension></extensions></trkpt>
<trkpt lat="38.5779968" lon="-121.4673730">
<ele>11</ele><time>2025-08-29T16:20:22.000Z</time><extensions><gpxtpx:TrackPointExtension><gpxtpx:hr>162</gpxtpx:hr><gpxtpx:cad>78</gpxtpx:cad></gpxtpx:TrackPointExtension></extensions><extensions><gpxtpx:PowerExtension><gpxtpx:PowerInWatts>217</gpxtpx:PowerInWatts></gpxtpx:PowerExtension></extensions></trkpt>
<trkpt lat="38.5780447" lon="-121.4673650">
<ele>11</ele><time>2025-08-29T16:20:24.000Z</time><extensions><gpxtpx:TrackPointExtension><gpxtpx:hr>162</gpxtpx:hr><gpxtpx:cad>79</gpxtpx:cad></gpxtpx:TrackPointExtension></extensions><extensions><gpxtpx:PowerExtension><gpxtpx:PowerInWatts>214</gpxtpx:PowerInWatts></gpxtpx:PowerExtension></extensions></trkpt>
<trkpt lat="38.5780910" lon="-121.4673428">
<ele>11</ele><time>2025-08-29T16:20:26.000Z</time><extensions><gpxtpx:TrackPointExtension><gpxtpx:hr>162</gpxtpx:hr><gpxtpx:cad>81</gpxtpx:cad></gpxtpx:TrackPointExtension></extensions><extensions><gpxtpx:PowerExtension><gpxtpx:PowerInWatts>210</gpxtpx:PowerInWatts></gpxtpx:PowerExtension></extensions></trkpt>
<trkpt lat="38.5781476" lon="-121.4673012">
<ele>11</ele><time>2025-08-29T16:20:28.000Z</time><extensions><gpxtpx:TrackPointExtension><gpxtpx:hr>162</gpxtpx:hr><gpxtpx:cad>80</gpxtpx:cad></gpxtpx:TrackPointExtension></extensions><extensions><gpxtpx:PowerExtension><gpxtpx:PowerInWatts>210</gpxtpx:PowerInWatts></gpxtpx:PowerExtension></extensions></trkpt>
<trkpt lat="38.5781994" lon="-121.4672664">
<ele>11</ele><time>2025-08-29T16:20:30.000Z</time><extensions><gpxtpx:TrackPointExtension><gpxtpx:hr>162</gpxtpx:hr><gpxtpx:cad>81</gpxtpx:cad></gpxtpx:TrackPointExtension></extensions><extensions><gpxtpx:PowerExtension><gpxtpx:PowerInWatts>210</gpxtpx:PowerInWatts></gpxtpx:PowerExtension></extensions></trkpt>
<trkpt lat="38.5782535" lon="-121.4672546">
<ele>11</ele><time>2025-08-29T16:20:32.000Z</time><extensions><gpxtpx:TrackPointExtension><gpxtpx:hr>163</gpxtpx:hr><gpxtpx:cad>76</gpxtpx:cad></gpxtpx:TrackPointExtension></extensions><extensions><gpxtpx:PowerExtension><gpxtpx:PowerInWatts>212</gpxtpx:PowerInWatts></gpxtpx:PowerExtension></extensions></trkpt>
<trkpt lat="38.5783138" lon="-121.4672360">
<ele>11</ele><time>2025-08-29T16:20:34.000Z</time><extensions><gpxtpx:TrackPointExtension><gpxtpx:hr>162</gpxtpx:hr><gpxtpx:cad>80</gpxtpx:cad></gpxtpx:TrackPointExtension></extensions><extensions><gpxtpx:PowerExtension><gpxtpx:PowerInWatts>212</gpxtpx:PowerInWatts></gpxtpx:PowerExtension></extensions></trkpt>
<trkpt lat="38.5783598" lon="-121.4671991">
<ele>11</ele><time>2025-08-29T16:20:36.000Z</time><extensions><gpxtpx:TrackPointExtension><gpxtpx:hr>162</gpxtpx:hr><gpxtpx:cad>83</gpxtpx:cad></gpxtpx:TrackPointExtension></extensions><extensions><gpxtpx:PowerExtension><gpxtpx:PowerInWatts>220</gpxtpx:PowerInWatts></gpxtpx:PowerExtension></extensions></trkpt>
<trkpt lat="38.5784089" lon="-121.4671869">
<ele>11</ele><time>2025-08-29T16:20:38.000Z</time><extensions><gpxtpx:TrackPointExtension><gpxtpx:hr>162</gpxtpx:hr><gpxtpx:cad>79</gpxtpx:cad></gpxtpx:TrackPointExtension></extensions><extensions><gpxtpx:PowerExtension><gpxtpx:PowerInWatts>220</gpxtpx:PowerInWatts></gpxtpx:PowerExtension></extensions></trkpt>
<trkpt lat="38.5784681" lon="-121.4671454">
<ele>11</ele><time>2025-08-29T16:20:41.000Z</time><extensions><gpxtpx:TrackPointExtension><gpxtpx:hr>163</gpxtpx:hr><gpxtpx:cad>76</gpxtpx:cad></gpxtpx:TrackPointExtension></extensions><extensions><gpxtpx:PowerExtension><gpxtpx:PowerInWatts>222</gpxtpx:PowerInWatts></gpxtpx:PowerExtension></extensions></trkpt>
<trkpt lat="38.5785131" lon="-121.4671673">
<ele>11</ele><time>2025-08-29T16:20:43.000Z</time><extensions><gpxtpx:TrackPointExtension><gpxtpx:hr>163</gpxtpx:hr><gpxtpx:cad>74</gpxtpx:cad></gpxtpx:TrackPointExtension></extensions><extensions><gpxtpx:PowerExtension><gpxtpx:PowerInWatts>222</gpxtpx:PowerInWatts></gpxtpx:PowerExtension></extensions></trkpt>
<trkpt lat="38.5785655" lon="-121.4671562">
<ele>11</ele><time>2025-08-29T16:20:45.000Z</time><extensions><gpxtpx:TrackPointExtension><gpxtpx:hr>163</gpxtpx:hr><gpxtpx:cad>77</gpxtpx:cad></gpxtpx:TrackPointExtension></extensions><extensions><gpxtpx:PowerExtension><gpxtpx:PowerInWatts>222</gpxtpx:PowerInWatts></gpxtpx:PowerExtension></extensions></trkpt>
<trkpt lat="38.5786290" lon="-121.4671026">
<ele>11</ele><time>2025-08-29T16:20:47.000Z</time><extensions><gpxtpx:TrackPointExtension><gpxtpx:hr>163</gpxtpx:hr><gpxtpx:cad>78</gpxtpx:cad></gpxtpx:TrackPointExtension></extensions><extensions><gpxtpx:PowerExtension><gpxtpx:PowerInWatts>218</gpxtpx:PowerInWatts></gpxtpx:PowerExtension></extensions></trkpt>
<trkpt lat="38.5786757" lon="-121.4670636">
<ele>11</ele><time>2025-08-29T16:20:49.000Z</time><extensions><gpxtpx:TrackPointExtension><gpxtpx:hr>163</gpxtpx:hr><gpxtpx:cad>78</gpxtpx:cad></gpxtpx:TrackPointExtension></extensions><extensions><gpxtpx:PowerExtension><gpxtpx:PowerInWatts>213</gpxtpx:PowerInWatts></gpxtpx:PowerExtension></extensions></trkpt>
<trkpt lat="38.5787197" lon="-121.4670301">
<ele>11</ele><time>2025-08-29T16:20:51.000Z</time><extensions><gpxtpx:TrackPointExtension><gpxtpx:hr>163</gpxtpx:hr><gpxtpx:cad>78</gpxtpx:cad></gpxtpx:TrackPointExtension></extensions><extensions><gpxtpx:PowerExtension><gpxtpx:PowerInWatts>213</gpxtpx:PowerInWatts></gpxtpx:PowerExtension></extensions></trkpt>
<trkpt lat="38.5787720" lon="-121.4670079">
<ele>12</ele><time>2025-08-29T16:20:53.000Z</time><extensions><gpxtpx:TrackPointExtension><gpxtpx:hr>163</gpxtpx:hr><gpxtpx:cad>79</gpxtpx:cad></gpxtpx:TrackPointExtension></extensions><extensions><gpxtpx:PowerExtension><gpxtpx:PowerInWatts>213</gpxtpx:PowerInWatts></gpxtpx:PowerExtension></extensions></trkpt>
<trkpt lat="38.5788244" lon="-121.4669885">
<ele>12</ele><time>2025-08-29T16:20:55.000Z</time><extensions><gpxtpx:TrackPointExtension><gpxtpx:hr>163</gpxtpx:hr><gpxtpx:cad>78</gpxtpx:cad></gpxtpx:TrackPointExtension></extensions><extensions><gpxtpx:PowerExtension><gpxtpx:PowerInWatts>222</gpxtpx:PowerInWatts></gpxtpx:PowerExtension></extensions></trkpt>
<trkpt lat="38.5788671" lon="-121.4669703">
<ele>12</ele><time>2025-08-29T16:20:58.000Z</time><extensions><gpxtpx:TrackPointExtension><gpxtpx:hr>163</gpxtpx:hr><gpxtpx:cad>82</gpxtpx:cad></gpxtpx:TrackPointExtension></extensions><extensions><gpxtpx:PowerExtension><gpxtpx:PowerInWatts>222</gpxtpx:PowerInWatts></gpxtpx:PowerExtension></extensions></trkpt>
<trkpt lat="38.5789218" lon="-121.4669566">
<ele>12</ele><time>2025-08-29T16:21:00.000Z</time><extensions><gpxtpx:TrackPointExtension><gpxtpx:hr>163</gpxtpx:hr><gpxtpx:cad>81</gpxtpx:cad></gpxtpx:TrackPointExtension></extensions><extensions><gpxtpx:PowerExtension><gpxtpx:PowerInWatts>223</gpxtpx:PowerInWatts></gpxtpx:PowerExtension></extensions></trkpt>
<trkpt lat="38.5789793" lon="-121.4669186">
<ele>12</ele><time>2025-08-29T16:21:03.000Z</time><extensions><gpxtpx:TrackPointExtension><gpxtpx:hr>162</gpxtpx:hr><gpxtpx:cad>78</gpxtpx:cad></gpxtpx:TrackPointExtension></extensions><extensions><gpxtpx:PowerExtension><gpxtpx:PowerInWatts>221</gpxtpx:PowerInWatts></gpxtpx:PowerExtension></extensions></trkpt>
<trkpt lat="38.5790293" lon="-121.4668888">
<ele>12</ele><time>2025-08-29T16:21:05.000Z</time><extensions><gpxtpx:TrackPointExtension><gpxtpx:hr>162</gpxtpx:hr><gpxtpx:cad>77</gpxtpx:cad></gpxtpx:TrackPointExtension></extensions><extensions><gpxtpx:PowerExtension><gpxtpx:PowerInWatts>212</gpxtpx:PowerInWatts></gpxtpx:PowerExtension></extensions></trkpt>
<trkpt lat="38.5790740" lon="-121.4668647">
<ele>12</ele><time>2025-08-29T16:21:07.000Z</time><extensions><gpxtpx:TrackPointExtension><gpxtpx:hr>162</gpxtpx:hr><gpxtpx:cad>78</gpxtpx:cad></gpxtpx:TrackPointExtension></extensions><extensions><gpxtpx:PowerExtension><gpxtpx:PowerInWatts>210</gpxtpx:PowerInWatts></gpxtpx:PowerExtension></extensions></trkpt>
<trkpt lat="38.5791213" lon="-121.4668381">
<ele>12</ele><time>2025-08-29T16:21:09.000Z</time><extensions><gpxtpx:TrackPointExtension><gpxtpx:hr>162</gpxtpx:hr><gpxtpx:cad>78</gpxtpx:cad></gpxtpx:TrackPointExtension></extensions><extensions><gpxtpx:PowerExtension><gpxtpx:PowerInWatts>210</gpxtpx:PowerInWatts></gpxtpx:PowerExtension></extensions></trkpt>
<trkpt lat="38.5791817" lon="-121.4668050">
<ele>12</ele><time>2025-08-29T16:21:12.000Z</time><extensions><gpxtpx:TrackPointExtension><gpxtpx:hr>161</gpxtpx:hr><gpxtpx:cad>79</gpxtpx:cad></gpxtpx:TrackPointExtension></extensions><extensions><gpxtpx:PowerExtension><gpxtpx:PowerInWatts>213</gpxtpx:PowerInWatts></gpxtpx:PowerExtension></extensions></trkpt>
<trkpt lat="38.5792366" lon="-121.4667735">
<ele>11</ele><time>2025-08-29T16:21:14.000Z</time><extensions><gpxtpx:TrackPointExtension><gpxtpx:hr>161</gpxtpx:hr><gpxtpx:cad>81</gpxtpx:cad></gpxtpx:TrackPointExtension></extensions><extensions><gpxtpx:PowerExtension><gpxtpx:PowerInWatts>213</gpxtpx:PowerInWatts></gpxtpx:PowerExtension></extensions></trkpt>
<trkpt lat="38.5792996" lon="-121.4667575">
<ele>11</ele><time>2025-08-29T16:21:16.000Z</time><extensions><gpxtpx:TrackPointExtension><gpxtpx:hr>161</gpxtpx:hr><gpxtpx:cad>82</gpxtpx:cad></gpxtpx:TrackPointExtension></extensions><extensions><gpxtpx:PowerExtension><gpxtpx:PowerInWatts>212</gpxtpx:PowerInWatts></gpxtpx:PowerExtension></extensions></trkpt>
<trkpt lat="38.5793630" lon="-121.4667380">
<ele>11</ele><time>2025-08-29T16:21:18.000Z</time><extensions><gpxtpx:TrackPointExtension><gpxtpx:hr>161</gpxtpx:hr><gpxtpx:cad>84</gpxtpx:cad></gpxtpx:TrackPointExtension></extensions><extensions><gpxtpx:PowerExtension><gpxtpx:PowerInWatts>217</gpxtpx:PowerInWatts></gpxtpx:PowerExtension></extensions></trkpt>
<trkpt lat="38.5794155" lon="-121.4667424">
<ele>11</ele><time>2025-08-29T16:21:20.000Z</time><extensions><gpxtpx:TrackPointExtension><gpxtpx:hr>161</gpxtpx:hr><gpxtpx:cad>78</gpxtpx:cad></gpxtpx:TrackPointExtension></extensions><extensions><gpxtpx:PowerExtension><gpxtpx:PowerInWatts>217</gpxtpx:PowerInWatts></gpxtpx:PowerExtension></extensions></trkpt>
<trkpt lat="38.5794634" lon="-121.4667124">
<ele>11</ele><time>2025-08-29T16:21:22.000Z</time><extensions><gpxtpx:TrackPointExtension><gpxtpx:hr>162</gpxtpx:hr><gpxtpx:cad>76</gpxtpx:cad></gpxtpx:TrackPointExtension></extensions><extensions><gpxtpx:PowerExtension><gpxtpx:PowerInWatts>248</gpxtpx:PowerInWatts></gpxtpx:PowerExtension></extensions></trkpt>
<trkpt lat="38.5795113" lon="-121.4666794">
<ele>11</ele><time>2025-08-29T16:21:24.000Z</time><extensions><gpxtpx:TrackPointExtension><gpxtpx:hr>162</gpxtpx:hr><gpxtpx:cad>77</gpxtpx:cad></gpxtpx:TrackPointExtension></extensions><extensions><gpxtpx:PowerExtension><gpxtpx:PowerInWatts>248</gpxtpx:PowerInWatts></gpxtpx:PowerExtension></extensions></trkpt>
<trkpt lat="38.5795590" lon="-121.4666635">
<ele>11</ele><time>2025-08-29T16:21:26.000Z</time><extensions><gpxtpx:TrackPointExtension><gpxtpx:hr>163</gpxtpx:hr><gpxtpx:cad>78</gpxtpx:cad></gpxtpx:TrackPointExtension></extensions><extensions><gpxtpx:PowerExtension><gpxtpx:PowerInWatts>248</gpxtpx:PowerInWatts></gpxtpx:PowerExtension></extensions></trkpt>
<trkpt lat="38.5796090" lon="-121.4666573">
<ele>12</ele><time>2025-08-29T16:21:28.000Z</time><extensions><gpxtpx:TrackPointExtension><gpxtpx:hr>163</gpxtpx:hr><gpxtpx:cad>78</gpxtpx:cad></gpxtpx:TrackPointExtension></extensions><extensions><gpxtpx:PowerExtension><gpxtpx:PowerInWatts>248</gpxtpx:PowerInWatts></gpxtpx:PowerExtension></extensions></trkpt>
<trkpt lat="38.5796565" lon="-121.4666576">
<ele>12</ele><time>2025-08-29T16:21:30.000Z</time><extensions><gpxtpx:TrackPointExtension><gpxtpx:hr>163</gpxtpx:hr><gpxtpx:cad>80</gpxtpx:cad></gpxtpx:TrackPointExtension></extensions><extensions><gpxtpx:PowerExtension><gpxtpx:PowerInWatts>234</gpxtpx:PowerInWatts></gpxtpx:PowerExtension></extensions></trkpt>
<trkpt lat="38.5796961" lon="-121.4666302">
<ele>12</ele><time>2025-08-29T16:21:32.000Z</time><extensions><gpxtpx:TrackPointExtension><gpxtpx:hr>163</gpxtpx:hr><gpxtpx:cad>81</gpxtpx:cad></gpxtpx:TrackPointExtension></extensions><extensions><gpxtpx:PowerExtension><gpxtpx:PowerInWatts>234</gpxtpx:PowerInWatts></gpxtpx:PowerExtension></extensions></trkpt>
<trkpt lat="38.5797554" lon="-121.4666066">
<ele>12</ele><time>2025-08-29T16:21:34.000Z</time><extensions><gpxtpx:TrackPointExtension><gpxtpx:hr>162</gpxtpx:hr><gpxtpx:cad>82</gpxtpx:cad></gpxtpx:TrackPointExtension></extensions><extensions><gpxtpx:PowerExtension><gpxtpx:PowerInWatts>229</gpxtpx:PowerInWatts></gpxtpx:PowerExtension></extensions></trkpt>
<trkpt lat="38.5798178" lon="-121.4665648">
<ele>12</ele><time>2025-08-29T16:21:36.000Z</time><extensions><gpxtpx:TrackPointExtension><gpxtpx:hr>162</gpxtpx:hr><gpxtpx:cad>79</gpxtpx:cad></gpxtpx:TrackPointExtension></extensions><extensions><gpxtpx:PowerExtension><gpxtpx:PowerInWatts>223</gpxtpx:PowerInWatts></gpxtpx:PowerExtension></extensions></trkpt>
<trkpt lat="38.5798667" lon="-121.4665450">
<ele>12</ele><time>2025-08-29T16:21:38.000Z</time><extensions><gpxtpx:TrackPointExtension><gpxtpx:hr>162</gpxtpx:hr><gpxtpx:cad>79</gpxtpx:cad></gpxtpx:TrackPointExtension></extensions><extensions><gpxtpx:PowerExtension><gpxtpx:PowerInWatts>219</gpxtpx:PowerInWatts></gpxtpx:PowerExtension></extensions></trkpt>
<trkpt lat="38.5799089" lon="-121.4665129">
<ele>12</ele><time>2025-08-29T16:21:40.000Z</time><extensions><gpxtpx:TrackPointExtension><gpxtpx:hr>162</gpxtpx:hr><gpxtpx:cad>79</gpxtpx:cad></gpxtpx:TrackPointExtension></extensions><extensions><gpxtpx:PowerExtension><gpxtpx:PowerInWatts>223</gpxtpx:PowerInWatts></gpxtpx:PowerExtension></extensions></trkpt>
<trkpt lat="38.5799542" lon="-121.4665158">
<ele>12</ele><time>2025-08-29T16:21:42.000Z</time><extensions><gpxtpx:TrackPointExtension><gpxtpx:hr>163</gpxtpx:hr><gpxtpx:cad>78</gpxtpx:cad></gpxtpx:TrackPointExtension></extensions><extensions><gpxtpx:PowerExtension><gpxtpx:PowerInWatts>223</gpxtpx:PowerInWatts></gpxtpx:PowerExtension></extensions></trkpt>
<trkpt lat="38.5800206" lon="-121.4664862">
<ele>12</ele><time>2025-08-29T16:21:45.000Z</time><extensions><gpxtpx:TrackPointExtension><gpxtpx:hr>163</gpxtpx:hr><gpxtpx:cad>76</gpxtpx:cad></gpxtpx:TrackPointExtension></extensions><extensions><gpxtpx:PowerExtension><gpxtpx:PowerInWatts>226</gpxtpx:PowerInWatts></gpxtpx:PowerExtension></extensions></trkpt>
<trkpt lat="38.5800695" lon="-121.4664584">
<ele>12</ele><time>2025-08-29T16:21:47.000Z</time><extensions><gpxtpx:TrackPointExtension><gpxtpx:hr>162</gpxtpx:hr><gpxtpx:cad>75</gpxtpx:cad></gpxtpx:TrackPointExtension></extensions><extensions><gpxtpx:PowerExtension><gpxtpx:PowerInWatts>226</gpxtpx:PowerInWatts></gpxtpx:PowerExtension></extensions></trkpt>
<trkpt lat="38.5801352" lon="-121.4664217">
<ele>12</ele><time>2025-08-29T16:21:50.000Z</time><extensions><gpxtpx:TrackPointExtension><gpxtpx:hr>162</gpxtpx:hr><gpxtpx:cad>79</gpxtpx:cad></gpxtpx:TrackPointExtension></extensions><extensions><gpxtpx:PowerExtension><gpxtpx:PowerInWatts>217</gpxtpx:PowerInWatts></gpxtpx:PowerExtension></extensions></trkpt>
<trkpt lat="38.5801841" lon="-121.4663995">
<ele>12</ele><time>2025-08-29T16:21:52.000Z</time><extensions><gpxtpx:TrackPointExtension><gpxtpx:hr>162</gpxtpx:hr><gpxtpx:cad>79</gpxtpx:cad></gpxtpx:TrackPointExtension></extensions><extensions><gpxtpx:PowerExtension><gpxtpx:PowerInWatts>217</gpxtpx:PowerInWatts></gpxtpx:PowerExtension></extensions></trkpt>
<trkpt lat="38.5802329" lon="-121.4663929">
<ele>12</ele><time>2025-08-29T16:21:54.000Z</time><extensions><gpxtpx:TrackPointExtension><gpxtpx:hr>162</gpxtpx:hr><gpxtpx:cad>76</gpxtpx:cad></gpxtpx:TrackPointExtension></extensions><extensions><gpxtpx:PowerExtension><gpxtpx:PowerInWatts>217</gpxtpx:PowerInWatts></gpxtpx:PowerExtension></extensions></trkpt>
<trkpt lat="38.5803038" lon="-121.4663585">
<ele>12</ele><time>2025-08-29T16:21:57.000Z</time><extensions><gpxtpx:TrackPointExtension><gpxtpx:hr>163</gpxtpx:hr><gpxtpx:cad>76</gpxtpx:cad></gpxtpx:TrackPointExtension></extensions><extensions><gpxtpx:PowerExtension><gpxtpx:PowerInWatts>217</gpxtpx:PowerInWatts></gpxtpx:PowerExtension></extensions></trkpt>
<trkpt lat="38.5803822" lon="-121.4663299">
<ele>12</ele><time>2025-08-29T16:21:59.000Z</time><extensions><gpxtpx:TrackPointExtension><gpxtpx:hr>163</gpxtpx:hr><gpxtpx:cad>78</gpxtpx:cad></gpxtpx:TrackPointExtension></extensions><extensions><gpxtpx:PowerExtension><gpxtpx:PowerInWatts>217</gpxtpx:PowerInWatts></gpxtpx:PowerExtension></extensions></trkpt>
<trkpt lat="38.5804345" lon="-121.4662964">
<ele>12</ele><time>2025-08-29T16:22:02.000Z</time><extensions><gpxtpx:TrackPointExtension><gpxtpx:hr>162</gpxtpx:hr><gpxtpx:cad>80</gpxtpx:cad></gpxtpx:TrackPointExtension></extensions><extensions><gpxtpx:PowerExtension><gpxtpx:PowerInWatts>220</gpxtpx:PowerInWatts></gpxtpx:PowerExtension></extensions></trkpt>
<trkpt lat="38.5804854" lon="-121.4662821">
<ele>12</ele><time>2025-08-29T16:22:04.000Z</time><extensions><gpxtpx:TrackPointExtension><gpxtpx:hr>162</gpxtpx:hr><gpxtpx:cad>77</gpxtpx:cad></gpxtpx:TrackPointExtension></extensions><extensions><gpxtpx:PowerExtension><gpxtpx:PowerInWatts>220</gpxtpx:PowerInWatts></gpxtpx:PowerExtension></extensions></trkpt>
<trkpt lat="38.5805313" lon="-121.4662511">
<ele>12</ele><time>2025-08-29T16:22:07.000Z</time><extensions><gpxtpx:TrackPointExtension><gpxtpx:hr>161</gpxtpx:hr><gpxtpx:cad>79</gpxtpx:cad></gpxtpx:TrackPointExtension></extensions><extensions><gpxtpx:PowerExtension><gpxtpx:PowerInWatts>220</gpxtpx:PowerInWatts></gpxtpx:PowerExtension></extensions></trkpt>
<trkpt lat="38.5805962" lon="-121.4662353">
<ele>12</ele><time>2025-08-29T16:22:10.000Z</time><extensions><gpxtpx:TrackPointExtension><gpxtpx:hr>161</gpxtpx:hr><gpxtpx:cad>79</gpxtpx:cad></gpxtpx:TrackPointExtension></extensions><extensions><gpxtpx:PowerExtension><gpxtpx:PowerInWatts>222</gpxtpx:PowerInWatts></gpxtpx:PowerExtension></extensions></trkpt>
<trkpt lat="38.5806430" lon="-121.4662085">
<ele>12</ele><time>2025-08-29T16:22:12.000Z</time><extensions><gpxtpx:TrackPointExtension><gpxtpx:hr>162</gpxtpx:hr><gpxtpx:cad>80</gpxtpx:cad></gpxtpx:TrackPointExtension></extensions><extensions><gpxtpx:PowerExtension><gpxtpx:PowerInWatts>212</gpxtpx:PowerInWatts></gpxtpx:PowerExtension></extensions></trkpt>
<trkpt lat="38.5806945" lon="-121.4661654">
<ele>12</ele><time>2025-08-29T16:22:14.000Z</time><extensions><gpxtpx:TrackPointExtension><gpxtpx:hr>162</gpxtpx:hr><gpxtpx:cad>79</gpxtpx:cad></gpxtpx:TrackPointExtension></extensions><extensions><gpxtpx:PowerExtension><gpxtpx:PowerInWatts>210</gpxtpx:PowerInWatts></gpxtpx:PowerExtension></extensions></trkpt>
<trkpt lat="38.5807628" lon="-121.4661515">
<ele>12</ele><time>2025-08-29T16:22:16.000Z</time><extensions><gpxtpx:TrackPointExtension><gpxtpx:hr>162</gpxtpx:hr><gpxtpx:cad>78</gpxtpx:cad></gpxtpx:TrackPointExtension></extensions><extensions><gpxtpx:PowerExtension><gpxtpx:PowerInWatts>211</gpxtpx:PowerInWatts></gpxtpx:PowerExtension></extensions></trkpt>
<trkpt lat="38.5808320" lon="-121.4661233">
<ele>12</ele><time>2025-08-29T16:22:18.000Z</time><extensions><gpxtpx:TrackPointExtension><gpxtpx:hr>162</gpxtpx:hr><gpxtpx:cad>80</gpxtpx:cad></gpxtpx:TrackPointExtension></extensions><extensions><gpxtpx:PowerExtension><gpxtpx:PowerInWatts>211</gpxtpx:PowerInWatts></gpxtpx:PowerExtension></extensions></trkpt>
<trkpt lat="38.5808771" lon="-121.4661162">
<ele>12</ele><time>2025-08-29T16:22:20.000Z</time><extensions><gpxtpx:TrackPointExtension><gpxtpx:hr>163</gpxtpx:hr><gpxtpx:cad>81</gpxtpx:cad></gpxtpx:TrackPointExtension></extensions><extensions><gpxtpx:PowerExtension><gpxtpx:PowerInWatts>211</gpxtpx:PowerInWatts></gpxtpx:PowerExtension></extensions></trkpt>
<trkpt lat="38.5809229" lon="-121.4660971">
<ele>12</ele><time>2025-08-29T16:22:22.000Z</time><extensions><gpxtpx:TrackPointExtension><gpxtpx:hr>163</gpxtpx:hr><gpxtpx:cad>85</gpxtpx:cad></gpxtpx:TrackPointExtension></extensions><extensions><gpxtpx:PowerExtension><gpxtpx:PowerInWatts>225</gpxtpx:PowerInWatts></gpxtpx:PowerExtension></extensions></trkpt>
<trkpt lat="38.5809712" lon="-121.4661484">
<ele>12</ele><time>2025-08-29T16:22:24.000Z</time><extensions><gpxtpx:TrackPointExtension><gpxtpx:hr>163</gpxtpx:hr><gpxtpx:cad>79</gpxtpx:cad></gpxtpx:TrackPointExtension></extensions><extensions><gpxtpx:PowerExtension><gpxtpx:PowerInWatts>223</gpxtpx:PowerInWatts></gpxtpx:PowerExtension></extensions></trkpt>
<trkpt lat="38.5810399" lon="-121.4661524">
<ele>12</ele><time>2025-08-29T16:22:27.000Z</time><extensions><gpxtpx:TrackPointExtension><gpxtpx:hr>162</gpxtpx:hr><gpxtpx:cad>77</gpxtpx:cad></gpxtpx:TrackPointExtension></extensions><extensions><gpxtpx:PowerExtension><gpxtpx:PowerInWatts>223</gpxtpx:PowerInWatts></gpxtpx:PowerExtension></extensions></trkpt>
<trkpt lat="38.5811013" lon="-121.4661274">
<ele>12</ele><time>2025-08-29T16:22:30.000Z</time><extensions><gpxtpx:TrackPointExtension><gpxtpx:hr>162</gpxtpx:hr><gpxtpx:cad>74</gpxtpx:cad></gpxtpx:TrackPointExtension></extensions><extensions><gpxtpx:PowerExtension><gpxtpx:PowerInWatts>221</gpxtpx:PowerInWatts></gpxtpx:PowerExtension></extensions></trkpt>
<trkpt lat="38.5811513" lon="-121.4661266">
<ele>12</ele><time>2025-08-29T16:22:32.000Z</time><extensions><gpxtpx:TrackPointExtension><gpxtpx:hr>162</gpxtpx:hr><gpxtpx:cad>73</gpxtpx:cad></gpxtpx:TrackPointExtension></extensions><extensions><gpxtpx:PowerExtension><gpxtpx:PowerInWatts>219</gpxtpx:PowerInWatts></gpxtpx:PowerExtension></extensions></trkpt>
<trkpt lat="38.5812147" lon="-121.4661025">
<ele>12</ele><time>2025-08-29T16:22:34.000Z</time><extensions><gpxtpx:TrackPointExtension><gpxtpx:hr>162</gpxtpx:hr><gpxtpx:cad>77</gpxtpx:cad></gpxtpx:TrackPointExtension></extensions><extensions><gpxtpx:PowerExtension><gpxtpx:PowerInWatts>217</gpxtpx:PowerInWatts></gpxtpx:PowerExtension></extensions></trkpt>
<trkpt lat="38.5812611" lon="-121.4660904">
<ele>12</ele><time>2025-08-29T16:22:36.000Z</time><extensions><gpxtpx:TrackPointExtension><gpxtpx:hr>162</gpxtpx:hr><gpxtpx:cad>78</gpxtpx:cad></gpxtpx:TrackPointExtension></extensions><extensions><gpxtpx:PowerExtension><gpxtpx:PowerInWatts>217</gpxtpx:PowerInWatts></gpxtpx:PowerExtension></extensions></trkpt>
<trkpt lat="38.5813161" lon="-121.4661012">
<ele>12</ele><time>2025-08-29T16:22:38.000Z</time><extensions><gpxtpx:TrackPointExtension><gpxtpx:hr>162</gpxtpx:hr><gpxtpx:cad>81</gpxtpx:cad></gpxtpx:TrackPointExtension></extensions><extensions><gpxtpx:PowerExtension><gpxtpx:PowerInWatts>217</gpxtpx:PowerInWatts></gpxtpx:PowerExtension></extensions></trkpt>
<trkpt lat="38.5813766" lon="-121.4660875">
<ele>12</ele><time>2025-08-29T16:22:40.000Z</time><extensions><gpxtpx:TrackPointExtension><gpxtpx:hr>162</gpxtpx:hr><gpxtpx:cad>81</gpxtpx:cad></gpxtpx:TrackPointExtension></extensions><extensions><gpxtpx:PowerExtension><gpxtpx:PowerInWatts>216</gpxtpx:PowerInWatts></gpxtpx:PowerExtension></extensions></trkpt>
<trkpt lat="38.5814336" lon="-121.4660613">
<ele>12</ele><time>2025-08-29T16:22:43.000Z</time><extensions><gpxtpx:TrackPointExtension><gpxtpx:hr>163</gpxtpx:hr><gpxtpx:cad>81</gpxtpx:cad></gpxtpx:TrackPointExtension></extensions><extensions><gpxtpx:PowerExtension><gpxtpx:PowerInWatts>218</gpxtpx:PowerInWatts></gpxtpx:PowerExtension></extensions></trkpt>
<trkpt lat="38.5814503" lon="-121.4661399">
<ele>12</ele><time>2025-08-29T16:22:46.000Z</time><extensions><gpxtpx:TrackPointExtension><gpxtpx:hr>163</gpxtpx:hr><gpxtpx:cad>82</gpxtpx:cad></gpxtpx:TrackPointExtension></extensions><extensions><gpxtpx:PowerExtension><gpxtpx:PowerInWatts>218</gpxtpx:PowerInWatts></gpxtpx:PowerExtension></extensions></trkpt>
<trkpt lat="38.5814369" lon="-121.4661980">
<ele>12</ele><time>2025-08-29T16:22:48.000Z</time><extensions><gpxtpx:TrackPointExtension><gpxtpx:hr>162</gpxtpx:hr><gpxtpx:cad>80</gpxtpx:cad></gpxtpx:TrackPointExtension></extensions><extensions><gpxtpx:PowerExtension><gpxtpx:PowerInWatts>218</gpxtpx:PowerInWatts></gpxtpx:PowerExtension></extensions></trkpt>
<trkpt lat="38.5814552" lon="-121.4662784">
<ele>12</ele><time>2025-08-29T16:22:50.000Z</time><extensions><gpxtpx:TrackPointExtension><gpxtpx:hr>163</gpxtpx:hr><gpxtpx:cad>80</gpxtpx:cad></gpxtpx:TrackPointExtension></extensions><extensions><gpxtpx:PowerExtension><gpxtpx:PowerInWatts>212</gpxtpx:PowerInWatts></gpxtpx:PowerExtension></extensions></trkpt>
<trkpt lat="38.5814854" lon="-121.4663492">
<ele>12</ele><time>2025-08-29T16:22:52.000Z</time><extensions><gpxtpx:TrackPointExtension><gpxtpx:hr>163</gpxtpx:hr><gpxtpx:cad>78</gpxtpx:cad></gpxtpx:TrackPointExtension></extensions><extensions><gpxtpx:PowerExtension><gpxtpx:PowerInWatts>204</gpxtpx:PowerInWatts></gpxtpx:PowerExtension></extensions></trkpt>
<trkpt lat="38.5815128" lon="-121.4664117">
<ele>12</ele><time>2025-08-29T16:22:54.000Z</time><extensions><gpxtpx:TrackPointExtension><gpxtpx:hr>163</gpxtpx:hr><gpxtpx:cad>76</gpxtpx:cad></gpxtpx:TrackPointExtension></extensions><extensions><gpxtpx:PowerExtension><gpxtpx:PowerInWatts>201</gpxtpx:PowerInWatts></gpxtpx:PowerExtension></extensions></trkpt>
<trkpt lat="38.5815174" lon="-121.4664724">
<ele>12</ele><time>2025-08-29T16:22:56.000Z</time><extensions><gpxtpx:TrackPointExtension><gpxtpx:hr>162</gpxtpx:hr><gpxtpx:cad>81</gpxtpx:cad></gpxtpx:TrackPointExtension></extensions><extensions><gpxtpx:PowerExtension><gpxtpx:PowerInWatts>201</gpxtpx:PowerInWatts></gpxtpx:PowerExtension></extensions></trkpt>
<trkpt lat="38.5815370" lon="-121.4665498">
<ele>12</ele><time>2025-08-29T16:22:59.000Z</time><extensions><gpxtpx:TrackPointExtension><gpxtpx:hr>162</gpxtpx:hr><gpxtpx:cad>81</gpxtpx:cad></gpxtpx:TrackPointExtension></extensions><extensions><gpxtpx:PowerExtension><gpxtpx:PowerInWatts>213</gpxtpx:PowerInWatts></gpxtpx:PowerExtension></extensions></trkpt>
<trkpt lat="38.5815585" lon="-121.4666181">
<ele>12</ele><time>2025-08-29T16:23:02.000Z</time><extensions><gpxtpx:TrackPointExtension><gpxtpx:hr>161</gpxtpx:hr><gpxtpx:cad>84</gpxtpx:cad></gpxtpx:TrackPointExtension></extensions><extensions><gpxtpx:PowerExtension><gpxtpx:PowerInWatts>211</gpxtpx:PowerInWatts></gpxtpx:PowerExtension></extensions></trkpt>
<trkpt lat="38.5815681" lon="-121.4667117">
<ele>12</ele><time>2025-08-29T16:23:05.000Z</time><extensions><gpxtpx:TrackPointExtension><gpxtpx:hr>161</gpxtpx:hr><gpxtpx:cad>84</gpxtpx:cad></gpxtpx:TrackPointExtension></extensions><extensions><gpxtpx:PowerExtension><gpxtpx:PowerInWatts>203</gpxtpx:PowerInWatts></gpxtpx:PowerExtension></extensions></trkpt>
<trkpt lat="38.5815785" lon="-121.4667769">
<ele>12</ele><time>2025-08-29T16:23:07.000Z</time><extensions><gpxtpx:TrackPointExtension><gpxtpx:hr>161</gpxtpx:hr><gpxtpx:cad>78</gpxtpx:cad></gpxtpx:TrackPointExtension></extensions><extensions><gpxtpx:PowerExtension><gpxtpx:PowerInWatts>202</gpxtpx:PowerInWatts></gpxtpx:PowerExtension></extensions></trkpt>
<trkpt lat="38.5816091" lon="-121.4668435">
<ele>12</ele><time>2025-08-29T16:23:09.000Z</time><extensions><gpxtpx:TrackPointExtension><gpxtpx:hr>162</gpxtpx:hr><gpxtpx:cad>74</gpxtpx:cad></gpxtpx:TrackPointExtension></extensions><extensions><gpxtpx:PowerExtension><gpxtpx:PowerInWatts>202</gpxtpx:PowerInWatts></gpxtpx:PowerExtension></extensions></trkpt>
<trkpt lat="38.5816344" lon="-121.4669201">
<ele>12</ele><time>2025-08-29T16:23:11.000Z</time><extensions><gpxtpx:TrackPointExtension><gpxtpx:hr>162</gpxtpx:hr><gpxtpx:cad>74</gpxtpx:cad></gpxtpx:TrackPointExtension></extensions><extensions><gpxtpx:PowerExtension><gpxtpx:PowerInWatts>202</gpxtpx:PowerInWatts></gpxtpx:PowerExtension></extensions></trkpt>
<trkpt lat="38.5816577" lon="-121.4669840">
<ele>12</ele><time>2025-08-29T16:23:13.000Z</time><extensions><gpxtpx:TrackPointExtension><gpxtpx:hr>162</gpxtpx:hr><gpxtpx:cad>75</gpxtpx:cad></gpxtpx:TrackPointExtension></extensions><extensions><gpxtpx:PowerExtension><gpxtpx:PowerInWatts>208</gpxtpx:PowerInWatts></gpxtpx:PowerExtension></extensions></trkpt>
<trkpt lat="38.5816800" lon="-121.4670528">
<ele>12</ele><time>2025-08-29T16:23:15.000Z</time><extensions><gpxtpx:TrackPointExtension><gpxtpx:hr>161</gpxtpx:hr><gpxtpx:cad>74</gpxtpx:cad></gpxtpx:TrackPointExtension></extensions><extensions><gpxtpx:PowerExtension><gpxtpx:PowerInWatts>208</gpxtpx:PowerInWatts></gpxtpx:PowerExtension></extensions></trkpt>
<trkpt lat="38.5817020" lon="-121.4671087">
<ele>12</ele><time>2025-08-29T16:23:17.000Z</time><extensions><gpxtpx:TrackPointExtension><gpxtpx:hr>161</gpxtpx:hr><gpxtpx:cad>77</gpxtpx:cad></gpxtpx:TrackPointExtension></extensions><extensions><gpxtpx:PowerExtension><gpxtpx:PowerInWatts>208</gpxtpx:PowerInWatts></gpxtpx:PowerExtension></extensions></trkpt>
<trkpt lat="38.5817492" lon="-121.4671873">
<ele>12</ele><time>2025-08-29T16:23:19.000Z</time><extensions><gpxtpx:TrackPointExtension><gpxtpx:hr>160</gpxtpx:hr><gpxtpx:cad>77</gpxtpx:cad></gpxtpx:TrackPointExtension></extensions><extensions><gpxtpx:PowerExtension><gpxtpx:PowerInWatts>208</gpxtpx:PowerInWatts></gpxtpx:PowerExtension></extensions></trkpt>
<trkpt lat="38.5817005" lon="-121.4672390">
<ele>13</ele><time>2025-08-29T16:23:21.000Z</time><extensions><gpxtpx:TrackPointExtension><gpxtpx:hr>160</gpxtpx:hr><gpxtpx:cad>76</gpxtpx:cad></gpxtpx:TrackPointExtension></extensions><extensions><gpxtpx:PowerExtension><gpxtpx:PowerInWatts>215</gpxtpx:PowerInWatts></gpxtpx:PowerExtension></extensions></trkpt>
<trkpt lat="38.5816413" lon="-121.4672306">
<ele>13</ele><time>2025-08-29T16:23:24.000Z</time><extensions><gpxtpx:TrackPointExtension><gpxtpx:hr>161</gpxtpx:hr><gpxtpx:cad>79</gpxtpx:cad></gpxtpx:TrackPointExtension></extensions><extensions><gpxtpx:PowerExtension><gpxtpx:PowerInWatts>215</gpxtpx:PowerInWatts></gpxtpx:PowerExtension></extensions></trkpt>
<trkpt lat="38.5815825" lon="-121.4672445">
<ele>12</ele><time>2025-08-29T16:23:26.000Z</time><extensions><gpxtpx:TrackPointExtension><gpxtpx:hr>161</gpxtpx:hr><gpxtpx:cad>79</gpxtpx:cad></gpxtpx:TrackPointExtension></extensions><extensions><gpxtpx:PowerExtension><gpxtpx:PowerInWatts>222</gpxtpx:PowerInWatts></gpxtpx:PowerExtension></extensions></trkpt>
<trkpt lat="38.5815301" lon="-121.4672608">
<ele>12</ele><time>2025-08-29T16:23:29.000Z</time><extensions><gpxtpx:TrackPointExtension><gpxtpx:hr>161</gpxtpx:hr><gpxtpx:cad>75</gpxtpx:cad></gpxtpx:TrackPointExtension></extensions><extensions><gpxtpx:PowerExtension><gpxtpx:PowerInWatts>212</gpxtpx:PowerInWatts></gpxtpx:PowerExtension></extensions></trkpt>
<trkpt lat="38.5814848" lon="-121.4672811">
<ele>12</ele><time>2025-08-29T16:23:31.000Z</time><extensions><gpxtpx:TrackPointExtension><gpxtpx:hr>160</gpxtpx:hr><gpxtpx:cad>76</gpxtpx:cad></gpxtpx:TrackPointExtension></extensions><extensions><gpxtpx:PowerExtension><gpxtpx:PowerInWatts>206</gpxtpx:PowerInWatts></gpxtpx:PowerExtension></extensions></trkpt>
<trkpt lat="38.5814292" lon="-121.4673075">
<ele>12</ele><time>2025-08-29T16:23:33.000Z</time><extensions><gpxtpx:TrackPointExtension><gpxtpx:hr>160</gpxtpx:hr><gpxtpx:cad>80</gpxtpx:cad></gpxtpx:TrackPointExtension></extensions><extensions><gpxtpx:PowerExtension><gpxtpx:PowerInWatts>206</gpxtpx:PowerInWatts></gpxtpx:PowerExtension></extensions></trkpt>
<trkpt lat="38.5813840" lon="-121.4673312">
<ele>12</ele><time>2025-08-29T16:23:35.000Z</time><extensions><gpxtpx:TrackPointExtension><gpxtpx:hr>160</gpxtpx:hr><gpxtpx:cad>79</gpxtpx:cad></gpxtpx:TrackPointExtension></extensions><extensions><gpxtpx:PowerExtension><gpxtpx:PowerInWatts>206</gpxtpx:PowerInWatts></gpxtpx:PowerExtension></extensions></trkpt>
<trkpt lat="38.5813329" lon="-121.4673487">
<ele>12</ele><time>2025-08-29T16:23:37.000Z</time><extensions><gpxtpx:TrackPointExtension><gpxtpx:hr>160</gpxtpx:hr><gpxtpx:cad>78</gpxtpx:cad></gpxtpx:TrackPointExtension></extensions><extensions><gpxtpx:PowerExtension><gpxtpx:PowerInWatts>203</gpxtpx:PowerInWatts></gpxtpx:PowerExtension></extensions></trkpt>
<trkpt lat="38.5812791" lon="-121.4673717">
<ele>12</ele><time>2025-08-29T16:23:39.000Z</time><extensions><gpxtpx:TrackPointExtension><gpxtpx:hr>160</gpxtpx:hr><gpxtpx:cad>80</gpxtpx:cad></gpxtpx:TrackPointExtension></extensions><extensions><gpxtpx:PowerExtension><gpxtpx:PowerInWatts>205</gpxtpx:PowerInWatts></gpxtpx:PowerExtension></extensions></trkpt>
<trkpt lat="38.5812307" lon="-121.4673926">
<ele>12</ele><time>2025-08-29T16:23:41.000Z</time><extensions><gpxtpx:TrackPointExtension><gpxtpx:hr>161</gpxtpx:hr><gpxtpx:cad>81</gpxtpx:cad></gpxtpx:TrackPointExtension></extensions><extensions><gpxtpx:PowerExtension><gpxtpx:PowerInWatts>209</gpxtpx:PowerInWatts></gpxtpx:PowerExtension></extensions></trkpt>
<trkpt lat="38.5811702" lon="-121.4674187">
<ele>12</ele><time>2025-08-29T16:23:44.000Z</time><extensions><gpxtpx:TrackPointExtension><gpxtpx:hr>161</gpxtpx:hr><gpxtpx:cad>84</gpxtpx:cad></gpxtpx:TrackPointExtension></extensions><extensions><gpxtpx:PowerExtension><gpxtpx:PowerInWatts>212</gpxtpx:PowerInWatts></gpxtpx:PowerExtension></extensions></trkpt>
<trkpt lat="38.5811211" lon="-121.4674398">
<ele>12</ele><time>2025-08-29T16:23:45.999Z</time><extensions><gpxtpx:TrackPointExtension><gpxtpx:hr>160</gpxtpx:hr><gpxtpx:cad>77</gpxtpx:cad></gpxtpx:TrackPointExtension></extensions><extensions><gpxtpx:PowerExtension><gpxtpx:PowerInWatts>212</gpxtpx:PowerInWatts></gpxtpx:PowerExtension></extensions></trkpt>
<trkpt lat="38.5810774" lon="-121.4674586">
<ele>12</ele><time>2025-08-29T16:23:47.999Z</time><extensions><gpxtpx:TrackPointExtension><gpxtpx:hr>160</gpxtpx:hr><gpxtpx:cad>75</gpxtpx:cad></gpxtpx:TrackPointExtension></extensions><extensions><gpxtpx:PowerExtension><gpxtpx:PowerInWatts>213</gpxtpx:PowerInWatts></gpxtpx:PowerExtension></extensions></trkpt>
<trkpt lat="38.5810341" lon="-121.4674773">
<ele>12</ele><time>2025-08-29T16:23:49.999Z</time><extensions><gpxtpx:TrackPointExtension><gpxtpx:hr>160</gpxtpx:hr><gpxtpx:cad>76</gpxtpx:cad></gpxtpx:TrackPointExtension></extensions><extensions><gpxtpx:PowerExtension><gpxtpx:PowerInWatts>213</gpxtpx:PowerInWatts></gpxtpx:PowerExtension></extensions></trkpt>
<trkpt lat="38.5809809" lon="-121.4675002">
<ele>12</ele><time>2025-08-29T16:23:51.999Z</time><extensions><gpxtpx:TrackPointExtension><gpxtpx:hr>160</gpxtpx:hr><gpxtpx:cad>78</gpxtpx:cad></gpxtpx:TrackPointExtension></extensions><extensions><gpxtpx:PowerExtension><gpxtpx:PowerInWatts>211</gpxtpx:PowerInWatts></gpxtpx:PowerExtension></extensions></trkpt>
<trkpt lat="38.5809271" lon="-121.4675233">
<ele>12</ele><time>2025-08-29T16:23:53.999Z</time><extensions><gpxtpx:TrackPointExtension><gpxtpx:hr>159</gpxtpx:hr><gpxtpx:cad>81</gpxtpx:cad></gpxtpx:TrackPointExtension></extensions><extensions><gpxtpx:PowerExtension><gpxtpx:PowerInWatts>211</gpxtpx:PowerInWatts></gpxtpx:PowerExtension></extensions></trkpt>
<trkpt lat="38.5808821" lon="-121.4675427">
<ele>12</ele><time>2025-08-29T16:23:55.999Z</time><extensions><gpxtpx:TrackPointExtension><gpxtpx:hr>159</gpxtpx:hr><gpxtpx:cad>81</gpxtpx:cad></gpxtpx:TrackPointExtension></extensions><extensions><gpxtpx:PowerExtension><gpxtpx:PowerInWatts>209</gpxtpx:PowerInWatts></gpxtpx:PowerExtension></extensions></trkpt>
<trkpt lat="38.5808359" lon="-121.4675626">
<ele>12</ele><time>2025-08-29T16:23:57.999Z</time><extensions><gpxtpx:TrackPointExtension><gpxtpx:hr>159</gpxtpx:hr><gpxtpx:cad>80</gpxtpx:cad></gpxtpx:TrackPointExtension></extensions><extensions><gpxtpx:PowerExtension><gpxtpx:PowerInWatts>209</gpxtpx:PowerInWatts></gpxtpx:PowerExtension></extensions></trkpt>
<trkpt lat="38.5807733" lon="-121.4675896">
<ele>12</ele><time>2025-08-29T16:23:59.999Z</time><extensions><gpxtpx:TrackPointExtension><gpxtpx:hr>160</gpxtpx:hr><gpxtpx:cad>76</gpxtpx:cad></gpxtpx:TrackPointExtension></extensions><extensions><gpxtpx:PowerExtension><gpxtpx:PowerInWatts>209</gpxtpx:PowerInWatts></gpxtpx:PowerExtension></extensions></trkpt>
<trkpt lat="38.5807193" lon="-121.4676127">
<ele>12</ele><time>2025-08-29T16:24:01.999Z</time><extensions><gpxtpx:TrackPointExtension><gpxtpx:hr>160</gpxtpx:hr><gpxtpx:cad>78</gpxtpx:cad></gpxtpx:TrackPointExtension></extensions><extensions><gpxtpx:PowerExtension><gpxtpx:PowerInWatts>212</gpxtpx:PowerInWatts></gpxtpx:PowerExtension></extensions></trkpt>
<trkpt lat="38.5806601" lon="-121.4676379">
<ele>12</ele><time>2025-08-29T16:24:03.999Z</time><extensions><gpxtpx:TrackPointExtension><gpxtpx:hr>160</gpxtpx:hr><gpxtpx:cad>78</gpxtpx:cad></gpxtpx:TrackPointExtension></extensions><extensions><gpxtpx:PowerExtension><gpxtpx:PowerInWatts>212</gpxtpx:PowerInWatts></gpxtpx:PowerExtension></extensions></trkpt>
<trkpt lat="38.5805976" lon="-121.4676645">
<ele>12</ele><time>2025-08-29T16:24:06.999Z</time><extensions><gpxtpx:TrackPointExtension><gpxtpx:hr>160</gpxtpx:hr><gpxtpx:cad>81</gpxtpx:cad></gpxtpx:TrackPointExtension></extensions><extensions><gpxtpx:PowerExtension><gpxtpx:PowerInWatts>222</gpxtpx:PowerInWatts></gpxtpx:PowerExtension></extensions></trkpt>
<trkpt lat="38.5805507" lon="-121.4676845">
<ele>12</ele><time>2025-08-29T16:24:08.999Z</time><extensions><gpxtpx:TrackPointExtension><gpxtpx:hr>160</gpxtpx:hr><gpxtpx:cad>82</gpxtpx:cad></gpxtpx:TrackPointExtension></extensions><extensions><gpxtpx:PowerExtension><gpxtpx:PowerInWatts>222</gpxtpx:PowerInWatts></gpxtpx:PowerExtension></extensions></trkpt>
<trkpt lat="38.5805073" lon="-121.4677030">
<ele>12</ele><time>2025-08-29T16:24:10.999Z</time><extensions><gpxtpx:TrackPointExtension><gpxtpx:hr>160</gpxtpx:hr><gpxtpx:cad>82</gpxtpx:cad></gpxtpx:TrackPointExtension></extensions><extensions><gpxtpx:PowerExtension><gpxtpx:PowerInWatts>220</gpxtpx:PowerInWatts></gpxtpx:PowerExtension></extensions></trkpt>
<trkpt lat="38.5804597" lon="-121.4677232">
<ele>12</ele><time>2025-08-29T16:24:12.999Z</time><extensions><gpxtpx:TrackPointExtension><gpxtpx:hr>161</gpxtpx:hr><gpxtpx:cad>78</gpxtpx:cad></gpxtpx:TrackPointExtension></extensions><extensions><gpxtpx:PowerExtension><gpxtpx:PowerInWatts>220</gpxtpx:PowerInWatts></gpxtpx:PowerExtension></extensions></trkpt>
<trkpt lat="38.5804134" lon="-121.4677429">
<ele>12</ele><time>2025-08-29T16:24:14.999Z</time><extensions><gpxtpx:TrackPointExtension><gpxtpx:hr>161</gpxtpx:hr><gpxtpx:cad>78</gpxtpx:cad></gpxtpx:TrackPointExtension></extensions><extensions><gpxtpx:PowerExtension><gpxtpx:PowerInWatts>220</gpxtpx:PowerInWatts></gpxtpx:PowerExtension></extensions></trkpt>
<trkpt lat="38.5803657" lon="-121.4677582">
<ele>12</ele><time>2025-08-29T16:24:16.999Z</time><extensions><gpxtpx:TrackPointExtension><gpxtpx:hr>161</gpxtpx:hr><gpxtpx:cad>80</gpxtpx:cad></gpxtpx:TrackPointExtension></extensions><extensions><gpxtpx:PowerExtension><gpxtpx:PowerInWatts>219</gpxtpx:PowerInWatts></gpxtpx:PowerExtension></extensions></trkpt>
<trkpt lat="38.5802915" lon="-121.4677839">
<ele>12</ele><time>2025-08-29T16:24:19.999Z</time><extensions><gpxtpx:TrackPointExtension><gpxtpx:hr>162</gpxtpx:hr><gpxtpx:cad>80</gpxtpx:cad></gpxtpx:TrackPointExtension></extensions><extensions><gpxtpx:PowerExtension><gpxtpx:PowerInWatts>216</gpxtpx:PowerInWatts></gpxtpx:PowerExtension></extensions></trkpt>
<trkpt lat="38.5802215" lon="-121.4678246">
<ele>12</ele><time>2025-08-29T16:24:21.999Z</time><extensions><gpxtpx:TrackPointExtension><gpxtpx:hr>162</gpxtpx:hr><gpxtpx:cad>79</gpxtpx:cad></gpxtpx:TrackPointExtension></extensions><extensions><gpxtpx:PowerExtension><gpxtpx:PowerInWatts>216</gpxtpx:PowerInWatts></gpxtpx:PowerExtension></extensions></trkpt>
<trkpt lat="38.5801788" lon="-121.4678428">
<ele>12</ele><time>2025-08-29T16:24:23.999Z</time><extensions><gpxtpx:TrackPointExtension><gpxtpx:hr>161</gpxtpx:hr><gpxtpx:cad>76</gpxtpx:cad></gpxtpx:TrackPointExtension></extensions><extensions><gpxtpx:PowerExtension><gpxtpx:PowerInWatts>213</gpxtpx:PowerInWatts></gpxtpx:PowerExtension></extensions></trkpt>
<trkpt lat="38.5801273" lon="-121.4678648">
<ele>12</ele><time>2025-08-29T16:24:25.999Z</time><extensions><gpxtpx:TrackPointExtension><gpxtpx:hr>160</gpxtpx:hr><gpxtpx:cad>74</gpxtpx:cad></gpxtpx:TrackPointExtension></extensions><extensions><gpxtpx:PowerExtension><gpxtpx:PowerInWatts>213</gpxtpx:PowerInWatts></gpxtpx:PowerExtension></extensions></trkpt>
<trkpt lat="38.5800632" lon="-121.4678921">
<ele>12</ele><time>2025-08-29T16:24:27.999Z</time><extensions><gpxtpx:TrackPointExtension><gpxtpx:hr>160</gpxtpx:hr><gpxtpx:cad>82</gpxtpx:cad></gpxtpx:TrackPointExtension></extensions><extensions><gpxtpx:PowerExtension><gpxtpx:PowerInWatts>220</gpxtpx:PowerInWatts></gpxtpx:PowerExtension></extensions></trkpt>
<trkpt lat="38.5800063" lon="-121.4679165">
<ele>12</ele><time>2025-08-29T16:24:29.999Z</time><extensions><gpxtpx:TrackPointExtension><gpxtpx:hr>160</gpxtpx:hr><gpxtpx:cad>82</gpxtpx:cad></gpxtpx:TrackPointExtension></extensions><extensions><gpxtpx:PowerExtension><gpxtpx:PowerInWatts>220</gpxtpx:PowerInWatts></gpxtpx:PowerExtension></extensions></trkpt>
<trkpt lat="38.5799553" lon="-121.4679383">
<ele>12</ele><time>2025-08-29T16:24:31.999Z</time><extensions><gpxtpx:TrackPointExtension><gpxtpx:hr>160</gpxtpx:hr><gpxtpx:cad>79</gpxtpx:cad></gpxtpx:TrackPointExtension></extensions><extensions><gpxtpx:PowerExtension><gpxtpx:PowerInWatts>227</gpxtpx:PowerInWatts></gpxtpx:PowerExtension></extensions></trkpt>
<trkpt lat="38.5798863" lon="-121.4679677">
<ele>12</ele><time>2025-08-29T16:24:34.999Z</time><extensions><gpxtpx:TrackPointExtension><gpxtpx:hr>160</gpxtpx:hr><gpxtpx:cad>79</gpxtpx:cad></gpxtpx:TrackPointExtension></extensions><extensions><gpxtpx:PowerExtension><gpxtpx:PowerInWatts>227</gpxtpx:PowerInWatts></gpxtpx:PowerExtension></extensions></trkpt>
<trkpt lat="38.5798161" lon="-121.4679977">
<ele>12</ele><time>2025-08-29T16:24:37.999Z</time><extensions><gpxtpx:TrackPointExtension><gpxtpx:hr>160</gpxtpx:hr><gpxtpx:cad>81</gpxtpx:cad></gpxtpx:TrackPointExtension></extensions><extensions><gpxtpx:PowerExtension><gpxtpx:PowerInWatts>233</gpxtpx:PowerInWatts></gpxtpx:PowerExtension></extensions></trkpt>
<trkpt lat="38.5797589" lon="-121.4680230">
<ele>12</ele><time>2025-08-29T16:24:40.999Z</time><extensions><gpxtpx:TrackPointExtension><gpxtpx:hr>161</gpxtpx:hr><gpxtpx:cad>79</gpxtpx:cad></gpxtpx:TrackPointExtension></extensions><extensions><gpxtpx:PowerExtension><gpxtpx:PowerInWatts>228</gpxtpx:PowerInWatts></gpxtpx:PowerExtension></extensions></trkpt>
<trkpt lat="38.5796967" lon="-121.4680487">
<ele>12</ele><time>2025-08-29T16:24:43.999Z</time><extensions><gpxtpx:TrackPointExtension><gpxtpx:hr>162</gpxtpx:hr><gpxtpx:cad>80</gpxtpx:cad></gpxtpx:TrackPointExtension></extensions><extensions><gpxtpx:PowerExtension><gpxtpx:PowerInWatts>228</gpxtpx:PowerInWatts></gpxtpx:PowerExtension></extensions></trkpt>
<trkpt lat="38.5796258" lon="-121.4680790">
<ele>12</ele><time>2025-08-29T16:24:45.999Z</time><extensions><gpxtpx:TrackPointExtension><gpxtpx:hr>161</gpxtpx:hr><gpxtpx:cad>83</gpxtpx:cad></gpxtpx:TrackPointExtension></extensions><extensions><gpxtpx:PowerExtension><gpxtpx:PowerInWatts>225</gpxtpx:PowerInWatts></gpxtpx:PowerExtension></extensions></trkpt>
<trkpt lat="38.5795637" lon="-121.4681092">
<ele>12</ele><time>2025-08-29T16:24:47.999Z</time><extensions><gpxtpx:TrackPointExtension><gpxtpx:hr>161</gpxtpx:hr><gpxtpx:cad>78</gpxtpx:cad></gpxtpx:TrackPointExtension></extensions><extensions><gpxtpx:PowerExtension><gpxtpx:PowerInWatts>221</gpxtpx:PowerInWatts></gpxtpx:PowerExtension></extensions></trkpt>
<trkpt lat="38.5795104" lon="-121.4681345">
<ele>12</ele><time>2025-08-29T16:24:49.999Z</time><extensions><gpxtpx:TrackPointExtension><gpxtpx:hr>160</gpxtpx:hr><gpxtpx:cad>78</gpxtpx:cad></gpxtpx:TrackPointExtension></extensions><extensions><gpxtpx:PowerExtension><gpxtpx:PowerInWatts>218</gpxtpx:PowerInWatts></gpxtpx:PowerExtension></extensions></trkpt>
<trkpt lat="38.5794720" lon="-121.4681649">
<ele>12</ele><time>2025-08-29T16:24:51.999Z</time><extensions><gpxtpx:TrackPointExtension><gpxtpx:hr>160</gpxtpx:hr><gpxtpx:cad>77</gpxtpx:cad></gpxtpx:TrackPointExtension></extensions><extensions><gpxtpx:PowerExtension><gpxtpx:PowerInWatts>260</gpxtpx:PowerInWatts></gpxtpx:PowerExtension></extensions></trkpt>
<trkpt lat="38.5794068" lon="-121.4681855">
<ele>12</ele><time>2025-08-29T16:24:53.999Z</time><extensions><gpxtpx:TrackPointExtension><gpxtpx:hr>160</gpxtpx:hr><gpxtpx:cad>85</gpxtpx:cad></gpxtpx:TrackPointExtension></extensions><extensions><gpxtpx:PowerExtension><gpxtpx:PowerInWatts>260</gpxtpx:PowerInWatts></gpxtpx:PowerExtension></extensions></trkpt>
<trkpt lat="38.5793581" lon="-121.4682067">
<ele>12</ele><time>2025-08-29T16:24:56.999Z</time><extensions><gpxtpx:TrackPointExtension><gpxtpx:hr>160</gpxtpx:hr><gpxtpx:cad>79</gpxtpx:cad></gpxtpx:TrackPointExtension></extensions><extensions><gpxtpx:PowerExtension><gpxtpx:PowerInWatts>260</gpxtpx:PowerInWatts></gpxtpx:PowerExtension></extensions></trkpt>
<trkpt lat="38.5792982" lon="-121.4682350">
<ele>12</ele><time>2025-08-29T16:24:58.999Z</time><extensions><gpxtpx:TrackPointExtension><gpxtpx:hr>160</gpxtpx:hr><gpxtpx:cad>80</gpxtpx:cad></gpxtpx:TrackPointExtension></extensions><extensions><gpxtpx:PowerExtension><gpxtpx:PowerInWatts>244</gpxtpx:PowerInWatts></gpxtpx:PowerExtension></extensions></trkpt>
<trkpt lat="38.5792301" lon="-121.4682633">
<ele>12</ele><time>2025-08-29T16:25:01.999Z</time><extensions><gpxtpx:TrackPointExtension><gpxtpx:hr>160</gpxtpx:hr><gpxtpx:cad>84</gpxtpx:cad></gpxtpx:TrackPointExtension></extensions><extensions><gpxtpx:PowerExtension><gpxtpx:PowerInWatts>226</gpxtpx:PowerInWatts></gpxtpx:PowerExtension></extensions></trkpt>
<trkpt lat="38.5791828" lon="-121.4682743">
<ele>12</ele><time>2025-08-29T16:25:03.999Z</time><extensions><gpxtpx:TrackPointExtension><gpxtpx:hr>160</gpxtpx:hr><gpxtpx:cad>85</gpxtpx:cad></gpxtpx:TrackPointExtension></extensions><extensions><gpxtpx:PowerExtension><gpxtpx:PowerInWatts>226</gpxtpx:PowerInWatts></gpxtpx:PowerExtension></extensions></trkpt>
<trkpt lat="38.5791393" lon="-121.4683067">
<ele>12</ele><time>2025-08-29T16:25:05.999Z</time><extensions><gpxtpx:TrackPointExtension><gpxtpx:hr>160</gpxtpx:hr><gpxtpx:cad>81</gpxtpx:cad></gpxtpx:TrackPointExtension></extensions><extensions><gpxtpx:PowerExtension><gpxtpx:PowerInWatts>222</gpxtpx:PowerInWatts></gpxtpx:PowerExtension></extensions></trkpt>
<trkpt lat="38.5790677" lon="-121.4683376">
<ele>12</ele><time>2025-08-29T16:25:08.999Z</time><extensions><gpxtpx:TrackPointExtension><gpxtpx:hr>161</gpxtpx:hr><gpxtpx:cad>78</gpxtpx:cad></gpxtpx:TrackPointExtension></extensions><extensions><gpxtpx:PowerExtension><gpxtpx:PowerInWatts>215</gpxtpx:PowerInWatts></gpxtpx:PowerExtension></extensions></trkpt>
<trkpt lat="38.5790031" lon="-121.4683731">
<ele>12</ele><time>2025-08-29T16:25:11.999Z</time><extensions><gpxtpx:TrackPointExtension><gpxtpx:hr>160</gpxtpx:hr><gpxtpx:cad>77</gpxtpx:cad></gpxtpx:TrackPointExtension></extensions><extensions><gpxtpx:PowerExtension><gpxtpx:PowerInWatts>216</gpxtpx:PowerInWatts></gpxtpx:PowerExtension></extensions></trkpt>
<trkpt lat="38.5789481" lon="-121.4683950">
<ele>12</ele><time>2025-08-29T16:25:14.999Z</time><extensions><gpxtpx:TrackPointExtension><gpxtpx:hr>158</gpxtpx:hr><gpxtpx:cad>79</gpxtpx:cad></gpxtpx:TrackPointExtension></extensions><extensions><gpxtpx:PowerExtension><gpxtpx:PowerInWatts>216</gpxtpx:PowerInWatts></gpxtpx:PowerExtension></extensions></trkpt>
<trkpt lat="38.5788918" lon="-121.4684195">
<ele>12</ele><time>2025-08-29T16:25:16.999Z</time><extensions><gpxtpx:TrackPointExtension><gpxtpx:hr>158</gpxtpx:hr><gpxtpx:cad>77</gpxtpx:cad></gpxtpx:TrackPointExtension></extensions><extensions><gpxtpx:PowerExtension><gpxtpx:PowerInWatts>216</gpxtpx:PowerInWatts></gpxtpx:PowerExtension></extensions></trkpt>
<trkpt lat="38.5788447" lon="-121.4684411">
<ele>12</ele><time>2025-08-29T16:25:18.999Z</time><extensions><gpxtpx:TrackPointExtension><gpxtpx:hr>157</gpxtpx:hr><gpxtpx:cad>79</gpxtpx:cad></gpxtpx:TrackPointExtension></extensions><extensions><gpxtpx:PowerExtension><gpxtpx:PowerInWatts>214</gpxtpx:PowerInWatts></gpxtpx:PowerExtension></extensions></trkpt>
<trkpt lat="38.5787891" lon="-121.4684683">
<ele>12</ele><time>2025-08-29T16:25:20.999Z</time><extensions><gpxtpx:TrackPointExtension><gpxtpx:hr>157</gpxtpx:hr><gpxtpx:cad>79</gpxtpx:cad></gpxtpx:TrackPointExtension></extensions><extensions><gpxtpx:PowerExtension><gpxtpx:PowerInWatts>214</gpxtpx:PowerInWatts></gpxtpx:PowerExtension></extensions></trkpt>
<trkpt lat="38.5787303" lon="-121.4684361">
<ele>12</ele><time>2025-08-29T16:25:22.999Z</time><extensions><gpxtpx:TrackPointExtension><gpxtpx:hr>158</gpxtpx:hr><gpxtpx:cad>83</gpxtpx:cad></gpxtpx:TrackPointExtension></extensions><extensions><gpxtpx:PowerExtension><gpxtpx:PowerInWatts>214</gpxtpx:PowerInWatts></gpxtpx:PowerExtension></extensions></trkpt>
<trkpt lat="38.5786746" lon="-121.4684795">
<ele>12</ele><time>2025-08-29T16:25:25.999Z</time><extensions><gpxtpx:TrackPointExtension><gpxtpx:hr>159</gpxtpx:hr><gpxtpx:cad>75</gpxtpx:cad></gpxtpx:TrackPointExtension></extensions><extensions><gpxtpx:PowerExtension><gpxtpx:PowerInWatts>215</gpxtpx:PowerInWatts></gpxtpx:PowerExtension></extensions></trkpt>
<trkpt lat="38.5786297" lon="-121.4685081">
<ele>12</ele><time>2025-08-29T16:25:27.999Z</time><extensions><gpxtpx:TrackPointExtension><gpxtpx:hr>159</gpxtpx:hr><gpxtpx:cad>74</gpxtpx:cad></gpxtpx:TrackPointExtension></extensions><extensions><gpxtpx:PowerExtension><gpxtpx:PowerInWatts>215</gpxtpx:PowerInWatts></gpxtpx:PowerExtension></extensions></trkpt>
<trkpt lat="38.5785555" lon="-121.4685384">
<ele>12</ele><time>2025-08-29T16:25:29.999Z</time><extensions><gpxtpx:TrackPointExtension><gpxtpx:hr>160</gpxtpx:hr><gpxtpx:cad>76</gpxtpx:cad></gpxtpx:TrackPointExtension></extensions><extensions><gpxtpx:PowerExtension><gpxtpx:PowerInWatts>215</gpxtpx:PowerInWatts></gpxtpx:PowerExtension></extensions></trkpt>
<trkpt lat="38.5785003" lon="-121.4685695">
<ele>12</ele><time>2025-08-29T16:25:31.999Z</time><extensions><gpxtpx:TrackPointExtension><gpxtpx:hr>160</gpxtpx:hr><gpxtpx:cad>77</gpxtpx:cad></gpxtpx:TrackPointExtension></extensions><extensions><gpxtpx:PowerExtension><gpxtpx:PowerInWatts>213</gpxtpx:PowerInWatts></gpxtpx:PowerExtension></extensions></trkpt>
<trkpt lat="38.5784515" lon="-121.4685955">
<ele>12</ele><time>2025-08-29T16:25:33.999Z</time><extensions><gpxtpx:TrackPointExtension><gpxtpx:hr>160</gpxtpx:hr><gpxtpx:cad>80</gpxtpx:cad></gpxtpx:TrackPointExtension></extensions><extensions><gpxtpx:PowerExtension><gpxtpx:PowerInWatts>213</gpxtpx:PowerInWatts></gpxtpx:PowerExtension></extensions></trkpt>
<trkpt lat="38.5783984" lon="-121.4685968">
<ele>12</ele><time>2025-08-29T16:25:35.999Z</time><extensions><gpxtpx:TrackPointExtension><gpxtpx:hr>160</gpxtpx:hr><gpxtpx:cad>79</gpxtpx:cad></gpxtpx:TrackPointExtension></extensions><extensions><gpxtpx:PowerExtension><gpxtpx:PowerInWatts>224</gpxtpx:PowerInWatts></gpxtpx:PowerExtension></extensions></trkpt>
<trkpt lat="38.5783472" lon="-121.4685981">
<ele>12</ele><time>2025-08-29T16:25:37.999Z</time><extensions><gpxtpx:TrackPointExtension><gpxtpx:hr>160</gpxtpx:hr><gpxtpx:cad>83</gpxtpx:cad></gpxtpx:TrackPointExtension></extensions><extensions><gpxtpx:PowerExtension><gpxtpx:PowerInWatts>248</gpxtpx:PowerInWatts></gpxtpx:PowerExtension></extensions></trkpt>
<trkpt lat="38.5782967" lon="-121.4686166">
<ele>12</ele><time>2025-08-29T16:25:39.999Z</time><extensions><gpxtpx:TrackPointExtension><gpxtpx:hr>160</gpxtpx:hr><gpxtpx:cad>80</gpxtpx:cad></gpxtpx:TrackPointExtension></extensions><extensions><gpxtpx:PowerExtension><gpxtpx:PowerInWatts>248</gpxtpx:PowerInWatts></gpxtpx:PowerExtension></extensions></trkpt>
<trkpt lat="38.5782509" lon="-121.4686381">
<ele>12</ele><time>2025-08-29T16:25:41.999Z</time><extensions><gpxtpx:TrackPointExtension><gpxtpx:hr>160</gpxtpx:hr><gpxtpx:cad>77</gpxtpx:cad></gpxtpx:TrackPointExtension></extensions><extensions><gpxtpx:PowerExtension><gpxtpx:PowerInWatts>226</gpxtpx:PowerInWatts></gpxtpx:PowerExtension></extensions></trkpt>
<trkpt lat="38.5782114" lon="-121.4686685">
<ele>12</ele><time>2025-08-29T16:25:43.999Z</time><extensions><gpxtpx:TrackPointExtension><gpxtpx:hr>161</gpxtpx:hr><gpxtpx:cad>75</gpxtpx:cad></gpxtpx:TrackPointExtension></extensions><extensions><gpxtpx:PowerExtension><gpxtpx:PowerInWatts>226</gpxtpx:PowerInWatts></gpxtpx:PowerExtension></extensions></trkpt>
<trkpt lat="38.5781561" lon="-121.4687056">
<ele>11</ele><time>2025-08-29T16:25:45.999Z</time><extensions><gpxtpx:TrackPointExtension><gpxtpx:hr>161</gpxtpx:hr><gpxtpx:cad>78</gpxtpx:cad></gpxtpx:TrackPointExtension></extensions><extensions><gpxtpx:PowerExtension><gpxtpx:PowerInWatts>221</gpxtpx:PowerInWatts></gpxtpx:PowerExtension></extensions></trkpt>
<trkpt lat="38.5781037" lon="-121.4687145">
<ele>11</ele><time>2025-08-29T16:25:47.999Z</time><extensions><gpxtpx:TrackPointExtension><gpxtpx:hr>162</gpxtpx:hr><gpxtpx:cad>81</gpxtpx:cad></gpxtpx:TrackPointExtension></extensions><extensions><gpxtpx:PowerExtension><gpxtpx:PowerInWatts>221</gpxtpx:PowerInWatts></gpxtpx:PowerExtension></extensions></trkpt>
<trkpt lat="38.5780307" lon="-121.4687348">
<ele>11</ele><time>2025-08-29T16:25:50.999Z</time><extensions><gpxtpx:TrackPointExtension><gpxtpx:hr>163</gpxtpx:hr><gpxtpx:cad>79</gpxtpx:cad></gpxtpx:TrackPointExtension></extensions><extensions><gpxtpx:PowerExtension><gpxtpx:PowerInWatts>214</gpxtpx:PowerInWatts></gpxtpx:PowerExtension></extensions></trkpt>
<trkpt lat="38.5779816" lon="-121.4687636">
<ele>11</ele><time>2025-08-29T16:25:52.999Z</time><extensions><gpxtpx:TrackPointExtension><gpxtpx:hr>163</gpxtpx:hr><gpxtpx:cad>78</gpxtpx:cad></gpxtpx:TrackPointExtension></extensions><extensions><gpxtpx:PowerExtension><gpxtpx:PowerInWatts>214</gpxtpx:PowerInWatts></gpxtpx:PowerExtension></extensions></trkpt>
<trkpt lat="38.5779289" lon="-121.4687911">
<ele>11</ele><time>2025-08-29T16:25:54.999Z</time><extensions><gpxtpx:TrackPointExtension><gpxtpx:hr>163</gpxtpx:hr><gpxtpx:cad>81</gpxtpx:cad></gpxtpx:TrackPointExtension></extensions><extensions><gpxtpx:PowerExtension><gpxtpx:PowerInWatts>214</gpxtpx:PowerInWatts></gpxtpx:PowerExtension></extensions></trkpt>
<trkpt lat="38.5778834" lon="-121.4688089">
<ele>11</ele><time>2025-08-29T16:25:56.999Z</time><extensions><gpxtpx:TrackPointExtension><gpxtpx:hr>163</gpxtpx:hr><gpxtpx:cad>82</gpxtpx:cad></gpxtpx:TrackPointExtension></extensions><extensions><gpxtpx:PowerExtension><gpxtpx:PowerInWatts>214</gpxtpx:PowerInWatts></gpxtpx:PowerExtension></extensions></trkpt>
<trkpt lat="38.5778136" lon="-121.4688338">
<ele>11</ele><time>2025-08-29T16:25:59.999Z</time><extensions><gpxtpx:TrackPointExtension><gpxtpx:hr>163</gpxtpx:hr><gpxtpx:cad>81</gpxtpx:cad></gpxtpx:TrackPointExtension></extensions><extensions><gpxtpx:PowerExtension><gpxtpx:PowerInWatts>214</gpxtpx:PowerInWatts></gpxtpx:PowerExtension></extensions></trkpt>
<trkpt lat="38.5777654" lon="-121.4688684">
<ele>11</ele><time>2025-08-29T16:26:01.999Z</time><extensions><gpxtpx:TrackPointExtension><gpxtpx:hr>162</gpxtpx:hr><gpxtpx:cad>81</gpxtpx:cad></gpxtpx:TrackPointExtension></extensions><extensions><gpxtpx:PowerExtension><gpxtpx:PowerInWatts>215</gpxtpx:PowerInWatts></gpxtpx:PowerExtension></extensions></trkpt>
<trkpt lat="38.5777116" lon="-121.4688846">
<ele>11</ele><time>2025-08-29T16:26:03.999Z</time><extensions><gpxtpx:TrackPointExtension><gpxtpx:hr>163</gpxtpx:hr><gpxtpx:cad>77</gpxtpx:cad></gpxtpx:TrackPointExtension></extensions><extensions><gpxtpx:PowerExtension><gpxtpx:PowerInWatts>215</gpxtpx:PowerInWatts></gpxtpx:PowerExtension></extensions></trkpt>
<trkpt lat="38.5776491" lon="-121.4689307">
<ele>11</ele><time>2025-08-29T16:26:06.999Z</time><extensions><gpxtpx:TrackPointExtension><gpxtpx:hr>163</gpxtpx:hr><gpxtpx:cad>75</gpxtpx:cad></gpxtpx:TrackPointExtension></extensions><extensions><gpxtpx:PowerExtension><gpxtpx:PowerInWatts>214</gpxtpx:PowerInWatts></gpxtpx:PowerExtension></extensions></trkpt>
<trkpt lat="38.5775936" lon="-121.4689558">
<ele>11</ele><time>2025-08-29T16:26:08.998Z</time><extensions><gpxtpx:TrackPointExtension><gpxtpx:hr>163</gpxtpx:hr><gpxtpx:cad>77</gpxtpx:cad></gpxtpx:TrackPointExtension></extensions><extensions><gpxtpx:PowerExtension><gpxtpx:PowerInWatts>214</gpxtpx:PowerInWatts></gpxtpx:PowerExtension></extensions></trkpt>
<trkpt lat="38.5775337" lon="-121.4689786">
<ele>11</ele><time>2025-08-29T16:26:11.998Z</time><extensions><gpxtpx:TrackPointExtension><gpxtpx:hr>162</gpxtpx:hr><gpxtpx:cad>80</gpxtpx:cad></gpxtpx:TrackPointExtension></extensions><extensions><gpxtpx:PowerExtension><gpxtpx:PowerInWatts>215</gpxtpx:PowerInWatts></gpxtpx:PowerExtension></extensions></trkpt>
<trkpt lat="38.5774751" lon="-121.4689923">
<ele>11</ele><time>2025-08-29T16:26:13.998Z</time><extensions><gpxtpx:TrackPointExtension><gpxtpx:hr>162</gpxtpx:hr><gpxtpx:cad>82</gpxtpx:cad></gpxtpx:TrackPointExtension></extensions><extensions><gpxtpx:PowerExtension><gpxtpx:PowerInWatts>215</gpxtpx:PowerInWatts></gpxtpx:PowerExtension></extensions></trkpt>
<trkpt lat="38.5774114" lon="-121.4690193">
<ele>11</ele><time>2025-08-29T16:26:15.998Z</time><extensions><gpxtpx:TrackPointExtension><gpxtpx:hr>161</gpxtpx:hr><gpxtpx:cad>80</gpxtpx:cad></gpxtpx:TrackPointExtension></extensions><extensions><gpxtpx:PowerExtension><gpxtpx:PowerInWatts>216</gpxtpx:PowerInWatts></gpxtpx:PowerExtension></extensions></trkpt>
<trkpt lat="38.5773627" lon="-121.4690488">
<ele>11</ele><time>2025-08-29T16:26:17.998Z</time><extensions><gpxtpx:TrackPointExtension><gpxtpx:hr>161</gpxtpx:hr><gpxtpx:cad>77</gpxtpx:cad></gpxtpx:TrackPointExtension></extensions><extensions><gpxtpx:PowerExtension><gpxtpx:PowerInWatts>216</gpxtpx:PowerInWatts></gpxtpx:PowerExtension></extensions></trkpt>
<trkpt lat="38.5773073" lon="-121.4690648">
<ele>11</ele><time>2025-08-29T16:26:19.998Z</time><extensions><gpxtpx:TrackPointExtension><gpxtpx:hr>162</gpxtpx:hr><gpxtpx:cad>79</gpxtpx:cad></gpxtpx:TrackPointExtension></extensions><extensions><gpxtpx:PowerExtension><gpxtpx:PowerInWatts>218</gpxtpx:PowerInWatts></gpxtpx:PowerExtension></extensions></trkpt>
<trkpt lat="38.5772516" lon="-121.4691000">
<ele>11</ele><time>2025-08-29T16:26:21.998Z</time><extensions><gpxtpx:TrackPointExtension><gpxtpx:hr>162</gpxtpx:hr><gpxtpx:cad>79</gpxtpx:cad></gpxtpx:TrackPointExtension></extensions><extensions><gpxtpx:PowerExtension><gpxtpx:PowerInWatts>223</gpxtpx:PowerInWatts></gpxtpx:PowerExtension></extensions></trkpt>
<trkpt lat="38.5771914" lon="-121.4691331">
<ele>11</ele><time>2025-08-29T16:26:24.998Z</time><extensions><gpxtpx:TrackPointExtension><gpxtpx:hr>162</gpxtpx:hr><gpxtpx:cad>81</gpxtpx:cad></gpxtpx:TrackPointExtension></extensions><extensions><gpxtpx:PowerExtension><gpxtpx:PowerInWatts>225</gpxtpx:PowerInWatts></gpxtpx:PowerExtension></extensions></trkpt>
<trkpt lat="38.5771439" lon="-121.4691230">
<ele>11</ele><time>2025-08-29T16:26:26.998Z</time><extensions><gpxtpx:TrackPointExtension><gpxtpx:hr>162</gpxtpx:hr><gpxtpx:cad>80</gpxtpx:cad></gpxtpx:TrackPointExtension></extensions><extensions><gpxtpx:PowerExtension><gpxtpx:PowerInWatts>225</gpxtpx:PowerInWatts></gpxtpx:PowerExtension></extensions></trkpt>
<trkpt lat="38.5770908" lon="-121.4691526">
<ele>11</ele><time>2025-08-29T16:26:28.998Z</time><extensions><gpxtpx:TrackPointExtension><gpxtpx:hr>162</gpxtpx:hr><gpxtpx:cad>76</gpxtpx:cad></gpxtpx:TrackPointExtension></extensions><extensions><gpxtpx:PowerExtension><gpxtpx:PowerInWatts>225</gpxtpx:PowerInWatts></gpxtpx:PowerExtension></extensions></trkpt>
<trkpt lat="38.5770451" lon="-121.4691731">
<ele>11</ele><time>2025-08-29T16:26:30.998Z</time><extensions><gpxtpx:TrackPointExtension><gpxtpx:hr>162</gpxtpx:hr><gpxtpx:cad>75</gpxtpx:cad></gpxtpx:TrackPointExtension></extensions><extensions><gpxtpx:PowerExtension><gpxtpx:PowerInWatts>226</gpxtpx:PowerInWatts></gpxtpx:PowerExtension></extensions></trkpt>
<trkpt lat="38.5770028" lon="-121.4691935">
<ele>11</ele><time>2025-08-29T16:26:32.998Z</time><extensions><gpxtpx:TrackPointExtension><gpxtpx:hr>162</gpxtpx:hr><gpxtpx:cad>78</gpxtpx:cad></gpxtpx:TrackPointExtension></extensions><extensions><gpxtpx:PowerExtension><gpxtpx:PowerInWatts>218</gpxtpx:PowerInWatts></gpxtpx:PowerExtension></extensions></trkpt>
<trkpt lat="38.5769399" lon="-121.4692252">
<ele>11</ele><time>2025-08-29T16:26:34.998Z</time><extensions><gpxtpx:TrackPointExtension><gpxtpx:hr>162</gpxtpx:hr><gpxtpx:cad>78</gpxtpx:cad></gpxtpx:TrackPointExtension></extensions><extensions><gpxtpx:PowerExtension><gpxtpx:PowerInWatts>218</gpxtpx:PowerInWatts></gpxtpx:PowerExtension></extensions></trkpt>
<trkpt lat="38.5768854" lon="-121.4692460">
<ele>11</ele><time>2025-08-29T16:26:36.998Z</time><extensions><gpxtpx:TrackPointExtension><gpxtpx:hr>163</gpxtpx:hr><gpxtpx:cad>78</gpxtpx:cad></gpxtpx:TrackPointExtension></extensions><extensions><gpxtpx:PowerExtension><gpxtpx:PowerInWatts>215</gpxtpx:PowerInWatts></gpxtpx:PowerExtension></extensions></trkpt>
<trkpt lat="38.5768403" lon="-121.4692752">
<ele>11</ele><time>2025-08-29T16:26:38.998Z</time><extensions><gpxtpx:TrackPointExtension><gpxtpx:hr>163</gpxtpx:hr><gpxtpx:cad>81</gpxtpx:cad></gpxtpx:TrackPointExtension></extensions><extensions><gpxtpx:PowerExtension><gpxtpx:PowerInWatts>215</gpxtpx:PowerInWatts></gpxtpx:PowerExtension></extensions></trkpt>
<trkpt lat="38.5767927" lon="-121.4692842">
<ele>11</ele><time>2025-08-29T16:26:41.998Z</time><extensions><gpxtpx:TrackPointExtension><gpxtpx:hr>162</gpxtpx:hr><gpxtpx:cad>82</gpxtpx:cad></gpxtpx:TrackPointExtension></extensions><extensions><gpxtpx:PowerExtension><gpxtpx:PowerInWatts>218</gpxtpx:PowerInWatts></gpxtpx:PowerExtension></extensions></trkpt>
<trkpt lat="38.5767406" lon="-121.4693090">
<ele>11</ele><time>2025-08-29T16:26:43.998Z</time><extensions><gpxtpx:TrackPointExtension><gpxtpx:hr>162</gpxtpx:hr><gpxtpx:cad>80</gpxtpx:cad></gpxtpx:TrackPointExtension></extensions><extensions><gpxtpx:PowerExtension><gpxtpx:PowerInWatts>218</gpxtpx:PowerInWatts></gpxtpx:PowerExtension></extensions></trkpt>
<trkpt lat="38.5766921" lon="-121.4693390">
<ele>11</ele><time>2025-08-29T16:26:45.998Z</time><extensions><gpxtpx:TrackPointExtension><gpxtpx:hr>162</gpxtpx:hr><gpxtpx:cad>78</gpxtpx:cad></gpxtpx:TrackPointExtension></extensions><extensions><gpxtpx:PowerExtension><gpxtpx:PowerInWatts>218</gpxtpx:PowerInWatts></gpxtpx:PowerExtension></extensions></trkpt>
<trkpt lat="38.5766260" lon="-121.4693842">
<ele>11</ele><time>2025-08-29T16:26:47.998Z</time><extensions><gpxtpx:TrackPointExtension><gpxtpx:hr>161</gpxtpx:hr><gpxtpx:cad>81</gpxtpx:cad></gpxtpx:TrackPointExtension></extensions><extensions><gpxtpx:PowerExtension><gpxtpx:PowerInWatts>213</gpxtpx:PowerInWatts></gpxtpx:PowerExtension></extensions></trkpt>
<trkpt lat="38.5765874" lon="-121.4694231">
<ele>11</ele><time>2025-08-29T16:26:50.998Z</time><extensions><gpxtpx:TrackPointExtension><gpxtpx:hr>162</gpxtpx:hr><gpxtpx:cad>79</gpxtpx:cad></gpxtpx:TrackPointExtension></extensions><extensions><gpxtpx:PowerExtension><gpxtpx:PowerInWatts>213</gpxtpx:PowerInWatts></gpxtpx:PowerExtension></extensions></trkpt>
<trkpt lat="38.5765286" lon="-121.4694520">
<ele>11</ele><time>2025-08-29T16:26:52.998Z</time><extensions><gpxtpx:TrackPointExtension><gpxtpx:hr>162</gpxtpx:hr><gpxtpx:cad>78</gpxtpx:cad></gpxtpx:TrackPointExtension></extensions><extensions><gpxtpx:PowerExtension><gpxtpx:PowerInWatts>214</gpxtpx:PowerInWatts></gpxtpx:PowerExtension></extensions></trkpt>
<trkpt lat="38.5764603" lon="-121.4694499">
<ele>11</ele><time>2025-08-29T16:26:54.998Z</time><extensions><gpxtpx:TrackPointExtension><gpxtpx:hr>162</gpxtpx:hr><gpxtpx:cad>78</gpxtpx:cad></gpxtpx:TrackPointExtension></extensions><extensions><gpxtpx:PowerExtension><gpxtpx:PowerInWatts>214</gpxtpx:PowerInWatts></gpxtpx:PowerExtension></extensions></trkpt>
<trkpt lat="38.5764155" lon="-121.4694648">
<ele>11</ele><time>2025-08-29T16:26:56.998Z</time><extensions><gpxtpx:TrackPointExtension><gpxtpx:hr>162</gpxtpx:hr><gpxtpx:cad>79</gpxtpx:cad></gpxtpx:TrackPointExtension></extensions><extensions><gpxtpx:PowerExtension><gpxtpx:PowerInWatts>214</gpxtpx:PowerInWatts></gpxtpx:PowerExtension></extensions></trkpt>
<trkpt lat="38.5763631" lon="-121.4694767">
<ele>11</ele><time>2025-08-29T16:26:58.998Z</time><extensions><gpxtpx:TrackPointExtension><gpxtpx:hr>162</gpxtpx:hr><gpxtpx:cad>83</gpxtpx:cad></gpxtpx:TrackPointExtension></extensions><extensions><gpxtpx:PowerExtension><gpxtpx:PowerInWatts>214</gpxtpx:PowerInWatts></gpxtpx:PowerExtension></extensions></trkpt>
<trkpt lat="38.5763085" lon="-121.4694893">
<ele>11</ele><time>2025-08-29T16:27:00.998Z</time><extensions><gpxtpx:TrackPointExtension><gpxtpx:hr>161</gpxtpx:hr><gpxtpx:cad>80</gpxtpx:cad></gpxtpx:TrackPointExtension></extensions><extensions><gpxtpx:PowerExtension><gpxtpx:PowerInWatts>219</gpxtpx:PowerInWatts></gpxtpx:PowerExtension></extensions></trkpt>
<trkpt lat="38.5762499" lon="-121.4695130">
<ele>11</ele><time>2025-08-29T16:27:02.998Z</time><extensions><gpxtpx:TrackPointExtension><gpxtpx:hr>160</gpxtpx:hr><gpxtpx:cad>79</gpxtpx:cad></gpxtpx:TrackPointExtension></extensions><extensions><gpxtpx:PowerExtension><gpxtpx:PowerInWatts>214</gpxtpx:PowerInWatts></gpxtpx:PowerExtension></extensions></trkpt>
<trkpt lat="38.5761844" lon="-121.4695383">
<ele>11</ele><time>2025-08-29T16:27:05.998Z</time><extensions><gpxtpx:TrackPointExtension><gpxtpx:hr>161</gpxtpx:hr><gpxtpx:cad>79</gpxtpx:cad></gpxtpx:TrackPointExtension></extensions><extensions><gpxtpx:PowerExtension><gpxtpx:PowerInWatts>214</gpxtpx:PowerInWatts></gpxtpx:PowerExtension></extensions></trkpt>
<trkpt lat="38.5761338" lon="-121.4695563">
<ele>11</ele><time>2025-08-29T16:27:07.998Z</time><extensions><gpxtpx:TrackPointExtension><gpxtpx:hr>161</gpxtpx:hr><gpxtpx:cad>81</gpxtpx:cad></gpxtpx:TrackPointExtension></extensions><extensions><gpxtpx:PowerExtension><gpxtpx:PowerInWatts>217</gpxtpx:PowerInWatts></gpxtpx:PowerExtension></extensions></trkpt>
<trkpt lat="38.5760794" lon="-121.4695845">
<ele>11</ele><time>2025-08-29T16:27:09.998Z</time><extensions><gpxtpx:TrackPointExtension><gpxtpx:hr>162</gpxtpx:hr><gpxtpx:cad>80</gpxtpx:cad></gpxtpx:TrackPointExtension></extensions><extensions><gpxtpx:PowerExtension><gpxtpx:PowerInWatts>216</gpxtpx:PowerInWatts></gpxtpx:PowerExtension></extensions></trkpt>
<trkpt lat="38.5760313" lon="-121.4696268">
<ele>11</ele><time>2025-08-29T16:27:11.998Z</time><extensions><gpxtpx:TrackPointExtension><gpxtpx:hr>162</gpxtpx:hr><gpxtpx:cad>77</gpxtpx:cad></gpxtpx:TrackPointExtension></extensions><extensions><gpxtpx:PowerExtension><gpxtpx:PowerInWatts>216</gpxtpx:PowerInWatts></gpxtpx:PowerExtension></extensions></trkpt>
<trkpt lat="38.5759683" lon="-121.4696702">
<ele>11</ele><time>2025-08-29T16:27:14.998Z</time><extensions><gpxtpx:TrackPointExtension><gpxtpx:hr>162</gpxtpx:hr><gpxtpx:cad>78</gpxtpx:cad></gpxtpx:TrackPointExtension></extensions><extensions><gpxtpx:PowerExtension><gpxtpx:PowerInWatts>215</gpxtpx:PowerInWatts></gpxtpx:PowerExtension></extensions></trkpt>
<trkpt lat="38.5759035" lon="-121.4696867">
<ele>11</ele><time>2025-08-29T16:27:16.998Z</time><extensions><gpxtpx:TrackPointExtension><gpxtpx:hr>162</gpxtpx:hr><gpxtpx:cad>78</gpxtpx:cad></gpxtpx:TrackPointExtension></extensions><extensions><gpxtpx:PowerExtension><gpxtpx:PowerInWatts>215</gpxtpx:PowerInWatts></gpxtpx:PowerExtension></extensions></trkpt>
<trkpt lat="38.5758585" lon="-121.4697171">
<ele>11</ele><time>2025-08-29T16:27:18.998Z</time><extensions><gpxtpx:TrackPointExtension><gpxtpx:hr>162</gpxtpx:hr><gpxtpx:cad>79</gpxtpx:cad></gpxtpx:TrackPointExtension></extensions><extensions><gpxtpx:PowerExtension><gpxtpx:PowerInWatts>217</gpxtpx:PowerInWatts></gpxtpx:PowerExtension></extensions></trkpt>
<trkpt lat="38.5758092" lon="-121.4697257">
<ele>11</ele><time>2025-08-29T16:27:20.998Z</time><extensions><gpxtpx:TrackPointExtension><gpxtpx:hr>163</gpxtpx:hr><gpxtpx:cad>79</gpxtpx:cad></gpxtpx:TrackPointExtension></extensions><extensions><gpxtpx:PowerExtension><gpxtpx:PowerInWatts>216</gpxtpx:PowerInWatts></gpxtpx:PowerExtension></extensions></trkpt>
<trkpt lat="38.5757647" lon="-121.4697598">
<ele>11</ele><time>2025-08-29T16:27:22.998Z</time><extensions><gpxtpx:TrackPointExtension><gpxtpx:hr>163</gpxtpx:hr><gpxtpx:cad>81</gpxtpx:cad></gpxtpx:TrackPointExtension></extensions><extensions><gpxtpx:PowerExtension><gpxtpx:PowerInWatts>216</gpxtpx:PowerInWatts></gpxtpx:PowerExtension></extensions></trkpt>
<trkpt lat="38.5757182" lon="-121.4698036">
<ele>11</ele><time>2025-08-29T16:27:24.998Z</time><extensions><gpxtpx:TrackPointExtension><gpxtpx:hr>163</gpxtpx:hr><gpxtpx:cad>77</gpxtpx:cad></gpxtpx:TrackPointExtension></extensions><extensions><gpxtpx:PowerExtension><gpxtpx:PowerInWatts>222</gpxtpx:PowerInWatts></gpxtpx:PowerExtension></extensions></trkpt>
<trkpt lat="38.5756464" lon="-121.4698032">
<ele>11</ele><time>2025-08-29T16:27:27.998Z</time><extensions><gpxtpx:TrackPointExtension><gpxtpx:hr>162</gpxtpx:hr><gpxtpx:cad>76</gpxtpx:cad></gpxtpx:TrackPointExtension></extensions><extensions><gpxtpx:PowerExtension><gpxtpx:PowerInWatts>222</gpxtpx:PowerInWatts></gpxtpx:PowerExtension></extensions></trkpt>
<trkpt lat="38.5755934" lon="-121.4697946">
<ele>11</ele><time>2025-08-29T16:27:29.998Z</time><extensions><gpxtpx:TrackPointExtension><gpxtpx:hr>162</gpxtpx:hr><gpxtpx:cad>77</gpxtpx:cad></gpxtpx:TrackPointExtension></extensions><extensions><gpxtpx:PowerExtension><gpxtpx:PowerInWatts>219</gpxtpx:PowerInWatts></gpxtpx:PowerExtension></extensions></trkpt>
<trkpt lat="38.5755344" lon="-121.4698158">
<ele>11</ele><time>2025-08-29T16:27:31.998Z</time><extensions><gpxtpx:TrackPointExtension><gpxtpx:hr>162</gpxtpx:hr><gpxtpx:cad>81</gpxtpx:cad></gpxtpx:TrackPointExtension></extensions><extensions><gpxtpx:PowerExtension><gpxtpx:PowerInWatts>218</gpxtpx:PowerInWatts></gpxtpx:PowerExtension></extensions></trkpt>
<trkpt lat="38.5754892" lon="-121.4698298">
<ele>11</ele><time>2025-08-29T16:27:33.998Z</time><extensions><gpxtpx:TrackPointExtension><gpxtpx:hr>163</gpxtpx:hr><gpxtpx:cad>84</gpxtpx:cad></gpxtpx:TrackPointExtension></extensions><extensions><gpxtpx:PowerExtension><gpxtpx:PowerInWatts>218</gpxtpx:PowerInWatts></gpxtpx:PowerExtension></extensions></trkpt>
<trkpt lat="38.5754445" lon="-121.4698504">
<ele>11</ele><time>2025-08-29T16:27:35.998Z</time><extensions><gpxtpx:TrackPointExtension><gpxtpx:hr>163</gpxtpx:hr><gpxtpx:cad>79</gpxtpx:cad></gpxtpx:TrackPointExtension></extensions><extensions><gpxtpx:PowerExtension><gpxtpx:PowerInWatts>220</gpxtpx:PowerInWatts></gpxtpx:PowerExtension></extensions></trkpt>
<trkpt lat="38.5753795" lon="-121.4698771">
<ele>11</ele><time>2025-08-29T16:27:37.998Z</time><extensions><gpxtpx:TrackPointExtension><gpxtpx:hr>163</gpxtpx:hr><gpxtpx:cad>78</gpxtpx:cad></gpxtpx:TrackPointExtension></extensions><extensions><gpxtpx:PowerExtension><gpxtpx:PowerInWatts>220</gpxtpx:PowerInWatts></gpxtpx:PowerExtension></extensions></trkpt>
<trkpt lat="38.5753299" lon="-121.4698815">
<ele>11</ele><time>2025-08-29T16:27:39.998Z</time><extensions><gpxtpx:TrackPointExtension><gpxtpx:hr>162</gpxtpx:hr><gpxtpx:cad>77</gpxtpx:cad></gpxtpx:TrackPointExtension></extensions><extensions><gpxtpx:PowerExtension><gpxtpx:PowerInWatts>220</gpxtpx:PowerInWatts></gpxtpx:PowerExtension></extensions></trkpt>
<trkpt lat="38.5752779" lon="-121.4699140">
<ele>11</ele><time>2025-08-29T16:27:41.998Z</time><extensions><gpxtpx:TrackPointExtension><gpxtpx:hr>162</gpxtpx:hr><gpxtpx:cad>79</gpxtpx:cad></gpxtpx:TrackPointExtension></extensions><extensions><gpxtpx:PowerExtension><gpxtpx:PowerInWatts>218</gpxtpx:PowerInWatts></gpxtpx:PowerExtension></extensions></trkpt>
<trkpt lat="38.5752245" lon="-121.4699435">
<ele>11</ele><time>2025-08-29T16:27:43.998Z</time><extensions><gpxtpx:TrackPointExtension><gpxtpx:hr>163</gpxtpx:hr><gpxtpx:cad>79</gpxtpx:cad></gpxtpx:TrackPointExtension></extensions><extensions><gpxtpx:PowerExtension><gpxtpx:PowerInWatts>218</gpxtpx:PowerInWatts></gpxtpx:PowerExtension></extensions></trkpt>
<trkpt lat="38.5751589" lon="-121.4699280">
<ele>11</ele><time>2025-08-29T16:27:45.998Z</time><extensions><gpxtpx:TrackPointExtension><gpxtpx:hr>163</gpxtpx:hr><gpxtpx:cad>79</gpxtpx:cad></gpxtpx:TrackPointExtension></extensions><extensions><gpxtpx:PowerExtension><gpxtpx:PowerInWatts>218</gpxtpx:PowerInWatts></gpxtpx:PowerExtension></extensions></trkpt>
<trkpt lat="38.5751103" lon="-121.4699794">
<ele>11</ele><time>2025-08-29T16:27:47.998Z</time><extensions><gpxtpx:TrackPointExtension><gpxtpx:hr>163</gpxtpx:hr><gpxtpx:cad>79</gpxtpx:cad></gpxtpx:TrackPointExtension></extensions><extensions><gpxtpx:PowerExtension><gpxtpx:PowerInWatts>226</gpxtpx:PowerInWatts></gpxtpx:PowerExtension></extensions></trkpt>
<trkpt lat="38.5750682" lon="-121.4700090">
<ele>11</ele><time>2025-08-29T16:27:49.998Z</time><extensions><gpxtpx:TrackPointExtension><gpxtpx:hr>163</gpxtpx:hr><gpxtpx:cad>76</gpxtpx:cad></gpxtpx:TrackPointExtension></extensions><extensions><gpxtpx:PowerExtension><gpxtpx:PowerInWatts>226</gpxtpx:PowerInWatts></gpxtpx:PowerExtension></extensions></trkpt>
<trkpt lat="38.5750039" lon="-121.4700251">
<ele>11</ele><time>2025-08-29T16:27:51.998Z</time><extensions><gpxtpx:TrackPointExtension><gpxtpx:hr>163</gpxtpx:hr><gpxtpx:cad>79</gpxtpx:cad></gpxtpx:TrackPointExtension></extensions><extensions><gpxtpx:PowerExtension><gpxtpx:PowerInWatts>230</gpxtpx:PowerInWatts></gpxtpx:PowerExtension></extensions></trkpt>
<trkpt lat="38.5749572" lon="-121.4700295">
<ele>11</ele><time>2025-08-29T16:27:53.998Z</time><extensions><gpxtpx:TrackPointExtension><gpxtpx:hr>162</gpxtpx:hr><gpxtpx:cad>80</gpxtpx:cad></gpxtpx:TrackPointExtension></extensions><extensions><gpxtpx:PowerExtension><gpxtpx:PowerInWatts>230</gpxtpx:PowerInWatts></gpxtpx:PowerExtension></extensions></trkpt>
<trkpt lat="38.5749057" lon="-121.4700349">
<ele>11</ele><time>2025-08-29T16:27:55.998Z</time><extensions><gpxtpx:TrackPointExtension><gpxtpx:hr>162</gpxtpx:hr><gpxtpx:cad>81</gpxtpx:cad></gpxtpx:TrackPointExtension></extensions><extensions><gpxtpx:PowerExtension><gpxtpx:PowerInWatts>230</gpxtpx:PowerInWatts></gpxtpx:PowerExtension></extensions></trkpt>
<trkpt lat="38.5748493" lon="-121.4700511">
<ele>11</ele><time>2025-08-29T16:27:57.998Z</time><extensions><gpxtpx:TrackPointExtension><gpxtpx:hr>162</gpxtpx:hr><gpxtpx:cad>81</gpxtpx:cad></gpxtpx:TrackPointExtension></extensions><extensions><gpxtpx:PowerExtension><gpxtpx:PowerInWatts>231</gpxtpx:PowerInWatts></gpxtpx:PowerExtension></extensions></trkpt>
<trkpt lat="38.5748033" lon="-121.4700898">
<ele>11</ele><time>2025-08-29T16:27:59.998Z</time><extensions><gpxtpx:TrackPointExtension><gpxtpx:hr>163</gpxtpx:hr><gpxtpx:cad>77</gpxtpx:cad></gpxtpx:TrackPointExtension></extensions><extensions><gpxtpx:PowerExtension><gpxtpx:PowerInWatts>231</gpxtpx:PowerInWatts></gpxtpx:PowerExtension></extensions></trkpt>
<trkpt lat="38.5747631" lon="-121.4701227">
<ele>11</ele><time>2025-08-29T16:28:01.998Z</time><extensions><gpxtpx:TrackPointExtension><gpxtpx:hr>163</gpxtpx:hr><gpxtpx:cad>75</gpxtpx:cad></gpxtpx:TrackPointExtension></extensions><extensions><gpxtpx:PowerExtension><gpxtpx:PowerInWatts>226</gpxtpx:PowerInWatts></gpxtpx:PowerExtension></extensions></trkpt>
<trkpt lat="38.5747065" lon="-121.4701622">
<ele>11</ele><time>2025-08-29T16:28:04.999Z</time><extensions><gpxtpx:TrackPointExtension><gpxtpx:hr>163</gpxtpx:hr><gpxtpx:cad>78</gpxtpx:cad></gpxtpx:TrackPointExtension></extensions><extensions><gpxtpx:PowerExtension><gpxtpx:PowerInWatts>226</gpxtpx:PowerInWatts></gpxtpx:PowerExtension></extensions></trkpt>
<trkpt lat="38.5746562" lon="-121.4701899">
<ele>11</ele><time>2025-08-29T16:28:06.999Z</time><extensions><gpxtpx:TrackPointExtension><gpxtpx:hr>163</gpxtpx:hr><gpxtpx:cad>81</gpxtpx:cad></gpxtpx:TrackPointExtension></extensions><extensions><gpxtpx:PowerExtension><gpxtpx:PowerInWatts>225</gpxtpx:PowerInWatts></gpxtpx:PowerExtension></extensions></trkpt>
<trkpt lat="38.5746129" lon="-121.4702142">
<ele>11</ele><time>2025-08-29T16:28:08.999Z</time><extensions><gpxtpx:TrackPointExtension><gpxtpx:hr>163</gpxtpx:hr><gpxtpx:cad>81</gpxtpx:cad></gpxtpx:TrackPointExtension></extensions><extensions><gpxtpx:PowerExtension><gpxtpx:PowerInWatts>225</gpxtpx:PowerInWatts></gpxtpx:PowerExtension></extensions></trkpt>
<trkpt lat="38.5745463" lon="-121.4702277">
<ele>11</ele><time>2025-08-29T16:28:11.999Z</time><extensions><gpxtpx:TrackPointExtension><gpxtpx:hr>163</gpxtpx:hr><gpxtpx:cad>78</gpxtpx:cad></gpxtpx:TrackPointExtension></extensions><extensions><gpxtpx:PowerExtension><gpxtpx:PowerInWatts>217</gpxtpx:PowerInWatts></gpxtpx:PowerExtension></extensions></trkpt>
<trkpt lat="38.5745002" lon="-121.4702599">
<ele>11</ele><time>2025-08-29T16:28:13.999Z</time><extensions><gpxtpx:TrackPointExtension><gpxtpx:hr>163</gpxtpx:hr><gpxtpx:cad>80</gpxtpx:cad></gpxtpx:TrackPointExtension></extensions><extensions><gpxtpx:PowerExtension><gpxtpx:PowerInWatts>217</gpxtpx:PowerInWatts></gpxtpx:PowerExtension></extensions></trkpt>
<trkpt lat="38.5744527" lon="-121.4702792">
<ele>11</ele><time>2025-08-29T16:28:15.999Z</time><extensions><gpxtpx:TrackPointExtension><gpxtpx:hr>163</gpxtpx:hr><gpxtpx:cad>80</gpxtpx:cad></gpxtpx:TrackPointExtension></extensions><extensions><gpxtpx:PowerExtension><gpxtpx:PowerInWatts>219</gpxtpx:PowerInWatts></gpxtpx:PowerExtension></extensions></trkpt>
<trkpt lat="38.5743914" lon="-121.4702867">
<ele>11</ele><time>2025-08-29T16:28:17.999Z</time><extensions><gpxtpx:TrackPointExtension><gpxtpx:hr>163</gpxtpx:hr><gpxtpx:cad>80</gpxtpx:cad></gpxtpx:TrackPointExtension></extensions><extensions><gpxtpx:PowerExtension><gpxtpx:PowerInWatts>216</gpxtpx:PowerInWatts></gpxtpx:PowerExtension></extensions></trkpt>
<trkpt lat="38.5743443" lon="-121.4703161">
<ele>11</ele><time>2025-08-29T16:28:19.999Z</time><extensions><gpxtpx:TrackPointExtension><gpxtpx:hr>162</gpxtpx:hr><gpxtpx:cad>83</gpxtpx:cad></gpxtpx:TrackPointExtension></extensions><extensions><gpxtpx:PowerExtension><gpxtpx:PowerInWatts>216</gpxtpx:PowerInWatts></gpxtpx:PowerExtension></extensions></trkpt>
<trkpt lat="38.5742867" lon="-121.4703272">
<ele>11</ele><time>2025-08-29T16:28:21.999Z</time><extensions><gpxtpx:TrackPointExtension><gpxtpx:hr>163</gpxtpx:hr><gpxtpx:cad>88</gpxtpx:cad></gpxtpx:TrackPointExtension></extensions><extensions><gpxtpx:PowerExtension><gpxtpx:PowerInWatts>216</gpxtpx:PowerInWatts></gpxtpx:PowerExtension></extensions></trkpt>
<trkpt lat="38.5742537" lon="-121.4703756">
<ele>11</ele><time>2025-08-29T16:28:23.999Z</time><extensions><gpxtpx:TrackPointExtension><gpxtpx:hr>163</gpxtpx:hr><gpxtpx:cad>82</gpxtpx:cad></gpxtpx:TrackPointExtension></extensions><extensions><gpxtpx:PowerExtension><gpxtpx:PowerInWatts>219</gpxtpx:PowerInWatts></gpxtpx:PowerExtension></extensions></trkpt>
<trkpt lat="38.5742426" lon="-121.4704331">
<ele>11</ele><time>2025-08-29T16:28:24.999Z</time><extensions><gpxtpx:TrackPointExtension><gpxtpx:hr>163</gpxtpx:hr><gpxtpx:cad>80</gpxtpx:cad></gpxtpx:TrackPointExtension></extensions><extensions><gpxtpx:PowerExtension><gpxtpx:PowerInWatts>219</gpxtpx:PowerInWatts></gpxtpx:PowerExtension></extensions></trkpt>
<trkpt lat="38.5742631" lon="-121.4705007">
<ele>11</ele><time>2025-08-29T16:28:25.999Z</time><extensions><gpxtpx:TrackPointExtension><gpxtpx:hr>163</gpxtpx:hr><gpxtpx:cad>75</gpxtpx:cad></gpxtpx:TrackPointExtension></extensions><extensions><gpxtpx:PowerExtension><gpxtpx:PowerInWatts>219</gpxtpx:PowerInWatts></gpxtpx:PowerExtension></extensions></trkpt>
<trkpt lat="38.5742876" lon="-121.4705765">
<ele>11</ele><time>2025-08-29T16:28:27.999Z</time><extensions><gpxtpx:TrackPointExtension><gpxtpx:hr>163</gpxtpx:hr><gpxtpx:cad>80</gpxtpx:cad></gpxtpx:TrackPointExtension></extensions><extensions><gpxtpx:PowerExtension><gpxtpx:PowerInWatts>221</gpxtpx:PowerInWatts></gpxtpx:PowerExtension></extensions></trkpt>
<trkpt lat="38.5742919" lon="-121.4706551">
<ele>11</ele><time>2025-08-29T16:28:29.999Z</time><extensions><gpxtpx:TrackPointExtension><gpxtpx:hr>163</gpxtpx:hr><gpxtpx:cad>83</gpxtpx:cad></gpxtpx:TrackPointExtension></extensions><extensions><gpxtpx:PowerExtension><gpxtpx:PowerInWatts>221</gpxtpx:PowerInWatts></gpxtpx:PowerExtension></extensions></trkpt>
<trkpt lat="38.5743143" lon="-121.4707211">
<ele>11</ele><time>2025-08-29T16:28:31.999Z</time><extensions><gpxtpx:TrackPointExtension><gpxtpx:hr>163</gpxtpx:hr><gpxtpx:cad>83</gpxtpx:cad></gpxtpx:TrackPointExtension></extensions><extensions><gpxtpx:PowerExtension><gpxtpx:PowerInWatts>221</gpxtpx:PowerInWatts></gpxtpx:PowerExtension></extensions></trkpt>
<trkpt lat="38.5743316" lon="-121.4707833">
<ele>11</ele><time>2025-08-29T16:28:34.999Z</time><extensions><gpxtpx:TrackPointExtension><gpxtpx:hr>163</gpxtpx:hr><gpxtpx:cad>79</gpxtpx:cad></gpxtpx:TrackPointExtension></extensions><extensions><gpxtpx:PowerExtension><gpxtpx:PowerInWatts>231</gpxtpx:PowerInWatts></gpxtpx:PowerExtension></extensions></trkpt>
<trkpt lat="38.5743491" lon="-121.4708387">
<ele>11</ele><time>2025-08-29T16:28:36.999Z</time><extensions><gpxtpx:TrackPointExtension><gpxtpx:hr>163</gpxtpx:hr><gpxtpx:cad>75</gpxtpx:cad></gpxtpx:TrackPointExtension></extensions><extensions><gpxtpx:PowerExtension><gpxtpx:PowerInWatts>231</gpxtpx:PowerInWatts></gpxtpx:PowerExtension></extensions></trkpt>
<trkpt lat="38.5743689" lon="-121.4709005">
<ele>11</ele><time>2025-08-29T16:28:38.999Z</time><extensions><gpxtpx:TrackPointExtension><gpxtpx:hr>163</gpxtpx:hr><gpxtpx:cad>79</gpxtpx:cad></gpxtpx:TrackPointExtension></extensions><extensions><gpxtpx:PowerExtension><gpxtpx:PowerInWatts>226</gpxtpx:PowerInWatts></gpxtpx:PowerExtension></extensions></trkpt>
<trkpt lat="38.5743898" lon="-121.4709634">
<ele>11</ele><time>2025-08-29T16:28:40.999Z</time><extensions><gpxtpx:TrackPointExtension><gpxtpx:hr>163</gpxtpx:hr><gpxtpx:cad>78</gpxtpx:cad></gpxtpx:TrackPointExtension></extensions><extensions><gpxtpx:PowerExtension><gpxtpx:PowerInWatts>226</gpxtpx:PowerInWatts></gpxtpx:PowerExtension></extensions></trkpt>
<trkpt lat="38.5743967" lon="-121.4710407">
<ele>11</ele><time>2025-08-29T16:28:42.999Z</time><extensions><gpxtpx:TrackPointExtension><gpxtpx:hr>163</gpxtpx:hr><gpxtpx:cad>78</gpxtpx:cad></gpxtpx:TrackPointExtension></extensions><extensions><gpxtpx:PowerExtension><gpxtpx:PowerInWatts>219</gpxtpx:PowerInWatts></gpxtpx:PowerExtension></extensions></trkpt>
<trkpt lat="38.5743993" lon="-121.4711091">
<ele>11</ele><time>2025-08-29T16:28:44.999Z</time><extensions><gpxtpx:TrackPointExtension><gpxtpx:hr>163</gpxtpx:hr><gpxtpx:cad>76</gpxtpx:cad></gpxtpx:TrackPointExtension></extensions><extensions><gpxtpx:PowerExtension><gpxtpx:PowerInWatts>219</gpxtpx:PowerInWatts></gpxtpx:PowerExtension></extensions></trkpt>
<trkpt lat="38.5744215" lon="-121.4711810">
<ele>11</ele><time>2025-08-29T16:28:46.999Z</time><extensions><gpxtpx:TrackPointExtension><gpxtpx:hr>163</gpxtpx:hr><gpxtpx:cad>77</gpxtpx:cad></gpxtpx:TrackPointExtension></extensions><extensions><gpxtpx:PowerExtension><gpxtpx:PowerInWatts>219</gpxtpx:PowerInWatts></gpxtpx:PowerExtension></extensions></trkpt>
<trkpt lat="38.5744282" lon="-121.4712462">
<ele>11</ele><time>2025-08-29T16:28:48.999Z</time><extensions><gpxtpx:TrackPointExtension><gpxtpx:hr>163</gpxtpx:hr><gpxtpx:cad>71</gpxtpx:cad></gpxtpx:TrackPointExtension></extensions><extensions><gpxtpx:PowerExtension><gpxtpx:PowerInWatts>219</gpxtpx:PowerInWatts></gpxtpx:PowerExtension></extensions></trkpt>
<trkpt lat="38.5744502" lon="-121.4713074">
<ele>11</ele><time>2025-08-29T16:28:50.999Z</time><extensions><gpxtpx:TrackPointExtension><gpxtpx:hr>163</gpxtpx:hr><gpxtpx:cad>76</gpxtpx:cad></gpxtpx:TrackPointExtension></extensions><extensions><gpxtpx:PowerExtension><gpxtpx:PowerInWatts>222</gpxtpx:PowerInWatts></gpxtpx:PowerExtension></extensions></trkpt>
<trkpt lat="38.5744706" lon="-121.4713759">
<ele>11</ele><time>2025-08-29T16:28:52.999Z</time><extensions><gpxtpx:TrackPointExtension><gpxtpx:hr>163</gpxtpx:hr><gpxtpx:cad>78</gpxtpx:cad></gpxtpx:TrackPointExtension></extensions><extensions><gpxtpx:PowerExtension><gpxtpx:PowerInWatts>220</gpxtpx:PowerInWatts></gpxtpx:PowerExtension></extensions></trkpt>
<trkpt lat="38.5744999" lon="-121.4714551">
<ele>11</ele><time>2025-08-29T16:28:55.999Z</time><extensions><gpxtpx:TrackPointExtension><gpxtpx:hr>163</gpxtpx:hr><gpxtpx:cad>81</gpxtpx:cad></gpxtpx:TrackPointExtension></extensions><extensions><gpxtpx:PowerExtension><gpxtpx:PowerInWatts>220</gpxtpx:PowerInWatts></gpxtpx:PowerExtension></extensions></trkpt>
<trkpt lat="38.5745094" lon="-121.4715294">
<ele>11</ele><time>2025-08-29T16:28:58.999Z</time><extensions><gpxtpx:TrackPointExtension><gpxtpx:hr>163</gpxtpx:hr><gpxtpx:cad>80</gpxtpx:cad></gpxtpx:TrackPointExtension></extensions><extensions><gpxtpx:PowerExtension><gpxtpx:PowerInWatts>219</gpxtpx:PowerInWatts></gpxtpx:PowerExtension></extensions></trkpt>
<trkpt lat="38.5745128" lon="-121.4715951">
<ele>11</ele><time>2025-08-29T16:29:01.999Z</time><extensions><gpxtpx:TrackPointExtension><gpxtpx:hr>163</gpxtpx:hr><gpxtpx:cad>77</gpxtpx:cad></gpxtpx:TrackPointExtension></extensions><extensions><gpxtpx:PowerExtension><gpxtpx:PowerInWatts>218</gpxtpx:PowerInWatts></gpxtpx:PowerExtension></extensions></trkpt>
<trkpt lat="38.5745262" lon="-121.4716692">
<ele>11</ele><time>2025-08-29T16:29:03.999Z</time><extensions><gpxtpx:TrackPointExtension><gpxtpx:hr>162</gpxtpx:hr><gpxtpx:cad>78</gpxtpx:cad></gpxtpx:TrackPointExtension></extensions><extensions><gpxtpx:PowerExtension><gpxtpx:PowerInWatts>217</gpxtpx:PowerInWatts></gpxtpx:PowerExtension></extensions></trkpt>
<trkpt lat="38.5745635" lon="-121.4717352">
<ele>11</ele><time>2025-08-29T16:29:05.999Z</time><extensions><gpxtpx:TrackPointExtension><gpxtpx:hr>162</gpxtpx:hr><gpxtpx:cad>80</gpxtpx:cad></gpxtpx:TrackPointExtension></extensions><extensions><gpxtpx:PowerExtension><gpxtpx:PowerInWatts>217</gpxtpx:PowerInWatts></gpxtpx:PowerExtension></extensions></trkpt>
<trkpt lat="38.5745933" lon="-121.4718083">
<ele>11</ele><time>2025-08-29T16:29:07.999Z</time><extensions><gpxtpx:TrackPointExtension><gpxtpx:hr>162</gpxtpx:hr><gpxtpx:cad>81</gpxtpx:cad></gpxtpx:TrackPointExtension></extensions><extensions><gpxtpx:PowerExtension><gpxtpx:PowerInWatts>212</gpxtpx:PowerInWatts></gpxtpx:PowerExtension></extensions></trkpt>
<trkpt lat="38.5746505" lon="-121.4717892">
<ele>11</ele><time>2025-08-29T16:29:10.999Z</time><extensions><gpxtpx:TrackPointExtension><gpxtpx:hr>162</gpxtpx:hr><gpxtpx:cad>78</gpxtpx:cad></gpxtpx:TrackPointExtension></extensions><extensions><gpxtpx:PowerExtension><gpxtpx:PowerInWatts>216</gpxtpx:PowerInWatts></gpxtpx:PowerExtension></extensions></trkpt>
<trkpt lat="38.5747013" lon="-121.4717755">
<ele>11</ele><time>2025-08-29T16:29:11.999Z</time><extensions><gpxtpx:TrackPointExtension><gpxtpx:hr>162</gpxtpx:hr><gpxtpx:cad>79</gpxtpx:cad></gpxtpx:TrackPointExtension></extensions><extensions><gpxtpx:PowerExtension><gpxtpx:PowerInWatts>216</gpxtpx:PowerInWatts></gpxtpx:PowerExtension></extensions></trkpt>
<trkpt lat="38.5747500" lon="-121.4717605">
<ele>11</ele><time>2025-08-29T16:29:12.999Z</time><extensions><gpxtpx:TrackPointExtension><gpxtpx:hr>162</gpxtpx:hr><gpxtpx:cad>78</gpxtpx:cad></gpxtpx:TrackPointExtension></extensions><extensions><gpxtpx:PowerExtension><gpxtpx:PowerInWatts>216</gpxtpx:PowerInWatts></gpxtpx:PowerExtension></extensions></trkpt>
<trkpt lat="38.5748170" lon="-121.4717587">
<ele>11</ele><time>2025-08-29T16:29:15.999Z</time><extensions><gpxtpx:TrackPointExtension><gpxtpx:hr>162</gpxtpx:hr><gpxtpx:cad>81</gpxtpx:cad></gpxtpx:TrackPointExtension></extensions><extensions><gpxtpx:PowerExtension><gpxtpx:PowerInWatts>213</gpxtpx:PowerInWatts></gpxtpx:PowerExtension></extensions></trkpt>
<trkpt lat="38.5748590" lon="-121.4717221">
<ele>11</ele><time>2025-08-29T16:29:17.999Z</time><extensions><gpxtpx:TrackPointExtension><gpxtpx:hr>162</gpxtpx:hr><gpxtpx:cad>78</gpxtpx:cad></gpxtpx:TrackPointExtension></extensions><extensions><gpxtpx:PowerExtension><gpxtpx:PowerInWatts>213</gpxtpx:PowerInWatts></gpxtpx:PowerExtension></extensions></trkpt>
<trkpt lat="38.5749167" lon="-121.4717238">
<ele>11</ele><time>2025-08-29T16:29:19.999Z</time><extensions><gpxtpx:TrackPointExtension><gpxtpx:hr>163</gpxtpx:hr><gpxtpx:cad>78</gpxtpx:cad></gpxtpx:TrackPointExtension></extensions><extensions><gpxtpx:PowerExtension><gpxtpx:PowerInWatts>217</gpxtpx:PowerInWatts></gpxtpx:PowerExtension></extensions></trkpt>
<trkpt lat="38.5749762" lon="-121.4716935">
<ele>11</ele><time>2025-08-29T16:29:22.999Z</time><extensions><gpxtpx:TrackPointExtension><gpxtpx:hr>162</gpxtpx:hr><gpxtpx:cad>78</gpxtpx:cad></gpxtpx:TrackPointExtension></extensions><extensions><gpxtpx:PowerExtension><gpxtpx:PowerInWatts>217</gpxtpx:PowerInWatts></gpxtpx:PowerExtension></extensions></trkpt>
<trkpt lat="38.5750185" lon="-121.4716694">
<ele>11</ele><time>2025-08-29T16:29:24.999Z</time><extensions><gpxtpx:TrackPointExtension><gpxtpx:hr>162</gpxtpx:hr><gpxtpx:cad>79</gpxtpx:cad></gpxtpx:TrackPointExtension></extensions><extensions><gpxtpx:PowerExtension><gpxtpx:PowerInWatts>216</gpxtpx:PowerInWatts></gpxtpx:PowerExtension></extensions></trkpt>
<trkpt lat="38.5750817" lon="-121.4716349">
<ele>11</ele><time>2025-08-29T16:29:26.999Z</time><extensions><gpxtpx:TrackPointExtension><gpxtpx:hr>162</gpxtpx:hr><gpxtpx:cad>81</gpxtpx:cad></gpxtpx:TrackPointExtension></extensions><extensions><gpxtpx:PowerExtension><gpxtpx:PowerInWatts>215</gpxtpx:PowerInWatts></gpxtpx:PowerExtension></extensions></trkpt>
<trkpt lat="38.5751361" lon="-121.4715840">
<ele>11</ele><time>2025-08-29T16:29:29.999Z</time><extensions><gpxtpx:TrackPointExtension><gpxtpx:hr>161</gpxtpx:hr><gpxtpx:cad>77</gpxtpx:cad></gpxtpx:TrackPointExtension></extensions><extensions><gpxtpx:PowerExtension><gpxtpx:PowerInWatts>211</gpxtpx:PowerInWatts></gpxtpx:PowerExtension></extensions></trkpt>
<trkpt lat="38.5751751" lon="-121.4715459">
<ele>11</ele><time>2025-08-29T16:29:31.999Z</time><extensions><gpxtpx:TrackPointExtension><gpxtpx:hr>161</gpxtpx:hr><gpxtpx:cad>78</gpxtpx:cad></gpxtpx:TrackPointExtension></extensions><extensions><gpxtpx:PowerExtension><gpxtpx:PowerInWatts>210</gpxtpx:PowerInWatts></gpxtpx:PowerExtension></extensions></trkpt>
<trkpt lat="38.5752318" lon="-121.4715269">
<ele>11</ele><time>2025-08-29T16:29:34.999Z</time><extensions><gpxtpx:TrackPointExtension><gpxtpx:hr>161</gpxtpx:hr><gpxtpx:cad>78</gpxtpx:cad></gpxtpx:TrackPointExtension></extensions><extensions><gpxtpx:PowerExtension><gpxtpx:PowerInWatts>215</gpxtpx:PowerInWatts></gpxtpx:PowerExtension></extensions></trkpt>
<trkpt lat="38.5752993" lon="-121.4715007">
<ele>11</ele><time>2025-08-29T16:29:36.999Z</time><extensions><gpxtpx:TrackPointExtension><gpxtpx:hr>161</gpxtpx:hr><gpxtpx:cad>78</gpxtpx:cad></gpxtpx:TrackPointExtension></extensions><extensions><gpxtpx:PowerExtension><gpxtpx:PowerInWatts>211</gpxtpx:PowerInWatts></gpxtpx:PowerExtension></extensions></trkpt>
<trkpt lat="38.5753644" lon="-121.4714857">
<ele>11</ele><time>2025-08-29T16:29:38.999Z</time><extensions><gpxtpx:TrackPointExtension><gpxtpx:hr>161</gpxtpx:hr><gpxtpx:cad>79</gpxtpx:cad></gpxtpx:TrackPointExtension></extensions><extensions><gpxtpx:PowerExtension><gpxtpx:PowerInWatts>207</gpxtpx:PowerInWatts></gpxtpx:PowerExtension></extensions></trkpt>
<trkpt lat="38.5754108" lon="-121.4714504">
<ele>11</ele><time>2025-08-29T16:29:40.999Z</time><extensions><gpxtpx:TrackPointExtension><gpxtpx:hr>162</gpxtpx:hr><gpxtpx:cad>81</gpxtpx:cad></gpxtpx:TrackPointExtension></extensions><extensions><gpxtpx:PowerExtension><gpxtpx:PowerInWatts>207</gpxtpx:PowerInWatts></gpxtpx:PowerExtension></extensions></trkpt>
<trkpt lat="38.5754530" lon="-121.4714243">
<ele>11</ele><time>2025-08-29T16:29:42.999Z</time><extensions><gpxtpx:TrackPointExtension><gpxtpx:hr>161</gpxtpx:hr><gpxtpx:cad>82</gpxtpx:cad></gpxtpx:TrackPointExtension></extensions><extensions><gpxtpx:PowerExtension><gpxtpx:PowerInWatts>215</gpxtpx:PowerInWatts></gpxtpx:PowerExtension></extensions></trkpt>
<trkpt lat="38.5754989" lon="-121.4713941">
<ele>11</ele><time>2025-08-29T16:29:44.999Z</time><extensions><gpxtpx:TrackPointExtension><gpxtpx:hr>160</gpxtpx:hr><gpxtpx:cad>79</gpxtpx:cad></gpxtpx:TrackPointExtension></extensions><extensions><gpxtpx:PowerExtension><gpxtpx:PowerInWatts>215</gpxtpx:PowerInWatts></gpxtpx:PowerExtension></extensions></trkpt>
<trkpt lat="38.5755536" lon="-121.4713688">
<ele>11</ele><time>2025-08-29T16:29:46.999Z</time><extensions><gpxtpx:TrackPointExtension><gpxtpx:hr>160</gpxtpx:hr><gpxtpx:cad>81</gpxtpx:cad></gpxtpx:TrackPointExtension></extensions><extensions><gpxtpx:PowerExtension><gpxtpx:PowerInWatts>214</gpxtpx:PowerInWatts></gpxtpx:PowerExtension></extensions></trkpt>
<trkpt lat="38.5756141" lon="-121.4713396">
<ele>11</ele><time>2025-08-29T16:29:48.999Z</time><extensions><gpxtpx:TrackPointExtension><gpxtpx:hr>160</gpxtpx:hr><gpxtpx:cad>84</gpxtpx:cad></gpxtpx:TrackPointExtension></extensions><extensions><gpxtpx:PowerExtension><gpxtpx:PowerInWatts>214</gpxtpx:PowerInWatts></gpxtpx:PowerExtension></extensions></trkpt>
<trkpt lat="38.5756859" lon="-121.4713069">
<ele>11</ele><time>2025-08-29T16:29:51.999Z</time><extensions><gpxtpx:TrackPointExtension><gpxtpx:hr>160</gpxtpx:hr><gpxtpx:cad>79</gpxtpx:cad></gpxtpx:TrackPointExtension></extensions><extensions><gpxtpx:PowerExtension><gpxtpx:PowerInWatts>222</gpxtpx:PowerInWatts></gpxtpx:PowerExtension></extensions></trkpt>
<trkpt lat="38.5757472" lon="-121.4712871">
<ele>11</ele><time>2025-08-29T16:29:53.999Z</time><extensions><gpxtpx:TrackPointExtension><gpxtpx:hr>160</gpxtpx:hr><gpxtpx:cad>78</gpxtpx:cad></gpxtpx:TrackPointExtension></extensions><extensions><gpxtpx:PowerExtension><gpxtpx:PowerInWatts>218</gpxtpx:PowerInWatts></gpxtpx:PowerExtension></extensions></trkpt>
<trkpt lat="38.5758062" lon="-121.4712693">
<ele>11</ele><time>2025-08-29T16:29:56.999Z</time><extensions><gpxtpx:TrackPointExtension><gpxtpx:hr>160</gpxtpx:hr><gpxtpx:cad>78</gpxtpx:cad></gpxtpx:TrackPointExtension></extensions><extensions><gpxtpx:PowerExtension><gpxtpx:PowerInWatts>218</gpxtpx:PowerInWatts></gpxtpx:PowerExtension></extensions></trkpt>
<trkpt lat="38.5758699" lon="-121.4712541">
<ele>11</ele><time>2025-08-29T16:29:59.999Z</time><extensions><gpxtpx:TrackPointExtension><gpxtpx:hr>160</gpxtpx:hr><gpxtpx:cad>85</gpxtpx:cad></gpxtpx:TrackPointExtension></extensions><extensions><gpxtpx:PowerExtension><gpxtpx:PowerInWatts>223</gpxtpx:PowerInWatts></gpxtpx:PowerExtension></extensions></trkpt>
<trkpt lat="38.5759188" lon="-121.4712278">
<ele>11</ele><time>2025-08-29T16:30:01.999Z</time><extensions><gpxtpx:TrackPointExtension><gpxtpx:hr>160</gpxtpx:hr><gpxtpx:cad>80</gpxtpx:cad></gpxtpx:TrackPointExtension></extensions><extensions><gpxtpx:PowerExtension><gpxtpx:PowerInWatts>224</gpxtpx:PowerInWatts></gpxtpx:PowerExtension></extensions></trkpt>
<trkpt lat="38.5759663" lon="-121.4712142">
<ele>11</ele><time>2025-08-29T16:30:03.999Z</time><extensions><gpxtpx:TrackPointExtension><gpxtpx:hr>160</gpxtpx:hr><gpxtpx:cad>76</gpxtpx:cad></gpxtpx:TrackPointExtension></extensions><extensions><gpxtpx:PowerExtension><gpxtpx:PowerInWatts>216</gpxtpx:PowerInWatts></gpxtpx:PowerExtension></extensions></trkpt>
<trkpt lat="38.5760123" lon="-121.4712052">
<ele>11</ele><time>2025-08-29T16:30:05.999Z</time><extensions><gpxtpx:TrackPointExtension><gpxtpx:hr>160</gpxtpx:hr><gpxtpx:cad>79</gpxtpx:cad></gpxtpx:TrackPointExtension></extensions><extensions><gpxtpx:PowerExtension><gpxtpx:PowerInWatts>216</gpxtpx:PowerInWatts></gpxtpx:PowerExtension></extensions></trkpt>
<trkpt lat="38.5760677" lon="-121.4711850">
<ele>11</ele><time>2025-08-29T16:30:07.999Z</time><extensions><gpxtpx:TrackPointExtension><gpxtpx:hr>160</gpxtpx:hr><gpxtpx:cad>79</gpxtpx:cad></gpxtpx:TrackPointExtension></extensions><extensions><gpxtpx:PowerExtension><gpxtpx:PowerInWatts>214</gpxtpx:PowerInWatts></gpxtpx:PowerExtension></extensions></trkpt>
<trkpt lat="38.5761177" lon="-121.4711608">
<ele>11</ele><time>2025-08-29T16:30:09.999Z</time><extensions><gpxtpx:TrackPointExtension><gpxtpx:hr>160</gpxtpx:hr><gpxtpx:cad>78</gpxtpx:cad></gpxtpx:TrackPointExtension></extensions><extensions><gpxtpx:PowerExtension><gpxtpx:PowerInWatts>214</gpxtpx:PowerInWatts></gpxtpx:PowerExtension></extensions></trkpt>
<trkpt lat="38.5761642" lon="-121.4711339">
<ele>11</ele><time>2025-08-29T16:30:11.999Z</time><extensions><gpxtpx:TrackPointExtension><gpxtpx:hr>160</gpxtpx:hr><gpxtpx:cad>82</gpxtpx:cad></gpxtpx:TrackPointExtension></extensions><extensions><gpxtpx:PowerExtension><gpxtpx:PowerInWatts>215</gpxtpx:PowerInWatts></gpxtpx:PowerExtension></extensions></trkpt>
<trkpt lat="38.5762237" lon="-121.4711236">
<ele>11</ele><time>2025-08-29T16:30:13.999Z</time><extensions><gpxtpx:TrackPointExtension><gpxtpx:hr>160</gpxtpx:hr><gpxtpx:cad>79</gpxtpx:cad></gpxtpx:TrackPointExtension></extensions><extensions><gpxtpx:PowerExtension><gpxtpx:PowerInWatts>216</gpxtpx:PowerInWatts></gpxtpx:PowerExtension></extensions></trkpt>
<trkpt lat="38.5762718" lon="-121.4710831">
<ele>11</ele><time>2025-08-29T16:30:15.999Z</time><extensions><gpxtpx:TrackPointExtension><gpxtpx:hr>160</gpxtpx:hr><gpxtpx:cad>76</gpxtpx:cad></gpxtpx:TrackPointExtension></extensions><extensions><gpxtpx:PowerExtension><gpxtpx:PowerInWatts>216</gpxtpx:PowerInWatts></gpxtpx:PowerExtension></extensions></trkpt>
<trkpt lat="38.5763135" lon="-121.4710507">
<ele>11</ele><time>2025-08-29T16:30:17.999Z</time><extensions><gpxtpx:TrackPointExtension><gpxtpx:hr>160</gpxtpx:hr><gpxtpx:cad>76</gpxtpx:cad></gpxtpx:TrackPointExtension></extensions><extensions><gpxtpx:PowerExtension><gpxtpx:PowerInWatts>219</gpxtpx:PowerInWatts></gpxtpx:PowerExtension></extensions></trkpt>
<trkpt lat="38.5763615" lon="-121.4710135">
<ele>11</ele><time>2025-08-29T16:30:19.999Z</time><extensions><gpxtpx:TrackPointExtension><gpxtpx:hr>160</gpxtpx:hr><gpxtpx:cad>81</gpxtpx:cad></gpxtpx:TrackPointExtension></extensions><extensions><gpxtpx:PowerExtension><gpxtpx:PowerInWatts>219</gpxtpx:PowerInWatts></gpxtpx:PowerExtension></extensions></trkpt>
<trkpt lat="38.5764086" lon="-121.4709996">
<ele>11</ele><time>2025-08-29T16:30:22.000Z</time><extensions><gpxtpx:TrackPointExtension><gpxtpx:hr>160</gpxtpx:hr><gpxtpx:cad>85</gpxtpx:cad></gpxtpx:TrackPointExtension></extensions><extensions><gpxtpx:PowerExtension><gpxtpx:PowerInWatts>215</gpxtpx:PowerInWatts></gpxtpx:PowerExtension></extensions></trkpt>
<trkpt lat="38.5764693" lon="-121.4709854">
<ele>11</ele><time>2025-08-29T16:30:25.000Z</time><extensions><gpxtpx:TrackPointExtension><gpxtpx:hr>160</gpxtpx:hr><gpxtpx:cad>83</gpxtpx:cad></gpxtpx:TrackPointExtension></extensions><extensions><gpxtpx:PowerExtension><gpxtpx:PowerInWatts>217</gpxtpx:PowerInWatts></gpxtpx:PowerExtension></extensions></trkpt>
<trkpt lat="38.5765139" lon="-121.4709719">
<ele>11</ele><time>2025-08-29T16:30:27.000Z</time><extensions><gpxtpx:TrackPointExtension><gpxtpx:hr>160</gpxtpx:hr><gpxtpx:cad>81</gpxtpx:cad></gpxtpx:TrackPointExtension></extensions><extensions><gpxtpx:PowerExtension><gpxtpx:PowerInWatts>217</gpxtpx:PowerInWatts></gpxtpx:PowerExtension></extensions></trkpt>
<trkpt lat="38.5765619" lon="-121.4709528">
<ele>11</ele><time>2025-08-29T16:30:29.000Z</time><extensions><gpxtpx:TrackPointExtension><gpxtpx:hr>160</gpxtpx:hr><gpxtpx:cad>77</gpxtpx:cad></gpxtpx:TrackPointExtension></extensions><extensions><gpxtpx:PowerExtension><gpxtpx:PowerInWatts>214</gpxtpx:PowerInWatts></gpxtpx:PowerExtension></extensions></trkpt>
<trkpt lat="38.5766102" lon="-121.4709187">
<ele>11</ele><time>2025-08-29T16:30:31.000Z</time><extensions><gpxtpx:TrackPointExtension><gpxtpx:hr>160</gpxtpx:hr><gpxtpx:cad>79</gpxtpx:cad></gpxtpx:TrackPointExtension></extensions><extensions><gpxtpx:PowerExtension><gpxtpx:PowerInWatts>214</gpxtpx:PowerInWatts></gpxtpx:PowerExtension></extensions></trkpt>
<trkpt lat="38.5766682" lon="-121.4708858">
<ele>11</ele><time>2025-08-29T16:30:33.000Z</time><extensions><gpxtpx:TrackPointExtension><gpxtpx:hr>160</gpxtpx:hr><gpxtpx:cad>81</gpxtpx:cad></gpxtpx:TrackPointExtension></extensions><extensions><gpxtpx:PowerExtension><gpxtpx:PowerInWatts>212</gpxtpx:PowerInWatts></gpxtpx:PowerExtension></extensions></trkpt>
<trkpt lat="38.5767295" lon="-121.4708530">
<ele>11</ele><time>2025-08-29T16:30:35.000Z</time><extensions><gpxtpx:TrackPointExtension><gpxtpx:hr>160</gpxtpx:hr><gpxtpx:cad>81</gpxtpx:cad></gpxtpx:TrackPointExtension></extensions><extensions><gpxtpx:PowerExtension><gpxtpx:PowerInWatts>215</gpxtpx:PowerInWatts></gpxtpx:PowerExtension></extensions></trkpt>
<trkpt lat="38.5767826" lon="-121.4708470">
<ele>11</ele><time>2025-08-29T16:30:37.000Z</time><extensions><gpxtpx:TrackPointExtension><gpxtpx:hr>160</gpxtpx:hr><gpxtpx:cad>77</gpxtpx:cad></gpxtpx:TrackPointExtension></extensions><extensions><gpxtpx:PowerExtension><gpxtpx:PowerInWatts>215</gpxtpx:PowerInWatts></gpxtpx:PowerExtension></extensions></trkpt>
<trkpt lat="38.5768487" lon="-121.4708201">
<ele>11</ele><time>2025-08-29T16:30:39.000Z</time><extensions><gpxtpx:TrackPointExtension><gpxtpx:hr>160</gpxtpx:hr><gpxtpx:cad>76</gpxtpx:cad></gpxtpx:TrackPointExtension></extensions><extensions><gpxtpx:PowerExtension><gpxtpx:PowerInWatts>215</gpxtpx:PowerInWatts></gpxtpx:PowerExtension></extensions></trkpt>
<trkpt lat="38.5768991" lon="-121.4707872">
<ele>11</ele><time>2025-08-29T16:30:42.000Z</time><extensions><gpxtpx:TrackPointExtension><gpxtpx:hr>160</gpxtpx:hr><gpxtpx:cad>74</gpxtpx:cad></gpxtpx:TrackPointExtension></extensions><extensions><gpxtpx:PowerExtension><gpxtpx:PowerInWatts>215</gpxtpx:PowerInWatts></gpxtpx:PowerExtension></extensions></trkpt>
<trkpt lat="38.5769454" lon="-121.4707690">
<ele>11</ele><time>2025-08-29T16:30:44.000Z</time><extensions><gpxtpx:TrackPointExtension><gpxtpx:hr>160</gpxtpx:hr><gpxtpx:cad>79</gpxtpx:cad></gpxtpx:TrackPointExtension></extensions><extensions><gpxtpx:PowerExtension><gpxtpx:PowerInWatts>230</gpxtpx:PowerInWatts></gpxtpx:PowerExtension></extensions></trkpt>
<trkpt lat="38.5770022" lon="-121.4707530">
<ele>11</ele><time>2025-08-29T16:30:46.000Z</time><extensions><gpxtpx:TrackPointExtension><gpxtpx:hr>160</gpxtpx:hr><gpxtpx:cad>79</gpxtpx:cad></gpxtpx:TrackPointExtension></extensions><extensions><gpxtpx:PowerExtension><gpxtpx:PowerInWatts>222</gpxtpx:PowerInWatts></gpxtpx:PowerExtension></extensions></trkpt>
<trkpt lat="38.5770577" lon="-121.4707366">
<ele>11</ele><time>2025-08-29T16:30:48.000Z</time><extensions><gpxtpx:TrackPointExtension><gpxtpx:hr>161</gpxtpx:hr><gpxtpx:cad>81</gpxtpx:cad></gpxtpx:TrackPointExtension></extensions><extensions><gpxtpx:PowerExtension><gpxtpx:PowerInWatts>219</gpxtpx:PowerInWatts></gpxtpx:PowerExtension></extensions></trkpt>
<trkpt lat="38.5771064" lon="-121.4707092">
<ele>11</ele><time>2025-08-29T16:30:50.000Z</time><extensions><gpxtpx:TrackPointExtension><gpxtpx:hr>161</gpxtpx:hr><gpxtpx:cad>78</gpxtpx:cad></gpxtpx:TrackPointExtension></extensions><extensions><gpxtpx:PowerExtension><gpxtpx:PowerInWatts>219</gpxtpx:PowerInWatts></gpxtpx:PowerExtension></extensions></trkpt>
<trkpt lat="38.5771512" lon="-121.4706864">
<ele>11</ele><time>2025-08-29T16:30:52.000Z</time><extensions><gpxtpx:TrackPointExtension><gpxtpx:hr>161</gpxtpx:hr><gpxtpx:cad>78</gpxtpx:cad></gpxtpx:TrackPointExtension></extensions><extensions><gpxtpx:PowerExtension><gpxtpx:PowerInWatts>219</gpxtpx:PowerInWatts></gpxtpx:PowerExtension></extensions></trkpt>
<trkpt lat="38.5772000" lon="-121.4706695">
<ele>11</ele><time>2025-08-29T16:30:54.000Z</time><extensions><gpxtpx:TrackPointExtension><gpxtpx:hr>160</gpxtpx:hr><gpxtpx:cad>76</gpxtpx:cad></gpxtpx:TrackPointExtension></extensions><extensions><gpxtpx:PowerExtension><gpxtpx:PowerInWatts>220</gpxtpx:PowerInWatts></gpxtpx:PowerExtension></extensions></trkpt>
<trkpt lat="38.5772528" lon="-121.4706242">
<ele>11</ele><time>2025-08-29T16:30:57.000Z</time><extensions><gpxtpx:TrackPointExtension><gpxtpx:hr>160</gpxtpx:hr><gpxtpx:cad>75</gpxtpx:cad></gpxtpx:TrackPointExtension></extensions><extensions><gpxtpx:PowerExtension><gpxtpx:PowerInWatts>219</gpxtpx:PowerInWatts></gpxtpx:PowerExtension></extensions></trkpt>
<trkpt lat="38.5772946" lon="-121.4706025">
<ele>11</ele><time>2025-08-29T16:30:59.000Z</time><extensions><gpxtpx:TrackPointExtension><gpxtpx:hr>160</gpxtpx:hr><gpxtpx:cad>75</gpxtpx:cad></gpxtpx:TrackPointExtension></extensions><extensions><gpxtpx:PowerExtension><gpxtpx:PowerInWatts>219</gpxtpx:PowerInWatts></gpxtpx:PowerExtension></extensions></trkpt>
<trkpt lat="38.5773434" lon="-121.4705862">
<ele>11</ele><time>2025-08-29T16:31:01.000Z</time><extensions><gpxtpx:TrackPointExtension><gpxtpx:hr>160</gpxtpx:hr><gpxtpx:cad>78</gpxtpx:cad></gpxtpx:TrackPointExtension></extensions><extensions><gpxtpx:PowerExtension><gpxtpx:PowerInWatts>215</gpxtpx:PowerInWatts></gpxtpx:PowerExtension></extensions></trkpt>
<trkpt lat="38.5773957" lon="-121.4705530">
<ele>11</ele><time>2025-08-29T16:31:03.000Z</time><extensions><gpxtpx:TrackPointExtension><gpxtpx:hr>160</gpxtpx:hr><gpxtpx:cad>79</gpxtpx:cad></gpxtpx:TrackPointExtension></extensions><extensions><gpxtpx:PowerExtension><gpxtpx:PowerInWatts>215</gpxtpx:PowerInWatts></gpxtpx:PowerExtension></extensions></trkpt>
<trkpt lat="38.5774524" lon="-121.4705251">
<ele>11</ele><time>2025-08-29T16:31:06.000Z</time><extensions><gpxtpx:TrackPointExtension><gpxtpx:hr>160</gpxtpx:hr><gpxtpx:cad>79</gpxtpx:cad></gpxtpx:TrackPointExtension></extensions><extensions><gpxtpx:PowerExtension><gpxtpx:PowerInWatts>209</gpxtpx:PowerInWatts></gpxtpx:PowerExtension></extensions></trkpt>
<trkpt lat="38.5774990" lon="-121.4705081">
<ele>11</ele><time>2025-08-29T16:31:08.000Z</time><extensions><gpxtpx:TrackPointExtension><gpxtpx:hr>160</gpxtpx:hr><gpxtpx:cad>82</gpxtpx:cad></gpxtpx:TrackPointExtension></extensions><extensions><gpxtpx:PowerExtension><gpxtpx:PowerInWatts>209</gpxtpx:PowerInWatts></gpxtpx:PowerExtension></extensions></trkpt>
<trkpt lat="38.5775548" lon="-121.4704839">
<ele>11</ele><time>2025-08-29T16:31:10.000Z</time><extensions><gpxtpx:TrackPointExtension><gpxtpx:hr>160</gpxtpx:hr><gpxtpx:cad>81</gpxtpx:cad></gpxtpx:TrackPointExtension></extensions><extensions><gpxtpx:PowerExtension><gpxtpx:PowerInWatts>210</gpxtpx:PowerInWatts></gpxtpx:PowerExtension></extensions></trkpt>
<trkpt lat="38.5776042" lon="-121.4704624">
<ele>11</ele><time>2025-08-29T16:31:12.000Z</time><extensions><gpxtpx:TrackPointExtension><gpxtpx:hr>160</gpxtpx:hr><gpxtpx:cad>82</gpxtpx:cad></gpxtpx:TrackPointExtension></extensions><extensions><gpxtpx:PowerExtension><gpxtpx:PowerInWatts>207</gpxtpx:PowerInWatts></gpxtpx:PowerExtension></extensions></trkpt>
<trkpt lat="38.5776773" lon="-121.4704376">
<ele>11</ele><time>2025-08-29T16:31:15.000Z</time><extensions><gpxtpx:TrackPointExtension><gpxtpx:hr>160</gpxtpx:hr><gpxtpx:cad>79</gpxtpx:cad></gpxtpx:TrackPointExtension></extensions><extensions><gpxtpx:PowerExtension><gpxtpx:PowerInWatts>207</gpxtpx:PowerInWatts></gpxtpx:PowerExtension></extensions></trkpt>
<trkpt lat="38.5777333" lon="-121.4704220">
<ele>11</ele><time>2025-08-29T16:31:17.000Z</time><extensions><gpxtpx:TrackPointExtension><gpxtpx:hr>160</gpxtpx:hr><gpxtpx:cad>82</gpxtpx:cad></gpxtpx:TrackPointExtension></extensions><extensions><gpxtpx:PowerExtension><gpxtpx:PowerInWatts>211</gpxtpx:PowerInWatts></gpxtpx:PowerExtension></extensions></trkpt>
<trkpt lat="38.5777948" lon="-121.4703964">
<ele>11</ele><time>2025-08-29T16:31:19.000Z</time><extensions><gpxtpx:TrackPointExtension><gpxtpx:hr>160</gpxtpx:hr><gpxtpx:cad>78</gpxtpx:cad></gpxtpx:TrackPointExtension></extensions><extensions><gpxtpx:PowerExtension><gpxtpx:PowerInWatts>213</gpxtpx:PowerInWatts></gpxtpx:PowerExtension></extensions></trkpt>
<trkpt lat="38.5778407" lon="-121.4703694">
<ele>11</ele><time>2025-08-29T16:31:21.000Z</time><extensions><gpxtpx:TrackPointExtension><gpxtpx:hr>161</gpxtpx:hr><gpxtpx:cad>81</gpxtpx:cad></gpxtpx:TrackPointExtension></extensions><extensions><gpxtpx:PowerExtension><gpxtpx:PowerInWatts>213</gpxtpx:PowerInWatts></gpxtpx:PowerExtension></extensions></trkpt>
<trkpt lat="38.5778967" lon="-121.4703341">
<ele>11</ele><time>2025-08-29T16:31:23.000Z</time><extensions><gpxtpx:TrackPointExtension><gpxtpx:hr>161</gpxtpx:hr><gpxtpx:cad>79</gpxtpx:cad></gpxtpx:TrackPointExtension></extensions><extensions><gpxtpx:PowerExtension><gpxtpx:PowerInWatts>213</gpxtpx:PowerInWatts></gpxtpx:PowerExtension></extensions></trkpt>
<trkpt lat="38.5779563" lon="-121.4703225">
<ele>11</ele><time>2025-08-29T16:31:25.000Z</time><extensions><gpxtpx:TrackPointExtension><gpxtpx:hr>162</gpxtpx:hr><gpxtpx:cad>82</gpxtpx:cad></gpxtpx:TrackPointExtension></extensions><extensions><gpxtpx:PowerExtension><gpxtpx:PowerInWatts>221</gpxtpx:PowerInWatts></gpxtpx:PowerExtension></extensions></trkpt>
<trkpt lat="38.5780022" lon="-121.4703025">
<ele>11</ele><time>2025-08-29T16:31:27.000Z</time><extensions><gpxtpx:TrackPointExtension><gpxtpx:hr>162</gpxtpx:hr><gpxtpx:cad>83</gpxtpx:cad></gpxtpx:TrackPointExtension></extensions><extensions><gpxtpx:PowerExtension><gpxtpx:PowerInWatts>228</gpxtpx:PowerInWatts></gpxtpx:PowerExtension></extensions></trkpt>
<trkpt lat="38.5780498" lon="-121.4702901">
<ele>11</ele><time>2025-08-29T16:31:29.000Z</time><extensions><gpxtpx:TrackPointExtension><gpxtpx:hr>162</gpxtpx:hr><gpxtpx:cad>82</gpxtpx:cad></gpxtpx:TrackPointExtension></extensions><extensions><gpxtpx:PowerExtension><gpxtpx:PowerInWatts>233</gpxtpx:PowerInWatts></gpxtpx:PowerExtension></extensions></trkpt>
<trkpt lat="38.5781197" lon="-121.4702748">
<ele>11</ele><time>2025-08-29T16:31:31.000Z</time><extensions><gpxtpx:TrackPointExtension><gpxtpx:hr>162</gpxtpx:hr><gpxtpx:cad>79</gpxtpx:cad></gpxtpx:TrackPointExtension></extensions><extensions><gpxtpx:PowerExtension><gpxtpx:PowerInWatts>233</gpxtpx:PowerInWatts></gpxtpx:PowerExtension></extensions></trkpt>
<trkpt lat="38.5781904" lon="-121.4702513">
<ele>11</ele><time>2025-08-29T16:31:34.000Z</time><extensions><gpxtpx:TrackPointExtension><gpxtpx:hr>162</gpxtpx:hr><gpxtpx:cad>78</gpxtpx:cad></gpxtpx:TrackPointExtension></extensions><extensions><gpxtpx:PowerExtension><gpxtpx:PowerInWatts>233</gpxtpx:PowerInWatts></gpxtpx:PowerExtension></extensions></trkpt>
<trkpt lat="38.5782313" lon="-121.4702203">
<ele>11</ele><time>2025-08-29T16:31:36.000Z</time><extensions><gpxtpx:TrackPointExtension><gpxtpx:hr>163</gpxtpx:hr><gpxtpx:cad>85</gpxtpx:cad></gpxtpx:TrackPointExtension></extensions><extensions><gpxtpx:PowerExtension><gpxtpx:PowerInWatts>226</gpxtpx:PowerInWatts></gpxtpx:PowerExtension></extensions></trkpt>
<trkpt lat="38.5782934" lon="-121.4702022">
<ele>11</ele><time>2025-08-29T16:31:39.000Z</time><extensions><gpxtpx:TrackPointExtension><gpxtpx:hr>163</gpxtpx:hr><gpxtpx:cad>83</gpxtpx:cad></gpxtpx:TrackPointExtension></extensions><extensions><gpxtpx:PowerExtension><gpxtpx:PowerInWatts>228</gpxtpx:PowerInWatts></gpxtpx:PowerExtension></extensions></trkpt>
<trkpt lat="38.5783441" lon="-121.4701685">
<ele>11</ele><time>2025-08-29T16:31:41.000Z</time><extensions><gpxtpx:TrackPointExtension><gpxtpx:hr>162</gpxtpx:hr><gpxtpx:cad>80</gpxtpx:cad></gpxtpx:TrackPointExtension></extensions><extensions><gpxtpx:PowerExtension><gpxtpx:PowerInWatts>221</gpxtpx:PowerInWatts></gpxtpx:PowerExtension></extensions></trkpt>
<trkpt lat="38.5783850" lon="-121.4701292">
<ele>11</ele><time>2025-08-29T16:31:43.000Z</time><extensions><gpxtpx:TrackPointExtension><gpxtpx:hr>162</gpxtpx:hr><gpxtpx:cad>82</gpxtpx:cad></gpxtpx:TrackPointExtension></extensions><extensions><gpxtpx:PowerExtension><gpxtpx:PowerInWatts>221</gpxtpx:PowerInWatts></gpxtpx:PowerExtension></extensions></trkpt>
<trkpt lat="38.5784291" lon="-121.4701038">
<ele>11</ele><time>2025-08-29T16:31:45.000Z</time><extensions><gpxtpx:TrackPointExtension><gpxtpx:hr>162</gpxtpx:hr><gpxtpx:cad>78</gpxtpx:cad></gpxtpx:TrackPointExtension></extensions><extensions><gpxtpx:PowerExtension><gpxtpx:PowerInWatts>221</gpxtpx:PowerInWatts></gpxtpx:PowerExtension></extensions></trkpt>
<trkpt lat="38.5784711" lon="-121.4700815">
<ele>11</ele><time>2025-08-29T16:31:47.000Z</time><extensions><gpxtpx:TrackPointExtension><gpxtpx:hr>162</gpxtpx:hr><gpxtpx:cad>80</gpxtpx:cad></gpxtpx:TrackPointExtension></extensions><extensions><gpxtpx:PowerExtension><gpxtpx:PowerInWatts>219</gpxtpx:PowerInWatts></gpxtpx:PowerExtension></extensions></trkpt>
<trkpt lat="38.5785314" lon="-121.4700410">
<ele>11</ele><time>2025-08-29T16:31:50.000Z</time><extensions><gpxtpx:TrackPointExtension><gpxtpx:hr>162</gpxtpx:hr><gpxtpx:cad>82</gpxtpx:cad></gpxtpx:TrackPointExtension></extensions><extensions><gpxtpx:PowerExtension><gpxtpx:PowerInWatts>219</gpxtpx:PowerInWatts></gpxtpx:PowerExtension></extensions></trkpt>
<trkpt lat="38.5785834" lon="-121.4700309">
<ele>11</ele><time>2025-08-29T16:31:52.000Z</time><extensions><gpxtpx:TrackPointExtension><gpxtpx:hr>163</gpxtpx:hr><gpxtpx:cad>79</gpxtpx:cad></gpxtpx:TrackPointExtension></extensions><extensions><gpxtpx:PowerExtension><gpxtpx:PowerInWatts>218</gpxtpx:PowerInWatts></gpxtpx:PowerExtension></extensions></trkpt>
<trkpt lat="38.5786459" lon="-121.4700167">
<ele>11</ele><time>2025-08-29T16:31:55.000Z</time><extensions><gpxtpx:TrackPointExtension><gpxtpx:hr>164</gpxtpx:hr><gpxtpx:cad>77</gpxtpx:cad></gpxtpx:TrackPointExtension></extensions><extensions><gpxtpx:PowerExtension><gpxtpx:PowerInWatts>214</gpxtpx:PowerInWatts></gpxtpx:PowerExtension></extensions></trkpt>
<trkpt lat="38.5786991" lon="-121.4699953">
<ele>11</ele><time>2025-08-29T16:31:57.000Z</time><extensions><gpxtpx:TrackPointExtension><gpxtpx:hr>164</gpxtpx:hr><gpxtpx:cad>75</gpxtpx:cad></gpxtpx:TrackPointExtension></extensions><extensions><gpxtpx:PowerExtension><gpxtpx:PowerInWatts>214</gpxtpx:PowerInWatts></gpxtpx:PowerExtension></extensions></trkpt>
<trkpt lat="38.5787487" lon="-121.4699706">
<ele>11</ele><time>2025-08-29T16:31:59.000Z</time><extensions><gpxtpx:TrackPointExtension><gpxtpx:hr>163</gpxtpx:hr><gpxtpx:cad>76</gpxtpx:cad></gpxtpx:TrackPointExtension></extensions><extensions><gpxtpx:PowerExtension><gpxtpx:PowerInWatts>214</gpxtpx:PowerInWatts></gpxtpx:PowerExtension></extensions></trkpt>
<trkpt lat="38.5788113" lon="-121.4699502">
<ele>11</ele><time>2025-08-29T16:32:01.000Z</time><extensions><gpxtpx:TrackPointExtension><gpxtpx:hr>163</gpxtpx:hr><gpxtpx:cad>80</gpxtpx:cad></gpxtpx:TrackPointExtension></extensions><extensions><gpxtpx:PowerExtension><gpxtpx:PowerInWatts>212</gpxtpx:PowerInWatts></gpxtpx:PowerExtension></extensions></trkpt>
<trkpt lat="38.5788577" lon="-121.4699415">
<ele>11</ele><time>2025-08-29T16:32:02.000Z</time><extensions><gpxtpx:TrackPointExtension><gpxtpx:hr>163</gpxtpx:hr><gpxtpx:cad>79</gpxtpx:cad></gpxtpx:TrackPointExtension></extensions><extensions><gpxtpx:PowerExtension><gpxtpx:PowerInWatts>215</gpxtpx:PowerInWatts></gpxtpx:PowerExtension></extensions></trkpt>
<trkpt lat="38.5789329" lon="-121.4699311">
<ele>11</ele><time>2025-08-29T16:32:04.000Z</time><extensions><gpxtpx:TrackPointExtension><gpxtpx:hr>163</gpxtpx:hr><gpxtpx:cad>80</gpxtpx:cad></gpxtpx:TrackPointExtension></extensions><extensions><gpxtpx:PowerExtension><gpxtpx:PowerInWatts>215</gpxtpx:PowerInWatts></gpxtpx:PowerExtension></extensions></trkpt>
<trkpt lat="38.5790076" lon="-121.4698949">
<ele>11</ele><time>2025-08-29T16:32:07.000Z</time><extensions><gpxtpx:TrackPointExtension><gpxtpx:hr>163</gpxtpx:hr><gpxtpx:cad>71</gpxtpx:cad></gpxtpx:TrackPointExtension></extensions><extensions><gpxtpx:PowerExtension><gpxtpx:PowerInWatts>222</gpxtpx:PowerInWatts></gpxtpx:PowerExtension></extensions></trkpt>
<trkpt lat="38.5790653" lon="-121.4698723">
<ele>11</ele><time>2025-08-29T16:32:09.000Z</time><extensions><gpxtpx:TrackPointExtension><gpxtpx:hr>163</gpxtpx:hr><gpxtpx:cad>77</gpxtpx:cad></gpxtpx:TrackPointExtension></extensions><extensions><gpxtpx:PowerExtension><gpxtpx:PowerInWatts>222</gpxtpx:PowerInWatts></gpxtpx:PowerExtension></extensions></trkpt>
<trkpt lat="38.5791137" lon="-121.4698596">
<ele>11</ele><time>2025-08-29T16:32:11.000Z</time><extensions><gpxtpx:TrackPointExtension><gpxtpx:hr>163</gpxtpx:hr><gpxtpx:cad>80</gpxtpx:cad></gpxtpx:TrackPointExtension></extensions><extensions><gpxtpx:PowerExtension><gpxtpx:PowerInWatts>234</gpxtpx:PowerInWatts></gpxtpx:PowerExtension></extensions></trkpt>
<trkpt lat="38.5791575" lon="-121.4698381">
<ele>11</ele><time>2025-08-29T16:32:13.000Z</time><extensions><gpxtpx:TrackPointExtension><gpxtpx:hr>163</gpxtpx:hr><gpxtpx:cad>81</gpxtpx:cad></gpxtpx:TrackPointExtension></extensions><extensions><gpxtpx:PowerExtension><gpxtpx:PowerInWatts>231</gpxtpx:PowerInWatts></gpxtpx:PowerExtension></extensions></trkpt>
<trkpt lat="38.5792177" lon="-121.4697958">
<ele>11</ele><time>2025-08-29T16:32:16.000Z</time><extensions><gpxtpx:TrackPointExtension><gpxtpx:hr>162</gpxtpx:hr><gpxtpx:cad>82</gpxtpx:cad></gpxtpx:TrackPointExtension></extensions><extensions><gpxtpx:PowerExtension><gpxtpx:PowerInWatts>235</gpxtpx:PowerInWatts></gpxtpx:PowerExtension></extensions></trkpt>
<trkpt lat="38.5792615" lon="-121.4697798">
<ele>11</ele><time>2025-08-29T16:32:18.000Z</time><extensions><gpxtpx:TrackPointExtension><gpxtpx:hr>162</gpxtpx:hr><gpxtpx:cad>79</gpxtpx:cad></gpxtpx:TrackPointExtension></extensions><extensions><gpxtpx:PowerExtension><gpxtpx:PowerInWatts>230</gpxtpx:PowerInWatts></gpxtpx:PowerExtension></extensions></trkpt>
<trkpt lat="38.5793136" lon="-121.4697543">
<ele>11</ele><time>2025-08-29T16:32:20.000Z</time><extensions><gpxtpx:TrackPointExtension><gpxtpx:hr>162</gpxtpx:hr><gpxtpx:cad>76</gpxtpx:cad></gpxtpx:TrackPointExtension></extensions><extensions><gpxtpx:PowerExtension><gpxtpx:PowerInWatts>230</gpxtpx:PowerInWatts></gpxtpx:PowerExtension></extensions></trkpt>
<trkpt lat="38.5793761" lon="-121.4697276">
<ele>11</ele><time>2025-08-29T16:32:23.000Z</time><extensions><gpxtpx:TrackPointExtension><gpxtpx:hr>163</gpxtpx:hr><gpxtpx:cad>78</gpxtpx:cad></gpxtpx:TrackPointExtension></extensions><extensions><gpxtpx:PowerExtension><gpxtpx:PowerInWatts>227</gpxtpx:PowerInWatts></gpxtpx:PowerExtension></extensions></trkpt>
<trkpt lat="38.5794246" lon="-121.4697194">
<ele>11</ele><time>2025-08-29T16:32:25.000Z</time><extensions><gpxtpx:TrackPointExtension><gpxtpx:hr>163</gpxtpx:hr><gpxtpx:cad>83</gpxtpx:cad></gpxtpx:TrackPointExtension></extensions><extensions><gpxtpx:PowerExtension><gpxtpx:PowerInWatts>219</gpxtpx:PowerInWatts></gpxtpx:PowerExtension></extensions></trkpt>
<trkpt lat="38.5794828" lon="-121.4696979">
<ele>11</ele><time>2025-08-29T16:32:27.000Z</time><extensions><gpxtpx:TrackPointExtension><gpxtpx:hr>163</gpxtpx:hr><gpxtpx:cad>83</gpxtpx:cad></gpxtpx:TrackPointExtension></extensions><extensions><gpxtpx:PowerExtension><gpxtpx:PowerInWatts>219</gpxtpx:PowerInWatts></gpxtpx:PowerExtension></extensions></trkpt>
<trkpt lat="38.5795346" lon="-121.4696944">
<ele>11</ele><time>2025-08-29T16:32:29.000Z</time><extensions><gpxtpx:TrackPointExtension><gpxtpx:hr>163</gpxtpx:hr><gpxtpx:cad>79</gpxtpx:cad></gpxtpx:TrackPointExtension></extensions><extensions><gpxtpx:PowerExtension><gpxtpx:PowerInWatts>219</gpxtpx:PowerInWatts></gpxtpx:PowerExtension></extensions></trkpt>
<trkpt lat="38.5795924" lon="-121.4696793">
<ele>11</ele><time>2025-08-29T16:32:32.000Z</time><extensions><gpxtpx:TrackPointExtension><gpxtpx:hr>162</gpxtpx:hr><gpxtpx:cad>79</gpxtpx:cad></gpxtpx:TrackPointExtension></extensions><extensions><gpxtpx:PowerExtension><gpxtpx:PowerInWatts>216</gpxtpx:PowerInWatts></gpxtpx:PowerExtension></extensions></trkpt>
<trkpt lat="38.5796326" lon="-121.4696403">
<ele>11</ele><time>2025-08-29T16:32:34.000Z</time><extensions><gpxtpx:TrackPointExtension><gpxtpx:hr>162</gpxtpx:hr><gpxtpx:cad>78</gpxtpx:cad></gpxtpx:TrackPointExtension></extensions><extensions><gpxtpx:PowerExtension><gpxtpx:PowerInWatts>219</gpxtpx:PowerInWatts></gpxtpx:PowerExtension></extensions></trkpt>
<trkpt lat="38.5796856" lon="-121.4696151">
<ele>11</ele><time>2025-08-29T16:32:36.000Z</time><extensions><gpxtpx:TrackPointExtension><gpxtpx:hr>162</gpxtpx:hr><gpxtpx:cad>78</gpxtpx:cad></gpxtpx:TrackPointExtension></extensions><extensions><gpxtpx:PowerExtension><gpxtpx:PowerInWatts>214</gpxtpx:PowerInWatts></gpxtpx:PowerExtension></extensions></trkpt>
<trkpt lat="38.5797349" lon="-121.4695760">
<ele>11</ele><time>2025-08-29T16:32:38.000Z</time><extensions><gpxtpx:TrackPointExtension><gpxtpx:hr>163</gpxtpx:hr><gpxtpx:cad>82</gpxtpx:cad></gpxtpx:TrackPointExtension></extensions><extensions><gpxtpx:PowerExtension><gpxtpx:PowerInWatts>214</gpxtpx:PowerInWatts></gpxtpx:PowerExtension></extensions></trkpt>
<trkpt lat="38.5797849" lon="-121.4695624">
<ele>11</ele><time>2025-08-29T16:32:40.000Z</time><extensions><gpxtpx:TrackPointExtension><gpxtpx:hr>163</gpxtpx:hr><gpxtpx:cad>78</gpxtpx:cad></gpxtpx:TrackPointExtension></extensions><extensions><gpxtpx:PowerExtension><gpxtpx:PowerInWatts>214</gpxtpx:PowerInWatts></gpxtpx:PowerExtension></extensions></trkpt>
<trkpt lat="38.5798495" lon="-121.4695408">
<ele>11</ele><time>2025-08-29T16:32:43.000Z</time><extensions><gpxtpx:TrackPointExtension><gpxtpx:hr>163</gpxtpx:hr><gpxtpx:cad>75</gpxtpx:cad></gpxtpx:TrackPointExtension></extensions><extensions><gpxtpx:PowerExtension><gpxtpx:PowerInWatts>215</gpxtpx:PowerInWatts></gpxtpx:PowerExtension></extensions></trkpt>
<trkpt lat="38.5799007" lon="-121.4695263">
<ele>11</ele><time>2025-08-29T16:32:45.000Z</time><extensions><gpxtpx:TrackPointExtension><gpxtpx:hr>162</gpxtpx:hr><gpxtpx:cad>74</gpxtpx:cad></gpxtpx:TrackPointExtension></extensions><extensions><gpxtpx:PowerExtension><gpxtpx:PowerInWatts>215</gpxtpx:PowerInWatts></gpxtpx:PowerExtension></extensions></trkpt>
<trkpt lat="38.5799468" lon="-121.4695016">
<ele>11</ele><time>2025-08-29T16:32:47.000Z</time><extensions><gpxtpx:TrackPointExtension><gpxtpx:hr>161</gpxtpx:hr><gpxtpx:cad>74</gpxtpx:cad></gpxtpx:TrackPointExtension></extensions><extensions><gpxtpx:PowerExtension><gpxtpx:PowerInWatts>216</gpxtpx:PowerInWatts></gpxtpx:PowerExtension></extensions></trkpt>
<trkpt lat="38.5800007" lon="-121.4694875">
<ele>11</ele><time>2025-08-29T16:32:49.000Z</time><extensions><gpxtpx:TrackPointExtension><gpxtpx:hr>161</gpxtpx:hr><gpxtpx:cad>78</gpxtpx:cad></gpxtpx:TrackPointExtension></extensions><extensions><gpxtpx:PowerExtension><gpxtpx:PowerInWatts>214</gpxtpx:PowerInWatts></gpxtpx:PowerExtension></extensions></trkpt>
<trkpt lat="38.5800476" lon="-121.4694473">
<ele>11</ele><time>2025-08-29T16:32:51.000Z</time><extensions><gpxtpx:TrackPointExtension><gpxtpx:hr>160</gpxtpx:hr><gpxtpx:cad>79</gpxtpx:cad></gpxtpx:TrackPointExtension></extensions><extensions><gpxtpx:PowerExtension><gpxtpx:PowerInWatts>217</gpxtpx:PowerInWatts></gpxtpx:PowerExtension></extensions></trkpt>
<trkpt lat="38.5801010" lon="-121.4694371">
<ele>11</ele><time>2025-08-29T16:32:53.000Z</time><extensions><gpxtpx:TrackPointExtension><gpxtpx:hr>161</gpxtpx:hr><gpxtpx:cad>79</gpxtpx:cad></gpxtpx:TrackPointExtension></extensions><extensions><gpxtpx:PowerExtension><gpxtpx:PowerInWatts>217</gpxtpx:PowerInWatts></gpxtpx:PowerExtension></extensions></trkpt>
<trkpt lat="38.5801462" lon="-121.4694036">
<ele>11</ele><time>2025-08-29T16:32:55.000Z</time><extensions><gpxtpx:TrackPointExtension><gpxtpx:hr>161</gpxtpx:hr><gpxtpx:cad>79</gpxtpx:cad></gpxtpx:TrackPointExtension></extensions><extensions><gpxtpx:PowerExtension><gpxtpx:PowerInWatts>217</gpxtpx:PowerInWatts></gpxtpx:PowerExtension></extensions></trkpt>
<trkpt lat="38.5801922" lon="-121.4693933">
<ele>11</ele><time>2025-08-29T16:32:57.000Z</time><extensions><gpxtpx:TrackPointExtension><gpxtpx:hr>161</gpxtpx:hr><gpxtpx:cad>81</gpxtpx:cad></gpxtpx:TrackPointExtension></extensions><extensions><gpxtpx:PowerExtension><gpxtpx:PowerInWatts>223</gpxtpx:PowerInWatts></gpxtpx:PowerExtension></extensions></trkpt>
<trkpt lat="38.5802442" lon="-121.4694022">
<ele>11</ele><time>2025-08-29T16:33:00.000Z</time><extensions><gpxtpx:TrackPointExtension><gpxtpx:hr>161</gpxtpx:hr><gpxtpx:cad>81</gpxtpx:cad></gpxtpx:TrackPointExtension></extensions><extensions><gpxtpx:PowerExtension><gpxtpx:PowerInWatts>223</gpxtpx:PowerInWatts></gpxtpx:PowerExtension></extensions></trkpt>
<trkpt lat="38.5802924" lon="-121.4693813">
<ele>11</ele><time>2025-08-29T16:33:02.000Z</time><extensions><gpxtpx:TrackPointExtension><gpxtpx:hr>162</gpxtpx:hr><gpxtpx:cad>81</gpxtpx:cad></gpxtpx:TrackPointExtension></extensions><extensions><gpxtpx:PowerExtension><gpxtpx:PowerInWatts>224</gpxtpx:PowerInWatts></gpxtpx:PowerExtension></extensions></trkpt>
<trkpt lat="38.5803531" lon="-121.4693692">
<ele>11</ele><time>2025-08-29T16:33:04.000Z</time><extensions><gpxtpx:TrackPointExtension><gpxtpx:hr>162</gpxtpx:hr><gpxtpx:cad>89</gpxtpx:cad></gpxtpx:TrackPointExtension></extensions><extensions><gpxtpx:PowerExtension><gpxtpx:PowerInWatts>224</gpxtpx:PowerInWatts></gpxtpx:PowerExtension></extensions></trkpt>
<trkpt lat="38.5804186" lon="-121.4693364">
<ele>11</ele><time>2025-08-29T16:33:07.000Z</time><extensions><gpxtpx:TrackPointExtension><gpxtpx:hr>162</gpxtpx:hr><gpxtpx:cad>88</gpxtpx:cad></gpxtpx:TrackPointExtension></extensions><extensions><gpxtpx:PowerExtension><gpxtpx:PowerInWatts>211</gpxtpx:PowerInWatts></gpxtpx:PowerExtension></extensions></trkpt>
<trkpt lat="38.5804673" lon="-121.4692907">
<ele>11</ele><time>2025-08-29T16:33:09.000Z</time><extensions><gpxtpx:TrackPointExtension><gpxtpx:hr>162</gpxtpx:hr><gpxtpx:cad>78</gpxtpx:cad></gpxtpx:TrackPointExtension></extensions><extensions><gpxtpx:PowerExtension><gpxtpx:PowerInWatts>210</gpxtpx:PowerInWatts></gpxtpx:PowerExtension></extensions></trkpt>
<trkpt lat="38.5805058" lon="-121.4692586">
<ele>11</ele><time>2025-08-29T16:33:11.000Z</time><extensions><gpxtpx:TrackPointExtension><gpxtpx:hr>160</gpxtpx:hr><gpxtpx:cad>78</gpxtpx:cad></gpxtpx:TrackPointExtension></extensions><extensions><gpxtpx:PowerExtension><gpxtpx:PowerInWatts>210</gpxtpx:PowerInWatts></gpxtpx:PowerExtension></extensions></trkpt>
<trkpt lat="38.5805607" lon="-121.4692266">
<ele>11</ele><time>2025-08-29T16:33:13.000Z</time><extensions><gpxtpx:TrackPointExtension><gpxtpx:hr>160</gpxtpx:hr><gpxtpx:cad>81</gpxtpx:cad></gpxtpx:TrackPointExtension></extensions><extensions><gpxtpx:PowerExtension><gpxtpx:PowerInWatts>210</gpxtpx:PowerInWatts></gpxtpx:PowerExtension></extensions></trkpt>
<trkpt lat="38.5806089" lon="-121.4691832">
<ele>11</ele><time>2025-08-29T16:33:15.000Z</time><extensions><gpxtpx:TrackPointExtension><gpxtpx:hr>160</gpxtpx:hr><gpxtpx:cad>81</gpxtpx:cad></gpxtpx:TrackPointExtension></extensions><extensions><gpxtpx:PowerExtension><gpxtpx:PowerInWatts>214</gpxtpx:PowerInWatts></gpxtpx:PowerExtension></extensions></trkpt>
<trkpt lat="38.5806783" lon="-121.4691776">
<ele>11</ele><time>2025-08-29T16:33:17.000Z</time><extensions><gpxtpx:TrackPointExtension><gpxtpx:hr>160</gpxtpx:hr><gpxtpx:cad>82</gpxtpx:cad></gpxtpx:TrackPointExtension></extensions><extensions><gpxtpx:PowerExtension><gpxtpx:PowerInWatts>214</gpxtpx:PowerInWatts></gpxtpx:PowerExtension></extensions></trkpt>
<trkpt lat="38.5807299" lon="-121.4691540">
<ele>11</ele><time>2025-08-29T16:33:19.000Z</time><extensions><gpxtpx:TrackPointExtension><gpxtpx:hr>160</gpxtpx:hr><gpxtpx:cad>83</gpxtpx:cad></gpxtpx:TrackPointExtension></extensions><extensions><gpxtpx:PowerExtension><gpxtpx:PowerInWatts>215</gpxtpx:PowerInWatts></gpxtpx:PowerExtension></extensions></trkpt>
<trkpt lat="38.5807731" lon="-121.4691278">
<ele>11</ele><time>2025-08-29T16:33:21.000Z</time><extensions><gpxtpx:TrackPointExtension><gpxtpx:hr>160</gpxtpx:hr><gpxtpx:cad>83</gpxtpx:cad></gpxtpx:TrackPointExtension></extensions><extensions><gpxtpx:PowerExtension><gpxtpx:PowerInWatts>222</gpxtpx:PowerInWatts></gpxtpx:PowerExtension></extensions></trkpt>
<trkpt lat="38.5808204" lon="-121.4691189">
<ele>11</ele><time>2025-08-29T16:33:23.000Z</time><extensions><gpxtpx:TrackPointExtension><gpxtpx:hr>160</gpxtpx:hr><gpxtpx:cad>80</gpxtpx:cad></gpxtpx:TrackPointExtension></extensions><extensions><gpxtpx:PowerExtension><gpxtpx:PowerInWatts>222</gpxtpx:PowerInWatts></gpxtpx:PowerExtension></extensions></trkpt>
<trkpt lat="38.5808476" lon="-121.4690729">
<ele>11</ele><time>2025-08-29T16:33:25.000Z</time><extensions><gpxtpx:TrackPointExtension><gpxtpx:hr>160</gpxtpx:hr><gpxtpx:cad>76</gpxtpx:cad></gpxtpx:TrackPointExtension></extensions><extensions><gpxtpx:PowerExtension><gpxtpx:PowerInWatts>222</gpxtpx:PowerInWatts></gpxtpx:PowerExtension></extensions></trkpt>
<trkpt lat="38.5808938" lon="-121.4690642">
<ele>11</ele><time>2025-08-29T16:33:27.000Z</time><extensions><gpxtpx:TrackPointExtension><gpxtpx:hr>160</gpxtpx:hr><gpxtpx:cad>75</gpxtpx:cad></gpxtpx:TrackPointExtension></extensions><extensions><gpxtpx:PowerExtension><gpxtpx:PowerInWatts>220</gpxtpx:PowerInWatts></gpxtpx:PowerExtension></extensions></trkpt>
<trkpt lat="38.5809521" lon="-121.4690274">
<ele>11</ele><time>2025-08-29T16:33:30.000Z</time><extensions><gpxtpx:TrackPointExtension><gpxtpx:hr>161</gpxtpx:hr><gpxtpx:cad>77</gpxtpx:cad></gpxtpx:TrackPointExtension></extensions><extensions><gpxtpx:PowerExtension><gpxtpx:PowerInWatts>219</gpxtpx:PowerInWatts></gpxtpx:PowerExtension></extensions></trkpt>
<trkpt lat="38.5809989" lon="-121.4690192">
<ele>11</ele><time>2025-08-29T16:33:32.000Z</time><extensions><gpxtpx:TrackPointExtension><gpxtpx:hr>161</gpxtpx:hr><gpxtpx:cad>77</gpxtpx:cad></gpxtpx:TrackPointExtension></extensions><extensions><gpxtpx:PowerExtension><gpxtpx:PowerInWatts>215</gpxtpx:PowerInWatts></gpxtpx:PowerExtension></extensions></trkpt>
<trkpt lat="38.5810812" lon="-121.4690010">
<ele>11</ele><time>2025-08-29T16:33:34.000Z</time><extensions><gpxtpx:TrackPointExtension><gpxtpx:hr>162</gpxtpx:hr><gpxtpx:cad>74</gpxtpx:cad></gpxtpx:TrackPointExtension></extensions><extensions><gpxtpx:PowerExtension><gpxtpx:PowerInWatts>215</gpxtpx:PowerInWatts></gpxtpx:PowerExtension></extensions></trkpt>
<trkpt lat="38.5811401" lon="-121.4689902">
<ele>11</ele><time>2025-08-29T16:33:36.000Z</time><extensions><gpxtpx:TrackPointExtension><gpxtpx:hr>162</gpxtpx:hr><gpxtpx:cad>72</gpxtpx:cad></gpxtpx:TrackPointExtension></extensions><extensions><gpxtpx:PowerExtension><gpxtpx:PowerInWatts>215</gpxtpx:PowerInWatts></gpxtpx:PowerExtension></extensions></trkpt>
<trkpt lat="38.5812002" lon="-121.4689779">
<ele>11</ele><time>2025-08-29T16:33:38.000Z</time><extensions><gpxtpx:TrackPointExtension><gpxtpx:hr>162</gpxtpx:hr><gpxtpx:cad>78</gpxtpx:cad></gpxtpx:TrackPointExtension></extensions><extensions><gpxtpx:PowerExtension><gpxtpx:PowerInWatts>214</gpxtpx:PowerInWatts></gpxtpx:PowerExtension></extensions></trkpt>
<trkpt lat="38.5812562" lon="-121.4689584">
<ele>11</ele><time>2025-08-29T16:33:40.000Z</time><extensions><gpxtpx:TrackPointExtension><gpxtpx:hr>162</gpxtpx:hr><gpxtpx:cad>82</gpxtpx:cad></gpxtpx:TrackPointExtension></extensions><extensions><gpxtpx:PowerExtension><gpxtpx:PowerInWatts>218</gpxtpx:PowerInWatts></gpxtpx:PowerExtension></extensions></trkpt>
<trkpt lat="38.5813149" lon="-121.4689130">
<ele>11</ele><time>2025-08-29T16:33:43.000Z</time><extensions><gpxtpx:TrackPointExtension><gpxtpx:hr>162</gpxtpx:hr><gpxtpx:cad>83</gpxtpx:cad></gpxtpx:TrackPointExtension></extensions><extensions><gpxtpx:PowerExtension><gpxtpx:PowerInWatts>229</gpxtpx:PowerInWatts></gpxtpx:PowerExtension></extensions></trkpt>
<trkpt lat="38.5813699" lon="-121.4688748">
<ele>11</ele><time>2025-08-29T16:33:46.000Z</time><extensions><gpxtpx:TrackPointExtension><gpxtpx:hr>161</gpxtpx:hr><gpxtpx:cad>83</gpxtpx:cad></gpxtpx:TrackPointExtension></extensions><extensions><gpxtpx:PowerExtension><gpxtpx:PowerInWatts>229</gpxtpx:PowerInWatts></gpxtpx:PowerExtension></extensions></trkpt>
<trkpt lat="38.5814306" lon="-121.4688329">
<ele>11</ele><time>2025-08-29T16:33:49.000Z</time><extensions><gpxtpx:TrackPointExtension><gpxtpx:hr>161</gpxtpx:hr><gpxtpx:cad>79</gpxtpx:cad></gpxtpx:TrackPointExtension></extensions><extensions><gpxtpx:PowerExtension><gpxtpx:PowerInWatts>227</gpxtpx:PowerInWatts></gpxtpx:PowerExtension></extensions></trkpt>
<trkpt lat="38.5814927" lon="-121.4688097">
<ele>11</ele><time>2025-08-29T16:33:51.000Z</time><extensions><gpxtpx:TrackPointExtension><gpxtpx:hr>161</gpxtpx:hr><gpxtpx:cad>76</gpxtpx:cad></gpxtpx:TrackPointExtension></extensions><extensions><gpxtpx:PowerExtension><gpxtpx:PowerInWatts>227</gpxtpx:PowerInWatts></gpxtpx:PowerExtension></extensions></trkpt>
<trkpt lat="38.5815487" lon="-121.4688335">
<ele>11</ele><time>2025-08-29T16:33:53.000Z</time><extensions><gpxtpx:TrackPointExtension><gpxtpx:hr>161</gpxtpx:hr><gpxtpx:cad>80</gpxtpx:cad></gpxtpx:TrackPointExtension></extensions><extensions><gpxtpx:PowerExtension><gpxtpx:PowerInWatts>217</gpxtpx:PowerInWatts></gpxtpx:PowerExtension></extensions></trkpt>
<trkpt lat="38.5815932" lon="-121.4688610">
<ele>11</ele><time>2025-08-29T16:33:55.000Z</time><extensions><gpxtpx:TrackPointExtension><gpxtpx:hr>161</gpxtpx:hr><gpxtpx:cad>80</gpxtpx:cad></gpxtpx:TrackPointExtension></extensions><extensions><gpxtpx:PowerExtension><gpxtpx:PowerInWatts>213</gpxtpx:PowerInWatts></gpxtpx:PowerExtension></extensions></trkpt>
<trkpt lat="38.5816542" lon="-121.4688219">
<ele>11</ele><time>2025-08-29T16:33:57.000Z</time><extensions><gpxtpx:TrackPointExtension><gpxtpx:hr>161</gpxtpx:hr><gpxtpx:cad>80</gpxtpx:cad></gpxtpx:TrackPointExtension></extensions><extensions><gpxtpx:PowerExtension><gpxtpx:PowerInWatts>213</gpxtpx:PowerInWatts></gpxtpx:PowerExtension></extensions></trkpt>
<trkpt lat="38.5817112" lon="-121.4688054">
<ele>11</ele><time>2025-08-29T16:33:59.000Z</time><extensions><gpxtpx:TrackPointExtension><gpxtpx:hr>162</gpxtpx:hr><gpxtpx:cad>79</gpxtpx:cad></gpxtpx:TrackPointExtension></extensions><extensions><gpxtpx:PowerExtension><gpxtpx:PowerInWatts>213</gpxtpx:PowerInWatts></gpxtpx:PowerExtension></extensions></trkpt>
<trkpt lat="38.5817610" lon="-121.4688050">
<ele>11</ele><time>2025-08-29T16:34:01.000Z</time><extensions><gpxtpx:TrackPointExtension><gpxtpx:hr>162</gpxtpx:hr><gpxtpx:cad>80</gpxtpx:cad></gpxtpx:TrackPointExtension></extensions><extensions><gpxtpx:PowerExtension><gpxtpx:PowerInWatts>221</gpxtpx:PowerInWatts></gpxtpx:PowerExtension></extensions></trkpt>
<trkpt lat="38.5818187" lon="-121.4687748">
<ele>11</ele><time>2025-08-29T16:34:03.000Z</time><extensions><gpxtpx:TrackPointExtension><gpxtpx:hr>162</gpxtpx:hr><gpxtpx:cad>80</gpxtpx:cad></gpxtpx:TrackPointExtension></extensions><extensions><gpxtpx:PowerExtension><gpxtpx:PowerInWatts>225</gpxtpx:PowerInWatts></gpxtpx:PowerExtension></extensions></trkpt>
<trkpt lat="38.5818693" lon="-121.4687602">
<ele>11</ele><time>2025-08-29T16:34:05.000Z</time><extensions><gpxtpx:TrackPointExtension><gpxtpx:hr>162</gpxtpx:hr><gpxtpx:cad>79</gpxtpx:cad></gpxtpx:TrackPointExtension></extensions><extensions><gpxtpx:PowerExtension><gpxtpx:PowerInWatts>226</gpxtpx:PowerInWatts></gpxtpx:PowerExtension></extensions></trkpt>
<trkpt lat="38.5819133" lon="-121.4687916">
<ele>11</ele><time>2025-08-29T16:34:07.000Z</time><extensions><gpxtpx:TrackPointExtension><gpxtpx:hr>161</gpxtpx:hr><gpxtpx:cad>82</gpxtpx:cad></gpxtpx:TrackPointExtension></extensions><extensions><gpxtpx:PowerExtension><gpxtpx:PowerInWatts>225</gpxtpx:PowerInWatts></gpxtpx:PowerExtension></extensions></trkpt>
<trkpt lat="38.5819618" lon="-121.4687897">
<ele>11</ele><time>2025-08-29T16:34:09.000Z</time><extensions><gpxtpx:TrackPointExtension><gpxtpx:hr>161</gpxtpx:hr><gpxtpx:cad>78</gpxtpx:cad></gpxtpx:TrackPointExtension></extensions><extensions><gpxtpx:PowerExtension><gpxtpx:PowerInWatts>225</gpxtpx:PowerInWatts></gpxtpx:PowerExtension></extensions></trkpt>
<trkpt lat="38.5820164" lon="-121.4687736">
<ele>11</ele><time>2025-08-29T16:34:11.000Z</time><extensions><gpxtpx:TrackPointExtension><gpxtpx:hr>161</gpxtpx:hr><gpxtpx:cad>77</gpxtpx:cad></gpxtpx:TrackPointExtension></extensions><extensions><gpxtpx:PowerExtension><gpxtpx:PowerInWatts>225</gpxtpx:PowerInWatts></gpxtpx:PowerExtension></extensions></trkpt>
<trkpt lat="38.5820709" lon="-121.4687407">
<ele>11</ele><time>2025-08-29T16:34:14.000Z</time><extensions><gpxtpx:TrackPointExtension><gpxtpx:hr>161</gpxtpx:hr><gpxtpx:cad>74</gpxtpx:cad></gpxtpx:TrackPointExtension></extensions><extensions><gpxtpx:PowerExtension><gpxtpx:PowerInWatts>223</gpxtpx:PowerInWatts></gpxtpx:PowerExtension></extensions></trkpt>
<trkpt lat="38.5821301" lon="-121.4687727">
<ele>11</ele><time>2025-08-29T16:34:17.000Z</time><extensions><gpxtpx:TrackPointExtension><gpxtpx:hr>162</gpxtpx:hr><gpxtpx:cad>79</gpxtpx:cad></gpxtpx:TrackPointExtension></extensions><extensions><gpxtpx:PowerExtension><gpxtpx:PowerInWatts>220</gpxtpx:PowerInWatts></gpxtpx:PowerExtension></extensions></trkpt>
<trkpt lat="38.5821604" lon="-121.4688456">
<ele>11</ele><time>2025-08-29T16:34:20.000Z</time><extensions><gpxtpx:TrackPointExtension><gpxtpx:hr>161</gpxtpx:hr><gpxtpx:cad>80</gpxtpx:cad></gpxtpx:TrackPointExtension></extensions><extensions><gpxtpx:PowerExtension><gpxtpx:PowerInWatts>207</gpxtpx:PowerInWatts></gpxtpx:PowerExtension></extensions></trkpt>
<trkpt lat="38.5821763" lon="-121.4689272">
<ele>11</ele><time>2025-08-29T16:34:23.000Z</time><extensions><gpxtpx:TrackPointExtension><gpxtpx:hr>161</gpxtpx:hr><gpxtpx:cad>80</gpxtpx:cad></gpxtpx:TrackPointExtension></extensions><extensions><gpxtpx:PowerExtension><gpxtpx:PowerInWatts>207</gpxtpx:PowerInWatts></gpxtpx:PowerExtension></extensions></trkpt>
<trkpt lat="38.5821868" lon="-121.4690009">
<ele>11</ele><time>2025-08-29T16:34:25.000Z</time><extensions><gpxtpx:TrackPointExtension><gpxtpx:hr>161</gpxtpx:hr><gpxtpx:cad>80</gpxtpx:cad></gpxtpx:TrackPointExtension></extensions><extensions><gpxtpx:PowerExtension><gpxtpx:PowerInWatts>207</gpxtpx:PowerInWatts></gpxtpx:PowerExtension></extensions></trkpt>
<trkpt lat="38.5822045" lon="-121.4690731">
<ele>11</ele><time>2025-08-29T16:34:27.000Z</time><extensions><gpxtpx:TrackPointExtension><gpxtpx:hr>161</gpxtpx:hr><gpxtpx:cad>80</gpxtpx:cad></gpxtpx:TrackPointExtension></extensions><extensions><gpxtpx:PowerExtension><gpxtpx:PowerInWatts>207</gpxtpx:PowerInWatts></gpxtpx:PowerExtension></extensions></trkpt>
<trkpt lat="38.5822290" lon="-121.4691458">
<ele>11</ele><time>2025-08-29T16:34:29.000Z</time><extensions><gpxtpx:TrackPointExtension><gpxtpx:hr>161</gpxtpx:hr><gpxtpx:cad>82</gpxtpx:cad></gpxtpx:TrackPointExtension></extensions><extensions><gpxtpx:PowerExtension><gpxtpx:PowerInWatts>209</gpxtpx:PowerInWatts></gpxtpx:PowerExtension></extensions></trkpt>
<trkpt lat="38.5822412" lon="-121.4692044">
<ele>11</ele><time>2025-08-29T16:34:31.000Z</time><extensions><gpxtpx:TrackPointExtension><gpxtpx:hr>161</gpxtpx:hr><gpxtpx:cad>77</gpxtpx:cad></gpxtpx:TrackPointExtension></extensions><extensions><gpxtpx:PowerExtension><gpxtpx:PowerInWatts>209</gpxtpx:PowerInWatts></gpxtpx:PowerExtension></extensions></trkpt>
<trkpt lat="38.5822783" lon="-121.4692608">
<ele>11</ele><time>2025-08-29T16:34:34.000Z</time><extensions><gpxtpx:TrackPointExtension><gpxtpx:hr>161</gpxtpx:hr><gpxtpx:cad>80</gpxtpx:cad></gpxtpx:TrackPointExtension></extensions><extensions><gpxtpx:PowerExtension><gpxtpx:PowerInWatts>213</gpxtpx:PowerInWatts></gpxtpx:PowerExtension></extensions></trkpt>
<trkpt lat="38.5822944" lon="-121.4693185">
<ele>11</ele><time>2025-08-29T16:34:36.000Z</time><extensions><gpxtpx:TrackPointExtension><gpxtpx:hr>161</gpxtpx:hr><gpxtpx:cad>80</gpxtpx:cad></gpxtpx:TrackPointExtension></extensions><extensions><gpxtpx:PowerExtension><gpxtpx:PowerInWatts>217</gpxtpx:PowerInWatts></gpxtpx:PowerExtension></extensions></trkpt>
<trkpt lat="38.5823114" lon="-121.4693969">
<ele>11</ele><time>2025-08-29T16:34:38.000Z</time><extensions><gpxtpx:TrackPointExtension><gpxtpx:hr>161</gpxtpx:hr><gpxtpx:cad>82</gpxtpx:cad></gpxtpx:TrackPointExtension></extensions><extensions><gpxtpx:PowerExtension><gpxtpx:PowerInWatts>212</gpxtpx:PowerInWatts></gpxtpx:PowerExtension></extensions></trkpt>
<trkpt lat="38.5823258" lon="-121.4694540">
<ele>11</ele><time>2025-08-29T16:34:40.000Z</time><extensions><gpxtpx:TrackPointExtension><gpxtpx:hr>162</gpxtpx:hr><gpxtpx:cad>79</gpxtpx:cad></gpxtpx:TrackPointExtension></extensions><extensions><gpxtpx:PowerExtension><gpxtpx:PowerInWatts>212</gpxtpx:PowerInWatts></gpxtpx:PowerExtension></extensions></trkpt>
<trkpt lat="38.5823404" lon="-121.4695262">
<ele>11</ele><time>2025-08-29T16:34:42.000Z</time><extensions><gpxtpx:TrackPointExtension><gpxtpx:hr>163</gpxtpx:hr><gpxtpx:cad>83</gpxtpx:cad></gpxtpx:TrackPointExtension></extensions><extensions><gpxtpx:PowerExtension><gpxtpx:PowerInWatts>209</gpxtpx:PowerInWatts></gpxtpx:PowerExtension></extensions></trkpt>
<trkpt lat="38.5823324" lon="-121.4695843">
<ele>11</ele><time>2025-08-29T16:34:44.000Z</time><extensions><gpxtpx:TrackPointExtension><gpxtpx:hr>163</gpxtpx:hr><gpxtpx:cad>82</gpxtpx:cad></gpxtpx:TrackPointExtension></extensions><extensions><gpxtpx:PowerExtension><gpxtpx:PowerInWatts>211</gpxtpx:PowerInWatts></gpxtpx:PowerExtension></extensions></trkpt>
<trkpt lat="38.5823607" lon="-121.4696468">
<ele>11</ele><time>2025-08-29T16:34:46.000Z</time><extensions><gpxtpx:TrackPointExtension><gpxtpx:hr>163</gpxtpx:hr><gpxtpx:cad>79</gpxtpx:cad></gpxtpx:TrackPointExtension></extensions><extensions><gpxtpx:PowerExtension><gpxtpx:PowerInWatts>211</gpxtpx:PowerInWatts></gpxtpx:PowerExtension></extensions></trkpt>
<trkpt lat="38.5823821" lon="-121.4697153">
<ele>11</ele><time>2025-08-29T16:34:48.000Z</time><extensions><gpxtpx:TrackPointExtension><gpxtpx:hr>162</gpxtpx:hr><gpxtpx:cad>82</gpxtpx:cad></gpxtpx:TrackPointExtension></extensions><extensions><gpxtpx:PowerExtension><gpxtpx:PowerInWatts>213</gpxtpx:PowerInWatts></gpxtpx:PowerExtension></extensions></trkpt>
<trkpt lat="38.5824059" lon="-121.4697839">
<ele>11</ele><time>2025-08-29T16:34:50.000Z</time><extensions><gpxtpx:TrackPointExtension><gpxtpx:hr>162</gpxtpx:hr><gpxtpx:cad>82</gpxtpx:cad></gpxtpx:TrackPointExtension></extensions><extensions><gpxtpx:PowerExtension><gpxtpx:PowerInWatts>213</gpxtpx:PowerInWatts></gpxtpx:PowerExtension></extensions></trkpt>
<trkpt lat="38.5824264" lon="-121.4698610">
<ele>11</ele><time>2025-08-29T16:34:53.000Z</time><extensions><gpxtpx:TrackPointExtension><gpxtpx:hr>161</gpxtpx:hr><gpxtpx:cad>78</gpxtpx:cad></gpxtpx:TrackPointExtension></extensions><extensions><gpxtpx:PowerExtension><gpxtpx:PowerInWatts>212</gpxtpx:PowerInWatts></gpxtpx:PowerExtension></extensions></trkpt>
<trkpt lat="38.5823775" lon="-121.4698773">
<ele>11</ele><time>2025-08-29T16:34:56.000Z</time><extensions><gpxtpx:TrackPointExtension><gpxtpx:hr>161</gpxtpx:hr><gpxtpx:cad>75</gpxtpx:cad></gpxtpx:TrackPointExtension></extensions><extensions><gpxtpx:PowerExtension><gpxtpx:PowerInWatts>216</gpxtpx:PowerInWatts></gpxtpx:PowerExtension></extensions></trkpt>
<trkpt lat="38.5823244" lon="-121.4698766">
<ele>11</ele><time>2025-08-29T16:34:58.000Z</time><extensions><gpxtpx:TrackPointExtension><gpxtpx:hr>160</gpxtpx:hr><gpxtpx:cad>79</gpxtpx:cad></gpxtpx:TrackPointExtension></extensions><extensions><gpxtpx:PowerExtension><gpxtpx:PowerInWatts>216</gpxtpx:PowerInWatts></gpxtpx:PowerExtension></extensions></trkpt>
<trkpt lat="38.5822685" lon="-121.4699044">
<ele>11</ele><time>2025-08-29T16:35:00.000Z</time><extensions><gpxtpx:TrackPointExtension><gpxtpx:hr>160</gpxtpx:hr><gpxtpx:cad>82</gpxtpx:cad></gpxtpx:TrackPointExtension></extensions><extensions><gpxtpx:PowerExtension><gpxtpx:PowerInWatts>214</gpxtpx:PowerInWatts></gpxtpx:PowerExtension></extensions></trkpt>
<trkpt lat="38.5822152" lon="-121.4699107">
<ele>11</ele><time>2025-08-29T16:35:02.000Z</time><extensions><gpxtpx:TrackPointExtension><gpxtpx:hr>161</gpxtpx:hr><gpxtpx:cad>82</gpxtpx:cad></gpxtpx:TrackPointExtension></extensions><extensions><gpxtpx:PowerExtension><gpxtpx:PowerInWatts>202</gpxtpx:PowerInWatts></gpxtpx:PowerExtension></extensions></trkpt>
<trkpt lat="38.5821659" lon="-121.4699169">
<ele>11</ele><time>2025-08-29T16:35:04.000Z</time><extensions><gpxtpx:TrackPointExtension><gpxtpx:hr>161</gpxtpx:hr><gpxtpx:cad>79</gpxtpx:cad></gpxtpx:TrackPointExtension></extensions><extensions><gpxtpx:PowerExtension><gpxtpx:PowerInWatts>201</gpxtpx:PowerInWatts></gpxtpx:PowerExtension></extensions></trkpt>
<trkpt lat="38.5821029" lon="-121.4699384">
<ele>11</ele><time>2025-08-29T16:35:06.000Z</time><extensions><gpxtpx:TrackPointExtension><gpxtpx:hr>162</gpxtpx:hr><gpxtpx:cad>78</gpxtpx:cad></gpxtpx:TrackPointExtension></extensions><extensions><gpxtpx:PowerExtension><gpxtpx:PowerInWatts>206</gpxtpx:PowerInWatts></gpxtpx:PowerExtension></extensions></trkpt>
<trkpt lat="38.5820557" lon="-121.4699615">
<ele>11</ele><time>2025-08-29T16:35:08.000Z</time><extensions><gpxtpx:TrackPointExtension><gpxtpx:hr>162</gpxtpx:hr><gpxtpx:cad>78</gpxtpx:cad></gpxtpx:TrackPointExtension></extensions><extensions><gpxtpx:PowerExtension><gpxtpx:PowerInWatts>206</gpxtpx:PowerInWatts></gpxtpx:PowerExtension></extensions></trkpt>
<trkpt lat="38.5820152" lon="-121.4699955">
<ele>11</ele><time>2025-08-29T16:35:10.000Z</time><extensions><gpxtpx:TrackPointExtension><gpxtpx:hr>162</gpxtpx:hr><gpxtpx:cad>81</gpxtpx:cad></gpxtpx:TrackPointExtension></extensions><extensions><gpxtpx:PowerExtension><gpxtpx:PowerInWatts>206</gpxtpx:PowerInWatts></gpxtpx:PowerExtension></extensions></trkpt>
<trkpt lat="38.5819776" lon="-121.4700689">
<ele>11</ele><time>2025-08-29T16:35:12.000Z</time><extensions><gpxtpx:TrackPointExtension><gpxtpx:hr>162</gpxtpx:hr><gpxtpx:cad>81</gpxtpx:cad></gpxtpx:TrackPointExtension></extensions><extensions><gpxtpx:PowerExtension><gpxtpx:PowerInWatts>211</gpxtpx:PowerInWatts></gpxtpx:PowerExtension></extensions></trkpt>
<trkpt lat="38.5819462" lon="-121.4701257">
<ele>11</ele><time>2025-08-29T16:35:14.000Z</time><extensions><gpxtpx:TrackPointExtension><gpxtpx:hr>163</gpxtpx:hr><gpxtpx:cad>81</gpxtpx:cad></gpxtpx:TrackPointExtension></extensions><extensions><gpxtpx:PowerExtension><gpxtpx:PowerInWatts>212</gpxtpx:PowerInWatts></gpxtpx:PowerExtension></extensions></trkpt>
<trkpt lat="38.5818933" lon="-121.4701214">
<ele>11</ele><time>2025-08-29T16:35:16.000Z</time><extensions><gpxtpx:TrackPointExtension><gpxtpx:hr>163</gpxtpx:hr><gpxtpx:cad>81</gpxtpx:cad></gpxtpx:TrackPointExtension></extensions><extensions><gpxtpx:PowerExtension><gpxtpx:PowerInWatts>212</gpxtpx:PowerInWatts></gpxtpx:PowerExtension></extensions></trkpt>
<trkpt lat="38.5818382" lon="-121.4701377">
<ele>11</ele><time>2025-08-29T16:35:18.000Z</time><extensions><gpxtpx:TrackPointExtension><gpxtpx:hr>163</gpxtpx:hr><gpxtpx:cad>80</gpxtpx:cad></gpxtpx:TrackPointExtension></extensions><extensions><gpxtpx:PowerExtension><gpxtpx:PowerInWatts>221</gpxtpx:PowerInWatts></gpxtpx:PowerExtension></extensions></trkpt>
<trkpt lat="38.5817888" lon="-121.4701765">
<ele>11</ele><time>2025-08-29T16:35:20.000Z</time><extensions><gpxtpx:TrackPointExtension><gpxtpx:hr>163</gpxtpx:hr><gpxtpx:cad>78</gpxtpx:cad></gpxtpx:TrackPointExtension></extensions><extensions><gpxtpx:PowerExtension><gpxtpx:PowerInWatts>221</gpxtpx:PowerInWatts></gpxtpx:PowerExtension></extensions></trkpt>
<trkpt lat="38.5817366" lon="-121.4701954">
<ele>11</ele><time>2025-08-29T16:35:22.000Z</time><extensions><gpxtpx:TrackPointExtension><gpxtpx:hr>163</gpxtpx:hr><gpxtpx:cad>83</gpxtpx:cad></gpxtpx:TrackPointExtension></extensions><extensions><gpxtpx:PowerExtension><gpxtpx:PowerInWatts>217</gpxtpx:PowerInWatts></gpxtpx:PowerExtension></extensions></trkpt>
<trkpt lat="38.5816780" lon="-121.4702063">
<ele>11</ele><time>2025-08-29T16:35:24.000Z</time><extensions><gpxtpx:TrackPointExtension><gpxtpx:hr>164</gpxtpx:hr><gpxtpx:cad>84</gpxtpx:cad></gpxtpx:TrackPointExtension></extensions><extensions><gpxtpx:PowerExtension><gpxtpx:PowerInWatts>217</gpxtpx:PowerInWatts></gpxtpx:PowerExtension></extensions></trkpt>
<trkpt lat="38.5816212" lon="-121.4702410">
<ele>11</ele><time>2025-08-29T16:35:26.000Z</time><extensions><gpxtpx:TrackPointExtension><gpxtpx:hr>164</gpxtpx:hr><gpxtpx:cad>84</gpxtpx:cad></gpxtpx:TrackPointExtension></extensions><extensions><gpxtpx:PowerExtension><gpxtpx:PowerInWatts>217</gpxtpx:PowerInWatts></gpxtpx:PowerExtension></extensions></trkpt>
<trkpt lat="38.5815757" lon="-121.4702595">
<ele>11</ele><time>2025-08-29T16:35:28.000Z</time><extensions><gpxtpx:TrackPointExtension><gpxtpx:hr>166</gpxtpx:hr><gpxtpx:cad>80</gpxtpx:cad></gpxtpx:TrackPointExtension></extensions><extensions><gpxtpx:PowerExtension><gpxtpx:PowerInWatts>220</gpxtpx:PowerInWatts></gpxtpx:PowerExtension></extensions></trkpt>
<trkpt lat="38.5815085" lon="-121.4702737">
<ele>11</ele><time>2025-08-29T16:35:30.000Z</time><extensions><gpxtpx:TrackPointExtension><gpxtpx:hr>166</gpxtpx:hr><gpxtpx:cad>76</gpxtpx:cad></gpxtpx:TrackPointExtension></extensions><extensions><gpxtpx:PowerExtension><gpxtpx:PowerInWatts>220</gpxtpx:PowerInWatts></gpxtpx:PowerExtension></extensions></trkpt>
<trkpt lat="38.5814453" lon="-121.4702867">
<ele>11</ele><time>2025-08-29T16:35:32.000Z</time><extensions><gpxtpx:TrackPointExtension><gpxtpx:hr>166</gpxtpx:hr><gpxtpx:cad>80</gpxtpx:cad></gpxtpx:TrackPointExtension></extensions><extensions><gpxtpx:PowerExtension><gpxtpx:PowerInWatts>222</gpxtpx:PowerInWatts></gpxtpx:PowerExtension></extensions></trkpt>
<trkpt lat="38.5813745" lon="-121.4702993">
<ele>11</ele><time>2025-08-29T16:35:35.000Z</time><extensions><gpxtpx:TrackPointExtension><gpxtpx:hr>165</gpxtpx:hr><gpxtpx:cad>83</gpxtpx:cad></gpxtpx:TrackPointExtension></extensions><extensions><gpxtpx:PowerExtension><gpxtpx:PowerInWatts>222</gpxtpx:PowerInWatts></gpxtpx:PowerExtension></extensions></trkpt>
<trkpt lat="38.5813189" lon="-121.4703183">
<ele>11</ele><time>2025-08-29T16:35:37.000Z</time><extensions><gpxtpx:TrackPointExtension><gpxtpx:hr>166</gpxtpx:hr><gpxtpx:cad>80</gpxtpx:cad></gpxtpx:TrackPointExtension></extensions><extensions><gpxtpx:PowerExtension><gpxtpx:PowerInWatts>230</gpxtpx:PowerInWatts></gpxtpx:PowerExtension></extensions></trkpt>
<trkpt lat="38.5812648" lon="-121.4703185">
<ele>11</ele><time>2025-08-29T16:35:39.000Z</time><extensions><gpxtpx:TrackPointExtension><gpxtpx:hr>166</gpxtpx:hr><gpxtpx:cad>75</gpxtpx:cad></gpxtpx:TrackPointExtension></extensions><extensions><gpxtpx:PowerExtension><gpxtpx:PowerInWatts>230</gpxtpx:PowerInWatts></gpxtpx:PowerExtension></extensions></trkpt>
<trkpt lat="38.5812093" lon="-121.4703448">
<ele>11</ele><time>2025-08-29T16:35:41.000Z</time><extensions><gpxtpx:TrackPointExtension><gpxtpx:hr>166</gpxtpx:hr><gpxtpx:cad>79</gpxtpx:cad></gpxtpx:TrackPointExtension></extensions><extensions><gpxtpx:PowerExtension><gpxtpx:PowerInWatts>230</gpxtpx:PowerInWatts></gpxtpx:PowerExtension></extensions></trkpt>
<trkpt lat="38.5811606" lon="-121.4703937">
<ele>11</ele><time>2025-08-29T16:35:43.000Z</time><extensions><gpxtpx:TrackPointExtension><gpxtpx:hr>165</gpxtpx:hr><gpxtpx:cad>82</gpxtpx:cad></gpxtpx:TrackPointExtension></extensions><extensions><gpxtpx:PowerExtension><gpxtpx:PowerInWatts>226</gpxtpx:PowerInWatts></gpxtpx:PowerExtension></extensions></trkpt>
<trkpt lat="38.5810984" lon="-121.4704021">
<ele>11</ele><time>2025-08-29T16:35:45.000Z</time><extensions><gpxtpx:TrackPointExtension><gpxtpx:hr>165</gpxtpx:hr><gpxtpx:cad>79</gpxtpx:cad></gpxtpx:TrackPointExtension></extensions><extensions><gpxtpx:PowerExtension><gpxtpx:PowerInWatts>226</gpxtpx:PowerInWatts></gpxtpx:PowerExtension></extensions></trkpt>
<trkpt lat="38.5810413" lon="-121.4704370">
<ele>11</ele><time>2025-08-29T16:35:47.000Z</time><extensions><gpxtpx:TrackPointExtension><gpxtpx:hr>165</gpxtpx:hr><gpxtpx:cad>78</gpxtpx:cad></gpxtpx:TrackPointExtension></extensions><extensions><gpxtpx:PowerExtension><gpxtpx:PowerInWatts>228</gpxtpx:PowerInWatts></gpxtpx:PowerExtension></extensions></trkpt>
<trkpt lat="38.5809880" lon="-121.4704227">
<ele>11</ele><time>2025-08-29T16:35:49.000Z</time><extensions><gpxtpx:TrackPointExtension><gpxtpx:hr>165</gpxtpx:hr><gpxtpx:cad>78</gpxtpx:cad></gpxtpx:TrackPointExtension></extensions><extensions><gpxtpx:PowerExtension><gpxtpx:PowerInWatts>228</gpxtpx:PowerInWatts></gpxtpx:PowerExtension></extensions></trkpt>
<trkpt lat="38.5809356" lon="-121.4704404">
<ele>11</ele><time>2025-08-29T16:35:51.000Z</time><extensions><gpxtpx:TrackPointExtension><gpxtpx:hr>164</gpxtpx:hr><gpxtpx:cad>79</gpxtpx:cad></gpxtpx:TrackPointExtension></extensions><extensions><gpxtpx:PowerExtension><gpxtpx:PowerInWatts>228</gpxtpx:PowerInWatts></gpxtpx:PowerExtension></extensions></trkpt>
<trkpt lat="38.5808875" lon="-121.4704401">
<ele>11</ele><time>2025-08-29T16:35:53.000Z</time><extensions><gpxtpx:TrackPointExtension><gpxtpx:hr>164</gpxtpx:hr><gpxtpx:cad>79</gpxtpx:cad></gpxtpx:TrackPointExtension></extensions><extensions><gpxtpx:PowerExtension><gpxtpx:PowerInWatts>230</gpxtpx:PowerInWatts></gpxtpx:PowerExtension></extensions></trkpt>
<trkpt lat="38.5808393" lon="-121.4704623">
<ele>11</ele><time>2025-08-29T16:35:55.000Z</time><extensions><gpxtpx:TrackPointExtension><gpxtpx:hr>165</gpxtpx:hr><gpxtpx:cad>79</gpxtpx:cad></gpxtpx:TrackPointExtension></extensions><extensions><gpxtpx:PowerExtension><gpxtpx:PowerInWatts>228</gpxtpx:PowerInWatts></gpxtpx:PowerExtension></extensions></trkpt>
<trkpt lat="38.5807989" lon="-121.4705055">
<ele>11</ele><time>2025-08-29T16:35:57.000Z</time><extensions><gpxtpx:TrackPointExtension><gpxtpx:hr>165</gpxtpx:hr><gpxtpx:cad>79</gpxtpx:cad></gpxtpx:TrackPointExtension></extensions><extensions><gpxtpx:PowerExtension><gpxtpx:PowerInWatts>228</gpxtpx:PowerInWatts></gpxtpx:PowerExtension></extensions></trkpt>
<trkpt lat="38.5807505" lon="-121.4705260">
<ele>11</ele><time>2025-08-29T16:35:59.000Z</time><extensions><gpxtpx:TrackPointExtension><gpxtpx:hr>165</gpxtpx:hr><gpxtpx:cad>77</gpxtpx:cad></gpxtpx:TrackPointExtension></extensions><extensions><gpxtpx:PowerExtension><gpxtpx:PowerInWatts>228</gpxtpx:PowerInWatts></gpxtpx:PowerExtension></extensions></trkpt>
<trkpt lat="38.5806991" lon="-121.4705503">
<ele>11</ele><time>2025-08-29T16:36:01.000Z</time><extensions><gpxtpx:TrackPointExtension><gpxtpx:hr>164</gpxtpx:hr><gpxtpx:cad>76</gpxtpx:cad></gpxtpx:TrackPointExtension></extensions><extensions><gpxtpx:PowerExtension><gpxtpx:PowerInWatts>225</gpxtpx:PowerInWatts></gpxtpx:PowerExtension></extensions></trkpt>
<trkpt lat="38.5806440" lon="-121.4705813">
<ele>11</ele><time>2025-08-29T16:36:03.000Z</time><extensions><gpxtpx:TrackPointExtension><gpxtpx:hr>164</gpxtpx:hr><gpxtpx:cad>73</gpxtpx:cad></gpxtpx:TrackPointExtension></extensions><extensions><gpxtpx:PowerExtension><gpxtpx:PowerInWatts>222</gpxtpx:PowerInWatts></gpxtpx:PowerExtension></extensions></trkpt>
<trkpt lat="38.5806006" lon="-121.4706013">
<ele>11</ele><time>2025-08-29T16:36:05.000Z</time><extensions><gpxtpx:TrackPointExtension><gpxtpx:hr>165</gpxtpx:hr><gpxtpx:cad>75</gpxtpx:cad></gpxtpx:TrackPointExtension></extensions><extensions><gpxtpx:PowerExtension><gpxtpx:PowerInWatts>222</gpxtpx:PowerInWatts></gpxtpx:PowerExtension></extensions></trkpt>
<trkpt lat="38.5805426" lon="-121.4706154">
<ele>11</ele><time>2025-08-29T16:36:07.000Z</time><extensions><gpxtpx:TrackPointExtension><gpxtpx:hr>165</gpxtpx:hr><gpxtpx:cad>79</gpxtpx:cad></gpxtpx:TrackPointExtension></extensions><extensions><gpxtpx:PowerExtension><gpxtpx:PowerInWatts>222</gpxtpx:PowerInWatts></gpxtpx:PowerExtension></extensions></trkpt>
<trkpt lat="38.5804995" lon="-121.4706612">
<ele>11</ele><time>2025-08-29T16:36:09.000Z</time><extensions><gpxtpx:TrackPointExtension><gpxtpx:hr>164</gpxtpx:hr><gpxtpx:cad>80</gpxtpx:cad></gpxtpx:TrackPointExtension></extensions><extensions><gpxtpx:PowerExtension><gpxtpx:PowerInWatts>222</gpxtpx:PowerInWatts></gpxtpx:PowerExtension></extensions></trkpt>
<trkpt lat="38.5804472" lon="-121.4706615">
<ele>11</ele><time>2025-08-29T16:36:11.000Z</time><extensions><gpxtpx:TrackPointExtension><gpxtpx:hr>164</gpxtpx:hr><gpxtpx:cad>79</gpxtpx:cad></gpxtpx:TrackPointExtension></extensions><extensions><gpxtpx:PowerExtension><gpxtpx:PowerInWatts>225</gpxtpx:PowerInWatts></gpxtpx:PowerExtension></extensions></trkpt>
<trkpt lat="38.5803853" lon="-121.4706870">
<ele>11</ele><time>2025-08-29T16:36:14.000Z</time><extensions><gpxtpx:TrackPointExtension><gpxtpx:hr>165</gpxtpx:hr><gpxtpx:cad>82</gpxtpx:cad></gpxtpx:TrackPointExtension></extensions><extensions><gpxtpx:PowerExtension><gpxtpx:PowerInWatts>225</gpxtpx:PowerInWatts></gpxtpx:PowerExtension></extensions></trkpt>
<trkpt lat="38.5803209" lon="-121.4707345">
<ele>11</ele><time>2025-08-29T16:36:16.000Z</time><extensions><gpxtpx:TrackPointExtension><gpxtpx:hr>165</gpxtpx:hr><gpxtpx:cad>79</gpxtpx:cad></gpxtpx:TrackPointExtension></extensions><extensions><gpxtpx:PowerExtension><gpxtpx:PowerInWatts>225</gpxtpx:PowerInWatts></gpxtpx:PowerExtension></extensions></trkpt>
<trkpt lat="38.5802885" lon="-121.4707808">
<ele>11</ele><time>2025-08-29T16:36:17.000Z</time><extensions><gpxtpx:TrackPointExtension><gpxtpx:hr>164</gpxtpx:hr><gpxtpx:cad>77</gpxtpx:cad></gpxtpx:TrackPointExtension></extensions><extensions><gpxtpx:PowerExtension><gpxtpx:PowerInWatts>225</gpxtpx:PowerInWatts></gpxtpx:PowerExtension></extensions></trkpt>
<trkpt lat="38.5802272" lon="-121.4707818">
<ele>11</ele><time>2025-08-29T16:36:19.000Z</time><extensions><gpxtpx:TrackPointExtension><gpxtpx:hr>165</gpxtpx:hr><gpxtpx:cad>78</gpxtpx:cad></gpxtpx:TrackPointExtension></extensions><extensions><gpxtpx:PowerExtension><gpxtpx:PowerInWatts>222</gpxtpx:PowerInWatts></gpxtpx:PowerExtension></extensions></trkpt>
<trkpt lat="38.5801742" lon="-121.4708114">
<ele>11</ele><time>2025-08-29T16:36:21.000Z</time><extensions><gpxtpx:TrackPointExtension><gpxtpx:hr>165</gpxtpx:hr><gpxtpx:cad>85</gpxtpx:cad></gpxtpx:TrackPointExtension></extensions><extensions><gpxtpx:PowerExtension><gpxtpx:PowerInWatts>322</gpxtpx:PowerInWatts></gpxtpx:PowerExtension></extensions></trkpt>
<trkpt lat="38.5801150" lon="-121.4708440">
<ele>11</ele><time>2025-08-29T16:36:23.000Z</time><extensions><gpxtpx:TrackPointExtension><gpxtpx:hr>164</gpxtpx:hr><gpxtpx:cad>84</gpxtpx:cad></gpxtpx:TrackPointExtension></extensions><extensions><gpxtpx:PowerExtension><gpxtpx:PowerInWatts>322</gpxtpx:PowerInWatts></gpxtpx:PowerExtension></extensions></trkpt>
<trkpt lat="38.5800639" lon="-121.4708540">
<ele>11</ele><time>2025-08-29T16:36:25.000Z</time><extensions><gpxtpx:TrackPointExtension><gpxtpx:hr>164</gpxtpx:hr><gpxtpx:cad>81</gpxtpx:cad></gpxtpx:TrackPointExtension></extensions><extensions><gpxtpx:PowerExtension><gpxtpx:PowerInWatts>322</gpxtpx:PowerInWatts></gpxtpx:PowerExtension></extensions></trkpt>
<trkpt lat="38.5800186" lon="-121.4709364">
<ele>11</ele><time>2025-08-29T16:36:27.000Z</time><extensions><gpxtpx:TrackPointExtension><gpxtpx:hr>163</gpxtpx:hr><gpxtpx:cad>83</gpxtpx:cad></gpxtpx:TrackPointExtension></extensions><extensions><gpxtpx:PowerExtension><gpxtpx:PowerInWatts>322</gpxtpx:PowerInWatts></gpxtpx:PowerExtension></extensions></trkpt>
<trkpt lat="38.5799725" lon="-121.4709774">
<ele>11</ele><time>2025-08-29T16:36:29.000Z</time><extensions><gpxtpx:TrackPointExtension><gpxtpx:hr>163</gpxtpx:hr><gpxtpx:cad>80</gpxtpx:cad></gpxtpx:TrackPointExtension></extensions><extensions><gpxtpx:PowerExtension><gpxtpx:PowerInWatts>250</gpxtpx:PowerInWatts></gpxtpx:PowerExtension></extensions></trkpt>
<trkpt lat="38.5799277" lon="-121.4709941">
<ele>11</ele><time>2025-08-29T16:36:31.000Z</time><extensions><gpxtpx:TrackPointExtension><gpxtpx:hr>163</gpxtpx:hr><gpxtpx:cad>81</gpxtpx:cad></gpxtpx:TrackPointExtension></extensions><extensions><gpxtpx:PowerExtension><gpxtpx:PowerInWatts>232</gpxtpx:PowerInWatts></gpxtpx:PowerExtension></extensions></trkpt>
<trkpt lat="38.5798830" lon="-121.4710098">
<ele>11</ele><time>2025-08-29T16:36:33.000Z</time><extensions><gpxtpx:TrackPointExtension><gpxtpx:hr>163</gpxtpx:hr><gpxtpx:cad>80</gpxtpx:cad></gpxtpx:TrackPointExtension></extensions><extensions><gpxtpx:PowerExtension><gpxtpx:PowerInWatts>264</gpxtpx:PowerInWatts></gpxtpx:PowerExtension></extensions></trkpt>
<trkpt lat="38.5798191" lon="-121.4709928">
<ele>11</ele><time>2025-08-29T16:36:36.000Z</time><extensions><gpxtpx:TrackPointExtension><gpxtpx:hr>164</gpxtpx:hr><gpxtpx:cad>81</gpxtpx:cad></gpxtpx:TrackPointExtension></extensions><extensions><gpxtpx:PowerExtension><gpxtpx:PowerInWatts>248</gpxtpx:PowerInWatts></gpxtpx:PowerExtension></extensions></trkpt>
<trkpt lat="38.5797593" lon="-121.4709940">
<ele>11</ele><time>2025-08-29T16:36:38.000Z</time><extensions><gpxtpx:TrackPointExtension><gpxtpx:hr>164</gpxtpx:hr><gpxtpx:cad>81</gpxtpx:cad></gpxtpx:TrackPointExtension></extensions><extensions><gpxtpx:PowerExtension><gpxtpx:PowerInWatts>225</gpxtpx:PowerInWatts></gpxtpx:PowerExtension></extensions></trkpt>
<trkpt lat="38.5796948" lon="-121.4710147">
<ele>11</ele><time>2025-08-29T16:36:41.000Z</time><extensions><gpxtpx:TrackPointExtension><gpxtpx:hr>164</gpxtpx:hr><gpxtpx:cad>78</gpxtpx:cad></gpxtpx:TrackPointExtension></extensions><extensions><gpxtpx:PowerExtension><gpxtpx:PowerInWatts>225</gpxtpx:PowerInWatts></gpxtpx:PowerExtension></extensions></trkpt>
<trkpt lat="38.5796448" lon="-121.4709980">
<ele>11</ele><time>2025-08-29T16:36:43.000Z</time><extensions><gpxtpx:TrackPointExtension><gpxtpx:hr>164</gpxtpx:hr><gpxtpx:cad>79</gpxtpx:cad></gpxtpx:TrackPointExtension></extensions><extensions><gpxtpx:PowerExtension><gpxtpx:PowerInWatts>226</gpxtpx:PowerInWatts></gpxtpx:PowerExtension></extensions></trkpt>
<trkpt lat="38.5795959" lon="-121.4710170">
<ele>11</ele><time>2025-08-29T16:36:45.000Z</time><extensions><gpxtpx:TrackPointExtension><gpxtpx:hr>164</gpxtpx:hr><gpxtpx:cad>82</gpxtpx:cad></gpxtpx:TrackPointExtension></extensions><extensions><gpxtpx:PowerExtension><gpxtpx:PowerInWatts>226</gpxtpx:PowerInWatts></gpxtpx:PowerExtension></extensions></trkpt>
<trkpt lat="38.5795370" lon="-121.4710373">
<ele>11</ele><time>2025-08-29T16:36:47.000Z</time><extensions><gpxtpx:TrackPointExtension><gpxtpx:hr>164</gpxtpx:hr><gpxtpx:cad>81</gpxtpx:cad></gpxtpx:TrackPointExtension></extensions><extensions><gpxtpx:PowerExtension><gpxtpx:PowerInWatts>218</gpxtpx:PowerInWatts></gpxtpx:PowerExtension></extensions></trkpt>
<trkpt lat="38.5794927" lon="-121.4710633">
<ele>11</ele><time>2025-08-29T16:36:49.000Z</time><extensions><gpxtpx:TrackPointExtension><gpxtpx:hr>164</gpxtpx:hr><gpxtpx:cad>77</gpxtpx:cad></gpxtpx:TrackPointExtension></extensions><extensions><gpxtpx:PowerExtension><gpxtpx:PowerInWatts>216</gpxtpx:PowerInWatts></gpxtpx:PowerExtension></extensions></trkpt>
<trkpt lat="38.5794376" lon="-121.4710981">
<ele>11</ele><time>2025-08-29T16:36:51.000Z</time><extensions><gpxtpx:TrackPointExtension><gpxtpx:hr>163</gpxtpx:hr><gpxtpx:cad>69</gpxtpx:cad></gpxtpx:TrackPointExtension></extensions><extensions><gpxtpx:PowerExtension><gpxtpx:PowerInWatts>216</gpxtpx:PowerInWatts></gpxtpx:PowerExtension></extensions></trkpt>
<trkpt lat="38.5793966" lon="-121.4711269">
<ele>11</ele><time>2025-08-29T16:36:53.000Z</time><extensions><gpxtpx:TrackPointExtension><gpxtpx:hr>162</gpxtpx:hr><gpxtpx:cad>73</gpxtpx:cad></gpxtpx:TrackPointExtension></extensions><extensions><gpxtpx:PowerExtension><gpxtpx:PowerInWatts>216</gpxtpx:PowerInWatts></gpxtpx:PowerExtension></extensions></trkpt>
<trkpt lat="38.5793470" lon="-121.4711430">
<ele>11</ele><time>2025-08-29T16:36:55.000Z</time><extensions><gpxtpx:TrackPointExtension><gpxtpx:hr>162</gpxtpx:hr><gpxtpx:cad>76</gpxtpx:cad></gpxtpx:TrackPointExtension></extensions><extensions><gpxtpx:PowerExtension><gpxtpx:PowerInWatts>217</gpxtpx:PowerInWatts></gpxtpx:PowerExtension></extensions></trkpt>
<trkpt lat="38.5793049" lon="-121.4711898">
<ele>11</ele><time>2025-08-29T16:36:57.000Z</time><extensions><gpxtpx:TrackPointExtension><gpxtpx:hr>161</gpxtpx:hr><gpxtpx:cad>76</gpxtpx:cad></gpxtpx:TrackPointExtension></extensions><extensions><gpxtpx:PowerExtension><gpxtpx:PowerInWatts>217</gpxtpx:PowerInWatts></gpxtpx:PowerExtension></extensions></trkpt>
<trkpt lat="38.5792626" lon="-121.4712117">
<ele>11</ele><time>2025-08-29T16:36:59.000Z</time><extensions><gpxtpx:TrackPointExtension><gpxtpx:hr>161</gpxtpx:hr><gpxtpx:cad>80</gpxtpx:cad></gpxtpx:TrackPointExtension></extensions><extensions><gpxtpx:PowerExtension><gpxtpx:PowerInWatts>217</gpxtpx:PowerInWatts></gpxtpx:PowerExtension></extensions></trkpt>
<trkpt lat="38.5792043" lon="-121.4712156">
<ele>11</ele><time>2025-08-29T16:37:01.000Z</time><extensions><gpxtpx:TrackPointExtension><gpxtpx:hr>162</gpxtpx:hr><gpxtpx:cad>84</gpxtpx:cad></gpxtpx:TrackPointExtension></extensions><extensions><gpxtpx:PowerExtension><gpxtpx:PowerInWatts>217</gpxtpx:PowerInWatts></gpxtpx:PowerExtension></extensions></trkpt>
<trkpt lat="38.5791498" lon="-121.4712163">
<ele>11</ele><time>2025-08-29T16:37:03.000Z</time><extensions><gpxtpx:TrackPointExtension><gpxtpx:hr>162</gpxtpx:hr><gpxtpx:cad>78</gpxtpx:cad></gpxtpx:TrackPointExtension></extensions><extensions><gpxtpx:PowerExtension><gpxtpx:PowerInWatts>217</gpxtpx:PowerInWatts></gpxtpx:PowerExtension></extensions></trkpt>
<trkpt lat="38.5791040" lon="-121.4712196">
<ele>11</ele><time>2025-08-29T16:37:05.000Z</time><extensions><gpxtpx:TrackPointExtension><gpxtpx:hr>162</gpxtpx:hr><gpxtpx:cad>78</gpxtpx:cad></gpxtpx:TrackPointExtension></extensions><extensions><gpxtpx:PowerExtension><gpxtpx:PowerInWatts>220</gpxtpx:PowerInWatts></gpxtpx:PowerExtension></extensions></trkpt>
<trkpt lat="38.5790534" lon="-121.4712649">
<ele>11</ele><time>2025-08-29T16:37:07.000Z</time><extensions><gpxtpx:TrackPointExtension><gpxtpx:hr>162</gpxtpx:hr><gpxtpx:cad>76</gpxtpx:cad></gpxtpx:TrackPointExtension></extensions><extensions><gpxtpx:PowerExtension><gpxtpx:PowerInWatts>218</gpxtpx:PowerInWatts></gpxtpx:PowerExtension></extensions></trkpt>
<trkpt lat="38.5790065" lon="-121.4713276">
<ele>11</ele><time>2025-08-29T16:37:10.000Z</time><extensions><gpxtpx:TrackPointExtension><gpxtpx:hr>162</gpxtpx:hr><gpxtpx:cad>78</gpxtpx:cad></gpxtpx:TrackPointExtension></extensions><extensions><gpxtpx:PowerExtension><gpxtpx:PowerInWatts>221</gpxtpx:PowerInWatts></gpxtpx:PowerExtension></extensions></trkpt>
<trkpt lat="38.5789607" lon="-121.4713548">
<ele>11</ele><time>2025-08-29T16:37:12.000Z</time><extensions><gpxtpx:TrackPointExtension><gpxtpx:hr>162</gpxtpx:hr><gpxtpx:cad>81</gpxtpx:cad></gpxtpx:TrackPointExtension></extensions><extensions><gpxtpx:PowerExtension><gpxtpx:PowerInWatts>218</gpxtpx:PowerInWatts></gpxtpx:PowerExtension></extensions></trkpt>
<trkpt lat="38.5788982" lon="-121.4713746">
<ele>11</ele><time>2025-08-29T16:37:14.000Z</time><extensions><gpxtpx:TrackPointExtension><gpxtpx:hr>163</gpxtpx:hr><gpxtpx:cad>80</gpxtpx:cad></gpxtpx:TrackPointExtension></extensions><extensions><gpxtpx:PowerExtension><gpxtpx:PowerInWatts>215</gpxtpx:PowerInWatts></gpxtpx:PowerExtension></extensions></trkpt>
<trkpt lat="38.5788468" lon="-121.4713805">
<ele>11</ele><time>2025-08-29T16:37:16.000Z</time><extensions><gpxtpx:TrackPointExtension><gpxtpx:hr>164</gpxtpx:hr><gpxtpx:cad>77</gpxtpx:cad></gpxtpx:TrackPointExtension></extensions><extensions><gpxtpx:PowerExtension><gpxtpx:PowerInWatts>215</gpxtpx:PowerInWatts></gpxtpx:PowerExtension></extensions></trkpt>
<trkpt lat="38.5787822" lon="-121.4714019">
<ele>11</ele><time>2025-08-29T16:37:20.000Z</time><extensions><gpxtpx:TrackPointExtension><gpxtpx:hr>164</gpxtpx:hr><gpxtpx:cad>78</gpxtpx:cad></gpxtpx:TrackPointExtension></extensions><extensions><gpxtpx:PowerExtension><gpxtpx:PowerInWatts>216</gpxtpx:PowerInWatts></gpxtpx:PowerExtension></extensions></trkpt>
<trkpt lat="38.5787226" lon="-121.4714189">
<ele>11</ele><time>2025-08-29T16:37:22.000Z</time><extensions><gpxtpx:TrackPointExtension><gpxtpx:hr>164</gpxtpx:hr><gpxtpx:cad>78</gpxtpx:cad></gpxtpx:TrackPointExtension></extensions><extensions><gpxtpx:PowerExtension><gpxtpx:PowerInWatts>216</gpxtpx:PowerInWatts></gpxtpx:PowerExtension></extensions></trkpt>
<trkpt lat="38.5786735" lon="-121.4714618">
<ele>11</ele><time>2025-08-29T16:37:24.000Z</time><extensions><gpxtpx:TrackPointExtension><gpxtpx:hr>165</gpxtpx:hr><gpxtpx:cad>79</gpxtpx:cad></gpxtpx:TrackPointExtension></extensions><extensions><gpxtpx:PowerExtension><gpxtpx:PowerInWatts>208</gpxtpx:PowerInWatts></gpxtpx:PowerExtension></extensions></trkpt>
<trkpt lat="38.5786233" lon="-121.4715173">
<ele>11</ele><time>2025-08-29T16:37:27.000Z</time><extensions><gpxtpx:TrackPointExtension><gpxtpx:hr>165</gpxtpx:hr><gpxtpx:cad>79</gpxtpx:cad></gpxtpx:TrackPointExtension></extensions><extensions><gpxtpx:PowerExtension><gpxtpx:PowerInWatts>205</gpxtpx:PowerInWatts></gpxtpx:PowerExtension></extensions></trkpt>
<trkpt lat="38.5785431" lon="-121.4715357">
<ele>11</ele><time>2025-08-29T16:37:29.000Z</time><extensions><gpxtpx:TrackPointExtension><gpxtpx:hr>165</gpxtpx:hr><gpxtpx:cad>78</gpxtpx:cad></gpxtpx:TrackPointExtension></extensions><extensions><gpxtpx:PowerExtension><gpxtpx:PowerInWatts>209</gpxtpx:PowerInWatts></gpxtpx:PowerExtension></extensions></trkpt>
<trkpt lat="38.5784995" lon="-121.4715597">
<ele>11</ele><time>2025-08-29T16:37:31.000Z</time><extensions><gpxtpx:TrackPointExtension><gpxtpx:hr>165</gpxtpx:hr><gpxtpx:cad>73</gpxtpx:cad></gpxtpx:TrackPointExtension></extensions><extensions><gpxtpx:PowerExtension><gpxtpx:PowerInWatts>209</gpxtpx:PowerInWatts></gpxtpx:PowerExtension></extensions></trkpt>
<trkpt lat="38.5784539" lon="-121.4715856">
<ele>11</ele><time>2025-08-29T16:37:33.000Z</time><extensions><gpxtpx:TrackPointExtension><gpxtpx:hr>165</gpxtpx:hr><gpxtpx:cad>77</gpxtpx:cad></gpxtpx:TrackPointExtension></extensions><extensions><gpxtpx:PowerExtension><gpxtpx:PowerInWatts>212</gpxtpx:PowerInWatts></gpxtpx:PowerExtension></extensions></trkpt>
<trkpt lat="38.5783892" lon="-121.4716115">
<ele>11</ele><time>2025-08-29T16:37:36.000Z</time><extensions><gpxtpx:TrackPointExtension><gpxtpx:hr>164</gpxtpx:hr><gpxtpx:cad>78</gpxtpx:cad></gpxtpx:TrackPointExtension></extensions><extensions><gpxtpx:PowerExtension><gpxtpx:PowerInWatts>212</gpxtpx:PowerInWatts></gpxtpx:PowerExtension></extensions></trkpt>
<trkpt lat="38.5783398" lon="-121.4716523">
<ele>11</ele><time>2025-08-29T16:37:38.000Z</time><extensions><gpxtpx:TrackPointExtension><gpxtpx:hr>164</gpxtpx:hr><gpxtpx:cad>77</gpxtpx:cad></gpxtpx:TrackPointExtension></extensions><extensions><gpxtpx:PowerExtension><gpxtpx:PowerInWatts>212</gpxtpx:PowerInWatts></gpxtpx:PowerExtension></extensions></trkpt>
<trkpt lat="38.5782894" lon="-121.4716731">
<ele>11</ele><time>2025-08-29T16:37:40.000Z</time><extensions><gpxtpx:TrackPointExtension><gpxtpx:hr>164</gpxtpx:hr><gpxtpx:cad>75</gpxtpx:cad></gpxtpx:TrackPointExtension></extensions><extensions><gpxtpx:PowerExtension><gpxtpx:PowerInWatts>212</gpxtpx:PowerInWatts></gpxtpx:PowerExtension></extensions></trkpt>
<trkpt lat="38.5782392" lon="-121.4716753">
<ele>11</ele><time>2025-08-29T16:37:42.000Z</time><extensions><gpxtpx:TrackPointExtension><gpxtpx:hr>164</gpxtpx:hr><gpxtpx:cad>73</gpxtpx:cad></gpxtpx:TrackPointExtension></extensions><extensions><gpxtpx:PowerExtension><gpxtpx:PowerInWatts>214</gpxtpx:PowerInWatts></gpxtpx:PowerExtension></extensions></trkpt>
<trkpt lat="38.5781744" lon="-121.4717022">
<ele>11</ele><time>2025-08-29T16:37:44.000Z</time><extensions><gpxtpx:TrackPointExtension><gpxtpx:hr>164</gpxtpx:hr><gpxtpx:cad>75</gpxtpx:cad></gpxtpx:TrackPointExtension></extensions><extensions><gpxtpx:PowerExtension><gpxtpx:PowerInWatts>214</gpxtpx:PowerInWatts></gpxtpx:PowerExtension></extensions></trkpt>
<trkpt lat="38.5781176" lon="-121.4717158">
<ele>11</ele><time>2025-08-29T16:37:46.000Z</time><extensions><gpxtpx:TrackPointExtension><gpxtpx:hr>165</gpxtpx:hr><gpxtpx:cad>77</gpxtpx:cad></gpxtpx:TrackPointExtension></extensions><extensions><gpxtpx:PowerExtension><gpxtpx:PowerInWatts>214</gpxtpx:PowerInWatts></gpxtpx:PowerExtension></extensions></trkpt>
<trkpt lat="38.5780641" lon="-121.4717264">
<ele>11</ele><time>2025-08-29T16:37:48.000Z</time><extensions><gpxtpx:TrackPointExtension><gpxtpx:hr>165</gpxtpx:hr><gpxtpx:cad>86</gpxtpx:cad></gpxtpx:TrackPointExtension></extensions><extensions><gpxtpx:PowerExtension><gpxtpx:PowerInWatts>216</gpxtpx:PowerInWatts></gpxtpx:PowerExtension></extensions></trkpt>
<trkpt lat="38.5780165" lon="-121.4717419">
<ele>11</ele><time>2025-08-29T16:37:50.000Z</time><extensions><gpxtpx:TrackPointExtension><gpxtpx:hr>164</gpxtpx:hr><gpxtpx:cad>83</gpxtpx:cad></gpxtpx:TrackPointExtension></extensions><extensions><gpxtpx:PowerExtension><gpxtpx:PowerInWatts>221</gpxtpx:PowerInWatts></gpxtpx:PowerExtension></extensions></trkpt>
<trkpt lat="38.5779702" lon="-121.4717669">
<ele>11</ele><time>2025-08-29T16:37:52.000Z</time><extensions><gpxtpx:TrackPointExtension><gpxtpx:hr>164</gpxtpx:hr><gpxtpx:cad>80</gpxtpx:cad></gpxtpx:TrackPointExtension></extensions><extensions><gpxtpx:PowerExtension><gpxtpx:PowerInWatts>226</gpxtpx:PowerInWatts></gpxtpx:PowerExtension></extensions></trkpt>
<trkpt lat="38.5779127" lon="-121.4718083">
<ele>11</ele><time>2025-08-29T16:37:53.999Z</time><extensions><gpxtpx:TrackPointExtension><gpxtpx:hr>164</gpxtpx:hr><gpxtpx:cad>78</gpxtpx:cad></gpxtpx:TrackPointExtension></extensions><extensions><gpxtpx:PowerExtension><gpxtpx:PowerInWatts>226</gpxtpx:PowerInWatts></gpxtpx:PowerExtension></extensions></trkpt>
<trkpt lat="38.5778580" lon="-121.4718515">
<ele>11</ele><time>2025-08-29T16:37:55.999Z</time><extensions><gpxtpx:TrackPointExtension><gpxtpx:hr>164</gpxtpx:hr><gpxtpx:cad>78</gpxtpx:cad></gpxtpx:TrackPointExtension></extensions><extensions><gpxtpx:PowerExtension><gpxtpx:PowerInWatts>222</gpxtpx:PowerInWatts></gpxtpx:PowerExtension></extensions></trkpt>
<trkpt lat="38.5777992" lon="-121.4718617">
<ele>11</ele><time>2025-08-29T16:37:57.999Z</time><extensions><gpxtpx:TrackPointExtension><gpxtpx:hr>164</gpxtpx:hr><gpxtpx:cad>80</gpxtpx:cad></gpxtpx:TrackPointExtension></extensions><extensions><gpxtpx:PowerExtension><gpxtpx:PowerInWatts>221</gpxtpx:PowerInWatts></gpxtpx:PowerExtension></extensions></trkpt>
<trkpt lat="38.5777364" lon="-121.4718712">
<ele>11</ele><time>2025-08-29T16:38:00.999Z</time><extensions><gpxtpx:TrackPointExtension><gpxtpx:hr>164</gpxtpx:hr><gpxtpx:cad>81</gpxtpx:cad></gpxtpx:TrackPointExtension></extensions><extensions><gpxtpx:PowerExtension><gpxtpx:PowerInWatts>225</gpxtpx:PowerInWatts></gpxtpx:PowerExtension></extensions></trkpt>
<trkpt lat="38.5776913" lon="-121.4718849">
<ele>11</ele><time>2025-08-29T16:38:02.999Z</time><extensions><gpxtpx:TrackPointExtension><gpxtpx:hr>164</gpxtpx:hr><gpxtpx:cad>81</gpxtpx:cad></gpxtpx:TrackPointExtension></extensions><extensions><gpxtpx:PowerExtension><gpxtpx:PowerInWatts>229</gpxtpx:PowerInWatts></gpxtpx:PowerExtension></extensions></trkpt>
<trkpt lat="38.5776319" lon="-121.4719149">
<ele>11</ele><time>2025-08-29T16:38:05.999Z</time><extensions><gpxtpx:TrackPointExtension><gpxtpx:hr>164</gpxtpx:hr><gpxtpx:cad>80</gpxtpx:cad></gpxtpx:TrackPointExtension></extensions><extensions><gpxtpx:PowerExtension><gpxtpx:PowerInWatts>224</gpxtpx:PowerInWatts></gpxtpx:PowerExtension></extensions></trkpt>
<trkpt lat="38.5775796" lon="-121.4719219">
<ele>11</ele><time>2025-08-29T16:38:07.999Z</time><extensions><gpxtpx:TrackPointExtension><gpxtpx:hr>164</gpxtpx:hr><gpxtpx:cad>77</gpxtpx:cad></gpxtpx:TrackPointExtension></extensions><extensions><gpxtpx:PowerExtension><gpxtpx:PowerInWatts>224</gpxtpx:PowerInWatts></gpxtpx:PowerExtension></extensions></trkpt>
<trkpt lat="38.5775376" lon="-121.4719640">
<ele>11</ele><time>2025-08-29T16:38:09.999Z</time><extensions><gpxtpx:TrackPointExtension><gpxtpx:hr>164</gpxtpx:hr><gpxtpx:cad>79</gpxtpx:cad></gpxtpx:TrackPointExtension></extensions><extensions><gpxtpx:PowerExtension><gpxtpx:PowerInWatts>218</gpxtpx:PowerInWatts></gpxtpx:PowerExtension></extensions></trkpt>
<trkpt lat="38.5774740" lon="-121.4719685">
<ele>11</ele><time>2025-08-29T16:38:11.999Z</time><extensions><gpxtpx:TrackPointExtension><gpxtpx:hr>164</gpxtpx:hr><gpxtpx:cad>78</gpxtpx:cad></gpxtpx:TrackPointExtension></extensions><extensions><gpxtpx:PowerExtension><gpxtpx:PowerInWatts>218</gpxtpx:PowerInWatts></gpxtpx:PowerExtension></extensions></trkpt>
<trkpt lat="38.5774069" lon="-121.4720057">
<ele>11</ele><time>2025-08-29T16:38:14.999Z</time><extensions><gpxtpx:TrackPointExtension><gpxtpx:hr>164</gpxtpx:hr><gpxtpx:cad>78</gpxtpx:cad></gpxtpx:TrackPointExtension></extensions><extensions><gpxtpx:PowerExtension><gpxtpx:PowerInWatts>221</gpxtpx:PowerInWatts></gpxtpx:PowerExtension></extensions></trkpt>
<trkpt lat="38.5773389" lon="-121.4720103">
<ele>11</ele><time>2025-08-29T16:38:17.999Z</time><extensions><gpxtpx:TrackPointExtension><gpxtpx:hr>164</gpxtpx:hr><gpxtpx:cad>80</gpxtpx:cad></gpxtpx:TrackPointExtension></extensions><extensions><gpxtpx:PowerExtension><gpxtpx:PowerInWatts>223</gpxtpx:PowerInWatts></gpxtpx:PowerExtension></extensions></trkpt>
<trkpt lat="38.5772826" lon="-121.4720139">
<ele>11</ele><time>2025-08-29T16:38:19.999Z</time><extensions><gpxtpx:TrackPointExtension><gpxtpx:hr>164</gpxtpx:hr><gpxtpx:cad>74</gpxtpx:cad></gpxtpx:TrackPointExtension></extensions><extensions><gpxtpx:PowerExtension><gpxtpx:PowerInWatts>223</gpxtpx:PowerInWatts></gpxtpx:PowerExtension></extensions></trkpt>
<trkpt lat="38.5772251" lon="-121.4720378">
<ele>11</ele><time>2025-08-29T16:38:21.999Z</time><extensions><gpxtpx:TrackPointExtension><gpxtpx:hr>164</gpxtpx:hr><gpxtpx:cad>81</gpxtpx:cad></gpxtpx:TrackPointExtension></extensions><extensions><gpxtpx:PowerExtension><gpxtpx:PowerInWatts>222</gpxtpx:PowerInWatts></gpxtpx:PowerExtension></extensions></trkpt>
<trkpt lat="38.5771761" lon="-121.4720585">
<ele>11</ele><time>2025-08-29T16:38:23.999Z</time><extensions><gpxtpx:TrackPointExtension><gpxtpx:hr>163</gpxtpx:hr><gpxtpx:cad>79</gpxtpx:cad></gpxtpx:TrackPointExtension></extensions><extensions><gpxtpx:PowerExtension><gpxtpx:PowerInWatts>222</gpxtpx:PowerInWatts></gpxtpx:PowerExtension></extensions></trkpt>
<trkpt lat="38.5771197" lon="-121.4720640">
<ele>11</ele><time>2025-08-29T16:38:26.999Z</time><extensions><gpxtpx:TrackPointExtension><gpxtpx:hr>163</gpxtpx:hr><gpxtpx:cad>80</gpxtpx:cad></gpxtpx:TrackPointExtension></extensions><extensions><gpxtpx:PowerExtension><gpxtpx:PowerInWatts>219</gpxtpx:PowerInWatts></gpxtpx:PowerExtension></extensions></trkpt>
<trkpt lat="38.5770663" lon="-121.4721220">
<ele>11</ele><time>2025-08-29T16:38:28.999Z</time><extensions><gpxtpx:TrackPointExtension><gpxtpx:hr>164</gpxtpx:hr><gpxtpx:cad>77</gpxtpx:cad></gpxtpx:TrackPointExtension></extensions><extensions><gpxtpx:PowerExtension><gpxtpx:PowerInWatts>222</gpxtpx:PowerInWatts></gpxtpx:PowerExtension></extensions></trkpt>
<trkpt lat="38.5770207" lon="-121.4721465">
<ele>11</ele><time>2025-08-29T16:38:30.999Z</time><extensions><gpxtpx:TrackPointExtension><gpxtpx:hr>164</gpxtpx:hr><gpxtpx:cad>74</gpxtpx:cad></gpxtpx:TrackPointExtension></extensions><extensions><gpxtpx:PowerExtension><gpxtpx:PowerInWatts>220</gpxtpx:PowerInWatts></gpxtpx:PowerExtension></extensions></trkpt>
<trkpt lat="38.5769772" lon="-121.4721718">
<ele>11</ele><time>2025-08-29T16:38:32.999Z</time><extensions><gpxtpx:TrackPointExtension><gpxtpx:hr>164</gpxtpx:hr><gpxtpx:cad>79</gpxtpx:cad></gpxtpx:TrackPointExtension></extensions><extensions><gpxtpx:PowerExtension><gpxtpx:PowerInWatts>218</gpxtpx:PowerInWatts></gpxtpx:PowerExtension></extensions></trkpt>
<trkpt lat="38.5769254" lon="-121.4721992">
<ele>11</ele><time>2025-08-29T16:38:34.999Z</time><extensions><gpxtpx:TrackPointExtension><gpxtpx:hr>163</gpxtpx:hr><gpxtpx:cad>79</gpxtpx:cad></gpxtpx:TrackPointExtension></extensions><extensions><gpxtpx:PowerExtension><gpxtpx:PowerInWatts>218</gpxtpx:PowerInWatts></gpxtpx:PowerExtension></extensions></trkpt>
<trkpt lat="38.5768639" lon="-121.4722203">
<ele>11</ele><time>2025-08-29T16:38:37.999Z</time><extensions><gpxtpx:TrackPointExtension><gpxtpx:hr>163</gpxtpx:hr><gpxtpx:cad>79</gpxtpx:cad></gpxtpx:TrackPointExtension></extensions><extensions><gpxtpx:PowerExtension><gpxtpx:PowerInWatts>229</gpxtpx:PowerInWatts></gpxtpx:PowerExtension></extensions></trkpt>
<trkpt lat="38.5768029" lon="-121.4722486">
<ele>11</ele><time>2025-08-29T16:38:39.999Z</time><extensions><gpxtpx:TrackPointExtension><gpxtpx:hr>163</gpxtpx:hr><gpxtpx:cad>81</gpxtpx:cad></gpxtpx:TrackPointExtension></extensions><extensions><gpxtpx:PowerExtension><gpxtpx:PowerInWatts>229</gpxtpx:PowerInWatts></gpxtpx:PowerExtension></extensions></trkpt>
<trkpt lat="38.5767424" lon="-121.4723055">
<ele>11</ele><time>2025-08-29T16:38:42.999Z</time><extensions><gpxtpx:TrackPointExtension><gpxtpx:hr>164</gpxtpx:hr><gpxtpx:cad>80</gpxtpx:cad></gpxtpx:TrackPointExtension></extensions><extensions><gpxtpx:PowerExtension><gpxtpx:PowerInWatts>227</gpxtpx:PowerInWatts></gpxtpx:PowerExtension></extensions></trkpt>
<trkpt lat="38.5766930" lon="-121.4723249">
<ele>11</ele><time>2025-08-29T16:38:44.999Z</time><extensions><gpxtpx:TrackPointExtension><gpxtpx:hr>164</gpxtpx:hr><gpxtpx:cad>80</gpxtpx:cad></gpxtpx:TrackPointExtension></extensions><extensions><gpxtpx:PowerExtension><gpxtpx:PowerInWatts>227</gpxtpx:PowerInWatts></gpxtpx:PowerExtension></extensions></trkpt>
<trkpt lat="38.5766335" lon="-121.4723153">
<ele>11</ele><time>2025-08-29T16:38:47.999Z</time><extensions><gpxtpx:TrackPointExtension><gpxtpx:hr>164</gpxtpx:hr><gpxtpx:cad>81</gpxtpx:cad></gpxtpx:TrackPointExtension></extensions><extensions><gpxtpx:PowerExtension><gpxtpx:PowerInWatts>224</gpxtpx:PowerInWatts></gpxtpx:PowerExtension></extensions></trkpt>
<trkpt lat="38.5765788" lon="-121.4723277">
<ele>11</ele><time>2025-08-29T16:38:50.999Z</time><extensions><gpxtpx:TrackPointExtension><gpxtpx:hr>163</gpxtpx:hr><gpxtpx:cad>78</gpxtpx:cad></gpxtpx:TrackPointExtension></extensions><extensions><gpxtpx:PowerExtension><gpxtpx:PowerInWatts>213</gpxtpx:PowerInWatts></gpxtpx:PowerExtension></extensions></trkpt>
<trkpt lat="38.5765342" lon="-121.4723595">
<ele>11</ele><time>2025-08-29T16:38:52.999Z</time><extensions><gpxtpx:TrackPointExtension><gpxtpx:hr>164</gpxtpx:hr><gpxtpx:cad>79</gpxtpx:cad></gpxtpx:TrackPointExtension></extensions><extensions><gpxtpx:PowerExtension><gpxtpx:PowerInWatts>213</gpxtpx:PowerInWatts></gpxtpx:PowerExtension></extensions></trkpt>
<trkpt lat="38.5764882" lon="-121.4724145">
<ele>11</ele><time>2025-08-29T16:38:54.999Z</time><extensions><gpxtpx:TrackPointExtension><gpxtpx:hr>164</gpxtpx:hr><gpxtpx:cad>77</gpxtpx:cad></gpxtpx:TrackPointExtension></extensions><extensions><gpxtpx:PowerExtension><gpxtpx:PowerInWatts>213</gpxtpx:PowerInWatts></gpxtpx:PowerExtension></extensions></trkpt>
<trkpt lat="38.5764444" lon="-121.4724582">
<ele>11</ele><time>2025-08-29T16:38:56.999Z</time><extensions><gpxtpx:TrackPointExtension><gpxtpx:hr>164</gpxtpx:hr><gpxtpx:cad>77</gpxtpx:cad></gpxtpx:TrackPointExtension></extensions><extensions><gpxtpx:PowerExtension><gpxtpx:PowerInWatts>208</gpxtpx:PowerInWatts></gpxtpx:PowerExtension></extensions></trkpt>
<trkpt lat="38.5763880" lon="-121.4724840">
<ele>11</ele><time>2025-08-29T16:38:59.999Z</time><extensions><gpxtpx:TrackPointExtension><gpxtpx:hr>164</gpxtpx:hr><gpxtpx:cad>74</gpxtpx:cad></gpxtpx:TrackPointExtension></extensions><extensions><gpxtpx:PowerExtension><gpxtpx:PowerInWatts>208</gpxtpx:PowerInWatts></gpxtpx:PowerExtension></extensions></trkpt>
<trkpt lat="38.5763221" lon="-121.4725080">
<ele>11</ele><time>2025-08-29T16:39:01.999Z</time><extensions><gpxtpx:TrackPointExtension><gpxtpx:hr>163</gpxtpx:hr><gpxtpx:cad>79</gpxtpx:cad></gpxtpx:TrackPointExtension></extensions><extensions><gpxtpx:PowerExtension><gpxtpx:PowerInWatts>208</gpxtpx:PowerInWatts></gpxtpx:PowerExtension></extensions></trkpt>
<trkpt lat="38.5762712" lon="-121.4725106">
<ele>11</ele><time>2025-08-29T16:39:03.999Z</time><extensions><gpxtpx:TrackPointExtension><gpxtpx:hr>163</gpxtpx:hr><gpxtpx:cad>82</gpxtpx:cad></gpxtpx:TrackPointExtension></extensions><extensions><gpxtpx:PowerExtension><gpxtpx:PowerInWatts>212</gpxtpx:PowerInWatts></gpxtpx:PowerExtension></extensions></trkpt>
<trkpt lat="38.5762313" lon="-121.4725683">
<ele>11</ele><time>2025-08-29T16:39:06.999Z</time><extensions><gpxtpx:TrackPointExtension><gpxtpx:hr>163</gpxtpx:hr><gpxtpx:cad>77</gpxtpx:cad></gpxtpx:TrackPointExtension></extensions><extensions><gpxtpx:PowerExtension><gpxtpx:PowerInWatts>212</gpxtpx:PowerInWatts></gpxtpx:PowerExtension></extensions></trkpt>
<trkpt lat="38.5761567" lon="-121.4725742">
<ele>11</ele><time>2025-08-29T16:39:08.999Z</time><extensions><gpxtpx:TrackPointExtension><gpxtpx:hr>163</gpxtpx:hr><gpxtpx:cad>81</gpxtpx:cad></gpxtpx:TrackPointExtension></extensions><extensions><gpxtpx:PowerExtension><gpxtpx:PowerInWatts>214</gpxtpx:PowerInWatts></gpxtpx:PowerExtension></extensions></trkpt>
<trkpt lat="38.5760969" lon="-121.4726087">
<ele>11</ele><time>2025-08-29T16:39:10.999Z</time><extensions><gpxtpx:TrackPointExtension><gpxtpx:hr>164</gpxtpx:hr><gpxtpx:cad>81</gpxtpx:cad></gpxtpx:TrackPointExtension></extensions><extensions><gpxtpx:PowerExtension><gpxtpx:PowerInWatts>214</gpxtpx:PowerInWatts></gpxtpx:PowerExtension></extensions></trkpt>
<trkpt lat="38.5760397" lon="-121.4726184">
<ele>11</ele><time>2025-08-29T16:39:12.999Z</time><extensions><gpxtpx:TrackPointExtension><gpxtpx:hr>163</gpxtpx:hr><gpxtpx:cad>80</gpxtpx:cad></gpxtpx:TrackPointExtension></extensions><extensions><gpxtpx:PowerExtension><gpxtpx:PowerInWatts>212</gpxtpx:PowerInWatts></gpxtpx:PowerExtension></extensions></trkpt>
<trkpt lat="38.5759775" lon="-121.4726220">
<ele>11</ele><time>2025-08-29T16:39:14.999Z</time><extensions><gpxtpx:TrackPointExtension><gpxtpx:hr>163</gpxtpx:hr><gpxtpx:cad>80</gpxtpx:cad></gpxtpx:TrackPointExtension></extensions><extensions><gpxtpx:PowerExtension><gpxtpx:PowerInWatts>212</gpxtpx:PowerInWatts></gpxtpx:PowerExtension></extensions></trkpt>
<trkpt lat="38.5759290" lon="-121.4726451">
<ele>11</ele><time>2025-08-29T16:39:17.999Z</time><extensions><gpxtpx:TrackPointExtension><gpxtpx:hr>163</gpxtpx:hr><gpxtpx:cad>80</gpxtpx:cad></gpxtpx:TrackPointExtension></extensions><extensions><gpxtpx:PowerExtension><gpxtpx:PowerInWatts>222</gpxtpx:PowerInWatts></gpxtpx:PowerExtension></extensions></trkpt>
<trkpt lat="38.5758822" lon="-121.4726669">
<ele>11</ele><time>2025-08-29T16:39:19.999Z</time><extensions><gpxtpx:TrackPointExtension><gpxtpx:hr>163</gpxtpx:hr><gpxtpx:cad>79</gpxtpx:cad></gpxtpx:TrackPointExtension></extensions><extensions><gpxtpx:PowerExtension><gpxtpx:PowerInWatts>222</gpxtpx:PowerInWatts></gpxtpx:PowerExtension></extensions></trkpt>
<trkpt lat="38.5758386" lon="-121.4726961">
<ele>11</ele><time>2025-08-29T16:39:21.999Z</time><extensions><gpxtpx:TrackPointExtension><gpxtpx:hr>164</gpxtpx:hr><gpxtpx:cad>74</gpxtpx:cad></gpxtpx:TrackPointExtension></extensions><extensions><gpxtpx:PowerExtension><gpxtpx:PowerInWatts>210</gpxtpx:PowerInWatts></gpxtpx:PowerExtension></extensions></trkpt>
<trkpt lat="38.5757851" lon="-121.4727286">
<ele>11</ele><time>2025-08-29T16:39:23.999Z</time><extensions><gpxtpx:TrackPointExtension><gpxtpx:hr>164</gpxtpx:hr><gpxtpx:cad>76</gpxtpx:cad></gpxtpx:TrackPointExtension></extensions><extensions><gpxtpx:PowerExtension><gpxtpx:PowerInWatts>210</gpxtpx:PowerInWatts></gpxtpx:PowerExtension></extensions></trkpt>
<trkpt lat="38.5757261" lon="-121.4727399">
<ele>11</ele><time>2025-08-29T16:39:25.999Z</time><extensions><gpxtpx:TrackPointExtension><gpxtpx:hr>164</gpxtpx:hr><gpxtpx:cad>78</gpxtpx:cad></gpxtpx:TrackPointExtension></extensions><extensions><gpxtpx:PowerExtension><gpxtpx:PowerInWatts>206</gpxtpx:PowerInWatts></gpxtpx:PowerExtension></extensions></trkpt>
<trkpt lat="38.5756746" lon="-121.4727443">
<ele>11</ele><time>2025-08-29T16:39:27.999Z</time><extensions><gpxtpx:TrackPointExtension><gpxtpx:hr>164</gpxtpx:hr><gpxtpx:cad>82</gpxtpx:cad></gpxtpx:TrackPointExtension></extensions><extensions><gpxtpx:PowerExtension><gpxtpx:PowerInWatts>209</gpxtpx:PowerInWatts></gpxtpx:PowerExtension></extensions></trkpt>
<trkpt lat="38.5756268" lon="-121.4727659">
<ele>11</ele><time>2025-08-29T16:39:29.999Z</time><extensions><gpxtpx:TrackPointExtension><gpxtpx:hr>164</gpxtpx:hr><gpxtpx:cad>82</gpxtpx:cad></gpxtpx:TrackPointExtension></extensions><extensions><gpxtpx:PowerExtension><gpxtpx:PowerInWatts>209</gpxtpx:PowerInWatts></gpxtpx:PowerExtension></extensions></trkpt>
<trkpt lat="38.5755810" lon="-121.4727878">
<ele>11</ele><time>2025-08-29T16:39:31.999Z</time><extensions><gpxtpx:TrackPointExtension><gpxtpx:hr>164</gpxtpx:hr><gpxtpx:cad>84</gpxtpx:cad></gpxtpx:TrackPointExtension></extensions><extensions><gpxtpx:PowerExtension><gpxtpx:PowerInWatts>209</gpxtpx:PowerInWatts></gpxtpx:PowerExtension></extensions></trkpt>
<trkpt lat="38.5755363" lon="-121.4727970">
<ele>11</ele><time>2025-08-29T16:39:33.999Z</time><extensions><gpxtpx:TrackPointExtension><gpxtpx:hr>164</gpxtpx:hr><gpxtpx:cad>81</gpxtpx:cad></gpxtpx:TrackPointExtension></extensions><extensions><gpxtpx:PowerExtension><gpxtpx:PowerInWatts>213</gpxtpx:PowerInWatts></gpxtpx:PowerExtension></extensions></trkpt>
<trkpt lat="38.5754905" lon="-121.4728295">
<ele>11</ele><time>2025-08-29T16:39:35.999Z</time><extensions><gpxtpx:TrackPointExtension><gpxtpx:hr>164</gpxtpx:hr><gpxtpx:cad>81</gpxtpx:cad></gpxtpx:TrackPointExtension></extensions><extensions><gpxtpx:PowerExtension><gpxtpx:PowerInWatts>213</gpxtpx:PowerInWatts></gpxtpx:PowerExtension></extensions></trkpt>
<trkpt lat="38.5754202" lon="-121.4728579">
<ele>11</ele><time>2025-08-29T16:39:38.999Z</time><extensions><gpxtpx:TrackPointExtension><gpxtpx:hr>164</gpxtpx:hr><gpxtpx:cad>80</gpxtpx:cad></gpxtpx:TrackPointExtension></extensions><extensions><gpxtpx:PowerExtension><gpxtpx:PowerInWatts>210</gpxtpx:PowerInWatts></gpxtpx:PowerExtension></extensions></trkpt>
<trkpt lat="38.5753679" lon="-121.4728861">
<ele>11</ele><time>2025-08-29T16:39:40.999Z</time><extensions><gpxtpx:TrackPointExtension><gpxtpx:hr>163</gpxtpx:hr><gpxtpx:cad>81</gpxtpx:cad></gpxtpx:TrackPointExtension></extensions><extensions><gpxtpx:PowerExtension><gpxtpx:PowerInWatts>203</gpxtpx:PowerInWatts></gpxtpx:PowerExtension></extensions></trkpt>
<trkpt lat="38.5753236" lon="-121.4729121">
<ele>11</ele><time>2025-08-29T16:39:42.999Z</time><extensions><gpxtpx:TrackPointExtension><gpxtpx:hr>163</gpxtpx:hr><gpxtpx:cad>78</gpxtpx:cad></gpxtpx:TrackPointExtension></extensions><extensions><gpxtpx:PowerExtension><gpxtpx:PowerInWatts>202</gpxtpx:PowerInWatts></gpxtpx:PowerExtension></extensions></trkpt>
<trkpt lat="38.5752716" lon="-121.4729580">
<ele>11</ele><time>2025-08-29T16:39:44.999Z</time><extensions><gpxtpx:TrackPointExtension><gpxtpx:hr>163</gpxtpx:hr><gpxtpx:cad>77</gpxtpx:cad></gpxtpx:TrackPointExtension></extensions><extensions><gpxtpx:PowerExtension><gpxtpx:PowerInWatts>207</gpxtpx:PowerInWatts></gpxtpx:PowerExtension></extensions></trkpt>
<trkpt lat="38.5752164" lon="-121.4729810">
<ele>11</ele><time>2025-08-29T16:39:46.999Z</time><extensions><gpxtpx:TrackPointExtension><gpxtpx:hr>163</gpxtpx:hr><gpxtpx:cad>75</gpxtpx:cad></gpxtpx:TrackPointExtension></extensions><extensions><gpxtpx:PowerExtension><gpxtpx:PowerInWatts>207</gpxtpx:PowerInWatts></gpxtpx:PowerExtension></extensions></trkpt>
<trkpt lat="38.5751551" lon="-121.4730255">
<ele>11</ele><time>2025-08-29T16:39:49.999Z</time><extensions><gpxtpx:TrackPointExtension><gpxtpx:hr>163</gpxtpx:hr><gpxtpx:cad>79</gpxtpx:cad></gpxtpx:TrackPointExtension></extensions><extensions><gpxtpx:PowerExtension><gpxtpx:PowerInWatts>212</gpxtpx:PowerInWatts></gpxtpx:PowerExtension></extensions></trkpt>
<trkpt lat="38.5751086" lon="-121.4730495">
<ele>11</ele><time>2025-08-29T16:39:51.999Z</time><extensions><gpxtpx:TrackPointExtension><gpxtpx:hr>163</gpxtpx:hr><gpxtpx:cad>84</gpxtpx:cad></gpxtpx:TrackPointExtension></extensions><extensions><gpxtpx:PowerExtension><gpxtpx:PowerInWatts>212</gpxtpx:PowerInWatts></gpxtpx:PowerExtension></extensions></trkpt>
<trkpt lat="38.5750558" lon="-121.4730725">
<ele>11</ele><time>2025-08-29T16:39:53.999Z</time><extensions><gpxtpx:TrackPointExtension><gpxtpx:hr>163</gpxtpx:hr><gpxtpx:cad>81</gpxtpx:cad></gpxtpx:TrackPointExtension></extensions><extensions><gpxtpx:PowerExtension><gpxtpx:PowerInWatts>215</gpxtpx:PowerInWatts></gpxtpx:PowerExtension></extensions></trkpt>
<trkpt lat="38.5750122" lon="-121.4730916">
<ele>11</ele><time>2025-08-29T16:39:55.999Z</time><extensions><gpxtpx:TrackPointExtension><gpxtpx:hr>163</gpxtpx:hr><gpxtpx:cad>83</gpxtpx:cad></gpxtpx:TrackPointExtension></extensions><extensions><gpxtpx:PowerExtension><gpxtpx:PowerInWatts>215</gpxtpx:PowerInWatts></gpxtpx:PowerExtension></extensions></trkpt>
<trkpt lat="38.5749725" lon="-121.4731802">
<ele>10</ele><time>2025-08-29T16:39:58.999Z</time><extensions><gpxtpx:TrackPointExtension><gpxtpx:hr>163</gpxtpx:hr><gpxtpx:cad>80</gpxtpx:cad></gpxtpx:TrackPointExtension></extensions><extensions><gpxtpx:PowerExtension><gpxtpx:PowerInWatts>215</gpxtpx:PowerInWatts></gpxtpx:PowerExtension></extensions></trkpt>
<trkpt lat="38.5750221" lon="-121.4732555">
<ele>10</ele><time>2025-08-29T16:40:00.999Z</time><extensions><gpxtpx:TrackPointExtension><gpxtpx:hr>163</gpxtpx:hr><gpxtpx:cad>78</gpxtpx:cad></gpxtpx:TrackPointExtension></extensions><extensions><gpxtpx:PowerExtension><gpxtpx:PowerInWatts>213</gpxtpx:PowerInWatts></gpxtpx:PowerExtension></extensions></trkpt>
<trkpt lat="38.5750360" lon="-121.4733200">
<ele>10</ele><time>2025-08-29T16:40:02.999Z</time><extensions><gpxtpx:TrackPointExtension><gpxtpx:hr>163</gpxtpx:hr><gpxtpx:cad>79</gpxtpx:cad></gpxtpx:TrackPointExtension></extensions><extensions><gpxtpx:PowerExtension><gpxtpx:PowerInWatts>213</gpxtpx:PowerInWatts></gpxtpx:PowerExtension></extensions></trkpt>
<trkpt lat="38.5750423" lon="-121.4733966">
<ele>10</ele><time>2025-08-29T16:40:04.999Z</time><extensions><gpxtpx:TrackPointExtension><gpxtpx:hr>163</gpxtpx:hr><gpxtpx:cad>75</gpxtpx:cad></gpxtpx:TrackPointExtension></extensions><extensions><gpxtpx:PowerExtension><gpxtpx:PowerInWatts>213</gpxtpx:PowerInWatts></gpxtpx:PowerExtension></extensions></trkpt>
<trkpt lat="38.5750521" lon="-121.4734746">
<ele>10</ele><time>2025-08-29T16:40:07.999Z</time><extensions><gpxtpx:TrackPointExtension><gpxtpx:hr>163</gpxtpx:hr><gpxtpx:cad>75</gpxtpx:cad></gpxtpx:TrackPointExtension></extensions><extensions><gpxtpx:PowerExtension><gpxtpx:PowerInWatts>213</gpxtpx:PowerInWatts></gpxtpx:PowerExtension></extensions></trkpt>
<trkpt lat="38.5750619" lon="-121.4735375">
<ele>10</ele><time>2025-08-29T16:40:09.999Z</time><extensions><gpxtpx:TrackPointExtension><gpxtpx:hr>163</gpxtpx:hr><gpxtpx:cad>76</gpxtpx:cad></gpxtpx:TrackPointExtension></extensions><extensions><gpxtpx:PowerExtension><gpxtpx:PowerInWatts>221</gpxtpx:PowerInWatts></gpxtpx:PowerExtension></extensions></trkpt>
<trkpt lat="38.5750856" lon="-121.4736286">
<ele>10</ele><time>2025-08-29T16:40:12.999Z</time><extensions><gpxtpx:TrackPointExtension><gpxtpx:hr>163</gpxtpx:hr><gpxtpx:cad>79</gpxtpx:cad></gpxtpx:TrackPointExtension></extensions><extensions><gpxtpx:PowerExtension><gpxtpx:PowerInWatts>219</gpxtpx:PowerInWatts></gpxtpx:PowerExtension></extensions></trkpt>
<trkpt lat="38.5751051" lon="-121.4737043">
<ele>10</ele><time>2025-08-29T16:40:14.999Z</time><extensions><gpxtpx:TrackPointExtension><gpxtpx:hr>163</gpxtpx:hr><gpxtpx:cad>79</gpxtpx:cad></gpxtpx:TrackPointExtension></extensions><extensions><gpxtpx:PowerExtension><gpxtpx:PowerInWatts>219</gpxtpx:PowerInWatts></gpxtpx:PowerExtension></extensions></trkpt>
<trkpt lat="38.5751255" lon="-121.4737830">
<ele>10</ele><time>2025-08-29T16:40:17.999Z</time><extensions><gpxtpx:TrackPointExtension><gpxtpx:hr>162</gpxtpx:hr><gpxtpx:cad>78</gpxtpx:cad></gpxtpx:TrackPointExtension></extensions><extensions><gpxtpx:PowerExtension><gpxtpx:PowerInWatts>219</gpxtpx:PowerInWatts></gpxtpx:PowerExtension></extensions></trkpt>
<trkpt lat="38.5751494" lon="-121.4738728">
<ele>10</ele><time>2025-08-29T16:40:20.999Z</time><extensions><gpxtpx:TrackPointExtension><gpxtpx:hr>163</gpxtpx:hr><gpxtpx:cad>78</gpxtpx:cad></gpxtpx:TrackPointExtension></extensions><extensions><gpxtpx:PowerExtension><gpxtpx:PowerInWatts>219</gpxtpx:PowerInWatts></gpxtpx:PowerExtension></extensions></trkpt>
<trkpt lat="38.5751676" lon="-121.4739408">
<ele>10</ele><time>2025-08-29T16:40:22.999Z</time><extensions><gpxtpx:TrackPointExtension><gpxtpx:hr>163</gpxtpx:hr><gpxtpx:cad>79</gpxtpx:cad></gpxtpx:TrackPointExtension></extensions><extensions><gpxtpx:PowerExtension><gpxtpx:PowerInWatts>215</gpxtpx:PowerInWatts></gpxtpx:PowerExtension></extensions></trkpt>
<trkpt lat="38.5751843" lon="-121.4740032">
<ele>10</ele><time>2025-08-29T16:40:24.999Z</time><extensions><gpxtpx:TrackPointExtension><gpxtpx:hr>163</gpxtpx:hr><gpxtpx:cad>79</gpxtpx:cad></gpxtpx:TrackPointExtension></extensions><extensions><gpxtpx:PowerExtension><gpxtpx:PowerInWatts>215</gpxtpx:PowerInWatts></gpxtpx:PowerExtension></extensions></trkpt>
<trkpt lat="38.5751997" lon="-121.4740615">
<ele>10</ele><time>2025-08-29T16:40:26.999Z</time><extensions><gpxtpx:TrackPointExtension><gpxtpx:hr>163</gpxtpx:hr><gpxtpx:cad>78</gpxtpx:cad></gpxtpx:TrackPointExtension></extensions><extensions><gpxtpx:PowerExtension><gpxtpx:PowerInWatts>215</gpxtpx:PowerInWatts></gpxtpx:PowerExtension></extensions></trkpt>
<trkpt lat="38.5752202" lon="-121.4741386">
<ele>10</ele><time>2025-08-29T16:40:29.999Z</time><extensions><gpxtpx:TrackPointExtension><gpxtpx:hr>163</gpxtpx:hr><gpxtpx:cad>78</gpxtpx:cad></gpxtpx:TrackPointExtension></extensions><extensions><gpxtpx:PowerExtension><gpxtpx:PowerInWatts>214</gpxtpx:PowerInWatts></gpxtpx:PowerExtension></extensions></trkpt>
<trkpt lat="38.5752372" lon="-121.4742024">
<ele>10</ele><time>2025-08-29T16:40:31.999Z</time><extensions><gpxtpx:TrackPointExtension><gpxtpx:hr>163</gpxtpx:hr><gpxtpx:cad>78</gpxtpx:cad></gpxtpx:TrackPointExtension></extensions><extensions><gpxtpx:PowerExtension><gpxtpx:PowerInWatts>214</gpxtpx:PowerInWatts></gpxtpx:PowerExtension></extensions></trkpt>
<trkpt lat="38.5752543" lon="-121.4742663">
<ele>10</ele><time>2025-08-29T16:40:33.999Z</time><extensions><gpxtpx:TrackPointExtension><gpxtpx:hr>162</gpxtpx:hr><gpxtpx:cad>79</gpxtpx:cad></gpxtpx:TrackPointExtension></extensions><extensions><gpxtpx:PowerExtension><gpxtpx:PowerInWatts>214</gpxtpx:PowerInWatts></gpxtpx:PowerExtension></extensions></trkpt>
<trkpt lat="38.5752700" lon="-121.4743238">
<ele>10</ele><time>2025-08-29T16:40:35.999Z</time><extensions><gpxtpx:TrackPointExtension><gpxtpx:hr>161</gpxtpx:hr><gpxtpx:cad>79</gpxtpx:cad></gpxtpx:TrackPointExtension></extensions><extensions><gpxtpx:PowerExtension><gpxtpx:PowerInWatts>212</gpxtpx:PowerInWatts></gpxtpx:PowerExtension></extensions></trkpt>
<trkpt lat="38.5752935" lon="-121.4744109">
<ele>10</ele><time>2025-08-29T16:40:38.999Z</time><extensions><gpxtpx:TrackPointExtension><gpxtpx:hr>161</gpxtpx:hr><gpxtpx:cad>78</gpxtpx:cad></gpxtpx:TrackPointExtension></extensions><extensions><gpxtpx:PowerExtension><gpxtpx:PowerInWatts>215</gpxtpx:PowerInWatts></gpxtpx:PowerExtension></extensions></trkpt>
<trkpt lat="38.5753085" lon="-121.4744672">
<ele>10</ele><time>2025-08-29T16:40:40.999Z</time><extensions><gpxtpx:TrackPointExtension><gpxtpx:hr>161</gpxtpx:hr><gpxtpx:cad>81</gpxtpx:cad></gpxtpx:TrackPointExtension></extensions><extensions><gpxtpx:PowerExtension><gpxtpx:PowerInWatts>215</gpxtpx:PowerInWatts></gpxtpx:PowerExtension></extensions></trkpt>
<trkpt lat="38.5753308" lon="-121.4745312">
<ele>10</ele><time>2025-08-29T16:40:43.999Z</time><extensions><gpxtpx:TrackPointExtension><gpxtpx:hr>162</gpxtpx:hr><gpxtpx:cad>83</gpxtpx:cad></gpxtpx:TrackPointExtension></extensions><extensions><gpxtpx:PowerExtension><gpxtpx:PowerInWatts>215</gpxtpx:PowerInWatts></gpxtpx:PowerExtension></extensions></trkpt>
<trkpt lat="38.5753687" lon="-121.4746031">
<ele>10</ele><time>2025-08-29T16:40:46.999Z</time><extensions><gpxtpx:TrackPointExtension><gpxtpx:hr>162</gpxtpx:hr><gpxtpx:cad>84</gpxtpx:cad></gpxtpx:TrackPointExtension></extensions><extensions><gpxtpx:PowerExtension><gpxtpx:PowerInWatts>214</gpxtpx:PowerInWatts></gpxtpx:PowerExtension></extensions></trkpt>
<trkpt lat="38.5754161" lon="-121.4746064">
<ele>10</ele><time>2025-08-29T16:40:48.999Z</time><extensions><gpxtpx:TrackPointExtension><gpxtpx:hr>162</gpxtpx:hr><gpxtpx:cad>78</gpxtpx:cad></gpxtpx:TrackPointExtension></extensions><extensions><gpxtpx:PowerExtension><gpxtpx:PowerInWatts>214</gpxtpx:PowerInWatts></gpxtpx:PowerExtension></extensions></trkpt>
<trkpt lat="38.5754707" lon="-121.4745810">
<ele>10</ele><time>2025-08-29T16:40:50.999Z</time><extensions><gpxtpx:TrackPointExtension><gpxtpx:hr>162</gpxtpx:hr><gpxtpx:cad>76</gpxtpx:cad></gpxtpx:TrackPointExtension></extensions><extensions><gpxtpx:PowerExtension><gpxtpx:PowerInWatts>210</gpxtpx:PowerInWatts></gpxtpx:PowerExtension></extensions></trkpt>
<trkpt lat="38.5755437" lon="-121.4745358">
<ele>10</ele><time>2025-08-29T16:40:52.999Z</time><extensions><gpxtpx:TrackPointExtension><gpxtpx:hr>162</gpxtpx:hr><gpxtpx:cad>76</gpxtpx:cad></gpxtpx:TrackPointExtension></extensions><extensions><gpxtpx:PowerExtension><gpxtpx:PowerInWatts>207</gpxtpx:PowerInWatts></gpxtpx:PowerExtension></extensions></trkpt>
<trkpt lat="38.5756235" lon="-121.4744474">
<ele>10</ele><time>2025-08-29T16:40:53.999Z</time><extensions><gpxtpx:TrackPointExtension><gpxtpx:hr>162</gpxtpx:hr><gpxtpx:cad>79</gpxtpx:cad></gpxtpx:TrackPointExtension></extensions><extensions><gpxtpx:PowerExtension><gpxtpx:PowerInWatts>207</gpxtpx:PowerInWatts></gpxtpx:PowerExtension></extensions></trkpt>
<trkpt lat="38.5756827" lon="-121.4743683">
<ele>10</ele><time>2025-08-29T16:40:55.999Z</time><extensions><gpxtpx:TrackPointExtension><gpxtpx:hr>161</gpxtpx:hr><gpxtpx:cad>77</gpxtpx:cad></gpxtpx:TrackPointExtension></extensions><extensions><gpxtpx:PowerExtension><gpxtpx:PowerInWatts>213</gpxtpx:PowerInWatts></gpxtpx:PowerExtension></extensions></trkpt>
<trkpt lat="38.5757307" lon="-121.4743426">
<ele>10</ele><time>2025-08-29T16:40:57.999Z</time><extensions><gpxtpx:TrackPointExtension><gpxtpx:hr>161</gpxtpx:hr><gpxtpx:cad>72</gpxtpx:cad></gpxtpx:TrackPointExtension></extensions><extensions><gpxtpx:PowerExtension><gpxtpx:PowerInWatts>208</gpxtpx:PowerInWatts></gpxtpx:PowerExtension></extensions></trkpt>
<trkpt lat="38.5757875" lon="-121.4743106">
<ele>10</ele><time>2025-08-29T16:40:59.999Z</time><extensions><gpxtpx:TrackPointExtension><gpxtpx:hr>160</gpxtpx:hr><gpxtpx:cad>68</gpxtpx:cad></gpxtpx:TrackPointExtension></extensions><extensions><gpxtpx:PowerExtension><gpxtpx:PowerInWatts>210</gpxtpx:PowerInWatts></gpxtpx:PowerExtension></extensions></trkpt>
<trkpt lat="38.5758356" lon="-121.4742674">
<ele>10</ele><time>2025-08-29T16:41:01.999Z</time><extensions><gpxtpx:TrackPointExtension><gpxtpx:hr>160</gpxtpx:hr><gpxtpx:cad>60</gpxtpx:cad></gpxtpx:TrackPointExtension></extensions><extensions><gpxtpx:PowerExtension><gpxtpx:PowerInWatts>210</gpxtpx:PowerInWatts></gpxtpx:PowerExtension></extensions></trkpt>
<trkpt lat="38.5758812" lon="-121.4742341">
<ele>10</ele><time>2025-08-29T16:41:03.999Z</time><extensions><gpxtpx:TrackPointExtension><gpxtpx:hr>160</gpxtpx:hr><gpxtpx:cad>61</gpxtpx:cad></gpxtpx:TrackPointExtension></extensions><extensions><gpxtpx:PowerExtension><gpxtpx:PowerInWatts>210</gpxtpx:PowerInWatts></gpxtpx:PowerExtension></extensions></trkpt>
<trkpt lat="38.5759253" lon="-121.4742049">
<ele>10</ele><time>2025-08-29T16:41:05.999Z</time><extensions><gpxtpx:TrackPointExtension><gpxtpx:hr>160</gpxtpx:hr><gpxtpx:cad>59</gpxtpx:cad></gpxtpx:TrackPointExtension></extensions><extensions><gpxtpx:PowerExtension><gpxtpx:PowerInWatts>210</gpxtpx:PowerInWatts></gpxtpx:PowerExtension></extensions></trkpt>
<trkpt lat="38.5759834" lon="-121.4741735">
<ele>10</ele><time>2025-08-29T16:41:08.999Z</time><extensions><gpxtpx:TrackPointExtension><gpxtpx:hr>160</gpxtpx:hr><gpxtpx:cad>59</gpxtpx:cad></gpxtpx:TrackPointExtension></extensions><extensions><gpxtpx:PowerExtension><gpxtpx:PowerInWatts>214</gpxtpx:PowerInWatts></gpxtpx:PowerExtension></extensions></trkpt>
<trkpt lat="38.5760280" lon="-121.4741536">
<ele>10</ele><time>2025-08-29T16:41:11.999Z</time><extensions><gpxtpx:TrackPointExtension><gpxtpx:hr>160</gpxtpx:hr><gpxtpx:cad>60</gpxtpx:cad></gpxtpx:TrackPointExtension></extensions><extensions><gpxtpx:PowerExtension><gpxtpx:PowerInWatts>222</gpxtpx:PowerInWatts></gpxtpx:PowerExtension></extensions></trkpt>
<trkpt lat="38.5760801" lon="-121.4741358">
<ele>10</ele><time>2025-08-29T16:41:15.999Z</time><extensions><gpxtpx:TrackPointExtension><gpxtpx:hr>160</gpxtpx:hr><gpxtpx:cad>60</gpxtpx:cad></gpxtpx:TrackPointExtension></extensions><extensions><gpxtpx:PowerExtension><gpxtpx:PowerInWatts>221</gpxtpx:PowerInWatts></gpxtpx:PowerExtension></extensions></trkpt>
<trkpt lat="38.5761272" lon="-121.4741208">
<ele>10</ele><time>2025-08-29T16:41:20.999Z</time><extensions><gpxtpx:TrackPointExtension><gpxtpx:hr>159</gpxtpx:hr><gpxtpx:cad>62</gpxtpx:cad></gpxtpx:TrackPointExtension></extensions><extensions><gpxtpx:PowerExtension><gpxtpx:PowerInWatts>50</gpxtpx:PowerInWatts></gpxtpx:PowerExtension></extensions></trkpt>
<trkpt lat="38.5761771" lon="-121.4740922">
<ele>10</ele><time>2025-08-29T16:41:28.999Z</time><extensions><gpxtpx:TrackPointExtension><gpxtpx:hr>156</gpxtpx:hr><gpxtpx:cad>60</gpxtpx:cad></gpxtpx:TrackPointExtension></extensions><extensions><gpxtpx:PowerExtension><gpxtpx:PowerInWatts>69</gpxtpx:PowerInWatts></gpxtpx:PowerExtension></extensions></trkpt>
<trkpt lat="38.5762295" lon="-121.4740699">
<ele>10</ele><time>2025-08-29T16:41:32.999Z</time><extensions><gpxtpx:TrackPointExtension><gpxtpx:hr>155</gpxtpx:hr><gpxtpx:cad>59</gpxtpx:cad></gpxtpx:TrackPointExtension></extensions><extensions><gpxtpx:PowerExtension><gpxtpx:PowerInWatts>69</gpxtpx:PowerInWatts></gpxtpx:PowerExtension></extensions></trkpt>
<trkpt lat="38.5762881" lon="-121.4740580">
<ele>10</ele><time>2025-08-29T16:41:36.999Z</time><extensions><gpxtpx:TrackPointExtension><gpxtpx:hr>155</gpxtpx:hr><gpxtpx:cad>60</gpxtpx:cad></gpxtpx:TrackPointExtension></extensions><extensions><gpxtpx:PowerExtension><gpxtpx:PowerInWatts>81</gpxtpx:PowerInWatts></gpxtpx:PowerExtension></extensions></trkpt>
<trkpt lat="38.5763532" lon="-121.4740203">
<ele>10</ele><time>2025-08-29T16:41:39.999Z</time><extensions><gpxtpx:TrackPointExtension><gpxtpx:hr>154</gpxtpx:hr><gpxtpx:cad>60</gpxtpx:cad></gpxtpx:TrackPointExtension></extensions><extensions><gpxtpx:PowerExtension><gpxtpx:PowerInWatts>80</gpxtpx:PowerInWatts></gpxtpx:PowerExtension></extensions></trkpt>
<trkpt lat="38.5764106" lon="-121.4739993">
<ele>10</ele><time>2025-08-29T16:41:41.999Z</time><extensions><gpxtpx:TrackPointExtension><gpxtpx:hr>154</gpxtpx:hr><gpxtpx:cad>62</gpxtpx:cad></gpxtpx:TrackPointExtension></extensions><extensions><gpxtpx:PowerExtension><gpxtpx:PowerInWatts>80</gpxtpx:PowerInWatts></gpxtpx:PowerExtension></extensions></trkpt>
<trkpt lat="38.5764542" lon="-121.4739709">
<ele>10</ele><time>2025-08-29T16:41:43.999Z</time><extensions><gpxtpx:TrackPointExtension><gpxtpx:hr>154</gpxtpx:hr><gpxtpx:cad>66</gpxtpx:cad></gpxtpx:TrackPointExtension></extensions><extensions><gpxtpx:PowerExtension><gpxtpx:PowerInWatts>111</gpxtpx:PowerInWatts></gpxtpx:PowerExtension></extensions></trkpt>
<trkpt lat="38.5764987" lon="-121.4739500">
<ele>10</ele><time>2025-08-29T16:41:45.999Z</time><extensions><gpxtpx:TrackPointExtension><gpxtpx:hr>153</gpxtpx:hr><gpxtpx:cad>67</gpxtpx:cad></gpxtpx:TrackPointExtension></extensions><extensions><gpxtpx:PowerExtension><gpxtpx:PowerInWatts>111</gpxtpx:PowerInWatts></gpxtpx:PowerExtension></extensions></trkpt>
<trkpt lat="38.5765560" lon="-121.4739114">
<ele>10</ele><time>2025-08-29T16:41:48.999Z</time><extensions><gpxtpx:TrackPointExtension><gpxtpx:hr>152</gpxtpx:hr><gpxtpx:cad>74</gpxtpx:cad></gpxtpx:TrackPointExtension></extensions><extensions><gpxtpx:PowerExtension><gpxtpx:PowerInWatts>111</gpxtpx:PowerInWatts></gpxtpx:PowerExtension></extensions></trkpt>
<trkpt lat="38.5766196" lon="-121.4738936">
<ele>10</ele><time>2025-08-29T16:41:51.999Z</time><extensions><gpxtpx:TrackPointExtension><gpxtpx:hr>152</gpxtpx:hr><gpxtpx:cad>73</gpxtpx:cad></gpxtpx:TrackPointExtension></extensions><extensions><gpxtpx:PowerExtension><gpxtpx:PowerInWatts>210</gpxtpx:PowerInWatts></gpxtpx:PowerExtension></extensions></trkpt>
<trkpt lat="38.5766687" lon="-121.4738790">
<ele>10</ele><time>2025-08-29T16:41:53.999Z</time><extensions><gpxtpx:TrackPointExtension><gpxtpx:hr>152</gpxtpx:hr><gpxtpx:cad>77</gpxtpx:cad></gpxtpx:TrackPointExtension></extensions><extensions><gpxtpx:PowerExtension><gpxtpx:PowerInWatts>198</gpxtpx:PowerInWatts></gpxtpx:PowerExtension></extensions></trkpt>
<trkpt lat="38.5767130" lon="-121.4738644">
<ele>10</ele><time>2025-08-29T16:41:55.999Z</time><extensions><gpxtpx:TrackPointExtension><gpxtpx:hr>152</gpxtpx:hr><gpxtpx:cad>80</gpxtpx:cad></gpxtpx:TrackPointExtension></extensions><extensions><gpxtpx:PowerExtension><gpxtpx:PowerInWatts>195</gpxtpx:PowerInWatts></gpxtpx:PowerExtension></extensions></trkpt>
<trkpt lat="38.5767556" lon="-121.4738446">
<ele>10</ele><time>2025-08-29T16:41:57.999Z</time><extensions><gpxtpx:TrackPointExtension><gpxtpx:hr>153</gpxtpx:hr><gpxtpx:cad>83</gpxtpx:cad></gpxtpx:TrackPointExtension></extensions><extensions><gpxtpx:PowerExtension><gpxtpx:PowerInWatts>194</gpxtpx:PowerInWatts></gpxtpx:PowerExtension></extensions></trkpt>
<trkpt lat="38.5768072" lon="-121.4738171">
<ele>10</ele><time>2025-08-29T16:41:59.999Z</time><extensions><gpxtpx:TrackPointExtension><gpxtpx:hr>154</gpxtpx:hr><gpxtpx:cad>84</gpxtpx:cad></gpxtpx:TrackPointExtension></extensions><extensions><gpxtpx:PowerExtension><gpxtpx:PowerInWatts>194</gpxtpx:PowerInWatts></gpxtpx:PowerExtension></extensions></trkpt>
<trkpt lat="38.5768781" lon="-121.4737920">
<ele>10</ele><time>2025-08-29T16:42:02.999Z</time><extensions><gpxtpx:TrackPointExtension><gpxtpx:hr>154</gpxtpx:hr><gpxtpx:cad>83</gpxtpx:cad></gpxtpx:TrackPointExtension></extensions><extensions><gpxtpx:PowerExtension><gpxtpx:PowerInWatts>195</gpxtpx:PowerInWatts></gpxtpx:PowerExtension></extensions></trkpt>
<trkpt lat="38.5769219" lon="-121.4737594">
<ele>10</ele><time>2025-08-29T16:42:04.999Z</time><extensions><gpxtpx:TrackPointExtension><gpxtpx:hr>154</gpxtpx:hr><gpxtpx:cad>82</gpxtpx:cad></gpxtpx:TrackPointExtension></extensions><extensions><gpxtpx:PowerExtension><gpxtpx:PowerInWatts>195</gpxtpx:PowerInWatts></gpxtpx:PowerExtension></extensions></trkpt>
<trkpt lat="38.5769683" lon="-121.4737417">
<ele>10</ele><time>2025-08-29T16:42:06.999Z</time><extensions><gpxtpx:TrackPointExtension><gpxtpx:hr>154</gpxtpx:hr><gpxtpx:cad>83</gpxtpx:cad></gpxtpx:TrackPointExtension></extensions><extensions><gpxtpx:PowerExtension><gpxtpx:PowerInWatts>197</gpxtpx:PowerInWatts></gpxtpx:PowerExtension></extensions></trkpt>
<trkpt lat="38.5770317" lon="-121.4737253">
<ele>10</ele><time>2025-08-29T16:42:08.999Z</time><extensions><gpxtpx:TrackPointExtension><gpxtpx:hr>155</gpxtpx:hr><gpxtpx:cad>80</gpxtpx:cad></gpxtpx:TrackPointExtension></extensions><extensions><gpxtpx:PowerExtension><gpxtpx:PowerInWatts>198</gpxtpx:PowerInWatts></gpxtpx:PowerExtension></extensions></trkpt>
<trkpt lat="38.5770924" lon="-121.4737154">
<ele>10</ele><time>2025-08-29T16:42:10.999Z</time><extensions><gpxtpx:TrackPointExtension><gpxtpx:hr>155</gpxtpx:hr><gpxtpx:cad>81</gpxtpx:cad></gpxtpx:TrackPointExtension></extensions><extensions><gpxtpx:PowerExtension><gpxtpx:PowerInWatts>200</gpxtpx:PowerInWatts></gpxtpx:PowerExtension></extensions></trkpt>
<trkpt lat="38.5771559" lon="-121.4736834">
<ele>10</ele><time>2025-08-29T16:42:12.999Z</time><extensions><gpxtpx:TrackPointExtension><gpxtpx:hr>155</gpxtpx:hr><gpxtpx:cad>78</gpxtpx:cad></gpxtpx:TrackPointExtension></extensions><extensions><gpxtpx:PowerExtension><gpxtpx:PowerInWatts>200</gpxtpx:PowerInWatts></gpxtpx:PowerExtension></extensions></trkpt>
<trkpt lat="38.5772128" lon="-121.4736646">
<ele>10</ele><time>2025-08-29T16:42:14.999Z</time><extensions><gpxtpx:TrackPointExtension><gpxtpx:hr>156</gpxtpx:hr><gpxtpx:cad>78</gpxtpx:cad></gpxtpx:TrackPointExtension></extensions><extensions><gpxtpx:PowerExtension><gpxtpx:PowerInWatts>203</gpxtpx:PowerInWatts></gpxtpx:PowerExtension></extensions></trkpt>
<trkpt lat="38.5772748" lon="-121.4736699">
<ele>10</ele><time>2025-08-29T16:42:17.999Z</time><extensions><gpxtpx:TrackPointExtension><gpxtpx:hr>156</gpxtpx:hr><gpxtpx:cad>83</gpxtpx:cad></gpxtpx:TrackPointExtension></extensions><extensions><gpxtpx:PowerExtension><gpxtpx:PowerInWatts>210</gpxtpx:PowerInWatts></gpxtpx:PowerExtension></extensions></trkpt>
<trkpt lat="38.5773380" lon="-121.4736632">
<ele>10</ele><time>2025-08-29T16:42:19.999Z</time><extensions><gpxtpx:TrackPointExtension><gpxtpx:hr>157</gpxtpx:hr><gpxtpx:cad>82</gpxtpx:cad></gpxtpx:TrackPointExtension></extensions><extensions><gpxtpx:PowerExtension><gpxtpx:PowerInWatts>219</gpxtpx:PowerInWatts></gpxtpx:PowerExtension></extensions></trkpt>
<trkpt lat="38.5773975" lon="-121.4736543">
<ele>10</ele><time>2025-08-29T16:42:21.999Z</time><extensions><gpxtpx:TrackPointExtension><gpxtpx:hr>157</gpxtpx:hr><gpxtpx:cad>80</gpxtpx:cad></gpxtpx:TrackPointExtension></extensions><extensions><gpxtpx:PowerExtension><gpxtpx:PowerInWatts>219</gpxtpx:PowerInWatts></gpxtpx:PowerExtension></extensions></trkpt>
<trkpt lat="38.5774507" lon="-121.4736173">
<ele>10</ele><time>2025-08-29T16:42:23.999Z</time><extensions><gpxtpx:TrackPointExtension><gpxtpx:hr>157</gpxtpx:hr><gpxtpx:cad>77</gpxtpx:cad></gpxtpx:TrackPointExtension></extensions><extensions><gpxtpx:PowerExtension><gpxtpx:PowerInWatts>219</gpxtpx:PowerInWatts></gpxtpx:PowerExtension></extensions></trkpt>
<trkpt lat="38.5775078" lon="-121.4735800">
<ele>10</ele><time>2025-08-29T16:42:26.999Z</time><extensions><gpxtpx:TrackPointExtension><gpxtpx:hr>157</gpxtpx:hr><gpxtpx:cad>78</gpxtpx:cad></gpxtpx:TrackPointExtension></extensions><extensions><gpxtpx:PowerExtension><gpxtpx:PowerInWatts>219</gpxtpx:PowerInWatts></gpxtpx:PowerExtension></extensions></trkpt>
<trkpt lat="38.5775599" lon="-121.4735503">
<ele>10</ele><time>2025-08-29T16:42:28.999Z</time><extensions><gpxtpx:TrackPointExtension><gpxtpx:hr>157</gpxtpx:hr><gpxtpx:cad>80</gpxtpx:cad></gpxtpx:TrackPointExtension></extensions><extensions><gpxtpx:PowerExtension><gpxtpx:PowerInWatts>224</gpxtpx:PowerInWatts></gpxtpx:PowerExtension></extensions></trkpt>
<trkpt lat="38.5776174" lon="-121.4735203">
<ele>10</ele><time>2025-08-29T16:42:30.999Z</time><extensions><gpxtpx:TrackPointExtension><gpxtpx:hr>157</gpxtpx:hr><gpxtpx:cad>76</gpxtpx:cad></gpxtpx:TrackPointExtension></extensions><extensions><gpxtpx:PowerExtension><gpxtpx:PowerInWatts>224</gpxtpx:PowerInWatts></gpxtpx:PowerExtension></extensions></trkpt>
<trkpt lat="38.5776612" lon="-121.4735015">
<ele>10</ele><time>2025-08-29T16:42:32.999Z</time><extensions><gpxtpx:TrackPointExtension><gpxtpx:hr>158</gpxtpx:hr><gpxtpx:cad>76</gpxtpx:cad></gpxtpx:TrackPointExtension></extensions><extensions><gpxtpx:PowerExtension><gpxtpx:PowerInWatts>221</gpxtpx:PowerInWatts></gpxtpx:PowerExtension></extensions></trkpt>
<trkpt lat="38.5777170" lon="-121.4734643">
<ele>10</ele><time>2025-08-29T16:42:35.999Z</time><extensions><gpxtpx:TrackPointExtension><gpxtpx:hr>158</gpxtpx:hr><gpxtpx:cad>77</gpxtpx:cad></gpxtpx:TrackPointExtension></extensions><extensions><gpxtpx:PowerExtension><gpxtpx:PowerInWatts>221</gpxtpx:PowerInWatts></gpxtpx:PowerExtension></extensions></trkpt>
<trkpt lat="38.5777638" lon="-121.4734470">
<ele>10</ele><time>2025-08-29T16:42:37.999Z</time><extensions><gpxtpx:TrackPointExtension><gpxtpx:hr>158</gpxtpx:hr><gpxtpx:cad>79</gpxtpx:cad></gpxtpx:TrackPointExtension></extensions><extensions><gpxtpx:PowerExtension><gpxtpx:PowerInWatts>227</gpxtpx:PowerInWatts></gpxtpx:PowerExtension></extensions></trkpt>
<trkpt lat="38.5778084" lon="-121.4734373">
<ele>10</ele><time>2025-08-29T16:42:39.999Z</time><extensions><gpxtpx:TrackPointExtension><gpxtpx:hr>160</gpxtpx:hr><gpxtpx:cad>79</gpxtpx:cad></gpxtpx:TrackPointExtension></extensions><extensions><gpxtpx:PowerExtension><gpxtpx:PowerInWatts>218</gpxtpx:PowerInWatts></gpxtpx:PowerExtension></extensions></trkpt>
<trkpt lat="38.5778526" lon="-121.4734095">
<ele>10</ele><time>2025-08-29T16:42:41.999Z</time><extensions><gpxtpx:TrackPointExtension><gpxtpx:hr>160</gpxtpx:hr><gpxtpx:cad>78</gpxtpx:cad></gpxtpx:TrackPointExtension></extensions><extensions><gpxtpx:PowerExtension><gpxtpx:PowerInWatts>218</gpxtpx:PowerInWatts></gpxtpx:PowerExtension></extensions></trkpt>
<trkpt lat="38.5778988" lon="-121.4734128">
<ele>10</ele><time>2025-08-29T16:42:43.999Z</time><extensions><gpxtpx:TrackPointExtension><gpxtpx:hr>160</gpxtpx:hr><gpxtpx:cad>78</gpxtpx:cad></gpxtpx:TrackPointExtension></extensions><extensions><gpxtpx:PowerExtension><gpxtpx:PowerInWatts>217</gpxtpx:PowerInWatts></gpxtpx:PowerExtension></extensions></trkpt>
<trkpt lat="38.5779517" lon="-121.4733751">
<ele>10</ele><time>2025-08-29T16:42:45.999Z</time><extensions><gpxtpx:TrackPointExtension><gpxtpx:hr>160</gpxtpx:hr><gpxtpx:cad>77</gpxtpx:cad></gpxtpx:TrackPointExtension></extensions><extensions><gpxtpx:PowerExtension><gpxtpx:PowerInWatts>217</gpxtpx:PowerInWatts></gpxtpx:PowerExtension></extensions></trkpt>
<trkpt lat="38.5780104" lon="-121.4733552">
<ele>10</ele><time>2025-08-29T16:42:47.999Z</time><extensions><gpxtpx:TrackPointExtension><gpxtpx:hr>159</gpxtpx:hr><gpxtpx:cad>79</gpxtpx:cad></gpxtpx:TrackPointExtension></extensions><extensions><gpxtpx:PowerExtension><gpxtpx:PowerInWatts>214</gpxtpx:PowerInWatts></gpxtpx:PowerExtension></extensions></trkpt>
<trkpt lat="38.5780654" lon="-121.4733240">
<ele>10</ele><time>2025-08-29T16:42:50.999Z</time><extensions><gpxtpx:TrackPointExtension><gpxtpx:hr>158</gpxtpx:hr><gpxtpx:cad>80</gpxtpx:cad></gpxtpx:TrackPointExtension></extensions><extensions><gpxtpx:PowerExtension><gpxtpx:PowerInWatts>215</gpxtpx:PowerInWatts></gpxtpx:PowerExtension></extensions></trkpt>
<trkpt lat="38.5781153" lon="-121.4733006">
<ele>10</ele><time>2025-08-29T16:42:52.999Z</time><extensions><gpxtpx:TrackPointExtension><gpxtpx:hr>157</gpxtpx:hr><gpxtpx:cad>79</gpxtpx:cad></gpxtpx:TrackPointExtension></extensions><extensions><gpxtpx:PowerExtension><gpxtpx:PowerInWatts>217</gpxtpx:PowerInWatts></gpxtpx:PowerExtension></extensions></trkpt>
<trkpt lat="38.5781610" lon="-121.4732706">
<ele>10</ele><time>2025-08-29T16:42:54.999Z</time><extensions><gpxtpx:TrackPointExtension><gpxtpx:hr>157</gpxtpx:hr><gpxtpx:cad>79</gpxtpx:cad></gpxtpx:TrackPointExtension></extensions><extensions><gpxtpx:PowerExtension><gpxtpx:PowerInWatts>219</gpxtpx:PowerInWatts></gpxtpx:PowerExtension></extensions></trkpt>
<trkpt lat="38.5782246" lon="-121.4732443">
<ele>10</ele><time>2025-08-29T16:42:57.999Z</time><extensions><gpxtpx:TrackPointExtension><gpxtpx:hr>157</gpxtpx:hr><gpxtpx:cad>77</gpxtpx:cad></gpxtpx:TrackPointExtension></extensions><extensions><gpxtpx:PowerExtension><gpxtpx:PowerInWatts>218</gpxtpx:PowerInWatts></gpxtpx:PowerExtension></extensions></trkpt>
<trkpt lat="38.5782701" lon="-121.4732170">
<ele>11</ele><time>2025-08-29T16:42:59.999Z</time><extensions><gpxtpx:TrackPointExtension><gpxtpx:hr>157</gpxtpx:hr><gpxtpx:cad>76</gpxtpx:cad></gpxtpx:TrackPointExtension></extensions><extensions><gpxtpx:PowerExtension><gpxtpx:PowerInWatts>218</gpxtpx:PowerInWatts></gpxtpx:PowerExtension></extensions></trkpt>
<trkpt lat="38.5783273" lon="-121.4731781">
<ele>11</ele><time>2025-08-29T16:43:02.999Z</time><extensions><gpxtpx:TrackPointExtension><gpxtpx:hr>157</gpxtpx:hr><gpxtpx:cad>79</gpxtpx:cad></gpxtpx:TrackPointExtension></extensions><extensions><gpxtpx:PowerExtension><gpxtpx:PowerInWatts>214</gpxtpx:PowerInWatts></gpxtpx:PowerExtension></extensions></trkpt>
<trkpt lat="38.5783814" lon="-121.4731597">
<ele>11</ele><time>2025-08-29T16:43:04.999Z</time><extensions><gpxtpx:TrackPointExtension><gpxtpx:hr>157</gpxtpx:hr><gpxtpx:cad>83</gpxtpx:cad></gpxtpx:TrackPointExtension></extensions><extensions><gpxtpx:PowerExtension><gpxtpx:PowerInWatts>214</gpxtpx:PowerInWatts></gpxtpx:PowerExtension></extensions></trkpt>
<trkpt lat="38.5784369" lon="-121.4731538">
<ele>11</ele><time>2025-08-29T16:43:06.999Z</time><extensions><gpxtpx:TrackPointExtension><gpxtpx:hr>158</gpxtpx:hr><gpxtpx:cad>85</gpxtpx:cad></gpxtpx:TrackPointExtension></extensions><extensions><gpxtpx:PowerExtension><gpxtpx:PowerInWatts>213</gpxtpx:PowerInWatts></gpxtpx:PowerExtension></extensions></trkpt>
<trkpt lat="38.5785032" lon="-121.4731362">
<ele>11</ele><time>2025-08-29T16:43:08.999Z</time><extensions><gpxtpx:TrackPointExtension><gpxtpx:hr>159</gpxtpx:hr><gpxtpx:cad>82</gpxtpx:cad></gpxtpx:TrackPointExtension></extensions><extensions><gpxtpx:PowerExtension><gpxtpx:PowerInWatts>213</gpxtpx:PowerInWatts></gpxtpx:PowerExtension></extensions></trkpt>
<trkpt lat="38.5785510" lon="-121.4731317">
<ele>11</ele><time>2025-08-29T16:43:10.999Z</time><extensions><gpxtpx:TrackPointExtension><gpxtpx:hr>159</gpxtpx:hr><gpxtpx:cad>82</gpxtpx:cad></gpxtpx:TrackPointExtension></extensions><extensions><gpxtpx:PowerExtension><gpxtpx:PowerInWatts>214</gpxtpx:PowerInWatts></gpxtpx:PowerExtension></extensions></trkpt>
<trkpt lat="38.5786134" lon="-121.4730945">
<ele>11</ele><time>2025-08-29T16:43:13.999Z</time><extensions><gpxtpx:TrackPointExtension><gpxtpx:hr>160</gpxtpx:hr><gpxtpx:cad>80</gpxtpx:cad></gpxtpx:TrackPointExtension></extensions><extensions><gpxtpx:PowerExtension><gpxtpx:PowerInWatts>221</gpxtpx:PowerInWatts></gpxtpx:PowerExtension></extensions></trkpt>
<trkpt lat="38.5786635" lon="-121.4730532">
<ele>11</ele><time>2025-08-29T16:43:15.999Z</time><extensions><gpxtpx:TrackPointExtension><gpxtpx:hr>160</gpxtpx:hr><gpxtpx:cad>79</gpxtpx:cad></gpxtpx:TrackPointExtension></extensions><extensions><gpxtpx:PowerExtension><gpxtpx:PowerInWatts>221</gpxtpx:PowerInWatts></gpxtpx:PowerExtension></extensions></trkpt>
<trkpt lat="38.5787172" lon="-121.4730175">
<ele>11</ele><time>2025-08-29T16:43:17.999Z</time><extensions><gpxtpx:TrackPointExtension><gpxtpx:hr>160</gpxtpx:hr><gpxtpx:cad>77</gpxtpx:cad></gpxtpx:TrackPointExtension></extensions><extensions><gpxtpx:PowerExtension><gpxtpx:PowerInWatts>221</gpxtpx:PowerInWatts></gpxtpx:PowerExtension></extensions></trkpt>
<trkpt lat="38.5787650" lon="-121.4730045">
<ele>11</ele><time>2025-08-29T16:43:19.999Z</time><extensions><gpxtpx:TrackPointExtension><gpxtpx:hr>161</gpxtpx:hr><gpxtpx:cad>76</gpxtpx:cad></gpxtpx:TrackPointExtension></extensions><extensions><gpxtpx:PowerExtension><gpxtpx:PowerInWatts>221</gpxtpx:PowerInWatts></gpxtpx:PowerExtension></extensions></trkpt>
<trkpt lat="38.5788097" lon="-121.4729803">
<ele>11</ele><time>2025-08-29T16:43:21.999Z</time><extensions><gpxtpx:TrackPointExtension><gpxtpx:hr>161</gpxtpx:hr><gpxtpx:cad>78</gpxtpx:cad></gpxtpx:TrackPointExtension></extensions><extensions><gpxtpx:PowerExtension><gpxtpx:PowerInWatts>219</gpxtpx:PowerInWatts></gpxtpx:PowerExtension></extensions></trkpt>
<trkpt lat="38.5788695" lon="-121.4729361">
<ele>11</ele><time>2025-08-29T16:43:24.999Z</time><extensions><gpxtpx:TrackPointExtension><gpxtpx:hr>163</gpxtpx:hr><gpxtpx:cad>79</gpxtpx:cad></gpxtpx:TrackPointExtension></extensions><extensions><gpxtpx:PowerExtension><gpxtpx:PowerInWatts>223</gpxtpx:PowerInWatts></gpxtpx:PowerExtension></extensions></trkpt>
<trkpt lat="38.5789204" lon="-121.4729213">
<ele>11</ele><time>2025-08-29T16:43:26.999Z</time><extensions><gpxtpx:TrackPointExtension><gpxtpx:hr>163</gpxtpx:hr><gpxtpx:cad>80</gpxtpx:cad></gpxtpx:TrackPointExtension></extensions><extensions><gpxtpx:PowerExtension><gpxtpx:PowerInWatts>223</gpxtpx:PowerInWatts></gpxtpx:PowerExtension></extensions></trkpt>
<trkpt lat="38.5789691" lon="-121.4729176">
<ele>11</ele><time>2025-08-29T16:43:28.999Z</time><extensions><gpxtpx:TrackPointExtension><gpxtpx:hr>163</gpxtpx:hr><gpxtpx:cad>81</gpxtpx:cad></gpxtpx:TrackPointExtension></extensions><extensions><gpxtpx:PowerExtension><gpxtpx:PowerInWatts>220</gpxtpx:PowerInWatts></gpxtpx:PowerExtension></extensions></trkpt>
<trkpt lat="38.5790091" lon="-121.4728906">
<ele>11</ele><time>2025-08-29T16:43:30.999Z</time><extensions><gpxtpx:TrackPointExtension><gpxtpx:hr>162</gpxtpx:hr><gpxtpx:cad>77</gpxtpx:cad></gpxtpx:TrackPointExtension></extensions><extensions><gpxtpx:PowerExtension><gpxtpx:PowerInWatts>214</gpxtpx:PowerInWatts></gpxtpx:PowerExtension></extensions></trkpt>
<trkpt lat="38.5790758" lon="-121.4728666">
<ele>11</ele><time>2025-08-29T16:43:33.999Z</time><extensions><gpxtpx:TrackPointExtension><gpxtpx:hr>162</gpxtpx:hr><gpxtpx:cad>76</gpxtpx:cad></gpxtpx:TrackPointExtension></extensions><extensions><gpxtpx:PowerExtension><gpxtpx:PowerInWatts>214</gpxtpx:PowerInWatts></gpxtpx:PowerExtension></extensions></trkpt>
<trkpt lat="38.5791422" lon="-121.4728239">
<ele>11</ele><time>2025-08-29T16:43:36.999Z</time><extensions><gpxtpx:TrackPointExtension><gpxtpx:hr>161</gpxtpx:hr><gpxtpx:cad>76</gpxtpx:cad></gpxtpx:TrackPointExtension></extensions><extensions><gpxtpx:PowerExtension><gpxtpx:PowerInWatts>213</gpxtpx:PowerInWatts></gpxtpx:PowerExtension></extensions></trkpt>
<trkpt lat="38.5791909" lon="-121.4728177">
<ele>11</ele><time>2025-08-29T16:43:38.999Z</time><extensions><gpxtpx:TrackPointExtension><gpxtpx:hr>161</gpxtpx:hr><gpxtpx:cad>78</gpxtpx:cad></gpxtpx:TrackPointExtension></extensions><extensions><gpxtpx:PowerExtension><gpxtpx:PowerInWatts>208</gpxtpx:PowerInWatts></gpxtpx:PowerExtension></extensions></trkpt>
<trkpt lat="38.5792374" lon="-121.4727927">
<ele>11</ele><time>2025-08-29T16:43:40.999Z</time><extensions><gpxtpx:TrackPointExtension><gpxtpx:hr>161</gpxtpx:hr><gpxtpx:cad>79</gpxtpx:cad></gpxtpx:TrackPointExtension></extensions><extensions><gpxtpx:PowerExtension><gpxtpx:PowerInWatts>208</gpxtpx:PowerInWatts></gpxtpx:PowerExtension></extensions></trkpt>
<trkpt lat="38.5793004" lon="-121.4727553">
<ele>11</ele><time>2025-08-29T16:43:43.999Z</time><extensions><gpxtpx:TrackPointExtension><gpxtpx:hr>161</gpxtpx:hr><gpxtpx:cad>79</gpxtpx:cad></gpxtpx:TrackPointExtension></extensions><extensions><gpxtpx:PowerExtension><gpxtpx:PowerInWatts>206</gpxtpx:PowerInWatts></gpxtpx:PowerExtension></extensions></trkpt>
<trkpt lat="38.5793628" lon="-121.4727375">
<ele>11</ele><time>2025-08-29T16:43:46.999Z</time><extensions><gpxtpx:TrackPointExtension><gpxtpx:hr>160</gpxtpx:hr><gpxtpx:cad>79</gpxtpx:cad></gpxtpx:TrackPointExtension></extensions><extensions><gpxtpx:PowerExtension><gpxtpx:PowerInWatts>208</gpxtpx:PowerInWatts></gpxtpx:PowerExtension></extensions></trkpt>
<trkpt lat="38.5794253" lon="-121.4727378">
<ele>11</ele><time>2025-08-29T16:43:49.999Z</time><extensions><gpxtpx:TrackPointExtension><gpxtpx:hr>159</gpxtpx:hr><gpxtpx:cad>78</gpxtpx:cad></gpxtpx:TrackPointExtension></extensions><extensions><gpxtpx:PowerExtension><gpxtpx:PowerInWatts>207</gpxtpx:PowerInWatts></gpxtpx:PowerExtension></extensions></trkpt>
<trkpt lat="38.5794801" lon="-121.4727235">
<ele>11</ele><time>2025-08-29T16:43:51.999Z</time><extensions><gpxtpx:TrackPointExtension><gpxtpx:hr>158</gpxtpx:hr><gpxtpx:cad>83</gpxtpx:cad></gpxtpx:TrackPointExtension></extensions><extensions><gpxtpx:PowerExtension><gpxtpx:PowerInWatts>208</gpxtpx:PowerInWatts></gpxtpx:PowerExtension></extensions></trkpt>
<trkpt lat="38.5795390" lon="-121.4727236">
<ele>11</ele><time>2025-08-29T16:43:53.999Z</time><extensions><gpxtpx:TrackPointExtension><gpxtpx:hr>158</gpxtpx:hr><gpxtpx:cad>83</gpxtpx:cad></gpxtpx:TrackPointExtension></extensions><extensions><gpxtpx:PowerExtension><gpxtpx:PowerInWatts>208</gpxtpx:PowerInWatts></gpxtpx:PowerExtension></extensions></trkpt>
<trkpt lat="38.5795955" lon="-121.4726996">
<ele>11</ele><time>2025-08-29T16:43:55.999Z</time><extensions><gpxtpx:TrackPointExtension><gpxtpx:hr>159</gpxtpx:hr><gpxtpx:cad>85</gpxtpx:cad></gpxtpx:TrackPointExtension></extensions><extensions><gpxtpx:PowerExtension><gpxtpx:PowerInWatts>208</gpxtpx:PowerInWatts></gpxtpx:PowerExtension></extensions></trkpt>
<trkpt lat="38.5796483" lon="-121.4726450">
<ele>11</ele><time>2025-08-29T16:43:57.999Z</time><extensions><gpxtpx:TrackPointExtension><gpxtpx:hr>159</gpxtpx:hr><gpxtpx:cad>82</gpxtpx:cad></gpxtpx:TrackPointExtension></extensions><extensions><gpxtpx:PowerExtension><gpxtpx:PowerInWatts>206</gpxtpx:PowerInWatts></gpxtpx:PowerExtension></extensions></trkpt>
<trkpt lat="38.5797261" lon="-121.4726305">
<ele>11</ele><time>2025-08-29T16:43:59.999Z</time><extensions><gpxtpx:TrackPointExtension><gpxtpx:hr>159</gpxtpx:hr><gpxtpx:cad>84</gpxtpx:cad></gpxtpx:TrackPointExtension></extensions><extensions><gpxtpx:PowerExtension><gpxtpx:PowerInWatts>206</gpxtpx:PowerInWatts></gpxtpx:PowerExtension></extensions></trkpt>
<trkpt lat="38.5797819" lon="-121.4725847">
<ele>11</ele><time>2025-08-29T16:44:01.999Z</time><extensions><gpxtpx:TrackPointExtension><gpxtpx:hr>160</gpxtpx:hr><gpxtpx:cad>85</gpxtpx:cad></gpxtpx:TrackPointExtension></extensions><extensions><gpxtpx:PowerExtension><gpxtpx:PowerInWatts>206</gpxtpx:PowerInWatts></gpxtpx:PowerExtension></extensions></trkpt>
<trkpt lat="38.5798254" lon="-121.4725638">
<ele>11</ele><time>2025-08-29T16:44:03.999Z</time><extensions><gpxtpx:TrackPointExtension><gpxtpx:hr>160</gpxtpx:hr><gpxtpx:cad>84</gpxtpx:cad></gpxtpx:TrackPointExtension></extensions><extensions><gpxtpx:PowerExtension><gpxtpx:PowerInWatts>230</gpxtpx:PowerInWatts></gpxtpx:PowerExtension></extensions></trkpt>
<trkpt lat="38.5798753" lon="-121.4725402">
<ele>11</ele><time>2025-08-29T16:44:05.999Z</time><extensions><gpxtpx:TrackPointExtension><gpxtpx:hr>160</gpxtpx:hr><gpxtpx:cad>79</gpxtpx:cad></gpxtpx:TrackPointExtension></extensions><extensions><gpxtpx:PowerExtension><gpxtpx:PowerInWatts>230</gpxtpx:PowerInWatts></gpxtpx:PowerExtension></extensions></trkpt>
<trkpt lat="38.5799161" lon="-121.4725090">
<ele>11</ele><time>2025-08-29T16:44:07.999Z</time><extensions><gpxtpx:TrackPointExtension><gpxtpx:hr>160</gpxtpx:hr><gpxtpx:cad>76</gpxtpx:cad></gpxtpx:TrackPointExtension></extensions><extensions><gpxtpx:PowerExtension><gpxtpx:PowerInWatts>230</gpxtpx:PowerInWatts></gpxtpx:PowerExtension></extensions></trkpt>
<trkpt lat="38.5799593" lon="-121.4724766">
<ele>11</ele><time>2025-08-29T16:44:10.999Z</time><extensions><gpxtpx:TrackPointExtension><gpxtpx:hr>161</gpxtpx:hr><gpxtpx:cad>76</gpxtpx:cad></gpxtpx:TrackPointExtension></extensions><extensions><gpxtpx:PowerExtension><gpxtpx:PowerInWatts>221</gpxtpx:PowerInWatts></gpxtpx:PowerExtension></extensions></trkpt>
<trkpt lat="38.5800110" lon="-121.4724565">
<ele>11</ele><time>2025-08-29T16:44:12.999Z</time><extensions><gpxtpx:TrackPointExtension><gpxtpx:hr>161</gpxtpx:hr><gpxtpx:cad>78</gpxtpx:cad></gpxtpx:TrackPointExtension></extensions><extensions><gpxtpx:PowerExtension><gpxtpx:PowerInWatts>221</gpxtpx:PowerInWatts></gpxtpx:PowerExtension></extensions></trkpt>
<trkpt lat="38.5800820" lon="-121.4724220">
<ele>11</ele><time>2025-08-29T16:44:15.999Z</time><extensions><gpxtpx:TrackPointExtension><gpxtpx:hr>161</gpxtpx:hr><gpxtpx:cad>78</gpxtpx:cad></gpxtpx:TrackPointExtension></extensions><extensions><gpxtpx:PowerExtension><gpxtpx:PowerInWatts>208</gpxtpx:PowerInWatts></gpxtpx:PowerExtension></extensions></trkpt>
<trkpt lat="38.5801335" lon="-121.4723836">
<ele>11</ele><time>2025-08-29T16:44:18.000Z</time><extensions><gpxtpx:TrackPointExtension><gpxtpx:hr>161</gpxtpx:hr><gpxtpx:cad>77</gpxtpx:cad></gpxtpx:TrackPointExtension></extensions><extensions><gpxtpx:PowerExtension><gpxtpx:PowerInWatts>208</gpxtpx:PowerInWatts></gpxtpx:PowerExtension></extensions></trkpt>
<trkpt lat="38.5801874" lon="-121.4723749">
<ele>11</ele><time>2025-08-29T16:44:21.000Z</time><extensions><gpxtpx:TrackPointExtension><gpxtpx:hr>162</gpxtpx:hr><gpxtpx:cad>84</gpxtpx:cad></gpxtpx:TrackPointExtension></extensions><extensions><gpxtpx:PowerExtension><gpxtpx:PowerInWatts>212</gpxtpx:PowerInWatts></gpxtpx:PowerExtension></extensions></trkpt>
<trkpt lat="38.5802360" lon="-121.4723372">
<ele>11</ele><time>2025-08-29T16:44:23.000Z</time><extensions><gpxtpx:TrackPointExtension><gpxtpx:hr>163</gpxtpx:hr><gpxtpx:cad>80</gpxtpx:cad></gpxtpx:TrackPointExtension></extensions><extensions><gpxtpx:PowerExtension><gpxtpx:PowerInWatts>212</gpxtpx:PowerInWatts></gpxtpx:PowerExtension></extensions></trkpt>
<trkpt lat="38.5802940" lon="-121.4723323">
<ele>11</ele><time>2025-08-29T16:44:25.000Z</time><extensions><gpxtpx:TrackPointExtension><gpxtpx:hr>163</gpxtpx:hr><gpxtpx:cad>77</gpxtpx:cad></gpxtpx:TrackPointExtension></extensions><extensions><gpxtpx:PowerExtension><gpxtpx:PowerInWatts>212</gpxtpx:PowerInWatts></gpxtpx:PowerExtension></extensions></trkpt>
<trkpt lat="38.5803432" lon="-121.4722805">
<ele>11</ele><time>2025-08-29T16:44:27.000Z</time><extensions><gpxtpx:TrackPointExtension><gpxtpx:hr>162</gpxtpx:hr><gpxtpx:cad>79</gpxtpx:cad></gpxtpx:TrackPointExtension></extensions><extensions><gpxtpx:PowerExtension><gpxtpx:PowerInWatts>206</gpxtpx:PowerInWatts></gpxtpx:PowerExtension></extensions></trkpt>
<trkpt lat="38.5804058" lon="-121.4722598">
<ele>11</ele><time>2025-08-29T16:44:30.000Z</time><extensions><gpxtpx:TrackPointExtension><gpxtpx:hr>162</gpxtpx:hr><gpxtpx:cad>80</gpxtpx:cad></gpxtpx:TrackPointExtension></extensions><extensions><gpxtpx:PowerExtension><gpxtpx:PowerInWatts>206</gpxtpx:PowerInWatts></gpxtpx:PowerExtension></extensions></trkpt>
<trkpt lat="38.5804641" lon="-121.4722411">
<ele>11</ele><time>2025-08-29T16:44:33.000Z</time><extensions><gpxtpx:TrackPointExtension><gpxtpx:hr>162</gpxtpx:hr><gpxtpx:cad>78</gpxtpx:cad></gpxtpx:TrackPointExtension></extensions><extensions><gpxtpx:PowerExtension><gpxtpx:PowerInWatts>211</gpxtpx:PowerInWatts></gpxtpx:PowerExtension></extensions></trkpt>
<trkpt lat="38.5805188" lon="-121.4722445">
<ele>11</ele><time>2025-08-29T16:44:36.000Z</time><extensions><gpxtpx:TrackPointExtension><gpxtpx:hr>161</gpxtpx:hr><gpxtpx:cad>80</gpxtpx:cad></gpxtpx:TrackPointExtension></extensions><extensions><gpxtpx:PowerExtension><gpxtpx:PowerInWatts>214</gpxtpx:PowerInWatts></gpxtpx:PowerExtension></extensions></trkpt>
<trkpt lat="38.5805669" lon="-121.4722207">
<ele>10</ele><time>2025-08-29T16:44:38.000Z</time><extensions><gpxtpx:TrackPointExtension><gpxtpx:hr>161</gpxtpx:hr><gpxtpx:cad>80</gpxtpx:cad></gpxtpx:TrackPointExtension></extensions><extensions><gpxtpx:PowerExtension><gpxtpx:PowerInWatts>207</gpxtpx:PowerInWatts></gpxtpx:PowerExtension></extensions></trkpt>
<trkpt lat="38.5806420" lon="-121.4721991">
<ele>10</ele><time>2025-08-29T16:44:40.000Z</time><extensions><gpxtpx:TrackPointExtension><gpxtpx:hr>162</gpxtpx:hr><gpxtpx:cad>82</gpxtpx:cad></gpxtpx:TrackPointExtension></extensions><extensions><gpxtpx:PowerExtension><gpxtpx:PowerInWatts>203</gpxtpx:PowerInWatts></gpxtpx:PowerExtension></extensions></trkpt>
<trkpt lat="38.5807010" lon="-121.4721739">
<ele>10</ele><time>2025-08-29T16:44:42.000Z</time><extensions><gpxtpx:TrackPointExtension><gpxtpx:hr>162</gpxtpx:hr><gpxtpx:cad>80</gpxtpx:cad></gpxtpx:TrackPointExtension></extensions><extensions><gpxtpx:PowerExtension><gpxtpx:PowerInWatts>203</gpxtpx:PowerInWatts></gpxtpx:PowerExtension></extensions></trkpt>
<trkpt lat="38.5807543" lon="-121.4721567">
<ele>10</ele><time>2025-08-29T16:44:44.000Z</time><extensions><gpxtpx:TrackPointExtension><gpxtpx:hr>163</gpxtpx:hr><gpxtpx:cad>81</gpxtpx:cad></gpxtpx:TrackPointExtension></extensions><extensions><gpxtpx:PowerExtension><gpxtpx:PowerInWatts>203</gpxtpx:PowerInWatts></gpxtpx:PowerExtension></extensions></trkpt>
<trkpt lat="38.5808258" lon="-121.4721269">
<ele>10</ele><time>2025-08-29T16:44:47.000Z</time><extensions><gpxtpx:TrackPointExtension><gpxtpx:hr>162</gpxtpx:hr><gpxtpx:cad>81</gpxtpx:cad></gpxtpx:TrackPointExtension></extensions><extensions><gpxtpx:PowerExtension><gpxtpx:PowerInWatts>206</gpxtpx:PowerInWatts></gpxtpx:PowerExtension></extensions></trkpt>
<trkpt lat="38.5808663" lon="-121.4720984">
<ele>10</ele><time>2025-08-29T16:44:49.000Z</time><extensions><gpxtpx:TrackPointExtension><gpxtpx:hr>162</gpxtpx:hr><gpxtpx:cad>81</gpxtpx:cad></gpxtpx:TrackPointExtension></extensions><extensions><gpxtpx:PowerExtension><gpxtpx:PowerInWatts>221</gpxtpx:PowerInWatts></gpxtpx:PowerExtension></extensions></trkpt>
<trkpt lat="38.5809197" lon="-121.4721014">
<ele>10</ele><time>2025-08-29T16:44:51.000Z</time><extensions><gpxtpx:TrackPointExtension><gpxtpx:hr>162</gpxtpx:hr><gpxtpx:cad>74</gpxtpx:cad></gpxtpx:TrackPointExtension></extensions><extensions><gpxtpx:PowerExtension><gpxtpx:PowerInWatts>221</gpxtpx:PowerInWatts></gpxtpx:PowerExtension></extensions></trkpt>
<trkpt lat="38.5809676" lon="-121.4720468">
<ele>11</ele><time>2025-08-29T16:44:54.000Z</time><extensions><gpxtpx:TrackPointExtension><gpxtpx:hr>162</gpxtpx:hr><gpxtpx:cad>78</gpxtpx:cad></gpxtpx:TrackPointExtension></extensions><extensions><gpxtpx:PowerExtension><gpxtpx:PowerInWatts>219</gpxtpx:PowerInWatts></gpxtpx:PowerExtension></extensions></trkpt>
<trkpt lat="38.5810155" lon="-121.4720259">
<ele>11</ele><time>2025-08-29T16:44:56.000Z</time><extensions><gpxtpx:TrackPointExtension><gpxtpx:hr>163</gpxtpx:hr><gpxtpx:cad>78</gpxtpx:cad></gpxtpx:TrackPointExtension></extensions><extensions><gpxtpx:PowerExtension><gpxtpx:PowerInWatts>219</gpxtpx:PowerInWatts></gpxtpx:PowerExtension></extensions></trkpt>
<trkpt lat="38.5810624" lon="-121.4719871">
<ele>11</ele><time>2025-08-29T16:44:58.000Z</time><extensions><gpxtpx:TrackPointExtension><gpxtpx:hr>163</gpxtpx:hr><gpxtpx:cad>77</gpxtpx:cad></gpxtpx:TrackPointExtension></extensions><extensions><gpxtpx:PowerExtension><gpxtpx:PowerInWatts>210</gpxtpx:PowerInWatts></gpxtpx:PowerExtension></extensions></trkpt>
<trkpt lat="38.5811053" lon="-121.4719650">
<ele>11</ele><time>2025-08-29T16:45:00.000Z</time><extensions><gpxtpx:TrackPointExtension><gpxtpx:hr>162</gpxtpx:hr><gpxtpx:cad>78</gpxtpx:cad></gpxtpx:TrackPointExtension></extensions><extensions><gpxtpx:PowerExtension><gpxtpx:PowerInWatts>210</gpxtpx:PowerInWatts></gpxtpx:PowerExtension></extensions></trkpt>
<trkpt lat="38.5811574" lon="-121.4719376">
<ele>11</ele><time>2025-08-29T16:45:03.000Z</time><extensions><gpxtpx:TrackPointExtension><gpxtpx:hr>162</gpxtpx:hr><gpxtpx:cad>79</gpxtpx:cad></gpxtpx:TrackPointExtension></extensions><extensions><gpxtpx:PowerExtension><gpxtpx:PowerInWatts>210</gpxtpx:PowerInWatts></gpxtpx:PowerExtension></extensions></trkpt>
<trkpt lat="38.5812325" lon="-121.4719279">
<ele>11</ele><time>2025-08-29T16:45:06.000Z</time><extensions><gpxtpx:TrackPointExtension><gpxtpx:hr>162</gpxtpx:hr><gpxtpx:cad>76</gpxtpx:cad></gpxtpx:TrackPointExtension></extensions><extensions><gpxtpx:PowerExtension><gpxtpx:PowerInWatts>208</gpxtpx:PowerInWatts></gpxtpx:PowerExtension></extensions></trkpt>
<trkpt lat="38.5812808" lon="-121.4718904">
<ele>11</ele><time>2025-08-29T16:45:08.000Z</time><extensions><gpxtpx:TrackPointExtension><gpxtpx:hr>162</gpxtpx:hr><gpxtpx:cad>78</gpxtpx:cad></gpxtpx:TrackPointExtension></extensions><extensions><gpxtpx:PowerExtension><gpxtpx:PowerInWatts>202</gpxtpx:PowerInWatts></gpxtpx:PowerExtension></extensions></trkpt>
<trkpt lat="38.5813434" lon="-121.4718842">
<ele>11</ele><time>2025-08-29T16:45:10.000Z</time><extensions><gpxtpx:TrackPointExtension><gpxtpx:hr>161</gpxtpx:hr><gpxtpx:cad>79</gpxtpx:cad></gpxtpx:TrackPointExtension></extensions><extensions><gpxtpx:PowerExtension><gpxtpx:PowerInWatts>202</gpxtpx:PowerInWatts></gpxtpx:PowerExtension></extensions></trkpt>
<trkpt lat="38.5813931" lon="-121.4718693">
<ele>11</ele><time>2025-08-29T16:45:13.000Z</time><extensions><gpxtpx:TrackPointExtension><gpxtpx:hr>160</gpxtpx:hr><gpxtpx:cad>81</gpxtpx:cad></gpxtpx:TrackPointExtension></extensions><extensions><gpxtpx:PowerExtension><gpxtpx:PowerInWatts>211</gpxtpx:PowerInWatts></gpxtpx:PowerExtension></extensions></trkpt>
<trkpt lat="38.5814689" lon="-121.4718313">
<ele>11</ele><time>2025-08-29T16:45:16.000Z</time><extensions><gpxtpx:TrackPointExtension><gpxtpx:hr>160</gpxtpx:hr><gpxtpx:cad>81</gpxtpx:cad></gpxtpx:TrackPointExtension></extensions><extensions><gpxtpx:PowerExtension><gpxtpx:PowerInWatts>211</gpxtpx:PowerInWatts></gpxtpx:PowerExtension></extensions></trkpt>
<trkpt lat="38.5815284" lon="-121.4718190">
<ele>11</ele><time>2025-08-29T16:45:18.000Z</time><extensions><gpxtpx:TrackPointExtension><gpxtpx:hr>160</gpxtpx:hr><gpxtpx:cad>81</gpxtpx:cad></gpxtpx:TrackPointExtension></extensions><extensions><gpxtpx:PowerExtension><gpxtpx:PowerInWatts>207</gpxtpx:PowerInWatts></gpxtpx:PowerExtension></extensions></trkpt>
<trkpt lat="38.5815790" lon="-121.4717937">
<ele>11</ele><time>2025-08-29T16:45:21.000Z</time><extensions><gpxtpx:TrackPointExtension><gpxtpx:hr>160</gpxtpx:hr><gpxtpx:cad>82</gpxtpx:cad></gpxtpx:TrackPointExtension></extensions><extensions><gpxtpx:PowerExtension><gpxtpx:PowerInWatts>204</gpxtpx:PowerInWatts></gpxtpx:PowerExtension></extensions></trkpt>
<trkpt lat="38.5816226" lon="-121.4717534">
<ele>11</ele><time>2025-08-29T16:45:23.000Z</time><extensions><gpxtpx:TrackPointExtension><gpxtpx:hr>160</gpxtpx:hr><gpxtpx:cad>79</gpxtpx:cad></gpxtpx:TrackPointExtension></extensions><extensions><gpxtpx:PowerExtension><gpxtpx:PowerInWatts>204</gpxtpx:PowerInWatts></gpxtpx:PowerExtension></extensions></trkpt>
<trkpt lat="38.5816744" lon="-121.4717240">
<ele>11</ele><time>2025-08-29T16:45:25.000Z</time><extensions><gpxtpx:TrackPointExtension><gpxtpx:hr>161</gpxtpx:hr><gpxtpx:cad>77</gpxtpx:cad></gpxtpx:TrackPointExtension></extensions><extensions><gpxtpx:PowerExtension><gpxtpx:PowerInWatts>210</gpxtpx:PowerInWatts></gpxtpx:PowerExtension></extensions></trkpt>
<trkpt lat="38.5817219" lon="-121.4717033">
<ele>11</ele><time>2025-08-29T16:45:28.000Z</time><extensions><gpxtpx:TrackPointExtension><gpxtpx:hr>161</gpxtpx:hr><gpxtpx:cad>80</gpxtpx:cad></gpxtpx:TrackPointExtension></extensions><extensions><gpxtpx:PowerExtension><gpxtpx:PowerInWatts>210</gpxtpx:PowerInWatts></gpxtpx:PowerExtension></extensions></trkpt>
<trkpt lat="38.5817846" lon="-121.4716957">
<ele>11</ele><time>2025-08-29T16:45:30.000Z</time><extensions><gpxtpx:TrackPointExtension><gpxtpx:hr>161</gpxtpx:hr><gpxtpx:cad>82</gpxtpx:cad></gpxtpx:TrackPointExtension></extensions><extensions><gpxtpx:PowerExtension><gpxtpx:PowerInWatts>211</gpxtpx:PowerInWatts></gpxtpx:PowerExtension></extensions></trkpt>
<trkpt lat="38.5818546" lon="-121.4716555">
<ele>11</ele><time>2025-08-29T16:45:33.000Z</time><extensions><gpxtpx:TrackPointExtension><gpxtpx:hr>160</gpxtpx:hr><gpxtpx:cad>79</gpxtpx:cad></gpxtpx:TrackPointExtension></extensions><extensions><gpxtpx:PowerExtension><gpxtpx:PowerInWatts>205</gpxtpx:PowerInWatts></gpxtpx:PowerExtension></extensions></trkpt>
<trkpt lat="38.5819119" lon="-121.4716406">
<ele>11</ele><time>2025-08-29T16:45:35.000Z</time><extensions><gpxtpx:TrackPointExtension><gpxtpx:hr>161</gpxtpx:hr><gpxtpx:cad>78</gpxtpx:cad></gpxtpx:TrackPointExtension></extensions><extensions><gpxtpx:PowerExtension><gpxtpx:PowerInWatts>205</gpxtpx:PowerInWatts></gpxtpx:PowerExtension></extensions></trkpt>
<trkpt lat="38.5819625" lon="-121.4716091">
<ele>11</ele><time>2025-08-29T16:45:37.000Z</time><extensions><gpxtpx:TrackPointExtension><gpxtpx:hr>161</gpxtpx:hr><gpxtpx:cad>82</gpxtpx:cad></gpxtpx:TrackPointExtension></extensions><extensions><gpxtpx:PowerExtension><gpxtpx:PowerInWatts>205</gpxtpx:PowerInWatts></gpxtpx:PowerExtension></extensions></trkpt>
<trkpt lat="38.5820117" lon="-121.4715658">
<ele>11</ele><time>2025-08-29T16:45:39.000Z</time><extensions><gpxtpx:TrackPointExtension><gpxtpx:hr>161</gpxtpx:hr><gpxtpx:cad>82</gpxtpx:cad></gpxtpx:TrackPointExtension></extensions><extensions><gpxtpx:PowerExtension><gpxtpx:PowerInWatts>209</gpxtpx:PowerInWatts></gpxtpx:PowerExtension></extensions></trkpt>
<trkpt lat="38.5820614" lon="-121.4715550">
<ele>11</ele><time>2025-08-29T16:45:41.000Z</time><extensions><gpxtpx:TrackPointExtension><gpxtpx:hr>161</gpxtpx:hr><gpxtpx:cad>81</gpxtpx:cad></gpxtpx:TrackPointExtension></extensions><extensions><gpxtpx:PowerExtension><gpxtpx:PowerInWatts>213</gpxtpx:PowerInWatts></gpxtpx:PowerExtension></extensions></trkpt>
<trkpt lat="38.5821112" lon="-121.4715233">
<ele>11</ele><time>2025-08-29T16:45:43.000Z</time><extensions><gpxtpx:TrackPointExtension><gpxtpx:hr>161</gpxtpx:hr><gpxtpx:cad>81</gpxtpx:cad></gpxtpx:TrackPointExtension></extensions><extensions><gpxtpx:PowerExtension><gpxtpx:PowerInWatts>213</gpxtpx:PowerInWatts></gpxtpx:PowerExtension></extensions></trkpt>
<trkpt lat="38.5821631" lon="-121.4715106">
<ele>11</ele><time>2025-08-29T16:45:45.000Z</time><extensions><gpxtpx:TrackPointExtension><gpxtpx:hr>161</gpxtpx:hr><gpxtpx:cad>80</gpxtpx:cad></gpxtpx:TrackPointExtension></extensions><extensions><gpxtpx:PowerExtension><gpxtpx:PowerInWatts>214</gpxtpx:PowerInWatts></gpxtpx:PowerExtension></extensions></trkpt>
<trkpt lat="38.5822106" lon="-121.4714843">
<ele>11</ele><time>2025-08-29T16:45:47.000Z</time><extensions><gpxtpx:TrackPointExtension><gpxtpx:hr>162</gpxtpx:hr><gpxtpx:cad>78</gpxtpx:cad></gpxtpx:TrackPointExtension></extensions><extensions><gpxtpx:PowerExtension><gpxtpx:PowerInWatts>214</gpxtpx:PowerInWatts></gpxtpx:PowerExtension></extensions></trkpt>
<trkpt lat="38.5822656" lon="-121.4714460">
<ele>11</ele><time>2025-08-29T16:45:49.000Z</time><extensions><gpxtpx:TrackPointExtension><gpxtpx:hr>162</gpxtpx:hr><gpxtpx:cad>85</gpxtpx:cad></gpxtpx:TrackPointExtension></extensions><extensions><gpxtpx:PowerExtension><gpxtpx:PowerInWatts>215</gpxtpx:PowerInWatts></gpxtpx:PowerExtension></extensions></trkpt>
<trkpt lat="38.5823144" lon="-121.4714297">
<ele>11</ele><time>2025-08-29T16:45:51.000Z</time><extensions><gpxtpx:TrackPointExtension><gpxtpx:hr>163</gpxtpx:hr><gpxtpx:cad>85</gpxtpx:cad></gpxtpx:TrackPointExtension></extensions><extensions><gpxtpx:PowerExtension><gpxtpx:PowerInWatts>216</gpxtpx:PowerInWatts></gpxtpx:PowerExtension></extensions></trkpt>
<trkpt lat="38.5823673" lon="-121.4714262">
<ele>11</ele><time>2025-08-29T16:45:53.000Z</time><extensions><gpxtpx:TrackPointExtension><gpxtpx:hr>163</gpxtpx:hr><gpxtpx:cad>85</gpxtpx:cad></gpxtpx:TrackPointExtension></extensions><extensions><gpxtpx:PowerExtension><gpxtpx:PowerInWatts>216</gpxtpx:PowerInWatts></gpxtpx:PowerExtension></extensions></trkpt>
<trkpt lat="38.5824123" lon="-121.4714024">
<ele>11</ele><time>2025-08-29T16:45:55.000Z</time><extensions><gpxtpx:TrackPointExtension><gpxtpx:hr>163</gpxtpx:hr><gpxtpx:cad>82</gpxtpx:cad></gpxtpx:TrackPointExtension></extensions><extensions><gpxtpx:PowerExtension><gpxtpx:PowerInWatts>218</gpxtpx:PowerInWatts></gpxtpx:PowerExtension></extensions></trkpt>
<trkpt lat="38.5824708" lon="-121.4713976">
<ele>11</ele><time>2025-08-29T16:45:58.000Z</time><extensions><gpxtpx:TrackPointExtension><gpxtpx:hr>164</gpxtpx:hr><gpxtpx:cad>79</gpxtpx:cad></gpxtpx:TrackPointExtension></extensions><extensions><gpxtpx:PowerExtension><gpxtpx:PowerInWatts>220</gpxtpx:PowerInWatts></gpxtpx:PowerExtension></extensions></trkpt>
<trkpt lat="38.5825175" lon="-121.4713631">
<ele>11</ele><time>2025-08-29T16:46:00.000Z</time><extensions><gpxtpx:TrackPointExtension><gpxtpx:hr>164</gpxtpx:hr><gpxtpx:cad>80</gpxtpx:cad></gpxtpx:TrackPointExtension></extensions><extensions><gpxtpx:PowerExtension><gpxtpx:PowerInWatts>220</gpxtpx:PowerInWatts></gpxtpx:PowerExtension></extensions></trkpt>
<trkpt lat="38.5825793" lon="-121.4713482">
<ele>11</ele><time>2025-08-29T16:46:02.000Z</time><extensions><gpxtpx:TrackPointExtension><gpxtpx:hr>164</gpxtpx:hr><gpxtpx:cad>80</gpxtpx:cad></gpxtpx:TrackPointExtension></extensions><extensions><gpxtpx:PowerExtension><gpxtpx:PowerInWatts>219</gpxtpx:PowerInWatts></gpxtpx:PowerExtension></extensions></trkpt>
<trkpt lat="38.5826261" lon="-121.4713161">
<ele>11</ele><time>2025-08-29T16:46:04.000Z</time><extensions><gpxtpx:TrackPointExtension><gpxtpx:hr>163</gpxtpx:hr><gpxtpx:cad>81</gpxtpx:cad></gpxtpx:TrackPointExtension></extensions><extensions><gpxtpx:PowerExtension><gpxtpx:PowerInWatts>219</gpxtpx:PowerInWatts></gpxtpx:PowerExtension></extensions></trkpt>
<trkpt lat="38.5826707" lon="-121.4713078">
<ele>11</ele><time>2025-08-29T16:46:06.000Z</time><extensions><gpxtpx:TrackPointExtension><gpxtpx:hr>163</gpxtpx:hr><gpxtpx:cad>77</gpxtpx:cad></gpxtpx:TrackPointExtension></extensions><extensions><gpxtpx:PowerExtension><gpxtpx:PowerInWatts>219</gpxtpx:PowerInWatts></gpxtpx:PowerExtension></extensions></trkpt>
<trkpt lat="38.5827138" lon="-121.4712805">
<ele>11</ele><time>2025-08-29T16:46:08.000Z</time><extensions><gpxtpx:TrackPointExtension><gpxtpx:hr>163</gpxtpx:hr><gpxtpx:cad>74</gpxtpx:cad></gpxtpx:TrackPointExtension></extensions><extensions><gpxtpx:PowerExtension><gpxtpx:PowerInWatts>220</gpxtpx:PowerInWatts></gpxtpx:PowerExtension></extensions></trkpt>
<trkpt lat="38.5827879" lon="-121.4712733">
<ele>11</ele><time>2025-08-29T16:46:11.000Z</time><extensions><gpxtpx:TrackPointExtension><gpxtpx:hr>163</gpxtpx:hr><gpxtpx:cad>76</gpxtpx:cad></gpxtpx:TrackPointExtension></extensions><extensions><gpxtpx:PowerExtension><gpxtpx:PowerInWatts>217</gpxtpx:PowerInWatts></gpxtpx:PowerExtension></extensions></trkpt>
<trkpt lat="38.5828141" lon="-121.4713369">
<ele>11</ele><time>2025-08-29T16:46:16.000Z</time><extensions><gpxtpx:TrackPointExtension><gpxtpx:hr>163</gpxtpx:hr><gpxtpx:cad>77</gpxtpx:cad></gpxtpx:TrackPointExtension></extensions><extensions><gpxtpx:PowerExtension><gpxtpx:PowerInWatts>212</gpxtpx:PowerInWatts></gpxtpx:PowerExtension></extensions></trkpt>
<trkpt lat="38.5828325" lon="-121.4714005">
<ele>11</ele><time>2025-08-29T16:46:19.000Z</time><extensions><gpxtpx:TrackPointExtension><gpxtpx:hr>163</gpxtpx:hr><gpxtpx:cad>80</gpxtpx:cad></gpxtpx:TrackPointExtension></extensions><extensions><gpxtpx:PowerExtension><gpxtpx:PowerInWatts>212</gpxtpx:PowerInWatts></gpxtpx:PowerExtension></extensions></trkpt>
<trkpt lat="38.5828541" lon="-121.4714705">
<ele>11</ele><time>2025-08-29T16:46:22.000Z</time><extensions><gpxtpx:TrackPointExtension><gpxtpx:hr>163</gpxtpx:hr><gpxtpx:cad>79</gpxtpx:cad></gpxtpx:TrackPointExtension></extensions><extensions><gpxtpx:PowerExtension><gpxtpx:PowerInWatts>208</gpxtpx:PowerInWatts></gpxtpx:PowerExtension></extensions></trkpt>
<trkpt lat="38.5828891" lon="-121.4715179">
<ele>11</ele><time>2025-08-29T16:46:24.000Z</time><extensions><gpxtpx:TrackPointExtension><gpxtpx:hr>162</gpxtpx:hr><gpxtpx:cad>70</gpxtpx:cad></gpxtpx:TrackPointExtension></extensions><extensions><gpxtpx:PowerExtension><gpxtpx:PowerInWatts>193</gpxtpx:PowerInWatts></gpxtpx:PowerExtension></extensions></trkpt>
<trkpt lat="38.5829131" lon="-121.4715677">
<ele>11</ele><time>2025-08-29T16:46:26.000Z</time><extensions><gpxtpx:TrackPointExtension><gpxtpx:hr>163</gpxtpx:hr><gpxtpx:cad>72</gpxtpx:cad></gpxtpx:TrackPointExtension></extensions><extensions><gpxtpx:PowerExtension><gpxtpx:PowerInWatts>193</gpxtpx:PowerInWatts></gpxtpx:PowerExtension></extensions></trkpt>
<trkpt lat="38.5829249" lon="-121.4716322">
<ele>11</ele><time>2025-08-29T16:46:28.000Z</time><extensions><gpxtpx:TrackPointExtension><gpxtpx:hr>163</gpxtpx:hr><gpxtpx:cad>74</gpxtpx:cad></gpxtpx:TrackPointExtension></extensions><extensions><gpxtpx:PowerExtension><gpxtpx:PowerInWatts>191</gpxtpx:PowerInWatts></gpxtpx:PowerExtension></extensions></trkpt>
<trkpt lat="38.5829506" lon="-121.4716864">
<ele>11</ele><time>2025-08-29T16:46:30.000Z</time><extensions><gpxtpx:TrackPointExtension><gpxtpx:hr>163</gpxtpx:hr><gpxtpx:cad>77</gpxtpx:cad></gpxtpx:TrackPointExtension></extensions><extensions><gpxtpx:PowerExtension><gpxtpx:PowerInWatts>191</gpxtpx:PowerInWatts></gpxtpx:PowerExtension></extensions></trkpt>
<trkpt lat="38.5829599" lon="-121.4717523">
<ele>11</ele><time>2025-08-29T16:46:32.000Z</time><extensions><gpxtpx:TrackPointExtension><gpxtpx:hr>163</gpxtpx:hr><gpxtpx:cad>79</gpxtpx:cad></gpxtpx:TrackPointExtension></extensions><extensions><gpxtpx:PowerExtension><gpxtpx:PowerInWatts>194</gpxtpx:PowerInWatts></gpxtpx:PowerExtension></extensions></trkpt>
<trkpt lat="38.5829748" lon="-121.4718396">
<ele>11</ele><time>2025-08-29T16:46:34.000Z</time><extensions><gpxtpx:TrackPointExtension><gpxtpx:hr>163</gpxtpx:hr><gpxtpx:cad>78</gpxtpx:cad></gpxtpx:TrackPointExtension></extensions><extensions><gpxtpx:PowerExtension><gpxtpx:PowerInWatts>195</gpxtpx:PowerInWatts></gpxtpx:PowerExtension></extensions></trkpt>
<trkpt lat="38.5829696" lon="-121.4719080">
<ele>11</ele><time>2025-08-29T16:46:36.000Z</time><extensions><gpxtpx:TrackPointExtension><gpxtpx:hr>163</gpxtpx:hr><gpxtpx:cad>81</gpxtpx:cad></gpxtpx:TrackPointExtension></extensions><extensions><gpxtpx:PowerExtension><gpxtpx:PowerInWatts>195</gpxtpx:PowerInWatts></gpxtpx:PowerExtension></extensions></trkpt>
<trkpt lat="38.5830000" lon="-121.4719727">
<ele>11</ele><time>2025-08-29T16:46:38.000Z</time><extensions><gpxtpx:TrackPointExtension><gpxtpx:hr>163</gpxtpx:hr><gpxtpx:cad>77</gpxtpx:cad></gpxtpx:TrackPointExtension></extensions><extensions><gpxtpx:PowerExtension><gpxtpx:PowerInWatts>195</gpxtpx:PowerInWatts></gpxtpx:PowerExtension></extensions></trkpt>
<trkpt lat="38.5830383" lon="-121.4720438">
<ele>11</ele><time>2025-08-29T16:46:41.000Z</time><extensions><gpxtpx:TrackPointExtension><gpxtpx:hr>162</gpxtpx:hr><gpxtpx:cad>79</gpxtpx:cad></gpxtpx:TrackPointExtension></extensions><extensions><gpxtpx:PowerExtension><gpxtpx:PowerInWatts>202</gpxtpx:PowerInWatts></gpxtpx:PowerExtension></extensions></trkpt>
<trkpt lat="38.5830599" lon="-121.4721008">
<ele>11</ele><time>2025-08-29T16:46:43.000Z</time><extensions><gpxtpx:TrackPointExtension><gpxtpx:hr>162</gpxtpx:hr><gpxtpx:cad>82</gpxtpx:cad></gpxtpx:TrackPointExtension></extensions><extensions><gpxtpx:PowerExtension><gpxtpx:PowerInWatts>206</gpxtpx:PowerInWatts></gpxtpx:PowerExtension></extensions></trkpt>
<trkpt lat="38.5830630" lon="-121.4721647">
<ele>11</ele><time>2025-08-29T16:46:45.000Z</time><extensions><gpxtpx:TrackPointExtension><gpxtpx:hr>162</gpxtpx:hr><gpxtpx:cad>79</gpxtpx:cad></gpxtpx:TrackPointExtension></extensions><extensions><gpxtpx:PowerExtension><gpxtpx:PowerInWatts>206</gpxtpx:PowerInWatts></gpxtpx:PowerExtension></extensions></trkpt>
<trkpt lat="38.5830883" lon="-121.4722283">
<ele>11</ele><time>2025-08-29T16:46:47.000Z</time><extensions><gpxtpx:TrackPointExtension><gpxtpx:hr>162</gpxtpx:hr><gpxtpx:cad>74</gpxtpx:cad></gpxtpx:TrackPointExtension></extensions><extensions><gpxtpx:PowerExtension><gpxtpx:PowerInWatts>206</gpxtpx:PowerInWatts></gpxtpx:PowerExtension></extensions></trkpt>
<trkpt lat="38.5831090" lon="-121.4723041">
<ele>11</ele><time>2025-08-29T16:46:50.000Z</time><extensions><gpxtpx:TrackPointExtension><gpxtpx:hr>162</gpxtpx:hr><gpxtpx:cad>72</gpxtpx:cad></gpxtpx:TrackPointExtension></extensions><extensions><gpxtpx:PowerExtension><gpxtpx:PowerInWatts>205</gpxtpx:PowerInWatts></gpxtpx:PowerExtension></extensions></trkpt>
<trkpt lat="38.5831399" lon="-121.4723645">
<ele>11</ele><time>2025-08-29T16:46:52.000Z</time><extensions><gpxtpx:TrackPointExtension><gpxtpx:hr>162</gpxtpx:hr><gpxtpx:cad>75</gpxtpx:cad></gpxtpx:TrackPointExtension></extensions><extensions><gpxtpx:PowerExtension><gpxtpx:PowerInWatts>200</gpxtpx:PowerInWatts></gpxtpx:PowerExtension></extensions></trkpt>
<trkpt lat="38.5831372" lon="-121.4724391">
<ele>11</ele><time>2025-08-29T16:46:54.000Z</time><extensions><gpxtpx:TrackPointExtension><gpxtpx:hr>163</gpxtpx:hr><gpxtpx:cad>78</gpxtpx:cad></gpxtpx:TrackPointExtension></extensions><extensions><gpxtpx:PowerExtension><gpxtpx:PowerInWatts>200</gpxtpx:PowerInWatts></gpxtpx:PowerExtension></extensions></trkpt>
<trkpt lat="38.5831514" lon="-121.4725039">
<ele>11</ele><time>2025-08-29T16:46:56.000Z</time><extensions><gpxtpx:TrackPointExtension><gpxtpx:hr>163</gpxtpx:hr><gpxtpx:cad>77</gpxtpx:cad></gpxtpx:TrackPointExtension></extensions><extensions><gpxtpx:PowerExtension><gpxtpx:PowerInWatts>200</gpxtpx:PowerInWatts></gpxtpx:PowerExtension></extensions></trkpt>
<trkpt lat="38.5831052" lon="-121.4725362">
<ele>11</ele><time>2025-08-29T16:46:58.000Z</time><extensions><gpxtpx:TrackPointExtension><gpxtpx:hr>163</gpxtpx:hr><gpxtpx:cad>74</gpxtpx:cad></gpxtpx:TrackPointExtension></extensions><extensions><gpxtpx:PowerExtension><gpxtpx:PowerInWatts>202</gpxtpx:PowerInWatts></gpxtpx:PowerExtension></extensions></trkpt>
<trkpt lat="38.5830542" lon="-121.4725278">
<ele>11</ele><time>2025-08-29T16:47:00.000Z</time><extensions><gpxtpx:TrackPointExtension><gpxtpx:hr>163</gpxtpx:hr><gpxtpx:cad>73</gpxtpx:cad></gpxtpx:TrackPointExtension></extensions><extensions><gpxtpx:PowerExtension><gpxtpx:PowerInWatts>206</gpxtpx:PowerInWatts></gpxtpx:PowerExtension></extensions></trkpt>
<trkpt lat="38.5829994" lon="-121.4725671">
<ele>11</ele><time>2025-08-29T16:47:02.999Z</time><extensions><gpxtpx:TrackPointExtension><gpxtpx:hr>163</gpxtpx:hr><gpxtpx:cad>71</gpxtpx:cad></gpxtpx:TrackPointExtension></extensions><extensions><gpxtpx:PowerExtension><gpxtpx:PowerInWatts>201</gpxtpx:PowerInWatts></gpxtpx:PowerExtension></extensions></trkpt>
<trkpt lat="38.5829484" lon="-121.4725889">
<ele>11</ele><time>2025-08-29T16:47:05.999Z</time><extensions><gpxtpx:TrackPointExtension><gpxtpx:hr>163</gpxtpx:hr><gpxtpx:cad>74</gpxtpx:cad></gpxtpx:TrackPointExtension></extensions><extensions><gpxtpx:PowerExtension><gpxtpx:PowerInWatts>201</gpxtpx:PowerInWatts></gpxtpx:PowerExtension></extensions></trkpt>
<trkpt lat="38.5828897" lon="-121.4726108">
<ele>11</ele><time>2025-08-29T16:47:07.999Z</time><extensions><gpxtpx:TrackPointExtension><gpxtpx:hr>162</gpxtpx:hr><gpxtpx:cad>74</gpxtpx:cad></gpxtpx:TrackPointExtension></extensions><extensions><gpxtpx:PowerExtension><gpxtpx:PowerInWatts>194</gpxtpx:PowerInWatts></gpxtpx:PowerExtension></extensions></trkpt>
<trkpt lat="38.5828439" lon="-121.4726294">
<ele>11</ele><time>2025-08-29T16:47:10.000Z</time><extensions><gpxtpx:TrackPointExtension><gpxtpx:hr>162</gpxtpx:hr><gpxtpx:cad>78</gpxtpx:cad></gpxtpx:TrackPointExtension></extensions><extensions><gpxtpx:PowerExtension><gpxtpx:PowerInWatts>194</gpxtpx:PowerInWatts></gpxtpx:PowerExtension></extensions></trkpt>
<trkpt lat="38.5827882" lon="-121.4726538">
<ele>11</ele><time>2025-08-29T16:47:12.000Z</time><extensions><gpxtpx:TrackPointExtension><gpxtpx:hr>163</gpxtpx:hr><gpxtpx:cad>77</gpxtpx:cad></gpxtpx:TrackPointExtension></extensions><extensions><gpxtpx:PowerExtension><gpxtpx:PowerInWatts>194</gpxtpx:PowerInWatts></gpxtpx:PowerExtension></extensions></trkpt>
<trkpt lat="38.5827339" lon="-121.4726301">
<ele>11</ele><time>2025-08-29T16:47:14.000Z</time><extensions><gpxtpx:TrackPointExtension><gpxtpx:hr>163</gpxtpx:hr><gpxtpx:cad>74</gpxtpx:cad></gpxtpx:TrackPointExtension></extensions><extensions><gpxtpx:PowerExtension><gpxtpx:PowerInWatts>197</gpxtpx:PowerInWatts></gpxtpx:PowerExtension></extensions></trkpt>
<trkpt lat="38.5826880" lon="-121.4726763">
<ele>11</ele><time>2025-08-29T16:47:16.000Z</time><extensions><gpxtpx:TrackPointExtension><gpxtpx:hr>163</gpxtpx:hr><gpxtpx:cad>76</gpxtpx:cad></gpxtpx:TrackPointExtension></extensions><extensions><gpxtpx:PowerExtension><gpxtpx:PowerInWatts>197</gpxtpx:PowerInWatts></gpxtpx:PowerExtension></extensions></trkpt>
<trkpt lat="38.5826324" lon="-121.4726894">
<ele>11</ele><time>2025-08-29T16:47:19.000Z</time><extensions><gpxtpx:TrackPointExtension><gpxtpx:hr>162</gpxtpx:hr><gpxtpx:cad>78</gpxtpx:cad></gpxtpx:TrackPointExtension></extensions><extensions><gpxtpx:PowerExtension><gpxtpx:PowerInWatts>203</gpxtpx:PowerInWatts></gpxtpx:PowerExtension></extensions></trkpt>
<trkpt lat="38.5825863" lon="-121.4727082">
<ele>11</ele><time>2025-08-29T16:47:21.000Z</time><extensions><gpxtpx:TrackPointExtension><gpxtpx:hr>162</gpxtpx:hr><gpxtpx:cad>81</gpxtpx:cad></gpxtpx:TrackPointExtension></extensions><extensions><gpxtpx:PowerExtension><gpxtpx:PowerInWatts>206</gpxtpx:PowerInWatts></gpxtpx:PowerExtension></extensions></trkpt>
<trkpt lat="38.5825235" lon="-121.4727190">
<ele>11</ele><time>2025-08-29T16:47:23.000Z</time><extensions><gpxtpx:TrackPointExtension><gpxtpx:hr>161</gpxtpx:hr><gpxtpx:cad>82</gpxtpx:cad></gpxtpx:TrackPointExtension></extensions><extensions><gpxtpx:PowerExtension><gpxtpx:PowerInWatts>206</gpxtpx:PowerInWatts></gpxtpx:PowerExtension></extensions></trkpt>
<trkpt lat="38.5824630" lon="-121.4727566">
<ele>11</ele><time>2025-08-29T16:47:25.000Z</time><extensions><gpxtpx:TrackPointExtension><gpxtpx:hr>161</gpxtpx:hr><gpxtpx:cad>79</gpxtpx:cad></gpxtpx:TrackPointExtension></extensions><extensions><gpxtpx:PowerExtension><gpxtpx:PowerInWatts>208</gpxtpx:PowerInWatts></gpxtpx:PowerExtension></extensions></trkpt>
<trkpt lat="38.5824160" lon="-121.4727851">
<ele>11</ele><time>2025-08-29T16:47:27.000Z</time><extensions><gpxtpx:TrackPointExtension><gpxtpx:hr>161</gpxtpx:hr><gpxtpx:cad>79</gpxtpx:cad></gpxtpx:TrackPointExtension></extensions><extensions><gpxtpx:PowerExtension><gpxtpx:PowerInWatts>208</gpxtpx:PowerInWatts></gpxtpx:PowerExtension></extensions></trkpt>
<trkpt lat="38.5823609" lon="-121.4727906">
<ele>11</ele><time>2025-08-29T16:47:29.000Z</time><extensions><gpxtpx:TrackPointExtension><gpxtpx:hr>162</gpxtpx:hr><gpxtpx:cad>79</gpxtpx:cad></gpxtpx:TrackPointExtension></extensions><extensions><gpxtpx:PowerExtension><gpxtpx:PowerInWatts>233</gpxtpx:PowerInWatts></gpxtpx:PowerExtension></extensions></trkpt>
<trkpt lat="38.5823113" lon="-121.4728314">
<ele>11</ele><time>2025-08-29T16:47:31.000Z</time><extensions><gpxtpx:TrackPointExtension><gpxtpx:hr>162</gpxtpx:hr><gpxtpx:cad>77</gpxtpx:cad></gpxtpx:TrackPointExtension></extensions><extensions><gpxtpx:PowerExtension><gpxtpx:PowerInWatts>240</gpxtpx:PowerInWatts></gpxtpx:PowerExtension></extensions></trkpt>
<trkpt lat="38.5822637" lon="-121.4728549">
<ele>11</ele><time>2025-08-29T16:47:34.000Z</time><extensions><gpxtpx:TrackPointExtension><gpxtpx:hr>163</gpxtpx:hr><gpxtpx:cad>79</gpxtpx:cad></gpxtpx:TrackPointExtension></extensions><extensions><gpxtpx:PowerExtension><gpxtpx:PowerInWatts>234</gpxtpx:PowerInWatts></gpxtpx:PowerExtension></extensions></trkpt>
<trkpt lat="38.5822154" lon="-121.4728869">
<ele>11</ele><time>2025-08-29T16:47:36.000Z</time><extensions><gpxtpx:TrackPointExtension><gpxtpx:hr>163</gpxtpx:hr><gpxtpx:cad>77</gpxtpx:cad></gpxtpx:TrackPointExtension></extensions><extensions><gpxtpx:PowerExtension><gpxtpx:PowerInWatts>234</gpxtpx:PowerInWatts></gpxtpx:PowerExtension></extensions></trkpt>
<trkpt lat="38.5821546" lon="-121.4729199">
<ele>11</ele><time>2025-08-29T16:47:38.000Z</time><extensions><gpxtpx:TrackPointExtension><gpxtpx:hr>164</gpxtpx:hr><gpxtpx:cad>74</gpxtpx:cad></gpxtpx:TrackPointExtension></extensions><extensions><gpxtpx:PowerExtension><gpxtpx:PowerInWatts>234</gpxtpx:PowerInWatts></gpxtpx:PowerExtension></extensions></trkpt>
<trkpt lat="38.5820994" lon="-121.4729494">
<ele>11</ele><time>2025-08-29T16:47:40.000Z</time><extensions><gpxtpx:TrackPointExtension><gpxtpx:hr>164</gpxtpx:hr><gpxtpx:cad>76</gpxtpx:cad></gpxtpx:TrackPointExtension></extensions><extensions><gpxtpx:PowerExtension><gpxtpx:PowerInWatts>234</gpxtpx:PowerInWatts></gpxtpx:PowerExtension></extensions></trkpt>
<trkpt lat="38.5820521" lon="-121.4729721">
<ele>11</ele><time>2025-08-29T16:47:42.000Z</time><extensions><gpxtpx:TrackPointExtension><gpxtpx:hr>163</gpxtpx:hr><gpxtpx:cad>75</gpxtpx:cad></gpxtpx:TrackPointExtension></extensions><extensions><gpxtpx:PowerExtension><gpxtpx:PowerInWatts>219</gpxtpx:PowerInWatts></gpxtpx:PowerExtension></extensions></trkpt>
<trkpt lat="38.5819798" lon="-121.4730017">
<ele>11</ele><time>2025-08-29T16:47:45.000Z</time><extensions><gpxtpx:TrackPointExtension><gpxtpx:hr>162</gpxtpx:hr><gpxtpx:cad>75</gpxtpx:cad></gpxtpx:TrackPointExtension></extensions><extensions><gpxtpx:PowerExtension><gpxtpx:PowerInWatts>226</gpxtpx:PowerInWatts></gpxtpx:PowerExtension></extensions></trkpt>
<trkpt lat="38.5819241" lon="-121.4730139">
<ele>11</ele><time>2025-08-29T16:47:47.000Z</time><extensions><gpxtpx:TrackPointExtension><gpxtpx:hr>162</gpxtpx:hr><gpxtpx:cad>74</gpxtpx:cad></gpxtpx:TrackPointExtension></extensions><extensions><gpxtpx:PowerExtension><gpxtpx:PowerInWatts>230</gpxtpx:PowerInWatts></gpxtpx:PowerExtension></extensions></trkpt>
<trkpt lat="38.5818714" lon="-121.4730196">
<ele>11</ele><time>2025-08-29T16:47:49.000Z</time><extensions><gpxtpx:TrackPointExtension><gpxtpx:hr>162</gpxtpx:hr><gpxtpx:cad>76</gpxtpx:cad></gpxtpx:TrackPointExtension></extensions><extensions><gpxtpx:PowerExtension><gpxtpx:PowerInWatts>227</gpxtpx:PowerInWatts></gpxtpx:PowerExtension></extensions></trkpt>
<trkpt lat="38.5818162" lon="-121.4730179">
<ele>11</ele><time>2025-08-29T16:47:52.000Z</time><extensions><gpxtpx:TrackPointExtension><gpxtpx:hr>162</gpxtpx:hr><gpxtpx:cad>74</gpxtpx:cad></gpxtpx:TrackPointExtension></extensions><extensions><gpxtpx:PowerExtension><gpxtpx:PowerInWatts>227</gpxtpx:PowerInWatts></gpxtpx:PowerExtension></extensions></trkpt>
<trkpt lat="38.5817522" lon="-121.4730298">
<ele>11</ele><time>2025-08-29T16:47:54.000Z</time><extensions><gpxtpx:TrackPointExtension><gpxtpx:hr>162</gpxtpx:hr><gpxtpx:cad>77</gpxtpx:cad></gpxtpx:TrackPointExtension></extensions><extensions><gpxtpx:PowerExtension><gpxtpx:PowerInWatts>226</gpxtpx:PowerInWatts></gpxtpx:PowerExtension></extensions></trkpt>
<trkpt lat="38.5817070" lon="-121.4730525">
<ele>11</ele><time>2025-08-29T16:47:56.000Z</time><extensions><gpxtpx:TrackPointExtension><gpxtpx:hr>163</gpxtpx:hr><gpxtpx:cad>79</gpxtpx:cad></gpxtpx:TrackPointExtension></extensions><extensions><gpxtpx:PowerExtension><gpxtpx:PowerInWatts>226</gpxtpx:PowerInWatts></gpxtpx:PowerExtension></extensions></trkpt>
<trkpt lat="38.5816703" lon="-121.4730905">
<ele>11</ele><time>2025-08-29T16:47:58.000Z</time><extensions><gpxtpx:TrackPointExtension><gpxtpx:hr>163</gpxtpx:hr><gpxtpx:cad>78</gpxtpx:cad></gpxtpx:TrackPointExtension></extensions><extensions><gpxtpx:PowerExtension><gpxtpx:PowerInWatts>219</gpxtpx:PowerInWatts></gpxtpx:PowerExtension></extensions></trkpt>
<trkpt lat="38.5816249" lon="-121.4730979">
<ele>11</ele><time>2025-08-29T16:48:00.000Z</time><extensions><gpxtpx:TrackPointExtension><gpxtpx:hr>163</gpxtpx:hr><gpxtpx:cad>78</gpxtpx:cad></gpxtpx:TrackPointExtension></extensions><extensions><gpxtpx:PowerExtension><gpxtpx:PowerInWatts>219</gpxtpx:PowerInWatts></gpxtpx:PowerExtension></extensions></trkpt>
<trkpt lat="38.5815687" lon="-121.4731519">
<ele>11</ele><time>2025-08-29T16:48:03.000Z</time><extensions><gpxtpx:TrackPointExtension><gpxtpx:hr>161</gpxtpx:hr><gpxtpx:cad>78</gpxtpx:cad></gpxtpx:TrackPointExtension></extensions><extensions><gpxtpx:PowerExtension><gpxtpx:PowerInWatts>220</gpxtpx:PowerInWatts></gpxtpx:PowerExtension></extensions></trkpt>
<trkpt lat="38.5815104" lon="-121.4731678">
<ele>11</ele><time>2025-08-29T16:48:05.000Z</time><extensions><gpxtpx:TrackPointExtension><gpxtpx:hr>161</gpxtpx:hr><gpxtpx:cad>79</gpxtpx:cad></gpxtpx:TrackPointExtension></extensions><extensions><gpxtpx:PowerExtension><gpxtpx:PowerInWatts>217</gpxtpx:PowerInWatts></gpxtpx:PowerExtension></extensions></trkpt>
<trkpt lat="38.5814521" lon="-121.4731918">
<ele>11</ele><time>2025-08-29T16:48:07.000Z</time><extensions><gpxtpx:TrackPointExtension><gpxtpx:hr>161</gpxtpx:hr><gpxtpx:cad>82</gpxtpx:cad></gpxtpx:TrackPointExtension></extensions><extensions><gpxtpx:PowerExtension><gpxtpx:PowerInWatts>216</gpxtpx:PowerInWatts></gpxtpx:PowerExtension></extensions></trkpt>
<trkpt lat="38.5813938" lon="-121.4732109">
<ele>11</ele><time>2025-08-29T16:48:09.000Z</time><extensions><gpxtpx:TrackPointExtension><gpxtpx:hr>161</gpxtpx:hr><gpxtpx:cad>81</gpxtpx:cad></gpxtpx:TrackPointExtension></extensions><extensions><gpxtpx:PowerExtension><gpxtpx:PowerInWatts>216</gpxtpx:PowerInWatts></gpxtpx:PowerExtension></extensions></trkpt>
<trkpt lat="38.5813552" lon="-121.4732476">
<ele>11</ele><time>2025-08-29T16:48:11.000Z</time><extensions><gpxtpx:TrackPointExtension><gpxtpx:hr>161</gpxtpx:hr><gpxtpx:cad>77</gpxtpx:cad></gpxtpx:TrackPointExtension></extensions><extensions><gpxtpx:PowerExtension><gpxtpx:PowerInWatts>216</gpxtpx:PowerInWatts></gpxtpx:PowerExtension></extensions></trkpt>
<trkpt lat="38.5813092" lon="-121.4732833">
<ele>11</ele><time>2025-08-29T16:48:13.000Z</time><extensions><gpxtpx:TrackPointExtension><gpxtpx:hr>161</gpxtpx:hr><gpxtpx:cad>79</gpxtpx:cad></gpxtpx:TrackPointExtension></extensions><extensions><gpxtpx:PowerExtension><gpxtpx:PowerInWatts>217</gpxtpx:PowerInWatts></gpxtpx:PowerExtension></extensions></trkpt>
<trkpt lat="38.5812608" lon="-121.4733154">
<ele>11</ele><time>2025-08-29T16:48:15.000Z</time><extensions><gpxtpx:TrackPointExtension><gpxtpx:hr>161</gpxtpx:hr><gpxtpx:cad>82</gpxtpx:cad></gpxtpx:TrackPointExtension></extensions><extensions><gpxtpx:PowerExtension><gpxtpx:PowerInWatts>219</gpxtpx:PowerInWatts></gpxtpx:PowerExtension></extensions></trkpt>
<trkpt lat="38.5811942" lon="-121.4733294">
<ele>11</ele><time>2025-08-29T16:48:18.000Z</time><extensions><gpxtpx:TrackPointExtension><gpxtpx:hr>161</gpxtpx:hr><gpxtpx:cad>82</gpxtpx:cad></gpxtpx:TrackPointExtension></extensions><extensions><gpxtpx:PowerExtension><gpxtpx:PowerInWatts>220</gpxtpx:PowerInWatts></gpxtpx:PowerExtension></extensions></trkpt>
<trkpt lat="38.5811367" lon="-121.4733329">
<ele>11</ele><time>2025-08-29T16:48:20.000Z</time><extensions><gpxtpx:TrackPointExtension><gpxtpx:hr>161</gpxtpx:hr><gpxtpx:cad>82</gpxtpx:cad></gpxtpx:TrackPointExtension></extensions><extensions><gpxtpx:PowerExtension><gpxtpx:PowerInWatts>220</gpxtpx:PowerInWatts></gpxtpx:PowerExtension></extensions></trkpt>
<trkpt lat="38.5811059" lon="-121.4733895">
<ele>11</ele><time>2025-08-29T16:48:22.000Z</time><extensions><gpxtpx:TrackPointExtension><gpxtpx:hr>162</gpxtpx:hr><gpxtpx:cad>82</gpxtpx:cad></gpxtpx:TrackPointExtension></extensions><extensions><gpxtpx:PowerExtension><gpxtpx:PowerInWatts>221</gpxtpx:PowerInWatts></gpxtpx:PowerExtension></extensions></trkpt>
<trkpt lat="38.5810511" lon="-121.4734040">
<ele>11</ele><time>2025-08-29T16:48:24.000Z</time><extensions><gpxtpx:TrackPointExtension><gpxtpx:hr>163</gpxtpx:hr><gpxtpx:cad>79</gpxtpx:cad></gpxtpx:TrackPointExtension></extensions><extensions><gpxtpx:PowerExtension><gpxtpx:PowerInWatts>222</gpxtpx:PowerInWatts></gpxtpx:PowerExtension></extensions></trkpt>
<trkpt lat="38.5810005" lon="-121.4734131">
<ele>11</ele><time>2025-08-29T16:48:26.000Z</time><extensions><gpxtpx:TrackPointExtension><gpxtpx:hr>163</gpxtpx:hr><gpxtpx:cad>76</gpxtpx:cad></gpxtpx:TrackPointExtension></extensions><extensions><gpxtpx:PowerExtension><gpxtpx:PowerInWatts>222</gpxtpx:PowerInWatts></gpxtpx:PowerExtension></extensions></trkpt>
<trkpt lat="38.5809627" lon="-121.4734470">
<ele>11</ele><time>2025-08-29T16:48:28.000Z</time><extensions><gpxtpx:TrackPointExtension><gpxtpx:hr>163</gpxtpx:hr><gpxtpx:cad>79</gpxtpx:cad></gpxtpx:TrackPointExtension></extensions><extensions><gpxtpx:PowerExtension><gpxtpx:PowerInWatts>222</gpxtpx:PowerInWatts></gpxtpx:PowerExtension></extensions></trkpt>
<trkpt lat="38.5809135" lon="-121.4734696">
<ele>11</ele><time>2025-08-29T16:48:30.000Z</time><extensions><gpxtpx:TrackPointExtension><gpxtpx:hr>162</gpxtpx:hr><gpxtpx:cad>82</gpxtpx:cad></gpxtpx:TrackPointExtension></extensions><extensions><gpxtpx:PowerExtension><gpxtpx:PowerInWatts>221</gpxtpx:PowerInWatts></gpxtpx:PowerExtension></extensions></trkpt>
<trkpt lat="38.5808466" lon="-121.4734883">
<ele>11</ele><time>2025-08-29T16:48:33.000Z</time><extensions><gpxtpx:TrackPointExtension><gpxtpx:hr>163</gpxtpx:hr><gpxtpx:cad>85</gpxtpx:cad></gpxtpx:TrackPointExtension></extensions><extensions><gpxtpx:PowerExtension><gpxtpx:PowerInWatts>221</gpxtpx:PowerInWatts></gpxtpx:PowerExtension></extensions></trkpt>
<trkpt lat="38.5807983" lon="-121.4735214">
<ele>11</ele><time>2025-08-29T16:48:35.000Z</time><extensions><gpxtpx:TrackPointExtension><gpxtpx:hr>163</gpxtpx:hr><gpxtpx:cad>80</gpxtpx:cad></gpxtpx:TrackPointExtension></extensions><extensions><gpxtpx:PowerExtension><gpxtpx:PowerInWatts>221</gpxtpx:PowerInWatts></gpxtpx:PowerExtension></extensions></trkpt>
<trkpt lat="38.5807508" lon="-121.4735595">
<ele>11</ele><time>2025-08-29T16:48:37.000Z</time><extensions><gpxtpx:TrackPointExtension><gpxtpx:hr>163</gpxtpx:hr><gpxtpx:cad>77</gpxtpx:cad></gpxtpx:TrackPointExtension></extensions><extensions><gpxtpx:PowerExtension><gpxtpx:PowerInWatts>221</gpxtpx:PowerInWatts></gpxtpx:PowerExtension></extensions></trkpt>
<trkpt lat="38.5806952" lon="-121.4735849">
<ele>11</ele><time>2025-08-29T16:48:39.000Z</time><extensions><gpxtpx:TrackPointExtension><gpxtpx:hr>163</gpxtpx:hr><gpxtpx:cad>76</gpxtpx:cad></gpxtpx:TrackPointExtension></extensions><extensions><gpxtpx:PowerExtension><gpxtpx:PowerInWatts>221</gpxtpx:PowerInWatts></gpxtpx:PowerExtension></extensions></trkpt>
<trkpt lat="38.5806375" lon="-121.4736005">
<ele>11</ele><time>2025-08-29T16:48:41.000Z</time><extensions><gpxtpx:TrackPointExtension><gpxtpx:hr>163</gpxtpx:hr><gpxtpx:cad>79</gpxtpx:cad></gpxtpx:TrackPointExtension></extensions><extensions><gpxtpx:PowerExtension><gpxtpx:PowerInWatts>221</gpxtpx:PowerInWatts></gpxtpx:PowerExtension></extensions></trkpt>
<trkpt lat="38.5805876" lon="-121.4736033">
<ele>11</ele><time>2025-08-29T16:48:43.000Z</time><extensions><gpxtpx:TrackPointExtension><gpxtpx:hr>163</gpxtpx:hr><gpxtpx:cad>82</gpxtpx:cad></gpxtpx:TrackPointExtension></extensions><extensions><gpxtpx:PowerExtension><gpxtpx:PowerInWatts>223</gpxtpx:PowerInWatts></gpxtpx:PowerExtension></extensions></trkpt>
<trkpt lat="38.5805322" lon="-121.4736265">
<ele>11</ele><time>2025-08-29T16:48:45.000Z</time><extensions><gpxtpx:TrackPointExtension><gpxtpx:hr>163</gpxtpx:hr><gpxtpx:cad>82</gpxtpx:cad></gpxtpx:TrackPointExtension></extensions><extensions><gpxtpx:PowerExtension><gpxtpx:PowerInWatts>223</gpxtpx:PowerInWatts></gpxtpx:PowerExtension></extensions></trkpt>
<trkpt lat="38.5804735" lon="-121.4736286">
<ele>11</ele><time>2025-08-29T16:48:47.000Z</time><extensions><gpxtpx:TrackPointExtension><gpxtpx:hr>164</gpxtpx:hr><gpxtpx:cad>82</gpxtpx:cad></gpxtpx:TrackPointExtension></extensions><extensions><gpxtpx:PowerExtension><gpxtpx:PowerInWatts>222</gpxtpx:PowerInWatts></gpxtpx:PowerExtension></extensions></trkpt>
<trkpt lat="38.5804294" lon="-121.4736503">
<ele>11</ele><time>2025-08-29T16:48:49.000Z</time><extensions><gpxtpx:TrackPointExtension><gpxtpx:hr>164</gpxtpx:hr><gpxtpx:cad>82</gpxtpx:cad></gpxtpx:TrackPointExtension></extensions><extensions><gpxtpx:PowerExtension><gpxtpx:PowerInWatts>222</gpxtpx:PowerInWatts></gpxtpx:PowerExtension></extensions></trkpt>
<trkpt lat="38.5803787" lon="-121.4736758">
<ele>11</ele><time>2025-08-29T16:48:51.000Z</time><extensions><gpxtpx:TrackPointExtension><gpxtpx:hr>164</gpxtpx:hr><gpxtpx:cad>80</gpxtpx:cad></gpxtpx:TrackPointExtension></extensions><extensions><gpxtpx:PowerExtension><gpxtpx:PowerInWatts>224</gpxtpx:PowerInWatts></gpxtpx:PowerExtension></extensions></trkpt>
<trkpt lat="38.5803147" lon="-121.4736843">
<ele>11</ele><time>2025-08-29T16:48:54.000Z</time><extensions><gpxtpx:TrackPointExtension><gpxtpx:hr>163</gpxtpx:hr><gpxtpx:cad>82</gpxtpx:cad></gpxtpx:TrackPointExtension></extensions><extensions><gpxtpx:PowerExtension><gpxtpx:PowerInWatts>222</gpxtpx:PowerInWatts></gpxtpx:PowerExtension></extensions></trkpt>
<trkpt lat="38.5802609" lon="-121.4737061">
<ele>11</ele><time>2025-08-29T16:48:56.000Z</time><extensions><gpxtpx:TrackPointExtension><gpxtpx:hr>163</gpxtpx:hr><gpxtpx:cad>81</gpxtpx:cad></gpxtpx:TrackPointExtension></extensions><extensions><gpxtpx:PowerExtension><gpxtpx:PowerInWatts>222</gpxtpx:PowerInWatts></gpxtpx:PowerExtension></extensions></trkpt>
<trkpt lat="38.5802086" lon="-121.4737396">
<ele>11</ele><time>2025-08-29T16:48:58.000Z</time><extensions><gpxtpx:TrackPointExtension><gpxtpx:hr>163</gpxtpx:hr><gpxtpx:cad>79</gpxtpx:cad></gpxtpx:TrackPointExtension></extensions><extensions><gpxtpx:PowerExtension><gpxtpx:PowerInWatts>222</gpxtpx:PowerInWatts></gpxtpx:PowerExtension></extensions></trkpt>
<trkpt lat="38.5801577" lon="-121.4737581">
<ele>11</ele><time>2025-08-29T16:49:00.000Z</time><extensions><gpxtpx:TrackPointExtension><gpxtpx:hr>164</gpxtpx:hr><gpxtpx:cad>78</gpxtpx:cad></gpxtpx:TrackPointExtension></extensions><extensions><gpxtpx:PowerExtension><gpxtpx:PowerInWatts>222</gpxtpx:PowerInWatts></gpxtpx:PowerExtension></extensions></trkpt>
<trkpt lat="38.5800943" lon="-121.4737833">
<ele>11</ele><time>2025-08-29T16:49:03.000Z</time><extensions><gpxtpx:TrackPointExtension><gpxtpx:hr>163</gpxtpx:hr><gpxtpx:cad>76</gpxtpx:cad></gpxtpx:TrackPointExtension></extensions><extensions><gpxtpx:PowerExtension><gpxtpx:PowerInWatts>220</gpxtpx:PowerInWatts></gpxtpx:PowerExtension></extensions></trkpt>
<trkpt lat="38.5800505" lon="-121.4738153">
<ele>11</ele><time>2025-08-29T16:49:04.999Z</time><extensions><gpxtpx:TrackPointExtension><gpxtpx:hr>163</gpxtpx:hr><gpxtpx:cad>83</gpxtpx:cad></gpxtpx:TrackPointExtension></extensions><extensions><gpxtpx:PowerExtension><gpxtpx:PowerInWatts>220</gpxtpx:PowerInWatts></gpxtpx:PowerExtension></extensions></trkpt>
<trkpt lat="38.5800042" lon="-121.4738631">
<ele>11</ele><time>2025-08-29T16:49:06.999Z</time><extensions><gpxtpx:TrackPointExtension><gpxtpx:hr>163</gpxtpx:hr><gpxtpx:cad>82</gpxtpx:cad></gpxtpx:TrackPointExtension></extensions><extensions><gpxtpx:PowerExtension><gpxtpx:PowerInWatts>220</gpxtpx:PowerInWatts></gpxtpx:PowerExtension></extensions></trkpt>
<trkpt lat="38.5799481" lon="-121.4738838">
<ele>11</ele><time>2025-08-29T16:49:09.999Z</time><extensions><gpxtpx:TrackPointExtension><gpxtpx:hr>164</gpxtpx:hr><gpxtpx:cad>81</gpxtpx:cad></gpxtpx:TrackPointExtension></extensions><extensions><gpxtpx:PowerExtension><gpxtpx:PowerInWatts>218</gpxtpx:PowerInWatts></gpxtpx:PowerExtension></extensions></trkpt>
<trkpt lat="38.5798947" lon="-121.4739052">
<ele>11</ele><time>2025-08-29T16:49:11.999Z</time><extensions><gpxtpx:TrackPointExtension><gpxtpx:hr>163</gpxtpx:hr><gpxtpx:cad>80</gpxtpx:cad></gpxtpx:TrackPointExtension></extensions><extensions><gpxtpx:PowerExtension><gpxtpx:PowerInWatts>217</gpxtpx:PowerInWatts></gpxtpx:PowerExtension></extensions></trkpt>
<trkpt lat="38.5798511" lon="-121.4739317">
<ele>11</ele><time>2025-08-29T16:49:13.999Z</time><extensions><gpxtpx:TrackPointExtension><gpxtpx:hr>163</gpxtpx:hr><gpxtpx:cad>80</gpxtpx:cad></gpxtpx:TrackPointExtension></extensions><extensions><gpxtpx:PowerExtension><gpxtpx:PowerInWatts>220</gpxtpx:PowerInWatts></gpxtpx:PowerExtension></extensions></trkpt>
<trkpt lat="38.5798068" lon="-121.4739479">
<ele>11</ele><time>2025-08-29T16:49:15.999Z</time><extensions><gpxtpx:TrackPointExtension><gpxtpx:hr>163</gpxtpx:hr><gpxtpx:cad>78</gpxtpx:cad></gpxtpx:TrackPointExtension></extensions><extensions><gpxtpx:PowerExtension><gpxtpx:PowerInWatts>214</gpxtpx:PowerInWatts></gpxtpx:PowerExtension></extensions></trkpt>
<trkpt lat="38.5797498" lon="-121.4739780">
<ele>11</ele><time>2025-08-29T16:49:19.000Z</time><extensions><gpxtpx:TrackPointExtension><gpxtpx:hr>163</gpxtpx:hr><gpxtpx:cad>81</gpxtpx:cad></gpxtpx:TrackPointExtension></extensions><extensions><gpxtpx:PowerExtension><gpxtpx:PowerInWatts>217</gpxtpx:PowerInWatts></gpxtpx:PowerExtension></extensions></trkpt>
<trkpt lat="38.5796927" lon="-121.4740097">
<ele>11</ele><time>2025-08-29T16:49:22.000Z</time><extensions><gpxtpx:TrackPointExtension><gpxtpx:hr>164</gpxtpx:hr><gpxtpx:cad>79</gpxtpx:cad></gpxtpx:TrackPointExtension></extensions><extensions><gpxtpx:PowerExtension><gpxtpx:PowerInWatts>214</gpxtpx:PowerInWatts></gpxtpx:PowerExtension></extensions></trkpt>
<trkpt lat="38.5796144" lon="-121.4740281">
<ele>11</ele><time>2025-08-29T16:49:24.000Z</time><extensions><gpxtpx:TrackPointExtension><gpxtpx:hr>164</gpxtpx:hr><gpxtpx:cad>78</gpxtpx:cad></gpxtpx:TrackPointExtension></extensions><extensions><gpxtpx:PowerExtension><gpxtpx:PowerInWatts>209</gpxtpx:PowerInWatts></gpxtpx:PowerExtension></extensions></trkpt>
<trkpt lat="38.5795657" lon="-121.4740501">
<ele>11</ele><time>2025-08-29T16:49:26.000Z</time><extensions><gpxtpx:TrackPointExtension><gpxtpx:hr>163</gpxtpx:hr><gpxtpx:cad>76</gpxtpx:cad></gpxtpx:TrackPointExtension></extensions><extensions><gpxtpx:PowerExtension><gpxtpx:PowerInWatts>209</gpxtpx:PowerInWatts></gpxtpx:PowerExtension></extensions></trkpt>
<trkpt lat="38.5795042" lon="-121.4740903">
<ele>11</ele><time>2025-08-29T16:49:29.000Z</time><extensions><gpxtpx:TrackPointExtension><gpxtpx:hr>163</gpxtpx:hr><gpxtpx:cad>77</gpxtpx:cad></gpxtpx:TrackPointExtension></extensions><extensions><gpxtpx:PowerExtension><gpxtpx:PowerInWatts>208</gpxtpx:PowerInWatts></gpxtpx:PowerExtension></extensions></trkpt>
<trkpt lat="38.5794510" lon="-121.4741171">
<ele>11</ele><time>2025-08-29T16:49:31.000Z</time><extensions><gpxtpx:TrackPointExtension><gpxtpx:hr>163</gpxtpx:hr><gpxtpx:cad>80</gpxtpx:cad></gpxtpx:TrackPointExtension></extensions><extensions><gpxtpx:PowerExtension><gpxtpx:PowerInWatts>217</gpxtpx:PowerInWatts></gpxtpx:PowerExtension></extensions></trkpt>
<trkpt lat="38.5794013" lon="-121.4741379">
<ele>11</ele><time>2025-08-29T16:49:33.000Z</time><extensions><gpxtpx:TrackPointExtension><gpxtpx:hr>164</gpxtpx:hr><gpxtpx:cad>78</gpxtpx:cad></gpxtpx:TrackPointExtension></extensions><extensions><gpxtpx:PowerExtension><gpxtpx:PowerInWatts>212</gpxtpx:PowerInWatts></gpxtpx:PowerExtension></extensions></trkpt>
<trkpt lat="38.5793661" lon="-121.4741745">
<ele>11</ele><time>2025-08-29T16:49:35.000Z</time><extensions><gpxtpx:TrackPointExtension><gpxtpx:hr>164</gpxtpx:hr><gpxtpx:cad>70</gpxtpx:cad></gpxtpx:TrackPointExtension></extensions><extensions><gpxtpx:PowerExtension><gpxtpx:PowerInWatts>212</gpxtpx:PowerInWatts></gpxtpx:PowerExtension></extensions></trkpt>
<trkpt lat="38.5793098" lon="-121.4742015">
<ele>11</ele><time>2025-08-29T16:49:38.000Z</time><extensions><gpxtpx:TrackPointExtension><gpxtpx:hr>163</gpxtpx:hr><gpxtpx:cad>74</gpxtpx:cad></gpxtpx:TrackPointExtension></extensions><extensions><gpxtpx:PowerExtension><gpxtpx:PowerInWatts>214</gpxtpx:PowerInWatts></gpxtpx:PowerExtension></extensions></trkpt>
<trkpt lat="38.5792554" lon="-121.4742176">
<ele>11</ele><time>2025-08-29T16:49:40.000Z</time><extensions><gpxtpx:TrackPointExtension><gpxtpx:hr>162</gpxtpx:hr><gpxtpx:cad>76</gpxtpx:cad></gpxtpx:TrackPointExtension></extensions><extensions><gpxtpx:PowerExtension><gpxtpx:PowerInWatts>217</gpxtpx:PowerInWatts></gpxtpx:PowerExtension></extensions></trkpt>
<trkpt lat="38.5791962" lon="-121.4742162">
<ele>11</ele><time>2025-08-29T16:49:42.000Z</time><extensions><gpxtpx:TrackPointExtension><gpxtpx:hr>162</gpxtpx:hr><gpxtpx:cad>80</gpxtpx:cad></gpxtpx:TrackPointExtension></extensions><extensions><gpxtpx:PowerExtension><gpxtpx:PowerInWatts>208</gpxtpx:PowerInWatts></gpxtpx:PowerExtension></extensions></trkpt>
<trkpt lat="38.5791427" lon="-121.4742433">
<ele>11</ele><time>2025-08-29T16:49:44.000Z</time><extensions><gpxtpx:TrackPointExtension><gpxtpx:hr>162</gpxtpx:hr><gpxtpx:cad>80</gpxtpx:cad></gpxtpx:TrackPointExtension></extensions><extensions><gpxtpx:PowerExtension><gpxtpx:PowerInWatts>208</gpxtpx:PowerInWatts></gpxtpx:PowerExtension></extensions></trkpt>
<trkpt lat="38.5790910" lon="-121.4742127">
<ele>11</ele><time>2025-08-29T16:49:46.000Z</time><extensions><gpxtpx:TrackPointExtension><gpxtpx:hr>162</gpxtpx:hr><gpxtpx:cad>80</gpxtpx:cad></gpxtpx:TrackPointExtension></extensions><extensions><gpxtpx:PowerExtension><gpxtpx:PowerInWatts>203</gpxtpx:PowerInWatts></gpxtpx:PowerExtension></extensions></trkpt>
<trkpt lat="38.5790347" lon="-121.4742413">
<ele>11</ele><time>2025-08-29T16:49:48.000Z</time><extensions><gpxtpx:TrackPointExtension><gpxtpx:hr>163</gpxtpx:hr><gpxtpx:cad>76</gpxtpx:cad></gpxtpx:TrackPointExtension></extensions><extensions><gpxtpx:PowerExtension><gpxtpx:PowerInWatts>203</gpxtpx:PowerInWatts></gpxtpx:PowerExtension></extensions></trkpt>
<trkpt lat="38.5789832" lon="-121.4742943">
<ele>11</ele><time>2025-08-29T16:49:50.000Z</time><extensions><gpxtpx:TrackPointExtension><gpxtpx:hr>163</gpxtpx:hr><gpxtpx:cad>74</gpxtpx:cad></gpxtpx:TrackPointExtension></extensions><extensions><gpxtpx:PowerExtension><gpxtpx:PowerInWatts>220</gpxtpx:PowerInWatts></gpxtpx:PowerExtension></extensions></trkpt>
<trkpt lat="38.5789311" lon="-121.4742980">
<ele>11</ele><time>2025-08-29T16:49:52.000Z</time><extensions><gpxtpx:TrackPointExtension><gpxtpx:hr>164</gpxtpx:hr><gpxtpx:cad>74</gpxtpx:cad></gpxtpx:TrackPointExtension></extensions><extensions><gpxtpx:PowerExtension><gpxtpx:PowerInWatts>220</gpxtpx:PowerInWatts></gpxtpx:PowerExtension></extensions></trkpt>
<trkpt lat="38.5788847" lon="-121.4743291">
<ele>11</ele><time>2025-08-29T16:49:54.000Z</time><extensions><gpxtpx:TrackPointExtension><gpxtpx:hr>163</gpxtpx:hr><gpxtpx:cad>78</gpxtpx:cad></gpxtpx:TrackPointExtension></extensions><extensions><gpxtpx:PowerExtension><gpxtpx:PowerInWatts>224</gpxtpx:PowerInWatts></gpxtpx:PowerExtension></extensions></trkpt>
<trkpt lat="38.5788345" lon="-121.4743537">
<ele>11</ele><time>2025-08-29T16:49:56.000Z</time><extensions><gpxtpx:TrackPointExtension><gpxtpx:hr>163</gpxtpx:hr><gpxtpx:cad>79</gpxtpx:cad></gpxtpx:TrackPointExtension></extensions><extensions><gpxtpx:PowerExtension><gpxtpx:PowerInWatts>224</gpxtpx:PowerInWatts></gpxtpx:PowerExtension></extensions></trkpt>
<trkpt lat="38.5787693" lon="-121.4743919">
<ele>11</ele><time>2025-08-29T16:49:59.000Z</time><extensions><gpxtpx:TrackPointExtension><gpxtpx:hr>163</gpxtpx:hr><gpxtpx:cad>79</gpxtpx:cad></gpxtpx:TrackPointExtension></extensions><extensions><gpxtpx:PowerExtension><gpxtpx:PowerInWatts>227</gpxtpx:PowerInWatts></gpxtpx:PowerExtension></extensions></trkpt>
<trkpt lat="38.5787190" lon="-121.4744005">
<ele>11</ele><time>2025-08-29T16:50:01.000Z</time><extensions><gpxtpx:TrackPointExtension><gpxtpx:hr>164</gpxtpx:hr><gpxtpx:cad>78</gpxtpx:cad></gpxtpx:TrackPointExtension></extensions><extensions><gpxtpx:PowerExtension><gpxtpx:PowerInWatts>228</gpxtpx:PowerInWatts></gpxtpx:PowerExtension></extensions></trkpt>
<trkpt lat="38.5786625" lon="-121.4744273">
<ele>11</ele><time>2025-08-29T16:50:03.000Z</time><extensions><gpxtpx:TrackPointExtension><gpxtpx:hr>164</gpxtpx:hr><gpxtpx:cad>80</gpxtpx:cad></gpxtpx:TrackPointExtension></extensions><extensions><gpxtpx:PowerExtension><gpxtpx:PowerInWatts>228</gpxtpx:PowerInWatts></gpxtpx:PowerExtension></extensions></trkpt>
<trkpt lat="38.5786059" lon="-121.4744494">
<ele>11</ele><time>2025-08-29T16:50:05.000Z</time><extensions><gpxtpx:TrackPointExtension><gpxtpx:hr>163</gpxtpx:hr><gpxtpx:cad>80</gpxtpx:cad></gpxtpx:TrackPointExtension></extensions><extensions><gpxtpx:PowerExtension><gpxtpx:PowerInWatts>222</gpxtpx:PowerInWatts></gpxtpx:PowerExtension></extensions></trkpt>
<trkpt lat="38.5785464" lon="-121.4744566">
<ele>11</ele><time>2025-08-29T16:50:07.000Z</time><extensions><gpxtpx:TrackPointExtension><gpxtpx:hr>163</gpxtpx:hr><gpxtpx:cad>78</gpxtpx:cad></gpxtpx:TrackPointExtension></extensions><extensions><gpxtpx:PowerExtension><gpxtpx:PowerInWatts>224</gpxtpx:PowerInWatts></gpxtpx:PowerExtension></extensions></trkpt>
<trkpt lat="38.5785007" lon="-121.4744956">
<ele>11</ele><time>2025-08-29T16:50:09.000Z</time><extensions><gpxtpx:TrackPointExtension><gpxtpx:hr>163</gpxtpx:hr><gpxtpx:cad>78</gpxtpx:cad></gpxtpx:TrackPointExtension></extensions><extensions><gpxtpx:PowerExtension><gpxtpx:PowerInWatts>224</gpxtpx:PowerInWatts></gpxtpx:PowerExtension></extensions></trkpt>
<trkpt lat="38.5784345" lon="-121.4745008">
<ele>11</ele><time>2025-08-29T16:50:12.000Z</time><extensions><gpxtpx:TrackPointExtension><gpxtpx:hr>164</gpxtpx:hr><gpxtpx:cad>78</gpxtpx:cad></gpxtpx:TrackPointExtension></extensions><extensions><gpxtpx:PowerExtension><gpxtpx:PowerInWatts>225</gpxtpx:PowerInWatts></gpxtpx:PowerExtension></extensions></trkpt>
<trkpt lat="38.5783935" lon="-121.4745576">
<ele>11</ele><time>2025-08-29T16:50:15.000Z</time><extensions><gpxtpx:TrackPointExtension><gpxtpx:hr>163</gpxtpx:hr><gpxtpx:cad>75</gpxtpx:cad></gpxtpx:TrackPointExtension></extensions><extensions><gpxtpx:PowerExtension><gpxtpx:PowerInWatts>224</gpxtpx:PowerInWatts></gpxtpx:PowerExtension></extensions></trkpt>
<trkpt lat="38.5783523" lon="-121.4745923">
<ele>11</ele><time>2025-08-29T16:50:17.000Z</time><extensions><gpxtpx:TrackPointExtension><gpxtpx:hr>164</gpxtpx:hr><gpxtpx:cad>75</gpxtpx:cad></gpxtpx:TrackPointExtension></extensions><extensions><gpxtpx:PowerExtension><gpxtpx:PowerInWatts>221</gpxtpx:PowerInWatts></gpxtpx:PowerExtension></extensions></trkpt>
<trkpt lat="38.5783082" lon="-121.4746130">
<ele>11</ele><time>2025-08-29T16:50:19.000Z</time><extensions><gpxtpx:TrackPointExtension><gpxtpx:hr>164</gpxtpx:hr><gpxtpx:cad>81</gpxtpx:cad></gpxtpx:TrackPointExtension></extensions><extensions><gpxtpx:PowerExtension><gpxtpx:PowerInWatts>221</gpxtpx:PowerInWatts></gpxtpx:PowerExtension></extensions></trkpt>
<trkpt lat="38.5782697" lon="-121.4746532">
<ele>11</ele><time>2025-08-29T16:50:21.000Z</time><extensions><gpxtpx:TrackPointExtension><gpxtpx:hr>164</gpxtpx:hr><gpxtpx:cad>81</gpxtpx:cad></gpxtpx:TrackPointExtension></extensions><extensions><gpxtpx:PowerExtension><gpxtpx:PowerInWatts>221</gpxtpx:PowerInWatts></gpxtpx:PowerExtension></extensions></trkpt>
<trkpt lat="38.5782221" lon="-121.4746753">
<ele>11</ele><time>2025-08-29T16:50:23.000Z</time><extensions><gpxtpx:TrackPointExtension><gpxtpx:hr>163</gpxtpx:hr><gpxtpx:cad>80</gpxtpx:cad></gpxtpx:TrackPointExtension></extensions><extensions><gpxtpx:PowerExtension><gpxtpx:PowerInWatts>214</gpxtpx:PowerInWatts></gpxtpx:PowerExtension></extensions></trkpt>
<trkpt lat="38.5781709" lon="-121.4746763">
<ele>11</ele><time>2025-08-29T16:50:25.000Z</time><extensions><gpxtpx:TrackPointExtension><gpxtpx:hr>163</gpxtpx:hr><gpxtpx:cad>77</gpxtpx:cad></gpxtpx:TrackPointExtension></extensions><extensions><gpxtpx:PowerExtension><gpxtpx:PowerInWatts>213</gpxtpx:PowerInWatts></gpxtpx:PowerExtension></extensions></trkpt>
<trkpt lat="38.5781264" lon="-121.4747022">
<ele>11</ele><time>2025-08-29T16:50:27.000Z</time><extensions><gpxtpx:TrackPointExtension><gpxtpx:hr>163</gpxtpx:hr><gpxtpx:cad>81</gpxtpx:cad></gpxtpx:TrackPointExtension></extensions><extensions><gpxtpx:PowerExtension><gpxtpx:PowerInWatts>213</gpxtpx:PowerInWatts></gpxtpx:PowerExtension></extensions></trkpt>
<trkpt lat="38.5780743" lon="-121.4747119">
<ele>11</ele><time>2025-08-29T16:50:29.000Z</time><extensions><gpxtpx:TrackPointExtension><gpxtpx:hr>163</gpxtpx:hr><gpxtpx:cad>78</gpxtpx:cad></gpxtpx:TrackPointExtension></extensions><extensions><gpxtpx:PowerExtension><gpxtpx:PowerInWatts>213</gpxtpx:PowerInWatts></gpxtpx:PowerExtension></extensions></trkpt>
<trkpt lat="38.5780342" lon="-121.4747406">
<ele>11</ele><time>2025-08-29T16:50:31.000Z</time><extensions><gpxtpx:TrackPointExtension><gpxtpx:hr>163</gpxtpx:hr><gpxtpx:cad>77</gpxtpx:cad></gpxtpx:TrackPointExtension></extensions><extensions><gpxtpx:PowerExtension><gpxtpx:PowerInWatts>212</gpxtpx:PowerInWatts></gpxtpx:PowerExtension></extensions></trkpt>
<trkpt lat="38.5779820" lon="-121.4747756">
<ele>11</ele><time>2025-08-29T16:50:33.000Z</time><extensions><gpxtpx:TrackPointExtension><gpxtpx:hr>163</gpxtpx:hr><gpxtpx:cad>77</gpxtpx:cad></gpxtpx:TrackPointExtension></extensions><extensions><gpxtpx:PowerExtension><gpxtpx:PowerInWatts>212</gpxtpx:PowerInWatts></gpxtpx:PowerExtension></extensions></trkpt>
<trkpt lat="38.5779189" lon="-121.4747883">
<ele>11</ele><time>2025-08-29T16:50:35.000Z</time><extensions><gpxtpx:TrackPointExtension><gpxtpx:hr>162</gpxtpx:hr><gpxtpx:cad>78</gpxtpx:cad></gpxtpx:TrackPointExtension></extensions><extensions><gpxtpx:PowerExtension><gpxtpx:PowerInWatts>212</gpxtpx:PowerInWatts></gpxtpx:PowerExtension></extensions></trkpt>
<trkpt lat="38.5778731" lon="-121.4748008">
<ele>11</ele><time>2025-08-29T16:50:37.000Z</time><extensions><gpxtpx:TrackPointExtension><gpxtpx:hr>162</gpxtpx:hr><gpxtpx:cad>78</gpxtpx:cad></gpxtpx:TrackPointExtension></extensions><extensions><gpxtpx:PowerExtension><gpxtpx:PowerInWatts>212</gpxtpx:PowerInWatts></gpxtpx:PowerExtension></extensions></trkpt>
<trkpt lat="38.5778110" lon="-121.4748222">
<ele>11</ele><time>2025-08-29T16:50:40.000Z</time><extensions><gpxtpx:TrackPointExtension><gpxtpx:hr>162</gpxtpx:hr><gpxtpx:cad>76</gpxtpx:cad></gpxtpx:TrackPointExtension></extensions><extensions><gpxtpx:PowerExtension><gpxtpx:PowerInWatts>218</gpxtpx:PowerInWatts></gpxtpx:PowerExtension></extensions></trkpt>
<trkpt lat="38.5777606" lon="-121.4748365">
<ele>11</ele><time>2025-08-29T16:50:42.000Z</time><extensions><gpxtpx:TrackPointExtension><gpxtpx:hr>162</gpxtpx:hr><gpxtpx:cad>75</gpxtpx:cad></gpxtpx:TrackPointExtension></extensions><extensions><gpxtpx:PowerExtension><gpxtpx:PowerInWatts>218</gpxtpx:PowerInWatts></gpxtpx:PowerExtension></extensions></trkpt>
<trkpt lat="38.5777141" lon="-121.4748643">
<ele>11</ele><time>2025-08-29T16:50:44.000Z</time><extensions><gpxtpx:TrackPointExtension><gpxtpx:hr>161</gpxtpx:hr><gpxtpx:cad>81</gpxtpx:cad></gpxtpx:TrackPointExtension></extensions><extensions><gpxtpx:PowerExtension><gpxtpx:PowerInWatts>218</gpxtpx:PowerInWatts></gpxtpx:PowerExtension></extensions></trkpt>
<trkpt lat="38.5776718" lon="-121.4748947">
<ele>11</ele><time>2025-08-29T16:50:46.000Z</time><extensions><gpxtpx:TrackPointExtension><gpxtpx:hr>161</gpxtpx:hr><gpxtpx:cad>84</gpxtpx:cad></gpxtpx:TrackPointExtension></extensions><extensions><gpxtpx:PowerExtension><gpxtpx:PowerInWatts>216</gpxtpx:PowerInWatts></gpxtpx:PowerExtension></extensions></trkpt>
<trkpt lat="38.5776169" lon="-121.4748873">
<ele>11</ele><time>2025-08-29T16:50:48.000Z</time><extensions><gpxtpx:TrackPointExtension><gpxtpx:hr>161</gpxtpx:hr><gpxtpx:cad>81</gpxtpx:cad></gpxtpx:TrackPointExtension></extensions><extensions><gpxtpx:PowerExtension><gpxtpx:PowerInWatts>215</gpxtpx:PowerInWatts></gpxtpx:PowerExtension></extensions></trkpt>
<trkpt lat="38.5775596" lon="-121.4749156">
<ele>11</ele><time>2025-08-29T16:50:50.000Z</time><extensions><gpxtpx:TrackPointExtension><gpxtpx:hr>162</gpxtpx:hr><gpxtpx:cad>79</gpxtpx:cad></gpxtpx:TrackPointExtension></extensions><extensions><gpxtpx:PowerExtension><gpxtpx:PowerInWatts>215</gpxtpx:PowerInWatts></gpxtpx:PowerExtension></extensions></trkpt>
<trkpt lat="38.5775234" lon="-121.4749505">
<ele>11</ele><time>2025-08-29T16:50:52.000Z</time><extensions><gpxtpx:TrackPointExtension><gpxtpx:hr>162</gpxtpx:hr><gpxtpx:cad>78</gpxtpx:cad></gpxtpx:TrackPointExtension></extensions><extensions><gpxtpx:PowerExtension><gpxtpx:PowerInWatts>215</gpxtpx:PowerInWatts></gpxtpx:PowerExtension></extensions></trkpt>
<trkpt lat="38.5774740" lon="-121.4749516">
<ele>11</ele><time>2025-08-29T16:50:54.000Z</time><extensions><gpxtpx:TrackPointExtension><gpxtpx:hr>162</gpxtpx:hr><gpxtpx:cad>77</gpxtpx:cad></gpxtpx:TrackPointExtension></extensions><extensions><gpxtpx:PowerExtension><gpxtpx:PowerInWatts>213</gpxtpx:PowerInWatts></gpxtpx:PowerExtension></extensions></trkpt>
<trkpt lat="38.5774292" lon="-121.4749668">
<ele>11</ele><time>2025-08-29T16:50:56.000Z</time><extensions><gpxtpx:TrackPointExtension><gpxtpx:hr>163</gpxtpx:hr><gpxtpx:cad>74</gpxtpx:cad></gpxtpx:TrackPointExtension></extensions><extensions><gpxtpx:PowerExtension><gpxtpx:PowerInWatts>217</gpxtpx:PowerInWatts></gpxtpx:PowerExtension></extensions></trkpt>
<trkpt lat="38.5773734" lon="-121.4749995">
<ele>11</ele><time>2025-08-29T16:50:58.000Z</time><extensions><gpxtpx:TrackPointExtension><gpxtpx:hr>163</gpxtpx:hr><gpxtpx:cad>79</gpxtpx:cad></gpxtpx:TrackPointExtension></extensions><extensions><gpxtpx:PowerExtension><gpxtpx:PowerInWatts>214</gpxtpx:PowerInWatts></gpxtpx:PowerExtension></extensions></trkpt>
<trkpt lat="38.5773262" lon="-121.4750334">
<ele>10</ele><time>2025-08-29T16:51:00.000Z</time><extensions><gpxtpx:TrackPointExtension><gpxtpx:hr>162</gpxtpx:hr><gpxtpx:cad>79</gpxtpx:cad></gpxtpx:TrackPointExtension></extensions><extensions><gpxtpx:PowerExtension><gpxtpx:PowerInWatts>214</gpxtpx:PowerInWatts></gpxtpx:PowerExtension></extensions></trkpt>
<trkpt lat="38.5772619" lon="-121.4750388">
<ele>10</ele><time>2025-08-29T16:51:03.000Z</time><extensions><gpxtpx:TrackPointExtension><gpxtpx:hr>162</gpxtpx:hr><gpxtpx:cad>80</gpxtpx:cad></gpxtpx:TrackPointExtension></extensions><extensions><gpxtpx:PowerExtension><gpxtpx:PowerInWatts>214</gpxtpx:PowerInWatts></gpxtpx:PowerExtension></extensions></trkpt>
<trkpt lat="38.5772166" lon="-121.4750766">
<ele>10</ele><time>2025-08-29T16:51:05.000Z</time><extensions><gpxtpx:TrackPointExtension><gpxtpx:hr>163</gpxtpx:hr><gpxtpx:cad>78</gpxtpx:cad></gpxtpx:TrackPointExtension></extensions><extensions><gpxtpx:PowerExtension><gpxtpx:PowerInWatts>214</gpxtpx:PowerInWatts></gpxtpx:PowerExtension></extensions></trkpt>
<trkpt lat="38.5771572" lon="-121.4750927">
<ele>10</ele><time>2025-08-29T16:51:08.000Z</time><extensions><gpxtpx:TrackPointExtension><gpxtpx:hr>163</gpxtpx:hr><gpxtpx:cad>80</gpxtpx:cad></gpxtpx:TrackPointExtension></extensions><extensions><gpxtpx:PowerExtension><gpxtpx:PowerInWatts>214</gpxtpx:PowerInWatts></gpxtpx:PowerExtension></extensions></trkpt>
<trkpt lat="38.5771029" lon="-121.4751140">
<ele>10</ele><time>2025-08-29T16:51:10.000Z</time><extensions><gpxtpx:TrackPointExtension><gpxtpx:hr>163</gpxtpx:hr><gpxtpx:cad>81</gpxtpx:cad></gpxtpx:TrackPointExtension></extensions><extensions><gpxtpx:PowerExtension><gpxtpx:PowerInWatts>210</gpxtpx:PowerInWatts></gpxtpx:PowerExtension></extensions></trkpt>
<trkpt lat="38.5770405" lon="-121.4751550">
<ele>10</ele><time>2025-08-29T16:51:12.000Z</time><extensions><gpxtpx:TrackPointExtension><gpxtpx:hr>163</gpxtpx:hr><gpxtpx:cad>82</gpxtpx:cad></gpxtpx:TrackPointExtension></extensions><extensions><gpxtpx:PowerExtension><gpxtpx:PowerInWatts>210</gpxtpx:PowerInWatts></gpxtpx:PowerExtension></extensions></trkpt>
<trkpt lat="38.5769816" lon="-121.4751857">
<ele>10</ele><time>2025-08-29T16:51:14.000Z</time><extensions><gpxtpx:TrackPointExtension><gpxtpx:hr>163</gpxtpx:hr><gpxtpx:cad>80</gpxtpx:cad></gpxtpx:TrackPointExtension></extensions><extensions><gpxtpx:PowerExtension><gpxtpx:PowerInWatts>210</gpxtpx:PowerInWatts></gpxtpx:PowerExtension></extensions></trkpt>
<trkpt lat="38.5769336" lon="-121.4751708">
<ele>10</ele><time>2025-08-29T16:51:16.000Z</time><extensions><gpxtpx:TrackPointExtension><gpxtpx:hr>163</gpxtpx:hr><gpxtpx:cad>77</gpxtpx:cad></gpxtpx:TrackPointExtension></extensions><extensions><gpxtpx:PowerExtension><gpxtpx:PowerInWatts>214</gpxtpx:PowerInWatts></gpxtpx:PowerExtension></extensions></trkpt>
<trkpt lat="38.5768820" lon="-121.4752128">
<ele>10</ele><time>2025-08-29T16:51:18.000Z</time><extensions><gpxtpx:TrackPointExtension><gpxtpx:hr>163</gpxtpx:hr><gpxtpx:cad>76</gpxtpx:cad></gpxtpx:TrackPointExtension></extensions><extensions><gpxtpx:PowerExtension><gpxtpx:PowerInWatts>214</gpxtpx:PowerInWatts></gpxtpx:PowerExtension></extensions></trkpt>
<trkpt lat="38.5768222" lon="-121.4752496">
<ele>10</ele><time>2025-08-29T16:51:21.000Z</time><extensions><gpxtpx:TrackPointExtension><gpxtpx:hr>163</gpxtpx:hr><gpxtpx:cad>78</gpxtpx:cad></gpxtpx:TrackPointExtension></extensions><extensions><gpxtpx:PowerExtension><gpxtpx:PowerInWatts>216</gpxtpx:PowerInWatts></gpxtpx:PowerExtension></extensions></trkpt>
<trkpt lat="38.5767562" lon="-121.4752708">
<ele>10</ele><time>2025-08-29T16:51:24.000Z</time><extensions><gpxtpx:TrackPointExtension><gpxtpx:hr>163</gpxtpx:hr><gpxtpx:cad>80</gpxtpx:cad></gpxtpx:TrackPointExtension></extensions><extensions><gpxtpx:PowerExtension><gpxtpx:PowerInWatts>216</gpxtpx:PowerInWatts></gpxtpx:PowerExtension></extensions></trkpt>
<trkpt lat="38.5767136" lon="-121.4752919">
<ele>10</ele><time>2025-08-29T16:51:26.000Z</time><extensions><gpxtpx:TrackPointExtension><gpxtpx:hr>162</gpxtpx:hr><gpxtpx:cad>84</gpxtpx:cad></gpxtpx:TrackPointExtension></extensions><extensions><gpxtpx:PowerExtension><gpxtpx:PowerInWatts>217</gpxtpx:PowerInWatts></gpxtpx:PowerExtension></extensions></trkpt>
<trkpt lat="38.5766616" lon="-121.4753426">
<ele>10</ele><time>2025-08-29T16:51:29.000Z</time><extensions><gpxtpx:TrackPointExtension><gpxtpx:hr>161</gpxtpx:hr><gpxtpx:cad>79</gpxtpx:cad></gpxtpx:TrackPointExtension></extensions><extensions><gpxtpx:PowerExtension><gpxtpx:PowerInWatts>209</gpxtpx:PowerInWatts></gpxtpx:PowerExtension></extensions></trkpt>
<trkpt lat="38.5766305" lon="-121.4753859">
<ele>10</ele><time>2025-08-29T16:51:31.000Z</time><extensions><gpxtpx:TrackPointExtension><gpxtpx:hr>160</gpxtpx:hr><gpxtpx:cad>79</gpxtpx:cad></gpxtpx:TrackPointExtension></extensions><extensions><gpxtpx:PowerExtension><gpxtpx:PowerInWatts>212</gpxtpx:PowerInWatts></gpxtpx:PowerExtension></extensions></trkpt>
<trkpt lat="38.5765777" lon="-121.4754032">
<ele>10</ele><time>2025-08-29T16:51:33.000Z</time><extensions><gpxtpx:TrackPointExtension><gpxtpx:hr>160</gpxtpx:hr><gpxtpx:cad>77</gpxtpx:cad></gpxtpx:TrackPointExtension></extensions><extensions><gpxtpx:PowerExtension><gpxtpx:PowerInWatts>212</gpxtpx:PowerInWatts></gpxtpx:PowerExtension></extensions></trkpt>
<trkpt lat="38.5765244" lon="-121.4754170">
<ele>10</ele><time>2025-08-29T16:51:35.000Z</time><extensions><gpxtpx:TrackPointExtension><gpxtpx:hr>160</gpxtpx:hr><gpxtpx:cad>78</gpxtpx:cad></gpxtpx:TrackPointExtension></extensions><extensions><gpxtpx:PowerExtension><gpxtpx:PowerInWatts>209</gpxtpx:PowerInWatts></gpxtpx:PowerExtension></extensions></trkpt>
<trkpt lat="38.5764779" lon="-121.4754305">
<ele>10</ele><time>2025-08-29T16:51:37.000Z</time><extensions><gpxtpx:TrackPointExtension><gpxtpx:hr>160</gpxtpx:hr><gpxtpx:cad>81</gpxtpx:cad></gpxtpx:TrackPointExtension></extensions><extensions><gpxtpx:PowerExtension><gpxtpx:PowerInWatts>209</gpxtpx:PowerInWatts></gpxtpx:PowerExtension></extensions></trkpt>
<trkpt lat="38.5764301" lon="-121.4754564">
<ele>10</ele><time>2025-08-29T16:51:39.000Z</time><extensions><gpxtpx:TrackPointExtension><gpxtpx:hr>159</gpxtpx:hr><gpxtpx:cad>81</gpxtpx:cad></gpxtpx:TrackPointExtension></extensions><extensions><gpxtpx:PowerExtension><gpxtpx:PowerInWatts>209</gpxtpx:PowerInWatts></gpxtpx:PowerExtension></extensions></trkpt>
<trkpt lat="38.5763761" lon="-121.4754690">
<ele>10</ele><time>2025-08-29T16:51:41.000Z</time><extensions><gpxtpx:TrackPointExtension><gpxtpx:hr>159</gpxtpx:hr><gpxtpx:cad>77</gpxtpx:cad></gpxtpx:TrackPointExtension></extensions><extensions><gpxtpx:PowerExtension><gpxtpx:PowerInWatts>211</gpxtpx:PowerInWatts></gpxtpx:PowerExtension></extensions></trkpt>
<trkpt lat="38.5763320" lon="-121.4754901">
<ele>10</ele><time>2025-08-29T16:51:43.000Z</time><extensions><gpxtpx:TrackPointExtension><gpxtpx:hr>159</gpxtpx:hr><gpxtpx:cad>76</gpxtpx:cad></gpxtpx:TrackPointExtension></extensions><extensions><gpxtpx:PowerExtension><gpxtpx:PowerInWatts>211</gpxtpx:PowerInWatts></gpxtpx:PowerExtension></extensions></trkpt>
<trkpt lat="38.5762827" lon="-121.4755013">
<ele>10</ele><time>2025-08-29T16:51:45.000Z</time><extensions><gpxtpx:TrackPointExtension><gpxtpx:hr>159</gpxtpx:hr><gpxtpx:cad>76</gpxtpx:cad></gpxtpx:TrackPointExtension></extensions><extensions><gpxtpx:PowerExtension><gpxtpx:PowerInWatts>209</gpxtpx:PowerInWatts></gpxtpx:PowerExtension></extensions></trkpt>
<trkpt lat="38.5762173" lon="-121.4755027">
<ele>10</ele><time>2025-08-29T16:51:47.000Z</time><extensions><gpxtpx:TrackPointExtension><gpxtpx:hr>160</gpxtpx:hr><gpxtpx:cad>78</gpxtpx:cad></gpxtpx:TrackPointExtension></extensions><extensions><gpxtpx:PowerExtension><gpxtpx:PowerInWatts>209</gpxtpx:PowerInWatts></gpxtpx:PowerExtension></extensions></trkpt>
<trkpt lat="38.5761542" lon="-121.4755074">
<ele>10</ele><time>2025-08-29T16:51:49.000Z</time><extensions><gpxtpx:TrackPointExtension><gpxtpx:hr>160</gpxtpx:hr><gpxtpx:cad>84</gpxtpx:cad></gpxtpx:TrackPointExtension></extensions><extensions><gpxtpx:PowerExtension><gpxtpx:PowerInWatts>208</gpxtpx:PowerInWatts></gpxtpx:PowerExtension></extensions></trkpt>
<trkpt lat="38.5760965" lon="-121.4755382">
<ele>10</ele><time>2025-08-29T16:51:51.000Z</time><extensions><gpxtpx:TrackPointExtension><gpxtpx:hr>160</gpxtpx:hr><gpxtpx:cad>78</gpxtpx:cad></gpxtpx:TrackPointExtension></extensions><extensions><gpxtpx:PowerExtension><gpxtpx:PowerInWatts>208</gpxtpx:PowerInWatts></gpxtpx:PowerExtension></extensions></trkpt>
<trkpt lat="38.5760350" lon="-121.4755710">
<ele>10</ele><time>2025-08-29T16:51:54.000Z</time><extensions><gpxtpx:TrackPointExtension><gpxtpx:hr>161</gpxtpx:hr><gpxtpx:cad>76</gpxtpx:cad></gpxtpx:TrackPointExtension></extensions><extensions><gpxtpx:PowerExtension><gpxtpx:PowerInWatts>219</gpxtpx:PowerInWatts></gpxtpx:PowerExtension></extensions></trkpt>
<trkpt lat="38.5759920" lon="-121.4755938">
<ele>10</ele><time>2025-08-29T16:51:56.000Z</time><extensions><gpxtpx:TrackPointExtension><gpxtpx:hr>162</gpxtpx:hr><gpxtpx:cad>76</gpxtpx:cad></gpxtpx:TrackPointExtension></extensions><extensions><gpxtpx:PowerExtension><gpxtpx:PowerInWatts>219</gpxtpx:PowerInWatts></gpxtpx:PowerExtension></extensions></trkpt>
<trkpt lat="38.5759464" lon="-121.4756266">
<ele>10</ele><time>2025-08-29T16:51:58.000Z</time><extensions><gpxtpx:TrackPointExtension><gpxtpx:hr>163</gpxtpx:hr><gpxtpx:cad>75</gpxtpx:cad></gpxtpx:TrackPointExtension></extensions><extensions><gpxtpx:PowerExtension><gpxtpx:PowerInWatts>224</gpxtpx:PowerInWatts></gpxtpx:PowerExtension></extensions></trkpt>
<trkpt lat="38.5758905" lon="-121.4756621">
<ele>10</ele><time>2025-08-29T16:52:00.000Z</time><extensions><gpxtpx:TrackPointExtension><gpxtpx:hr>163</gpxtpx:hr><gpxtpx:cad>76</gpxtpx:cad></gpxtpx:TrackPointExtension></extensions><extensions><gpxtpx:PowerExtension><gpxtpx:PowerInWatts>218</gpxtpx:PowerInWatts></gpxtpx:PowerExtension></extensions></trkpt>
<trkpt lat="38.5758521" lon="-121.4756967">
<ele>10</ele><time>2025-08-29T16:52:01.999Z</time><extensions><gpxtpx:TrackPointExtension><gpxtpx:hr>164</gpxtpx:hr><gpxtpx:cad>76</gpxtpx:cad></gpxtpx:TrackPointExtension></extensions><extensions><gpxtpx:PowerExtension><gpxtpx:PowerInWatts>217</gpxtpx:PowerInWatts></gpxtpx:PowerExtension></extensions></trkpt>
<trkpt lat="38.5758093" lon="-121.4757301">
<ele>10</ele><time>2025-08-29T16:52:03.999Z</time><extensions><gpxtpx:TrackPointExtension><gpxtpx:hr>164</gpxtpx:hr><gpxtpx:cad>74</gpxtpx:cad></gpxtpx:TrackPointExtension></extensions><extensions><gpxtpx:PowerExtension><gpxtpx:PowerInWatts>217</gpxtpx:PowerInWatts></gpxtpx:PowerExtension></extensions></trkpt>
<trkpt lat="38.5757652" lon="-121.4757444">
<ele>10</ele><time>2025-08-29T16:52:05.999Z</time><extensions><gpxtpx:TrackPointExtension><gpxtpx:hr>164</gpxtpx:hr><gpxtpx:cad>74</gpxtpx:cad></gpxtpx:TrackPointExtension></extensions><extensions><gpxtpx:PowerExtension><gpxtpx:PowerInWatts>222</gpxtpx:PowerInWatts></gpxtpx:PowerExtension></extensions></trkpt>
<trkpt lat="38.5757142" lon="-121.4757537">
<ele>10</ele><time>2025-08-29T16:52:07.999Z</time><extensions><gpxtpx:TrackPointExtension><gpxtpx:hr>164</gpxtpx:hr><gpxtpx:cad>76</gpxtpx:cad></gpxtpx:TrackPointExtension></extensions><extensions><gpxtpx:PowerExtension><gpxtpx:PowerInWatts>223</gpxtpx:PowerInWatts></gpxtpx:PowerExtension></extensions></trkpt>
<trkpt lat="38.5756837" lon="-121.4758055">
<ele>10</ele><time>2025-08-29T16:52:09.999Z</time><extensions><gpxtpx:TrackPointExtension><gpxtpx:hr>164</gpxtpx:hr><gpxtpx:cad>77</gpxtpx:cad></gpxtpx:TrackPointExtension></extensions><extensions><gpxtpx:PowerExtension><gpxtpx:PowerInWatts>223</gpxtpx:PowerInWatts></gpxtpx:PowerExtension></extensions></trkpt>
<trkpt lat="38.5757094" lon="-121.4758724">
<ele>10</ele><time>2025-08-29T16:52:11.999Z</time><extensions><gpxtpx:TrackPointExtension><gpxtpx:hr>164</gpxtpx:hr><gpxtpx:cad>79</gpxtpx:cad></gpxtpx:TrackPointExtension></extensions><extensions><gpxtpx:PowerExtension><gpxtpx:PowerInWatts>223</gpxtpx:PowerInWatts></gpxtpx:PowerExtension></extensions></trkpt>
<trkpt lat="38.5757412" lon="-121.4759256">
<ele>10</ele><time>2025-08-29T16:52:13.999Z</time><extensions><gpxtpx:TrackPointExtension><gpxtpx:hr>164</gpxtpx:hr><gpxtpx:cad>77</gpxtpx:cad></gpxtpx:TrackPointExtension></extensions><extensions><gpxtpx:PowerExtension><gpxtpx:PowerInWatts>223</gpxtpx:PowerInWatts></gpxtpx:PowerExtension></extensions></trkpt>
<trkpt lat="38.5757591" lon="-121.4759966">
<ele>10</ele><time>2025-08-29T16:52:15.999Z</time><extensions><gpxtpx:TrackPointExtension><gpxtpx:hr>164</gpxtpx:hr><gpxtpx:cad>73</gpxtpx:cad></gpxtpx:TrackPointExtension></extensions><extensions><gpxtpx:PowerExtension><gpxtpx:PowerInWatts>213</gpxtpx:PowerInWatts></gpxtpx:PowerExtension></extensions></trkpt>
<trkpt lat="38.5757626" lon="-121.4760544">
<ele>10</ele><time>2025-08-29T16:52:17.999Z</time><extensions><gpxtpx:TrackPointExtension><gpxtpx:hr>164</gpxtpx:hr><gpxtpx:cad>75</gpxtpx:cad></gpxtpx:TrackPointExtension></extensions><extensions><gpxtpx:PowerExtension><gpxtpx:PowerInWatts>205</gpxtpx:PowerInWatts></gpxtpx:PowerExtension></extensions></trkpt>
<trkpt lat="38.5757765" lon="-121.4761096">
<ele>10</ele><time>2025-08-29T16:52:19.999Z</time><extensions><gpxtpx:TrackPointExtension><gpxtpx:hr>164</gpxtpx:hr><gpxtpx:cad>78</gpxtpx:cad></gpxtpx:TrackPointExtension></extensions><extensions><gpxtpx:PowerExtension><gpxtpx:PowerInWatts>201</gpxtpx:PowerInWatts></gpxtpx:PowerExtension></extensions></trkpt>
<trkpt lat="38.5758037" lon="-121.4761699">
<ele>10</ele><time>2025-08-29T16:52:21.999Z</time><extensions><gpxtpx:TrackPointExtension><gpxtpx:hr>164</gpxtpx:hr><gpxtpx:cad>81</gpxtpx:cad></gpxtpx:TrackPointExtension></extensions><extensions><gpxtpx:PowerExtension><gpxtpx:PowerInWatts>209</gpxtpx:PowerInWatts></gpxtpx:PowerExtension></extensions></trkpt>
<trkpt lat="38.5758170" lon="-121.4762383">
<ele>10</ele><time>2025-08-29T16:52:24.999Z</time><extensions><gpxtpx:TrackPointExtension><gpxtpx:hr>165</gpxtpx:hr><gpxtpx:cad>83</gpxtpx:cad></gpxtpx:TrackPointExtension></extensions><extensions><gpxtpx:PowerExtension><gpxtpx:PowerInWatts>199</gpxtpx:PowerInWatts></gpxtpx:PowerExtension></extensions></trkpt>
<trkpt lat="38.5758097" lon="-121.4763086">
<ele>10</ele><time>2025-08-29T16:52:26.999Z</time><extensions><gpxtpx:TrackPointExtension><gpxtpx:hr>165</gpxtpx:hr><gpxtpx:cad>79</gpxtpx:cad></gpxtpx:TrackPointExtension></extensions><extensions><gpxtpx:PowerExtension><gpxtpx:PowerInWatts>199</gpxtpx:PowerInWatts></gpxtpx:PowerExtension></extensions></trkpt>
<trkpt lat="38.5758394" lon="-121.4763702">
<ele>10</ele><time>2025-08-29T16:52:28.999Z</time><extensions><gpxtpx:TrackPointExtension><gpxtpx:hr>164</gpxtpx:hr><gpxtpx:cad>80</gpxtpx:cad></gpxtpx:TrackPointExtension></extensions><extensions><gpxtpx:PowerExtension><gpxtpx:PowerInWatts>200</gpxtpx:PowerInWatts></gpxtpx:PowerExtension></extensions></trkpt>
<trkpt lat="38.5758502" lon="-121.4764382">
<ele>10</ele><time>2025-08-29T16:52:30.999Z</time><extensions><gpxtpx:TrackPointExtension><gpxtpx:hr>164</gpxtpx:hr><gpxtpx:cad>81</gpxtpx:cad></gpxtpx:TrackPointExtension></extensions><extensions><gpxtpx:PowerExtension><gpxtpx:PowerInWatts>198</gpxtpx:PowerInWatts></gpxtpx:PowerExtension></extensions></trkpt>
<trkpt lat="38.5758578" lon="-121.4765027">
<ele>10</ele><time>2025-08-29T16:52:32.999Z</time><extensions><gpxtpx:TrackPointExtension><gpxtpx:hr>164</gpxtpx:hr><gpxtpx:cad>78</gpxtpx:cad></gpxtpx:TrackPointExtension></extensions><extensions><gpxtpx:PowerExtension><gpxtpx:PowerInWatts>204</gpxtpx:PowerInWatts></gpxtpx:PowerExtension></extensions></trkpt>
<trkpt lat="38.5758573" lon="-121.4765699">
<ele>10</ele><time>2025-08-29T16:52:34.999Z</time><extensions><gpxtpx:TrackPointExtension><gpxtpx:hr>163</gpxtpx:hr><gpxtpx:cad>76</gpxtpx:cad></gpxtpx:TrackPointExtension></extensions><extensions><gpxtpx:PowerExtension><gpxtpx:PowerInWatts>204</gpxtpx:PowerInWatts></gpxtpx:PowerExtension></extensions></trkpt>
<trkpt lat="38.5758692" lon="-121.4766344">
<ele>10</ele><time>2025-08-29T16:52:36.999Z</time><extensions><gpxtpx:TrackPointExtension><gpxtpx:hr>163</gpxtpx:hr><gpxtpx:cad>80</gpxtpx:cad></gpxtpx:TrackPointExtension></extensions><extensions><gpxtpx:PowerExtension><gpxtpx:PowerInWatts>204</gpxtpx:PowerInWatts></gpxtpx:PowerExtension></extensions></trkpt>
<trkpt lat="38.5758840" lon="-121.4766970">
<ele>10</ele><time>2025-08-29T16:52:38.999Z</time><extensions><gpxtpx:TrackPointExtension><gpxtpx:hr>163</gpxtpx:hr><gpxtpx:cad>78</gpxtpx:cad></gpxtpx:TrackPointExtension></extensions><extensions><gpxtpx:PowerExtension><gpxtpx:PowerInWatts>207</gpxtpx:PowerInWatts></gpxtpx:PowerExtension></extensions></trkpt>
<trkpt lat="38.5759045" lon="-121.4767489">
<ele>10</ele><time>2025-08-29T16:52:40.999Z</time><extensions><gpxtpx:TrackPointExtension><gpxtpx:hr>163</gpxtpx:hr><gpxtpx:cad>77</gpxtpx:cad></gpxtpx:TrackPointExtension></extensions><extensions><gpxtpx:PowerExtension><gpxtpx:PowerInWatts>211</gpxtpx:PowerInWatts></gpxtpx:PowerExtension></extensions></trkpt>
<trkpt lat="38.5759246" lon="-121.4768149">
<ele>10</ele><time>2025-08-29T16:52:42.999Z</time><extensions><gpxtpx:TrackPointExtension><gpxtpx:hr>163</gpxtpx:hr><gpxtpx:cad>78</gpxtpx:cad></gpxtpx:TrackPointExtension></extensions><extensions><gpxtpx:PowerExtension><gpxtpx:PowerInWatts>211</gpxtpx:PowerInWatts></gpxtpx:PowerExtension></extensions></trkpt>
<trkpt lat="38.5759396" lon="-121.4769061">
<ele>10</ele><time>2025-08-29T16:52:45.999Z</time><extensions><gpxtpx:TrackPointExtension><gpxtpx:hr>163</gpxtpx:hr><gpxtpx:cad>81</gpxtpx:cad></gpxtpx:TrackPointExtension></extensions><extensions><gpxtpx:PowerExtension><gpxtpx:PowerInWatts>211</gpxtpx:PowerInWatts></gpxtpx:PowerExtension></extensions></trkpt>
<trkpt lat="38.5759723" lon="-121.4769819">
<ele>10</ele><time>2025-08-29T16:52:48.999Z</time><extensions><gpxtpx:TrackPointExtension><gpxtpx:hr>163</gpxtpx:hr><gpxtpx:cad>81</gpxtpx:cad></gpxtpx:TrackPointExtension></extensions><extensions><gpxtpx:PowerExtension><gpxtpx:PowerInWatts>208</gpxtpx:PowerInWatts></gpxtpx:PowerExtension></extensions></trkpt>
<trkpt lat="38.5759852" lon="-121.4770631">
<ele>10</ele><time>2025-08-29T16:52:51.999Z</time><extensions><gpxtpx:TrackPointExtension><gpxtpx:hr>162</gpxtpx:hr><gpxtpx:cad>78</gpxtpx:cad></gpxtpx:TrackPointExtension></extensions><extensions><gpxtpx:PowerExtension><gpxtpx:PowerInWatts>206</gpxtpx:PowerInWatts></gpxtpx:PowerExtension></extensions></trkpt>
<trkpt lat="38.5760503" lon="-121.4771146">
<ele>10</ele><time>2025-08-29T16:52:54.999Z</time><extensions><gpxtpx:TrackPointExtension><gpxtpx:hr>162</gpxtpx:hr><gpxtpx:cad>78</gpxtpx:cad></gpxtpx:TrackPointExtension></extensions><extensions><gpxtpx:PowerExtension><gpxtpx:PowerInWatts>207</gpxtpx:PowerInWatts></gpxtpx:PowerExtension></extensions></trkpt>
<trkpt lat="38.5761213" lon="-121.4770936">
<ele>10</ele><time>2025-08-29T16:52:56.999Z</time><extensions><gpxtpx:TrackPointExtension><gpxtpx:hr>162</gpxtpx:hr><gpxtpx:cad>75</gpxtpx:cad></gpxtpx:TrackPointExtension></extensions><extensions><gpxtpx:PowerExtension><gpxtpx:PowerInWatts>208</gpxtpx:PowerInWatts></gpxtpx:PowerExtension></extensions></trkpt>
<trkpt lat="38.5761798" lon="-121.4770768">
<ele>10</ele><time>2025-08-29T16:52:58.999Z</time><extensions><gpxtpx:TrackPointExtension><gpxtpx:hr>162</gpxtpx:hr><gpxtpx:cad>80</gpxtpx:cad></gpxtpx:TrackPointExtension></extensions><extensions><gpxtpx:PowerExtension><gpxtpx:PowerInWatts>203</gpxtpx:PowerInWatts></gpxtpx:PowerExtension></extensions></trkpt>
<trkpt lat="38.5762303" lon="-121.4771064">
<ele>10</ele><time>2025-08-29T16:53:00.999Z</time><extensions><gpxtpx:TrackPointExtension><gpxtpx:hr>162</gpxtpx:hr><gpxtpx:cad>81</gpxtpx:cad></gpxtpx:TrackPointExtension></extensions><extensions><gpxtpx:PowerExtension><gpxtpx:PowerInWatts>203</gpxtpx:PowerInWatts></gpxtpx:PowerExtension></extensions></trkpt>
<trkpt lat="38.5762822" lon="-121.4771184">
<ele>10</ele><time>2025-08-29T16:53:02.999Z</time><extensions><gpxtpx:TrackPointExtension><gpxtpx:hr>162</gpxtpx:hr><gpxtpx:cad>84</gpxtpx:cad></gpxtpx:TrackPointExtension></extensions><extensions><gpxtpx:PowerExtension><gpxtpx:PowerInWatts>201</gpxtpx:PowerInWatts></gpxtpx:PowerExtension></extensions></trkpt>
<trkpt lat="38.5763446" lon="-121.4770995">
<ele>10</ele><time>2025-08-29T16:53:05.999Z</time><extensions><gpxtpx:TrackPointExtension><gpxtpx:hr>162</gpxtpx:hr><gpxtpx:cad>82</gpxtpx:cad></gpxtpx:TrackPointExtension></extensions><extensions><gpxtpx:PowerExtension><gpxtpx:PowerInWatts>209</gpxtpx:PowerInWatts></gpxtpx:PowerExtension></extensions></trkpt>
<trkpt lat="38.5763942" lon="-121.4770837">
<ele>10</ele><time>2025-08-29T16:53:07.999Z</time><extensions><gpxtpx:TrackPointExtension><gpxtpx:hr>162</gpxtpx:hr><gpxtpx:cad>75</gpxtpx:cad></gpxtpx:TrackPointExtension></extensions><extensions><gpxtpx:PowerExtension><gpxtpx:PowerInWatts>209</gpxtpx:PowerInWatts></gpxtpx:PowerExtension></extensions></trkpt>
<trkpt lat="38.5764530" lon="-121.4770434">
<ele>10</ele><time>2025-08-29T16:53:10.999Z</time><extensions><gpxtpx:TrackPointExtension><gpxtpx:hr>162</gpxtpx:hr><gpxtpx:cad>77</gpxtpx:cad></gpxtpx:TrackPointExtension></extensions><extensions><gpxtpx:PowerExtension><gpxtpx:PowerInWatts>203</gpxtpx:PowerInWatts></gpxtpx:PowerExtension></extensions></trkpt>
<trkpt lat="38.5765232" lon="-121.4770052">
<ele>10</ele><time>2025-08-29T16:53:13.999Z</time><extensions><gpxtpx:TrackPointExtension><gpxtpx:hr>162</gpxtpx:hr><gpxtpx:cad>79</gpxtpx:cad></gpxtpx:TrackPointExtension></extensions><extensions><gpxtpx:PowerExtension><gpxtpx:PowerInWatts>203</gpxtpx:PowerInWatts></gpxtpx:PowerExtension></extensions></trkpt>
<trkpt lat="38.5765719" lon="-121.4769528">
<ele>10</ele><time>2025-08-29T16:53:15.999Z</time><extensions><gpxtpx:TrackPointExtension><gpxtpx:hr>162</gpxtpx:hr><gpxtpx:cad>81</gpxtpx:cad></gpxtpx:TrackPointExtension></extensions><extensions><gpxtpx:PowerExtension><gpxtpx:PowerInWatts>201</gpxtpx:PowerInWatts></gpxtpx:PowerExtension></extensions></trkpt>
<trkpt lat="38.5766226" lon="-121.4769161">
<ele>10</ele><time>2025-08-29T16:53:17.999Z</time><extensions><gpxtpx:TrackPointExtension><gpxtpx:hr>162</gpxtpx:hr><gpxtpx:cad>78</gpxtpx:cad></gpxtpx:TrackPointExtension></extensions><extensions><gpxtpx:PowerExtension><gpxtpx:PowerInWatts>201</gpxtpx:PowerInWatts></gpxtpx:PowerExtension></extensions></trkpt>
<trkpt lat="38.5766621" lon="-121.4768786">
<ele>10</ele><time>2025-08-29T16:53:19.999Z</time><extensions><gpxtpx:TrackPointExtension><gpxtpx:hr>162</gpxtpx:hr><gpxtpx:cad>80</gpxtpx:cad></gpxtpx:TrackPointExtension></extensions><extensions><gpxtpx:PowerExtension><gpxtpx:PowerInWatts>201</gpxtpx:PowerInWatts></gpxtpx:PowerExtension></extensions></trkpt>
<trkpt lat="38.5767078" lon="-121.4768538">
<ele>10</ele><time>2025-08-29T16:53:21.999Z</time><extensions><gpxtpx:TrackPointExtension><gpxtpx:hr>161</gpxtpx:hr><gpxtpx:cad>77</gpxtpx:cad></gpxtpx:TrackPointExtension></extensions><extensions><gpxtpx:PowerExtension><gpxtpx:PowerInWatts>205</gpxtpx:PowerInWatts></gpxtpx:PowerExtension></extensions></trkpt>
<trkpt lat="38.5767719" lon="-121.4768215">
<ele>10</ele><time>2025-08-29T16:53:24.999Z</time><extensions><gpxtpx:TrackPointExtension><gpxtpx:hr>161</gpxtpx:hr><gpxtpx:cad>78</gpxtpx:cad></gpxtpx:TrackPointExtension></extensions><extensions><gpxtpx:PowerExtension><gpxtpx:PowerInWatts>211</gpxtpx:PowerInWatts></gpxtpx:PowerExtension></extensions></trkpt>
<trkpt lat="38.5768198" lon="-121.4767966">
<ele>10</ele><time>2025-08-29T16:53:26.998Z</time><extensions><gpxtpx:TrackPointExtension><gpxtpx:hr>161</gpxtpx:hr><gpxtpx:cad>79</gpxtpx:cad></gpxtpx:TrackPointExtension></extensions><extensions><gpxtpx:PowerExtension><gpxtpx:PowerInWatts>209</gpxtpx:PowerInWatts></gpxtpx:PowerExtension></extensions></trkpt>
<trkpt lat="38.5768779" lon="-121.4767869">
<ele>10</ele><time>2025-08-29T16:53:28.998Z</time><extensions><gpxtpx:TrackPointExtension><gpxtpx:hr>161</gpxtpx:hr><gpxtpx:cad>79</gpxtpx:cad></gpxtpx:TrackPointExtension></extensions><extensions><gpxtpx:PowerExtension><gpxtpx:PowerInWatts>209</gpxtpx:PowerInWatts></gpxtpx:PowerExtension></extensions></trkpt>
<trkpt lat="38.5769424" lon="-121.4767768">
<ele>10</ele><time>2025-08-29T16:53:31.998Z</time><extensions><gpxtpx:TrackPointExtension><gpxtpx:hr>161</gpxtpx:hr><gpxtpx:cad>77</gpxtpx:cad></gpxtpx:TrackPointExtension></extensions><extensions><gpxtpx:PowerExtension><gpxtpx:PowerInWatts>207</gpxtpx:PowerInWatts></gpxtpx:PowerExtension></extensions></trkpt>
<trkpt lat="38.5769970" lon="-121.4767586">
<ele>10</ele><time>2025-08-29T16:53:33.999Z</time><extensions><gpxtpx:TrackPointExtension><gpxtpx:hr>161</gpxtpx:hr><gpxtpx:cad>73</gpxtpx:cad></gpxtpx:TrackPointExtension></extensions><extensions><gpxtpx:PowerExtension><gpxtpx:PowerInWatts>210</gpxtpx:PowerInWatts></gpxtpx:PowerExtension></extensions></trkpt>
<trkpt lat="38.5770562" lon="-121.4767332">
<ele>10</ele><time>2025-08-29T16:53:35.999Z</time><extensions><gpxtpx:TrackPointExtension><gpxtpx:hr>162</gpxtpx:hr><gpxtpx:cad>77</gpxtpx:cad></gpxtpx:TrackPointExtension></extensions><extensions><gpxtpx:PowerExtension><gpxtpx:PowerInWatts>210</gpxtpx:PowerInWatts></gpxtpx:PowerExtension></extensions></trkpt>
<trkpt lat="38.5771153" lon="-121.4766864">
<ele>10</ele><time>2025-08-29T16:53:38.999Z</time><extensions><gpxtpx:TrackPointExtension><gpxtpx:hr>162</gpxtpx:hr><gpxtpx:cad>81</gpxtpx:cad></gpxtpx:TrackPointExtension></extensions><extensions><gpxtpx:PowerExtension><gpxtpx:PowerInWatts>209</gpxtpx:PowerInWatts></gpxtpx:PowerExtension></extensions></trkpt>
<trkpt lat="38.5771707" lon="-121.4766727">
<ele>10</ele><time>2025-08-29T16:53:40.999Z</time><extensions><gpxtpx:TrackPointExtension><gpxtpx:hr>161</gpxtpx:hr><gpxtpx:cad>78</gpxtpx:cad></gpxtpx:TrackPointExtension></extensions><extensions><gpxtpx:PowerExtension><gpxtpx:PowerInWatts>209</gpxtpx:PowerInWatts></gpxtpx:PowerExtension></extensions></trkpt>
<trkpt lat="38.5772353" lon="-121.4766400">
<ele>10</ele><time>2025-08-29T16:53:43.999Z</time><extensions><gpxtpx:TrackPointExtension><gpxtpx:hr>161</gpxtpx:hr><gpxtpx:cad>75</gpxtpx:cad></gpxtpx:TrackPointExtension></extensions><extensions><gpxtpx:PowerExtension><gpxtpx:PowerInWatts>217</gpxtpx:PowerInWatts></gpxtpx:PowerExtension></extensions></trkpt>
<trkpt lat="38.5772829" lon="-121.4766055">
<ele>10</ele><time>2025-08-29T16:53:45.999Z</time><extensions><gpxtpx:TrackPointExtension><gpxtpx:hr>162</gpxtpx:hr><gpxtpx:cad>78</gpxtpx:cad></gpxtpx:TrackPointExtension></extensions><extensions><gpxtpx:PowerExtension><gpxtpx:PowerInWatts>217</gpxtpx:PowerInWatts></gpxtpx:PowerExtension></extensions></trkpt>
<trkpt lat="38.5773306" lon="-121.4765772">
<ele>10</ele><time>2025-08-29T16:53:47.999Z</time><extensions><gpxtpx:TrackPointExtension><gpxtpx:hr>162</gpxtpx:hr><gpxtpx:cad>79</gpxtpx:cad></gpxtpx:TrackPointExtension></extensions><extensions><gpxtpx:PowerExtension><gpxtpx:PowerInWatts>217</gpxtpx:PowerInWatts></gpxtpx:PowerExtension></extensions></trkpt>
<trkpt lat="38.5773765" lon="-121.4765686">
<ele>10</ele><time>2025-08-29T16:53:49.999Z</time><extensions><gpxtpx:TrackPointExtension><gpxtpx:hr>162</gpxtpx:hr><gpxtpx:cad>78</gpxtpx:cad></gpxtpx:TrackPointExtension></extensions><extensions><gpxtpx:PowerExtension><gpxtpx:PowerInWatts>215</gpxtpx:PowerInWatts></gpxtpx:PowerExtension></extensions></trkpt>
<trkpt lat="38.5774328" lon="-121.4765385">
<ele>10</ele><time>2025-08-29T16:53:51.999Z</time><extensions><gpxtpx:TrackPointExtension><gpxtpx:hr>162</gpxtpx:hr><gpxtpx:cad>80</gpxtpx:cad></gpxtpx:TrackPointExtension></extensions><extensions><gpxtpx:PowerExtension><gpxtpx:PowerInWatts>215</gpxtpx:PowerInWatts></gpxtpx:PowerExtension></extensions></trkpt>
<trkpt lat="38.5774802" lon="-121.4765200">
<ele>10</ele><time>2025-08-29T16:53:53.999Z</time><extensions><gpxtpx:TrackPointExtension><gpxtpx:hr>162</gpxtpx:hr><gpxtpx:cad>77</gpxtpx:cad></gpxtpx:TrackPointExtension></extensions><extensions><gpxtpx:PowerExtension><gpxtpx:PowerInWatts>215</gpxtpx:PowerInWatts></gpxtpx:PowerExtension></extensions></trkpt>
<trkpt lat="38.5775298" lon="-121.4765087">
<ele>10</ele><time>2025-08-29T16:53:55.999Z</time><extensions><gpxtpx:TrackPointExtension><gpxtpx:hr>162</gpxtpx:hr><gpxtpx:cad>76</gpxtpx:cad></gpxtpx:TrackPointExtension></extensions><extensions><gpxtpx:PowerExtension><gpxtpx:PowerInWatts>215</gpxtpx:PowerInWatts></gpxtpx:PowerExtension></extensions></trkpt>
<trkpt lat="38.5775831" lon="-121.4764723">
<ele>10</ele><time>2025-08-29T16:53:57.999Z</time><extensions><gpxtpx:TrackPointExtension><gpxtpx:hr>162</gpxtpx:hr><gpxtpx:cad>74</gpxtpx:cad></gpxtpx:TrackPointExtension></extensions><extensions><gpxtpx:PowerExtension><gpxtpx:PowerInWatts>217</gpxtpx:PowerInWatts></gpxtpx:PowerExtension></extensions></trkpt>
<trkpt lat="38.5776382" lon="-121.4764452">
<ele>10</ele><time>2025-08-29T16:53:59.999Z</time><extensions><gpxtpx:TrackPointExtension><gpxtpx:hr>162</gpxtpx:hr><gpxtpx:cad>78</gpxtpx:cad></gpxtpx:TrackPointExtension></extensions><extensions><gpxtpx:PowerExtension><gpxtpx:PowerInWatts>216</gpxtpx:PowerInWatts></gpxtpx:PowerExtension></extensions></trkpt>
<trkpt lat="38.5776809" lon="-121.4764148">
<ele>10</ele><time>2025-08-29T16:54:01.999Z</time><extensions><gpxtpx:TrackPointExtension><gpxtpx:hr>163</gpxtpx:hr><gpxtpx:cad>78</gpxtpx:cad></gpxtpx:TrackPointExtension></extensions><extensions><gpxtpx:PowerExtension><gpxtpx:PowerInWatts>216</gpxtpx:PowerInWatts></gpxtpx:PowerExtension></extensions></trkpt>
<trkpt lat="38.5777245" lon="-121.4763851">
<ele>10</ele><time>2025-08-29T16:54:03.999Z</time><extensions><gpxtpx:TrackPointExtension><gpxtpx:hr>163</gpxtpx:hr><gpxtpx:cad>78</gpxtpx:cad></gpxtpx:TrackPointExtension></extensions><extensions><gpxtpx:PowerExtension><gpxtpx:PowerInWatts>216</gpxtpx:PowerInWatts></gpxtpx:PowerExtension></extensions></trkpt>
<trkpt lat="38.5777860" lon="-121.4763553">
<ele>10</ele><time>2025-08-29T16:54:06.999Z</time><extensions><gpxtpx:TrackPointExtension><gpxtpx:hr>162</gpxtpx:hr><gpxtpx:cad>78</gpxtpx:cad></gpxtpx:TrackPointExtension></extensions><extensions><gpxtpx:PowerExtension><gpxtpx:PowerInWatts>223</gpxtpx:PowerInWatts></gpxtpx:PowerExtension></extensions></trkpt>
<trkpt lat="38.5778322" lon="-121.4763638">
<ele>10</ele><time>2025-08-29T16:54:08.999Z</time><extensions><gpxtpx:TrackPointExtension><gpxtpx:hr>162</gpxtpx:hr><gpxtpx:cad>77</gpxtpx:cad></gpxtpx:TrackPointExtension></extensions><extensions><gpxtpx:PowerExtension><gpxtpx:PowerInWatts>223</gpxtpx:PowerInWatts></gpxtpx:PowerExtension></extensions></trkpt>
<trkpt lat="38.5778753" lon="-121.4763385">
<ele>10</ele><time>2025-08-29T16:54:10.999Z</time><extensions><gpxtpx:TrackPointExtension><gpxtpx:hr>162</gpxtpx:hr><gpxtpx:cad>79</gpxtpx:cad></gpxtpx:TrackPointExtension></extensions><extensions><gpxtpx:PowerExtension><gpxtpx:PowerInWatts>223</gpxtpx:PowerInWatts></gpxtpx:PowerExtension></extensions></trkpt>
<trkpt lat="38.5779357" lon="-121.4763218">
<ele>10</ele><time>2025-08-29T16:54:13.999Z</time><extensions><gpxtpx:TrackPointExtension><gpxtpx:hr>162</gpxtpx:hr><gpxtpx:cad>82</gpxtpx:cad></gpxtpx:TrackPointExtension></extensions><extensions><gpxtpx:PowerExtension><gpxtpx:PowerInWatts>217</gpxtpx:PowerInWatts></gpxtpx:PowerExtension></extensions></trkpt>
<trkpt lat="38.5779943" lon="-121.4763074">
<ele>10</ele><time>2025-08-29T16:54:15.999Z</time><extensions><gpxtpx:TrackPointExtension><gpxtpx:hr>162</gpxtpx:hr><gpxtpx:cad>80</gpxtpx:cad></gpxtpx:TrackPointExtension></extensions><extensions><gpxtpx:PowerExtension><gpxtpx:PowerInWatts>216</gpxtpx:PowerInWatts></gpxtpx:PowerExtension></extensions></trkpt>
<trkpt lat="38.5780688" lon="-121.4762775">
<ele>10</ele><time>2025-08-29T16:54:18.999Z</time><extensions><gpxtpx:TrackPointExtension><gpxtpx:hr>163</gpxtpx:hr><gpxtpx:cad>80</gpxtpx:cad></gpxtpx:TrackPointExtension></extensions><extensions><gpxtpx:PowerExtension><gpxtpx:PowerInWatts>210</gpxtpx:PowerInWatts></gpxtpx:PowerExtension></extensions></trkpt>
<trkpt lat="38.5781172" lon="-121.4762728">
<ele>10</ele><time>2025-08-29T16:54:20.999Z</time><extensions><gpxtpx:TrackPointExtension><gpxtpx:hr>162</gpxtpx:hr><gpxtpx:cad>78</gpxtpx:cad></gpxtpx:TrackPointExtension></extensions><extensions><gpxtpx:PowerExtension><gpxtpx:PowerInWatts>210</gpxtpx:PowerInWatts></gpxtpx:PowerExtension></extensions></trkpt>
<trkpt lat="38.5781622" lon="-121.4762495">
<ele>10</ele><time>2025-08-29T16:54:22.999Z</time><extensions><gpxtpx:TrackPointExtension><gpxtpx:hr>162</gpxtpx:hr><gpxtpx:cad>76</gpxtpx:cad></gpxtpx:TrackPointExtension></extensions><extensions><gpxtpx:PowerExtension><gpxtpx:PowerInWatts>217</gpxtpx:PowerInWatts></gpxtpx:PowerExtension></extensions></trkpt>
<trkpt lat="38.5782080" lon="-121.4762121">
<ele>10</ele><time>2025-08-29T16:54:24.999Z</time><extensions><gpxtpx:TrackPointExtension><gpxtpx:hr>162</gpxtpx:hr><gpxtpx:cad>80</gpxtpx:cad></gpxtpx:TrackPointExtension></extensions><extensions><gpxtpx:PowerExtension><gpxtpx:PowerInWatts>217</gpxtpx:PowerInWatts></gpxtpx:PowerExtension></extensions></trkpt>
<trkpt lat="38.5782552" lon="-121.4761814">
<ele>10</ele><time>2025-08-29T16:54:26.999Z</time><extensions><gpxtpx:TrackPointExtension><gpxtpx:hr>163</gpxtpx:hr><gpxtpx:cad>82</gpxtpx:cad></gpxtpx:TrackPointExtension></extensions><extensions><gpxtpx:PowerExtension><gpxtpx:PowerInWatts>217</gpxtpx:PowerInWatts></gpxtpx:PowerExtension></extensions></trkpt>
<trkpt lat="38.5783108" lon="-121.4761635">
<ele>10</ele><time>2025-08-29T16:54:29.999Z</time><extensions><gpxtpx:TrackPointExtension><gpxtpx:hr>163</gpxtpx:hr><gpxtpx:cad>81</gpxtpx:cad></gpxtpx:TrackPointExtension></extensions><extensions><gpxtpx:PowerExtension><gpxtpx:PowerInWatts>216</gpxtpx:PowerInWatts></gpxtpx:PowerExtension></extensions></trkpt>
<trkpt lat="38.5783686" lon="-121.4761236">
<ele>10</ele><time>2025-08-29T16:54:32.999Z</time><extensions><gpxtpx:TrackPointExtension><gpxtpx:hr>162</gpxtpx:hr><gpxtpx:cad>81</gpxtpx:cad></gpxtpx:TrackPointExtension></extensions><extensions><gpxtpx:PowerExtension><gpxtpx:PowerInWatts>214</gpxtpx:PowerInWatts></gpxtpx:PowerExtension></extensions></trkpt>
<trkpt lat="38.5784240" lon="-121.4761015">
<ele>10</ele><time>2025-08-29T16:54:34.999Z</time><extensions><gpxtpx:TrackPointExtension><gpxtpx:hr>162</gpxtpx:hr><gpxtpx:cad>85</gpxtpx:cad></gpxtpx:TrackPointExtension></extensions><extensions><gpxtpx:PowerExtension><gpxtpx:PowerInWatts>214</gpxtpx:PowerInWatts></gpxtpx:PowerExtension></extensions></trkpt>
<trkpt lat="38.5784883" lon="-121.4760726">
<ele>10</ele><time>2025-08-29T16:54:36.999Z</time><extensions><gpxtpx:TrackPointExtension><gpxtpx:hr>162</gpxtpx:hr><gpxtpx:cad>81</gpxtpx:cad></gpxtpx:TrackPointExtension></extensions><extensions><gpxtpx:PowerExtension><gpxtpx:PowerInWatts>214</gpxtpx:PowerInWatts></gpxtpx:PowerExtension></extensions></trkpt>
<trkpt lat="38.5785388" lon="-121.4760253">
<ele>10</ele><time>2025-08-29T16:54:38.999Z</time><extensions><gpxtpx:TrackPointExtension><gpxtpx:hr>162</gpxtpx:hr><gpxtpx:cad>81</gpxtpx:cad></gpxtpx:TrackPointExtension></extensions><extensions><gpxtpx:PowerExtension><gpxtpx:PowerInWatts>208</gpxtpx:PowerInWatts></gpxtpx:PowerExtension></extensions></trkpt>
<trkpt lat="38.5785996" lon="-121.4759813">
<ele>10</ele><time>2025-08-29T16:54:40.999Z</time><extensions><gpxtpx:TrackPointExtension><gpxtpx:hr>162</gpxtpx:hr><gpxtpx:cad>79</gpxtpx:cad></gpxtpx:TrackPointExtension></extensions><extensions><gpxtpx:PowerExtension><gpxtpx:PowerInWatts>208</gpxtpx:PowerInWatts></gpxtpx:PowerExtension></extensions></trkpt>
<trkpt lat="38.5786674" lon="-121.4759444">
<ele>10</ele><time>2025-08-29T16:54:43.999Z</time><extensions><gpxtpx:TrackPointExtension><gpxtpx:hr>162</gpxtpx:hr><gpxtpx:cad>77</gpxtpx:cad></gpxtpx:TrackPointExtension></extensions><extensions><gpxtpx:PowerExtension><gpxtpx:PowerInWatts>220</gpxtpx:PowerInWatts></gpxtpx:PowerExtension></extensions></trkpt>
<trkpt lat="38.5787220" lon="-121.4759414">
<ele>10</ele><time>2025-08-29T16:54:45.999Z</time><extensions><gpxtpx:TrackPointExtension><gpxtpx:hr>163</gpxtpx:hr><gpxtpx:cad>81</gpxtpx:cad></gpxtpx:TrackPointExtension></extensions><extensions><gpxtpx:PowerExtension><gpxtpx:PowerInWatts>224</gpxtpx:PowerInWatts></gpxtpx:PowerExtension></extensions></trkpt>
<trkpt lat="38.5787710" lon="-121.4759076">
<ele>10</ele><time>2025-08-29T16:54:47.999Z</time><extensions><gpxtpx:TrackPointExtension><gpxtpx:hr>163</gpxtpx:hr><gpxtpx:cad>77</gpxtpx:cad></gpxtpx:TrackPointExtension></extensions><extensions><gpxtpx:PowerExtension><gpxtpx:PowerInWatts>225</gpxtpx:PowerInWatts></gpxtpx:PowerExtension></extensions></trkpt>
<trkpt lat="38.5788325" lon="-121.4758883">
<ele>10</ele><time>2025-08-29T16:54:50.999Z</time><extensions><gpxtpx:TrackPointExtension><gpxtpx:hr>163</gpxtpx:hr><gpxtpx:cad>78</gpxtpx:cad></gpxtpx:TrackPointExtension></extensions><extensions><gpxtpx:PowerExtension><gpxtpx:PowerInWatts>224</gpxtpx:PowerInWatts></gpxtpx:PowerExtension></extensions></trkpt>
<trkpt lat="38.5788806" lon="-121.4758685">
<ele>10</ele><time>2025-08-29T16:54:52.999Z</time><extensions><gpxtpx:TrackPointExtension><gpxtpx:hr>162</gpxtpx:hr><gpxtpx:cad>81</gpxtpx:cad></gpxtpx:TrackPointExtension></extensions><extensions><gpxtpx:PowerExtension><gpxtpx:PowerInWatts>222</gpxtpx:PowerInWatts></gpxtpx:PowerExtension></extensions></trkpt>
<trkpt lat="38.5789436" lon="-121.4758605">
<ele>10</ele><time>2025-08-29T16:54:55.999Z</time><extensions><gpxtpx:TrackPointExtension><gpxtpx:hr>162</gpxtpx:hr><gpxtpx:cad>81</gpxtpx:cad></gpxtpx:TrackPointExtension></extensions><extensions><gpxtpx:PowerExtension><gpxtpx:PowerInWatts>217</gpxtpx:PowerInWatts></gpxtpx:PowerExtension></extensions></trkpt>
<trkpt lat="38.5790001" lon="-121.4758138">
<ele>10</ele><time>2025-08-29T16:54:58.999Z</time><extensions><gpxtpx:TrackPointExtension><gpxtpx:hr>163</gpxtpx:hr><gpxtpx:cad>80</gpxtpx:cad></gpxtpx:TrackPointExtension></extensions><extensions><gpxtpx:PowerExtension><gpxtpx:PowerInWatts>215</gpxtpx:PowerInWatts></gpxtpx:PowerExtension></extensions></trkpt>
<trkpt lat="38.5790520" lon="-121.4758006">
<ele>10</ele><time>2025-08-29T16:55:00.999Z</time><extensions><gpxtpx:TrackPointExtension><gpxtpx:hr>163</gpxtpx:hr><gpxtpx:cad>77</gpxtpx:cad></gpxtpx:TrackPointExtension></extensions><extensions><gpxtpx:PowerExtension><gpxtpx:PowerInWatts>205</gpxtpx:PowerInWatts></gpxtpx:PowerExtension></extensions></trkpt>
<trkpt lat="38.5791113" lon="-121.4757801">
<ele>10</ele><time>2025-08-29T16:55:02.999Z</time><extensions><gpxtpx:TrackPointExtension><gpxtpx:hr>163</gpxtpx:hr><gpxtpx:cad>79</gpxtpx:cad></gpxtpx:TrackPointExtension></extensions><extensions><gpxtpx:PowerExtension><gpxtpx:PowerInWatts>205</gpxtpx:PowerInWatts></gpxtpx:PowerExtension></extensions></trkpt>
<trkpt lat="38.5791577" lon="-121.4757647">
<ele>10</ele><time>2025-08-29T16:55:04.999Z</time><extensions><gpxtpx:TrackPointExtension><gpxtpx:hr>163</gpxtpx:hr><gpxtpx:cad>79</gpxtpx:cad></gpxtpx:TrackPointExtension></extensions><extensions><gpxtpx:PowerExtension><gpxtpx:PowerInWatts>210</gpxtpx:PowerInWatts></gpxtpx:PowerExtension></extensions></trkpt>
<trkpt lat="38.5792065" lon="-121.4757437">
<ele>10</ele><time>2025-08-29T16:55:06.999Z</time><extensions><gpxtpx:TrackPointExtension><gpxtpx:hr>163</gpxtpx:hr><gpxtpx:cad>82</gpxtpx:cad></gpxtpx:TrackPointExtension></extensions><extensions><gpxtpx:PowerExtension><gpxtpx:PowerInWatts>210</gpxtpx:PowerInWatts></gpxtpx:PowerExtension></extensions></trkpt>
<trkpt lat="38.5792620" lon="-121.4757317">
<ele>10</ele><time>2025-08-29T16:55:08.999Z</time><extensions><gpxtpx:TrackPointExtension><gpxtpx:hr>163</gpxtpx:hr><gpxtpx:cad>79</gpxtpx:cad></gpxtpx:TrackPointExtension></extensions><extensions><gpxtpx:PowerExtension><gpxtpx:PowerInWatts>212</gpxtpx:PowerInWatts></gpxtpx:PowerExtension></extensions></trkpt>
<trkpt lat="38.5793175" lon="-121.4757516">
<ele>10</ele><time>2025-08-29T16:55:10.999Z</time><extensions><gpxtpx:TrackPointExtension><gpxtpx:hr>163</gpxtpx:hr><gpxtpx:cad>80</gpxtpx:cad></gpxtpx:TrackPointExtension></extensions><extensions><gpxtpx:PowerExtension><gpxtpx:PowerInWatts>216</gpxtpx:PowerInWatts></gpxtpx:PowerExtension></extensions></trkpt>
<trkpt lat="38.5793831" lon="-121.4757537">
<ele>10</ele><time>2025-08-29T16:55:12.999Z</time><extensions><gpxtpx:TrackPointExtension><gpxtpx:hr>163</gpxtpx:hr><gpxtpx:cad>79</gpxtpx:cad></gpxtpx:TrackPointExtension></extensions><extensions><gpxtpx:PowerExtension><gpxtpx:PowerInWatts>216</gpxtpx:PowerInWatts></gpxtpx:PowerExtension></extensions></trkpt>
<trkpt lat="38.5794354" lon="-121.4757189">
<ele>10</ele><time>2025-08-29T16:55:14.999Z</time><extensions><gpxtpx:TrackPointExtension><gpxtpx:hr>163</gpxtpx:hr><gpxtpx:cad>76</gpxtpx:cad></gpxtpx:TrackPointExtension></extensions><extensions><gpxtpx:PowerExtension><gpxtpx:PowerInWatts>219</gpxtpx:PowerInWatts></gpxtpx:PowerExtension></extensions></trkpt>
<trkpt lat="38.5794774" lon="-121.4756853">
<ele>10</ele><time>2025-08-29T16:55:16.999Z</time><extensions><gpxtpx:TrackPointExtension><gpxtpx:hr>163</gpxtpx:hr><gpxtpx:cad>74</gpxtpx:cad></gpxtpx:TrackPointExtension></extensions><extensions><gpxtpx:PowerExtension><gpxtpx:PowerInWatts>219</gpxtpx:PowerInWatts></gpxtpx:PowerExtension></extensions></trkpt>
<trkpt lat="38.5794942" lon="-121.4756072">
<ele>10</ele><time>2025-08-29T16:55:18.999Z</time><extensions><gpxtpx:TrackPointExtension><gpxtpx:hr>163</gpxtpx:hr><gpxtpx:cad>76</gpxtpx:cad></gpxtpx:TrackPointExtension></extensions><extensions><gpxtpx:PowerExtension><gpxtpx:PowerInWatts>228</gpxtpx:PowerInWatts></gpxtpx:PowerExtension></extensions></trkpt>
<trkpt lat="38.5795451" lon="-121.4755716">
<ele>10</ele><time>2025-08-29T16:55:20.999Z</time><extensions><gpxtpx:TrackPointExtension><gpxtpx:hr>163</gpxtpx:hr><gpxtpx:cad>79</gpxtpx:cad></gpxtpx:TrackPointExtension></extensions><extensions><gpxtpx:PowerExtension><gpxtpx:PowerInWatts>229</gpxtpx:PowerInWatts></gpxtpx:PowerExtension></extensions></trkpt>
<trkpt lat="38.5795901" lon="-121.4755557">
<ele>10</ele><time>2025-08-29T16:55:22.999Z</time><extensions><gpxtpx:TrackPointExtension><gpxtpx:hr>163</gpxtpx:hr><gpxtpx:cad>79</gpxtpx:cad></gpxtpx:TrackPointExtension></extensions><extensions><gpxtpx:PowerExtension><gpxtpx:PowerInWatts>229</gpxtpx:PowerInWatts></gpxtpx:PowerExtension></extensions></trkpt>
<trkpt lat="38.5796482" lon="-121.4755053">
<ele>10</ele><time>2025-08-29T16:55:25.999Z</time><extensions><gpxtpx:TrackPointExtension><gpxtpx:hr>163</gpxtpx:hr><gpxtpx:cad>75</gpxtpx:cad></gpxtpx:TrackPointExtension></extensions><extensions><gpxtpx:PowerExtension><gpxtpx:PowerInWatts>226</gpxtpx:PowerInWatts></gpxtpx:PowerExtension></extensions></trkpt>
<trkpt lat="38.5797186" lon="-121.4754994">
<ele>10</ele><time>2025-08-29T16:55:28.999Z</time><extensions><gpxtpx:TrackPointExtension><gpxtpx:hr>163</gpxtpx:hr><gpxtpx:cad>76</gpxtpx:cad></gpxtpx:TrackPointExtension></extensions><extensions><gpxtpx:PowerExtension><gpxtpx:PowerInWatts>222</gpxtpx:PowerInWatts></gpxtpx:PowerExtension></extensions></trkpt>
<trkpt lat="38.5797710" lon="-121.4754859">
<ele>10</ele><time>2025-08-29T16:55:30.999Z</time><extensions><gpxtpx:TrackPointExtension><gpxtpx:hr>163</gpxtpx:hr><gpxtpx:cad>79</gpxtpx:cad></gpxtpx:TrackPointExtension></extensions><extensions><gpxtpx:PowerExtension><gpxtpx:PowerInWatts>222</gpxtpx:PowerInWatts></gpxtpx:PowerExtension></extensions></trkpt>
<trkpt lat="38.5798368" lon="-121.4754401">
<ele>10</ele><time>2025-08-29T16:55:34.999Z</time><extensions><gpxtpx:TrackPointExtension><gpxtpx:hr>163</gpxtpx:hr><gpxtpx:cad>79</gpxtpx:cad></gpxtpx:TrackPointExtension></extensions><extensions><gpxtpx:PowerExtension><gpxtpx:PowerInWatts>216</gpxtpx:PowerInWatts></gpxtpx:PowerExtension></extensions></trkpt>
<trkpt lat="38.5798982" lon="-121.4754164">
<ele>10</ele><time>2025-08-29T16:55:36.999Z</time><extensions><gpxtpx:TrackPointExtension><gpxtpx:hr>163</gpxtpx:hr><gpxtpx:cad>75</gpxtpx:cad></gpxtpx:TrackPointExtension></extensions><extensions><gpxtpx:PowerExtension><gpxtpx:PowerInWatts>205</gpxtpx:PowerInWatts></gpxtpx:PowerExtension></extensions></trkpt>
<trkpt lat="38.5799428" lon="-121.4754005">
<ele>10</ele><time>2025-08-29T16:55:38.999Z</time><extensions><gpxtpx:TrackPointExtension><gpxtpx:hr>163</gpxtpx:hr><gpxtpx:cad>75</gpxtpx:cad></gpxtpx:TrackPointExtension></extensions><extensions><gpxtpx:PowerExtension><gpxtpx:PowerInWatts>205</gpxtpx:PowerInWatts></gpxtpx:PowerExtension></extensions></trkpt>
<trkpt lat="38.5799954" lon="-121.4753875">
<ele>10</ele><time>2025-08-29T16:55:40.999Z</time><extensions><gpxtpx:TrackPointExtension><gpxtpx:hr>163</gpxtpx:hr><gpxtpx:cad>76</gpxtpx:cad></gpxtpx:TrackPointExtension></extensions><extensions><gpxtpx:PowerExtension><gpxtpx:PowerInWatts>205</gpxtpx:PowerInWatts></gpxtpx:PowerExtension></extensions></trkpt>
<trkpt lat="38.5800409" lon="-121.4753785">
<ele>10</ele><time>2025-08-29T16:55:42.999Z</time><extensions><gpxtpx:TrackPointExtension><gpxtpx:hr>163</gpxtpx:hr><gpxtpx:cad>80</gpxtpx:cad></gpxtpx:TrackPointExtension></extensions><extensions><gpxtpx:PowerExtension><gpxtpx:PowerInWatts>207</gpxtpx:PowerInWatts></gpxtpx:PowerExtension></extensions></trkpt>
<trkpt lat="38.5800930" lon="-121.4753587">
<ele>10</ele><time>2025-08-29T16:55:44.999Z</time><extensions><gpxtpx:TrackPointExtension><gpxtpx:hr>163</gpxtpx:hr><gpxtpx:cad>79</gpxtpx:cad></gpxtpx:TrackPointExtension></extensions><extensions><gpxtpx:PowerExtension><gpxtpx:PowerInWatts>208</gpxtpx:PowerInWatts></gpxtpx:PowerExtension></extensions></trkpt>
<trkpt lat="38.5801446" lon="-121.4753370">
<ele>10</ele><time>2025-08-29T16:55:46.999Z</time><extensions><gpxtpx:TrackPointExtension><gpxtpx:hr>163</gpxtpx:hr><gpxtpx:cad>78</gpxtpx:cad></gpxtpx:TrackPointExtension></extensions><extensions><gpxtpx:PowerExtension><gpxtpx:PowerInWatts>208</gpxtpx:PowerInWatts></gpxtpx:PowerExtension></extensions></trkpt>
<trkpt lat="38.5802093" lon="-121.4753197">
<ele>10</ele><time>2025-08-29T16:55:48.999Z</time><extensions><gpxtpx:TrackPointExtension><gpxtpx:hr>163</gpxtpx:hr><gpxtpx:cad>81</gpxtpx:cad></gpxtpx:TrackPointExtension></extensions><extensions><gpxtpx:PowerExtension><gpxtpx:PowerInWatts>208</gpxtpx:PowerInWatts></gpxtpx:PowerExtension></extensions></trkpt>
<trkpt lat="38.5802568" lon="-121.4752805">
<ele>10</ele><time>2025-08-29T16:55:50.999Z</time><extensions><gpxtpx:TrackPointExtension><gpxtpx:hr>163</gpxtpx:hr><gpxtpx:cad>81</gpxtpx:cad></gpxtpx:TrackPointExtension></extensions><extensions><gpxtpx:PowerExtension><gpxtpx:PowerInWatts>208</gpxtpx:PowerInWatts></gpxtpx:PowerExtension></extensions></trkpt>
<trkpt lat="38.5803224" lon="-121.4752718">
<ele>10</ele><time>2025-08-29T16:55:52.999Z</time><extensions><gpxtpx:TrackPointExtension><gpxtpx:hr>164</gpxtpx:hr><gpxtpx:cad>78</gpxtpx:cad></gpxtpx:TrackPointExtension></extensions><extensions><gpxtpx:PowerExtension><gpxtpx:PowerInWatts>207</gpxtpx:PowerInWatts></gpxtpx:PowerExtension></extensions></trkpt>
<trkpt lat="38.5803711" lon="-121.4752624">
<ele>10</ele><time>2025-08-29T16:55:54.999Z</time><extensions><gpxtpx:TrackPointExtension><gpxtpx:hr>165</gpxtpx:hr><gpxtpx:cad>81</gpxtpx:cad></gpxtpx:TrackPointExtension></extensions><extensions><gpxtpx:PowerExtension><gpxtpx:PowerInWatts>207</gpxtpx:PowerInWatts></gpxtpx:PowerExtension></extensions></trkpt>
<trkpt lat="38.5804112" lon="-121.4752261">
<ele>10</ele><time>2025-08-29T16:55:56.999Z</time><extensions><gpxtpx:TrackPointExtension><gpxtpx:hr>165</gpxtpx:hr><gpxtpx:cad>85</gpxtpx:cad></gpxtpx:TrackPointExtension></extensions><extensions><gpxtpx:PowerExtension><gpxtpx:PowerInWatts>217</gpxtpx:PowerInWatts></gpxtpx:PowerExtension></extensions></trkpt>
<trkpt lat="38.5804616" lon="-121.4751885">
<ele>10</ele><time>2025-08-29T16:55:58.999Z</time><extensions><gpxtpx:TrackPointExtension><gpxtpx:hr>165</gpxtpx:hr><gpxtpx:cad>82</gpxtpx:cad></gpxtpx:TrackPointExtension></extensions><extensions><gpxtpx:PowerExtension><gpxtpx:PowerInWatts>217</gpxtpx:PowerInWatts></gpxtpx:PowerExtension></extensions></trkpt>
<trkpt lat="38.5805228" lon="-121.4751879">
<ele>10</ele><time>2025-08-29T16:56:00.999Z</time><extensions><gpxtpx:TrackPointExtension><gpxtpx:hr>165</gpxtpx:hr><gpxtpx:cad>79</gpxtpx:cad></gpxtpx:TrackPointExtension></extensions><extensions><gpxtpx:PowerExtension><gpxtpx:PowerInWatts>223</gpxtpx:PowerInWatts></gpxtpx:PowerExtension></extensions></trkpt>
<trkpt lat="38.5805739" lon="-121.4751968">
<ele>10</ele><time>2025-08-29T16:56:02.999Z</time><extensions><gpxtpx:TrackPointExtension><gpxtpx:hr>165</gpxtpx:hr><gpxtpx:cad>76</gpxtpx:cad></gpxtpx:TrackPointExtension></extensions><extensions><gpxtpx:PowerExtension><gpxtpx:PowerInWatts>223</gpxtpx:PowerInWatts></gpxtpx:PowerExtension></extensions></trkpt>
<trkpt lat="38.5806188" lon="-121.4751907">
<ele>10</ele><time>2025-08-29T16:56:04.999Z</time><extensions><gpxtpx:TrackPointExtension><gpxtpx:hr>165</gpxtpx:hr><gpxtpx:cad>79</gpxtpx:cad></gpxtpx:TrackPointExtension></extensions><extensions><gpxtpx:PowerExtension><gpxtpx:PowerInWatts>225</gpxtpx:PowerInWatts></gpxtpx:PowerExtension></extensions></trkpt>
<trkpt lat="38.5806789" lon="-121.4751580">
<ele>10</ele><time>2025-08-29T16:56:07.999Z</time><extensions><gpxtpx:TrackPointExtension><gpxtpx:hr>165</gpxtpx:hr><gpxtpx:cad>82</gpxtpx:cad></gpxtpx:TrackPointExtension></extensions><extensions><gpxtpx:PowerExtension><gpxtpx:PowerInWatts>224</gpxtpx:PowerInWatts></gpxtpx:PowerExtension></extensions></trkpt>
<trkpt lat="38.5807332" lon="-121.4751533">
<ele>10</ele><time>2025-08-29T16:56:09.999Z</time><extensions><gpxtpx:TrackPointExtension><gpxtpx:hr>165</gpxtpx:hr><gpxtpx:cad>80</gpxtpx:cad></gpxtpx:TrackPointExtension></extensions><extensions><gpxtpx:PowerExtension><gpxtpx:PowerInWatts>224</gpxtpx:PowerInWatts></gpxtpx:PowerExtension></extensions></trkpt>
<trkpt lat="38.5807964" lon="-121.4751220">
<ele>10</ele><time>2025-08-29T16:56:11.999Z</time><extensions><gpxtpx:TrackPointExtension><gpxtpx:hr>166</gpxtpx:hr><gpxtpx:cad>80</gpxtpx:cad></gpxtpx:TrackPointExtension></extensions><extensions><gpxtpx:PowerExtension><gpxtpx:PowerInWatts>224</gpxtpx:PowerInWatts></gpxtpx:PowerExtension></extensions></trkpt>
<trkpt lat="38.5808523" lon="-121.4750987">
<ele>10</ele><time>2025-08-29T16:56:14.999Z</time><extensions><gpxtpx:TrackPointExtension><gpxtpx:hr>166</gpxtpx:hr><gpxtpx:cad>80</gpxtpx:cad></gpxtpx:TrackPointExtension></extensions><extensions><gpxtpx:PowerExtension><gpxtpx:PowerInWatts>215</gpxtpx:PowerInWatts></gpxtpx:PowerExtension></extensions></trkpt>
<trkpt lat="38.5809010" lon="-121.4750945">
<ele>10</ele><time>2025-08-29T16:56:16.999Z</time><extensions><gpxtpx:TrackPointExtension><gpxtpx:hr>165</gpxtpx:hr><gpxtpx:cad>80</gpxtpx:cad></gpxtpx:TrackPointExtension></extensions><extensions><gpxtpx:PowerExtension><gpxtpx:PowerInWatts>215</gpxtpx:PowerInWatts></gpxtpx:PowerExtension></extensions></trkpt>
<trkpt lat="38.5809584" lon="-121.4751112">
<ele>10</ele><time>2025-08-29T16:56:18.999Z</time><extensions><gpxtpx:TrackPointExtension><gpxtpx:hr>166</gpxtpx:hr><gpxtpx:cad>80</gpxtpx:cad></gpxtpx:TrackPointExtension></extensions><extensions><gpxtpx:PowerExtension><gpxtpx:PowerInWatts>214</gpxtpx:PowerInWatts></gpxtpx:PowerExtension></extensions></trkpt>
<trkpt lat="38.5810266" lon="-121.4750656">
<ele>10</ele><time>2025-08-29T16:56:20.999Z</time><extensions><gpxtpx:TrackPointExtension><gpxtpx:hr>166</gpxtpx:hr><gpxtpx:cad>79</gpxtpx:cad></gpxtpx:TrackPointExtension></extensions><extensions><gpxtpx:PowerExtension><gpxtpx:PowerInWatts>214</gpxtpx:PowerInWatts></gpxtpx:PowerExtension></extensions></trkpt>
<trkpt lat="38.5810804" lon="-121.4750158">
<ele>10</ele><time>2025-08-29T16:56:22.999Z</time><extensions><gpxtpx:TrackPointExtension><gpxtpx:hr>165</gpxtpx:hr><gpxtpx:cad>79</gpxtpx:cad></gpxtpx:TrackPointExtension></extensions><extensions><gpxtpx:PowerExtension><gpxtpx:PowerInWatts>215</gpxtpx:PowerInWatts></gpxtpx:PowerExtension></extensions></trkpt>
<trkpt lat="38.5811418" lon="-121.4750001">
<ele>10</ele><time>2025-08-29T16:56:24.999Z</time><extensions><gpxtpx:TrackPointExtension><gpxtpx:hr>164</gpxtpx:hr><gpxtpx:cad>75</gpxtpx:cad></gpxtpx:TrackPointExtension></extensions><extensions><gpxtpx:PowerExtension><gpxtpx:PowerInWatts>215</gpxtpx:PowerInWatts></gpxtpx:PowerExtension></extensions></trkpt>
<trkpt lat="38.5811894" lon="-121.4749759">
<ele>10</ele><time>2025-08-29T16:56:26.999Z</time><extensions><gpxtpx:TrackPointExtension><gpxtpx:hr>164</gpxtpx:hr><gpxtpx:cad>78</gpxtpx:cad></gpxtpx:TrackPointExtension></extensions><extensions><gpxtpx:PowerExtension><gpxtpx:PowerInWatts>215</gpxtpx:PowerInWatts></gpxtpx:PowerExtension></extensions></trkpt>
<trkpt lat="38.5812491" lon="-121.4749389">
<ele>10</ele><time>2025-08-29T16:56:28.999Z</time><extensions><gpxtpx:TrackPointExtension><gpxtpx:hr>164</gpxtpx:hr><gpxtpx:cad>79</gpxtpx:cad></gpxtpx:TrackPointExtension></extensions><extensions><gpxtpx:PowerExtension><gpxtpx:PowerInWatts>225</gpxtpx:PowerInWatts></gpxtpx:PowerExtension></extensions></trkpt>
<trkpt lat="38.5812983" lon="-121.4749220">
<ele>10</ele><time>2025-08-29T16:56:30.999Z</time><extensions><gpxtpx:TrackPointExtension><gpxtpx:hr>165</gpxtpx:hr><gpxtpx:cad>83</gpxtpx:cad></gpxtpx:TrackPointExtension></extensions><extensions><gpxtpx:PowerExtension><gpxtpx:PowerInWatts>231</gpxtpx:PowerInWatts></gpxtpx:PowerExtension></extensions></trkpt>
<trkpt lat="38.5813525" lon="-121.4748982">
<ele>10</ele><time>2025-08-29T16:56:32.999Z</time><extensions><gpxtpx:TrackPointExtension><gpxtpx:hr>165</gpxtpx:hr><gpxtpx:cad>80</gpxtpx:cad></gpxtpx:TrackPointExtension></extensions><extensions><gpxtpx:PowerExtension><gpxtpx:PowerInWatts>233</gpxtpx:PowerInWatts></gpxtpx:PowerExtension></extensions></trkpt>
<trkpt lat="38.5814018" lon="-121.4748879">
<ele>10</ele><time>2025-08-29T16:56:34.999Z</time><extensions><gpxtpx:TrackPointExtension><gpxtpx:hr>165</gpxtpx:hr><gpxtpx:cad>80</gpxtpx:cad></gpxtpx:TrackPointExtension></extensions><extensions><gpxtpx:PowerExtension><gpxtpx:PowerInWatts>233</gpxtpx:PowerInWatts></gpxtpx:PowerExtension></extensions></trkpt>
<trkpt lat="38.5814499" lon="-121.4748787">
<ele>10</ele><time>2025-08-29T16:56:36.999Z</time><extensions><gpxtpx:TrackPointExtension><gpxtpx:hr>166</gpxtpx:hr><gpxtpx:cad>80</gpxtpx:cad></gpxtpx:TrackPointExtension></extensions><extensions><gpxtpx:PowerExtension><gpxtpx:PowerInWatts>233</gpxtpx:PowerInWatts></gpxtpx:PowerExtension></extensions></trkpt>
<trkpt lat="38.5814949" lon="-121.4748133">
<ele>10</ele><time>2025-08-29T16:56:38.999Z</time><extensions><gpxtpx:TrackPointExtension><gpxtpx:hr>166</gpxtpx:hr><gpxtpx:cad>80</gpxtpx:cad></gpxtpx:TrackPointExtension></extensions><extensions><gpxtpx:PowerExtension><gpxtpx:PowerInWatts>231</gpxtpx:PowerInWatts></gpxtpx:PowerExtension></extensions></trkpt>
<trkpt lat="38.5815312" lon="-121.4747387">
<ele>10</ele><time>2025-08-29T16:56:40.999Z</time><extensions><gpxtpx:TrackPointExtension><gpxtpx:hr>166</gpxtpx:hr><gpxtpx:cad>76</gpxtpx:cad></gpxtpx:TrackPointExtension></extensions><extensions><gpxtpx:PowerExtension><gpxtpx:PowerInWatts>230</gpxtpx:PowerInWatts></gpxtpx:PowerExtension></extensions></trkpt>
<trkpt lat="38.5815875" lon="-121.4746929">
<ele>10</ele><time>2025-08-29T16:56:43.999Z</time><extensions><gpxtpx:TrackPointExtension><gpxtpx:hr>166</gpxtpx:hr><gpxtpx:cad>79</gpxtpx:cad></gpxtpx:TrackPointExtension></extensions><extensions><gpxtpx:PowerExtension><gpxtpx:PowerInWatts>230</gpxtpx:PowerInWatts></gpxtpx:PowerExtension></extensions></trkpt>
<trkpt lat="38.5816332" lon="-121.4746909">
<ele>10</ele><time>2025-08-29T16:56:45.999Z</time><extensions><gpxtpx:TrackPointExtension><gpxtpx:hr>166</gpxtpx:hr><gpxtpx:cad>78</gpxtpx:cad></gpxtpx:TrackPointExtension></extensions><extensions><gpxtpx:PowerExtension><gpxtpx:PowerInWatts>230</gpxtpx:PowerInWatts></gpxtpx:PowerExtension></extensions></trkpt>
<trkpt lat="38.5816949" lon="-121.4746587">
<ele>10</ele><time>2025-08-29T16:56:48.999Z</time><extensions><gpxtpx:TrackPointExtension><gpxtpx:hr>166</gpxtpx:hr><gpxtpx:cad>79</gpxtpx:cad></gpxtpx:TrackPointExtension></extensions><extensions><gpxtpx:PowerExtension><gpxtpx:PowerInWatts>236</gpxtpx:PowerInWatts></gpxtpx:PowerExtension></extensions></trkpt>
<trkpt lat="38.5817438" lon="-121.4746332">
<ele>10</ele><time>2025-08-29T16:56:50.999Z</time><extensions><gpxtpx:TrackPointExtension><gpxtpx:hr>167</gpxtpx:hr><gpxtpx:cad>79</gpxtpx:cad></gpxtpx:TrackPointExtension></extensions><extensions><gpxtpx:PowerExtension><gpxtpx:PowerInWatts>230</gpxtpx:PowerInWatts></gpxtpx:PowerExtension></extensions></trkpt>
<trkpt lat="38.5817823" lon="-121.4745967">
<ele>10</ele><time>2025-08-29T16:56:52.999Z</time><extensions><gpxtpx:TrackPointExtension><gpxtpx:hr>167</gpxtpx:hr><gpxtpx:cad>82</gpxtpx:cad></gpxtpx:TrackPointExtension></extensions><extensions><gpxtpx:PowerExtension><gpxtpx:PowerInWatts>230</gpxtpx:PowerInWatts></gpxtpx:PowerExtension></extensions></trkpt>
<trkpt lat="38.5818418" lon="-121.4745869">
<ele>10</ele><time>2025-08-29T16:56:54.999Z</time><extensions><gpxtpx:TrackPointExtension><gpxtpx:hr>166</gpxtpx:hr><gpxtpx:cad>79</gpxtpx:cad></gpxtpx:TrackPointExtension></extensions><extensions><gpxtpx:PowerExtension><gpxtpx:PowerInWatts>225</gpxtpx:PowerInWatts></gpxtpx:PowerExtension></extensions></trkpt>
<trkpt lat="38.5819112" lon="-121.4745797">
<ele>10</ele><time>2025-08-29T16:56:57.999Z</time><extensions><gpxtpx:TrackPointExtension><gpxtpx:hr>166</gpxtpx:hr><gpxtpx:cad>81</gpxtpx:cad></gpxtpx:TrackPointExtension></extensions><extensions><gpxtpx:PowerExtension><gpxtpx:PowerInWatts>225</gpxtpx:PowerInWatts></gpxtpx:PowerExtension></extensions></trkpt>
<trkpt lat="38.5819500" lon="-121.4745491">
<ele>10</ele><time>2025-08-29T16:56:59.999Z</time><extensions><gpxtpx:TrackPointExtension><gpxtpx:hr>167</gpxtpx:hr><gpxtpx:cad>81</gpxtpx:cad></gpxtpx:TrackPointExtension></extensions><extensions><gpxtpx:PowerExtension><gpxtpx:PowerInWatts>222</gpxtpx:PowerInWatts></gpxtpx:PowerExtension></extensions></trkpt>
<trkpt lat="38.5820062" lon="-121.4745253">
<ele>10</ele><time>2025-08-29T16:57:01.999Z</time><extensions><gpxtpx:TrackPointExtension><gpxtpx:hr>166</gpxtpx:hr><gpxtpx:cad>78</gpxtpx:cad></gpxtpx:TrackPointExtension></extensions><extensions><gpxtpx:PowerExtension><gpxtpx:PowerInWatts>222</gpxtpx:PowerInWatts></gpxtpx:PowerExtension></extensions></trkpt>
<trkpt lat="38.5820592" lon="-121.4744896">
<ele>10</ele><time>2025-08-29T16:57:03.999Z</time><extensions><gpxtpx:TrackPointExtension><gpxtpx:hr>166</gpxtpx:hr><gpxtpx:cad>82</gpxtpx:cad></gpxtpx:TrackPointExtension></extensions><extensions><gpxtpx:PowerExtension><gpxtpx:PowerInWatts>219</gpxtpx:PowerInWatts></gpxtpx:PowerExtension></extensions></trkpt>
<trkpt lat="38.5821052" lon="-121.4744927">
<ele>10</ele><time>2025-08-29T16:57:05.999Z</time><extensions><gpxtpx:TrackPointExtension><gpxtpx:hr>166</gpxtpx:hr><gpxtpx:cad>77</gpxtpx:cad></gpxtpx:TrackPointExtension></extensions><extensions><gpxtpx:PowerExtension><gpxtpx:PowerInWatts>220</gpxtpx:PowerInWatts></gpxtpx:PowerExtension></extensions></trkpt>
<trkpt lat="38.5821690" lon="-121.4744690">
<ele>10</ele><time>2025-08-29T16:57:08.999Z</time><extensions><gpxtpx:TrackPointExtension><gpxtpx:hr>166</gpxtpx:hr><gpxtpx:cad>77</gpxtpx:cad></gpxtpx:TrackPointExtension></extensions><extensions><gpxtpx:PowerExtension><gpxtpx:PowerInWatts>220</gpxtpx:PowerInWatts></gpxtpx:PowerExtension></extensions></trkpt>
<trkpt lat="38.5822345" lon="-121.4744261">
<ele>10</ele><time>2025-08-29T16:57:11.999Z</time><extensions><gpxtpx:TrackPointExtension><gpxtpx:hr>166</gpxtpx:hr><gpxtpx:cad>79</gpxtpx:cad></gpxtpx:TrackPointExtension></extensions><extensions><gpxtpx:PowerExtension><gpxtpx:PowerInWatts>220</gpxtpx:PowerInWatts></gpxtpx:PowerExtension></extensions></trkpt>
<trkpt lat="38.5822868" lon="-121.4743985">
<ele>10</ele><time>2025-08-29T16:57:13.999Z</time><extensions><gpxtpx:TrackPointExtension><gpxtpx:hr>166</gpxtpx:hr><gpxtpx:cad>82</gpxtpx:cad></gpxtpx:TrackPointExtension></extensions><extensions><gpxtpx:PowerExtension><gpxtpx:PowerInWatts>217</gpxtpx:PowerInWatts></gpxtpx:PowerExtension></extensions></trkpt>
<trkpt lat="38.5823458" lon="-121.4743700">
<ele>10</ele><time>2025-08-29T16:57:16.999Z</time><extensions><gpxtpx:TrackPointExtension><gpxtpx:hr>166</gpxtpx:hr><gpxtpx:cad>80</gpxtpx:cad></gpxtpx:TrackPointExtension></extensions><extensions><gpxtpx:PowerExtension><gpxtpx:PowerInWatts>215</gpxtpx:PowerInWatts></gpxtpx:PowerExtension></extensions></trkpt>
<trkpt lat="38.5823915" lon="-121.4743655">
<ele>10</ele><time>2025-08-29T16:57:18.999Z</time><extensions><gpxtpx:TrackPointExtension><gpxtpx:hr>166</gpxtpx:hr><gpxtpx:cad>79</gpxtpx:cad></gpxtpx:TrackPointExtension></extensions><extensions><gpxtpx:PowerExtension><gpxtpx:PowerInWatts>213</gpxtpx:PowerInWatts></gpxtpx:PowerExtension></extensions></trkpt>
<trkpt lat="38.5824412" lon="-121.4743737">
<ele>10</ele><time>2025-08-29T16:57:20.999Z</time><extensions><gpxtpx:TrackPointExtension><gpxtpx:hr>165</gpxtpx:hr><gpxtpx:cad>79</gpxtpx:cad></gpxtpx:TrackPointExtension></extensions><extensions><gpxtpx:PowerExtension><gpxtpx:PowerInWatts>213</gpxtpx:PowerInWatts></gpxtpx:PowerExtension></extensions></trkpt>
<trkpt lat="38.5825014" lon="-121.4743345">
<ele>10</ele><time>2025-08-29T16:57:22.999Z</time><extensions><gpxtpx:TrackPointExtension><gpxtpx:hr>165</gpxtpx:hr><gpxtpx:cad>80</gpxtpx:cad></gpxtpx:TrackPointExtension></extensions><extensions><gpxtpx:PowerExtension><gpxtpx:PowerInWatts>211</gpxtpx:PowerInWatts></gpxtpx:PowerExtension></extensions></trkpt>
<trkpt lat="38.5825498" lon="-121.4743029">
<ele>10</ele><time>2025-08-29T16:57:24.999Z</time><extensions><gpxtpx:TrackPointExtension><gpxtpx:hr>165</gpxtpx:hr><gpxtpx:cad>79</gpxtpx:cad></gpxtpx:TrackPointExtension></extensions><extensions><gpxtpx:PowerExtension><gpxtpx:PowerInWatts>211</gpxtpx:PowerInWatts></gpxtpx:PowerExtension></extensions></trkpt>
<trkpt lat="38.5826187" lon="-121.4742772">
<ele>10</ele><time>2025-08-29T16:57:27.999Z</time><extensions><gpxtpx:TrackPointExtension><gpxtpx:hr>165</gpxtpx:hr><gpxtpx:cad>78</gpxtpx:cad></gpxtpx:TrackPointExtension></extensions><extensions><gpxtpx:PowerExtension><gpxtpx:PowerInWatts>211</gpxtpx:PowerInWatts></gpxtpx:PowerExtension></extensions></trkpt>
<trkpt lat="38.5826681" lon="-121.4742545">
<ele>10</ele><time>2025-08-29T16:57:29.999Z</time><extensions><gpxtpx:TrackPointExtension><gpxtpx:hr>165</gpxtpx:hr><gpxtpx:cad>78</gpxtpx:cad></gpxtpx:TrackPointExtension></extensions><extensions><gpxtpx:PowerExtension><gpxtpx:PowerInWatts>211</gpxtpx:PowerInWatts></gpxtpx:PowerExtension></extensions></trkpt>
<trkpt lat="38.5827207" lon="-121.4742135">
<ele>10</ele><time>2025-08-29T16:57:32.999Z</time><extensions><gpxtpx:TrackPointExtension><gpxtpx:hr>165</gpxtpx:hr><gpxtpx:cad>78</gpxtpx:cad></gpxtpx:TrackPointExtension></extensions><extensions><gpxtpx:PowerExtension><gpxtpx:PowerInWatts>213</gpxtpx:PowerInWatts></gpxtpx:PowerExtension></extensions></trkpt>
<trkpt lat="38.5827683" lon="-121.4741946">
<ele>10</ele><time>2025-08-29T16:57:34.998Z</time><extensions><gpxtpx:TrackPointExtension><gpxtpx:hr>166</gpxtpx:hr><gpxtpx:cad>77</gpxtpx:cad></gpxtpx:TrackPointExtension></extensions><extensions><gpxtpx:PowerExtension><gpxtpx:PowerInWatts>216</gpxtpx:PowerInWatts></gpxtpx:PowerExtension></extensions></trkpt>
<trkpt lat="38.5828184" lon="-121.4741794">
<ele>10</ele><time>2025-08-29T16:57:36.998Z</time><extensions><gpxtpx:TrackPointExtension><gpxtpx:hr>165</gpxtpx:hr><gpxtpx:cad>81</gpxtpx:cad></gpxtpx:TrackPointExtension></extensions><extensions><gpxtpx:PowerExtension><gpxtpx:PowerInWatts>213</gpxtpx:PowerInWatts></gpxtpx:PowerExtension></extensions></trkpt>
<trkpt lat="38.5828770" lon="-121.4741494">
<ele>10</ele><time>2025-08-29T16:57:38.998Z</time><extensions><gpxtpx:TrackPointExtension><gpxtpx:hr>165</gpxtpx:hr><gpxtpx:cad>80</gpxtpx:cad></gpxtpx:TrackPointExtension></extensions><extensions><gpxtpx:PowerExtension><gpxtpx:PowerInWatts>213</gpxtpx:PowerInWatts></gpxtpx:PowerExtension></extensions></trkpt>
<trkpt lat="38.5829212" lon="-121.4741114">
<ele>10</ele><time>2025-08-29T16:57:40.999Z</time><extensions><gpxtpx:TrackPointExtension><gpxtpx:hr>165</gpxtpx:hr><gpxtpx:cad>76</gpxtpx:cad></gpxtpx:TrackPointExtension></extensions><extensions><gpxtpx:PowerExtension><gpxtpx:PowerInWatts>209</gpxtpx:PowerInWatts></gpxtpx:PowerExtension></extensions></trkpt>
<trkpt lat="38.5829735" lon="-121.4740835">
<ele>10</ele><time>2025-08-29T16:57:42.999Z</time><extensions><gpxtpx:TrackPointExtension><gpxtpx:hr>165</gpxtpx:hr><gpxtpx:cad>79</gpxtpx:cad></gpxtpx:TrackPointExtension></extensions><extensions><gpxtpx:PowerExtension><gpxtpx:PowerInWatts>206</gpxtpx:PowerInWatts></gpxtpx:PowerExtension></extensions></trkpt>
<trkpt lat="38.5830318" lon="-121.4740588">
<ele>10</ele><time>2025-08-29T16:57:44.999Z</time><extensions><gpxtpx:TrackPointExtension><gpxtpx:hr>165</gpxtpx:hr><gpxtpx:cad>80</gpxtpx:cad></gpxtpx:TrackPointExtension></extensions><extensions><gpxtpx:PowerExtension><gpxtpx:PowerInWatts>212</gpxtpx:PowerInWatts></gpxtpx:PowerExtension></extensions></trkpt>
<trkpt lat="38.5830940" lon="-121.4740116">
<ele>10</ele><time>2025-08-29T16:57:47.999Z</time><extensions><gpxtpx:TrackPointExtension><gpxtpx:hr>165</gpxtpx:hr><gpxtpx:cad>81</gpxtpx:cad></gpxtpx:TrackPointExtension></extensions><extensions><gpxtpx:PowerExtension><gpxtpx:PowerInWatts>214</gpxtpx:PowerInWatts></gpxtpx:PowerExtension></extensions></trkpt>
<trkpt lat="38.5831405" lon="-121.4740030">
<ele>10</ele><time>2025-08-29T16:57:49.999Z</time><extensions><gpxtpx:TrackPointExtension><gpxtpx:hr>165</gpxtpx:hr><gpxtpx:cad>76</gpxtpx:cad></gpxtpx:TrackPointExtension></extensions><extensions><gpxtpx:PowerExtension><gpxtpx:PowerInWatts>219</gpxtpx:PowerInWatts></gpxtpx:PowerExtension></extensions></trkpt>
<trkpt lat="38.5831885" lon="-121.4739938">
<ele>10</ele><time>2025-08-29T16:57:51.999Z</time><extensions><gpxtpx:TrackPointExtension><gpxtpx:hr>165</gpxtpx:hr><gpxtpx:cad>74</gpxtpx:cad></gpxtpx:TrackPointExtension></extensions><extensions><gpxtpx:PowerExtension><gpxtpx:PowerInWatts>219</gpxtpx:PowerInWatts></gpxtpx:PowerExtension></extensions></trkpt>
<trkpt lat="38.5832396" lon="-121.4739805">
<ele>10</ele><time>2025-08-29T16:57:53.999Z</time><extensions><gpxtpx:TrackPointExtension><gpxtpx:hr>165</gpxtpx:hr><gpxtpx:cad>75</gpxtpx:cad></gpxtpx:TrackPointExtension></extensions><extensions><gpxtpx:PowerExtension><gpxtpx:PowerInWatts>214</gpxtpx:PowerInWatts></gpxtpx:PowerExtension></extensions></trkpt>
<trkpt lat="38.5832924" lon="-121.4739713">
<ele>10</ele><time>2025-08-29T16:57:55.999Z</time><extensions><gpxtpx:TrackPointExtension><gpxtpx:hr>165</gpxtpx:hr><gpxtpx:cad>78</gpxtpx:cad></gpxtpx:TrackPointExtension></extensions><extensions><gpxtpx:PowerExtension><gpxtpx:PowerInWatts>216</gpxtpx:PowerInWatts></gpxtpx:PowerExtension></extensions></trkpt>
<trkpt lat="38.5833430" lon="-121.4739430">
<ele>10</ele><time>2025-08-29T16:57:57.999Z</time><extensions><gpxtpx:TrackPointExtension><gpxtpx:hr>165</gpxtpx:hr><gpxtpx:cad>79</gpxtpx:cad></gpxtpx:TrackPointExtension></extensions><extensions><gpxtpx:PowerExtension><gpxtpx:PowerInWatts>215</gpxtpx:PowerInWatts></gpxtpx:PowerExtension></extensions></trkpt>
<trkpt lat="38.5833813" lon="-121.4739737">
<ele>10</ele><time>2025-08-29T16:57:59.999Z</time><extensions><gpxtpx:TrackPointExtension><gpxtpx:hr>165</gpxtpx:hr><gpxtpx:cad>74</gpxtpx:cad></gpxtpx:TrackPointExtension></extensions><extensions><gpxtpx:PowerExtension><gpxtpx:PowerInWatts>215</gpxtpx:PowerInWatts></gpxtpx:PowerExtension></extensions></trkpt>
<trkpt lat="38.5834307" lon="-121.4739875">
<ele>10</ele><time>2025-08-29T16:58:01.999Z</time><extensions><gpxtpx:TrackPointExtension><gpxtpx:hr>165</gpxtpx:hr><gpxtpx:cad>79</gpxtpx:cad></gpxtpx:TrackPointExtension></extensions><extensions><gpxtpx:PowerExtension><gpxtpx:PowerInWatts>215</gpxtpx:PowerInWatts></gpxtpx:PowerExtension></extensions></trkpt>
<trkpt lat="38.5834873" lon="-121.4739842">
<ele>10</ele><time>2025-08-29T16:58:03.999Z</time><extensions><gpxtpx:TrackPointExtension><gpxtpx:hr>165</gpxtpx:hr><gpxtpx:cad>79</gpxtpx:cad></gpxtpx:TrackPointExtension></extensions><extensions><gpxtpx:PowerExtension><gpxtpx:PowerInWatts>219</gpxtpx:PowerInWatts></gpxtpx:PowerExtension></extensions></trkpt>
<trkpt lat="38.5835333" lon="-121.4739976">
<ele>10</ele><time>2025-08-29T16:58:05.999Z</time><extensions><gpxtpx:TrackPointExtension><gpxtpx:hr>165</gpxtpx:hr><gpxtpx:cad>77</gpxtpx:cad></gpxtpx:TrackPointExtension></extensions><extensions><gpxtpx:PowerExtension><gpxtpx:PowerInWatts>215</gpxtpx:PowerInWatts></gpxtpx:PowerExtension></extensions></trkpt>
<trkpt lat="38.5835676" lon="-121.4740459">
<ele>10</ele><time>2025-08-29T16:58:07.999Z</time><extensions><gpxtpx:TrackPointExtension><gpxtpx:hr>165</gpxtpx:hr><gpxtpx:cad>76</gpxtpx:cad></gpxtpx:TrackPointExtension></extensions><extensions><gpxtpx:PowerExtension><gpxtpx:PowerInWatts>216</gpxtpx:PowerInWatts></gpxtpx:PowerExtension></extensions></trkpt>
<trkpt lat="38.5835734" lon="-121.4741221">
<ele>10</ele><time>2025-08-29T16:58:10.999Z</time><extensions><gpxtpx:TrackPointExtension><gpxtpx:hr>165</gpxtpx:hr><gpxtpx:cad>77</gpxtpx:cad></gpxtpx:TrackPointExtension></extensions><extensions><gpxtpx:PowerExtension><gpxtpx:PowerInWatts>216</gpxtpx:PowerInWatts></gpxtpx:PowerExtension></extensions></trkpt>
<trkpt lat="38.5835954" lon="-121.4741808">
<ele>10</ele><time>2025-08-29T16:58:12.999Z</time><extensions><gpxtpx:TrackPointExtension><gpxtpx:hr>165</gpxtpx:hr><gpxtpx:cad>79</gpxtpx:cad></gpxtpx:TrackPointExtension></extensions><extensions><gpxtpx:PowerExtension><gpxtpx:PowerInWatts>216</gpxtpx:PowerInWatts></gpxtpx:PowerExtension></extensions></trkpt>
<trkpt lat="38.5836101" lon="-121.4742445">
<ele>10</ele><time>2025-08-29T16:58:15.999Z</time><extensions><gpxtpx:TrackPointExtension><gpxtpx:hr>165</gpxtpx:hr><gpxtpx:cad>74</gpxtpx:cad></gpxtpx:TrackPointExtension></extensions><extensions><gpxtpx:PowerExtension><gpxtpx:PowerInWatts>206</gpxtpx:PowerInWatts></gpxtpx:PowerExtension></extensions></trkpt>
<trkpt lat="38.5836124" lon="-121.4743047">
<ele>10</ele><time>2025-08-29T16:58:17.999Z</time><extensions><gpxtpx:TrackPointExtension><gpxtpx:hr>165</gpxtpx:hr><gpxtpx:cad>75</gpxtpx:cad></gpxtpx:TrackPointExtension></extensions><extensions><gpxtpx:PowerExtension><gpxtpx:PowerInWatts>199</gpxtpx:PowerInWatts></gpxtpx:PowerExtension></extensions></trkpt>
<trkpt lat="38.5836519" lon="-121.4743666">
<ele>10</ele><time>2025-08-29T16:58:19.999Z</time><extensions><gpxtpx:TrackPointExtension><gpxtpx:hr>165</gpxtpx:hr><gpxtpx:cad>78</gpxtpx:cad></gpxtpx:TrackPointExtension></extensions><extensions><gpxtpx:PowerExtension><gpxtpx:PowerInWatts>199</gpxtpx:PowerInWatts></gpxtpx:PowerExtension></extensions></trkpt>
<trkpt lat="38.5836782" lon="-121.4744197">
<ele>10</ele><time>2025-08-29T16:58:22.000Z</time><extensions><gpxtpx:TrackPointExtension><gpxtpx:hr>165</gpxtpx:hr><gpxtpx:cad>78</gpxtpx:cad></gpxtpx:TrackPointExtension></extensions><extensions><gpxtpx:PowerExtension><gpxtpx:PowerInWatts>199</gpxtpx:PowerInWatts></gpxtpx:PowerExtension></extensions></trkpt>
<trkpt lat="38.5836903" lon="-121.4744755">
<ele>10</ele><time>2025-08-29T16:58:24.000Z</time><extensions><gpxtpx:TrackPointExtension><gpxtpx:hr>165</gpxtpx:hr><gpxtpx:cad>78</gpxtpx:cad></gpxtpx:TrackPointExtension></extensions><extensions><gpxtpx:PowerExtension><gpxtpx:PowerInWatts>196</gpxtpx:PowerInWatts></gpxtpx:PowerExtension></extensions></trkpt>
<trkpt lat="38.5836938" lon="-121.4745520">
<ele>10</ele><time>2025-08-29T16:58:27.000Z</time><extensions><gpxtpx:TrackPointExtension><gpxtpx:hr>165</gpxtpx:hr><gpxtpx:cad>77</gpxtpx:cad></gpxtpx:TrackPointExtension></extensions><extensions><gpxtpx:PowerExtension><gpxtpx:PowerInWatts>202</gpxtpx:PowerInWatts></gpxtpx:PowerExtension></extensions></trkpt>
<trkpt lat="38.5837252" lon="-121.4745976">
<ele>10</ele><time>2025-08-29T16:58:29.000Z</time><extensions><gpxtpx:TrackPointExtension><gpxtpx:hr>164</gpxtpx:hr><gpxtpx:cad>76</gpxtpx:cad></gpxtpx:TrackPointExtension></extensions><extensions><gpxtpx:PowerExtension><gpxtpx:PowerInWatts>197</gpxtpx:PowerInWatts></gpxtpx:PowerExtension></extensions></trkpt>
<trkpt lat="38.5837327" lon="-121.4746684">
<ele>10</ele><time>2025-08-29T16:58:32.000Z</time><extensions><gpxtpx:TrackPointExtension><gpxtpx:hr>164</gpxtpx:hr><gpxtpx:cad>78</gpxtpx:cad></gpxtpx:TrackPointExtension></extensions><extensions><gpxtpx:PowerExtension><gpxtpx:PowerInWatts>197</gpxtpx:PowerInWatts></gpxtpx:PowerExtension></extensions></trkpt>
<trkpt lat="38.5837433" lon="-121.4747298">
<ele>10</ele><time>2025-08-29T16:58:34.000Z</time><extensions><gpxtpx:TrackPointExtension><gpxtpx:hr>164</gpxtpx:hr><gpxtpx:cad>77</gpxtpx:cad></gpxtpx:TrackPointExtension></extensions><extensions><gpxtpx:PowerExtension><gpxtpx:PowerInWatts>195</gpxtpx:PowerInWatts></gpxtpx:PowerExtension></extensions></trkpt>
<trkpt lat="38.5837669" lon="-121.4748083">
<ele>10</ele><time>2025-08-29T16:58:36.000Z</time><extensions><gpxtpx:TrackPointExtension><gpxtpx:hr>164</gpxtpx:hr><gpxtpx:cad>74</gpxtpx:cad></gpxtpx:TrackPointExtension></extensions><extensions><gpxtpx:PowerExtension><gpxtpx:PowerInWatts>197</gpxtpx:PowerInWatts></gpxtpx:PowerExtension></extensions></trkpt>
<trkpt lat="38.5837891" lon="-121.4748692">
<ele>10</ele><time>2025-08-29T16:58:39.000Z</time><extensions><gpxtpx:TrackPointExtension><gpxtpx:hr>163</gpxtpx:hr><gpxtpx:cad>74</gpxtpx:cad></gpxtpx:TrackPointExtension></extensions><extensions><gpxtpx:PowerExtension><gpxtpx:PowerInWatts>197</gpxtpx:PowerInWatts></gpxtpx:PowerExtension></extensions></trkpt>
<trkpt lat="38.5838028" lon="-121.4749289">
<ele>10</ele><time>2025-08-29T16:58:41.000Z</time><extensions><gpxtpx:TrackPointExtension><gpxtpx:hr>164</gpxtpx:hr><gpxtpx:cad>77</gpxtpx:cad></gpxtpx:TrackPointExtension></extensions><extensions><gpxtpx:PowerExtension><gpxtpx:PowerInWatts>198</gpxtpx:PowerInWatts></gpxtpx:PowerExtension></extensions></trkpt>
<trkpt lat="38.5838284" lon="-121.4749984">
<ele>10</ele><time>2025-08-29T16:58:44.000Z</time><extensions><gpxtpx:TrackPointExtension><gpxtpx:hr>164</gpxtpx:hr><gpxtpx:cad>79</gpxtpx:cad></gpxtpx:TrackPointExtension></extensions><extensions><gpxtpx:PowerExtension><gpxtpx:PowerInWatts>200</gpxtpx:PowerInWatts></gpxtpx:PowerExtension></extensions></trkpt>
<trkpt lat="38.5838407" lon="-121.4750580">
<ele>10</ele><time>2025-08-29T16:58:46.000Z</time><extensions><gpxtpx:TrackPointExtension><gpxtpx:hr>164</gpxtpx:hr><gpxtpx:cad>79</gpxtpx:cad></gpxtpx:TrackPointExtension></extensions><extensions><gpxtpx:PowerExtension><gpxtpx:PowerInWatts>200</gpxtpx:PowerInWatts></gpxtpx:PowerExtension></extensions></trkpt>
<trkpt lat="38.5838512" lon="-121.4751191">
<ele>10</ele><time>2025-08-29T16:58:48.000Z</time><extensions><gpxtpx:TrackPointExtension><gpxtpx:hr>164</gpxtpx:hr><gpxtpx:cad>80</gpxtpx:cad></gpxtpx:TrackPointExtension></extensions><extensions><gpxtpx:PowerExtension><gpxtpx:PowerInWatts>200</gpxtpx:PowerInWatts></gpxtpx:PowerExtension></extensions></trkpt>
<trkpt lat="38.5838143" lon="-121.4751669">
<ele>10</ele><time>2025-08-29T16:58:51.000Z</time><extensions><gpxtpx:TrackPointExtension><gpxtpx:hr>164</gpxtpx:hr><gpxtpx:cad>77</gpxtpx:cad></gpxtpx:TrackPointExtension></extensions><extensions><gpxtpx:PowerExtension><gpxtpx:PowerInWatts>193</gpxtpx:PowerInWatts></gpxtpx:PowerExtension></extensions></trkpt>
<trkpt lat="38.5837568" lon="-121.4751621">
<ele>10</ele><time>2025-08-29T16:58:53.000Z</time><extensions><gpxtpx:TrackPointExtension><gpxtpx:hr>164</gpxtpx:hr><gpxtpx:cad>73</gpxtpx:cad></gpxtpx:TrackPointExtension></extensions><extensions><gpxtpx:PowerExtension><gpxtpx:PowerInWatts>193</gpxtpx:PowerInWatts></gpxtpx:PowerExtension></extensions></trkpt>
<trkpt lat="38.5837142" lon="-121.4751920">
<ele>10</ele><time>2025-08-29T16:58:55.000Z</time><extensions><gpxtpx:TrackPointExtension><gpxtpx:hr>164</gpxtpx:hr><gpxtpx:cad>76</gpxtpx:cad></gpxtpx:TrackPointExtension></extensions><extensions><gpxtpx:PowerExtension><gpxtpx:PowerInWatts>195</gpxtpx:PowerInWatts></gpxtpx:PowerExtension></extensions></trkpt>
<trkpt lat="38.5836885" lon="-121.4752446">
<ele>10</ele><time>2025-08-29T16:58:57.000Z</time><extensions><gpxtpx:TrackPointExtension><gpxtpx:hr>164</gpxtpx:hr><gpxtpx:cad>76</gpxtpx:cad></gpxtpx:TrackPointExtension></extensions><extensions><gpxtpx:PowerExtension><gpxtpx:PowerInWatts>195</gpxtpx:PowerInWatts></gpxtpx:PowerExtension></extensions></trkpt>
<trkpt lat="38.5836625" lon="-121.4753033">
<ele>10</ele><time>2025-08-29T16:58:59.000Z</time><extensions><gpxtpx:TrackPointExtension><gpxtpx:hr>164</gpxtpx:hr><gpxtpx:cad>81</gpxtpx:cad></gpxtpx:TrackPointExtension></extensions><extensions><gpxtpx:PowerExtension><gpxtpx:PowerInWatts>187</gpxtpx:PowerInWatts></gpxtpx:PowerExtension></extensions></trkpt>
<trkpt lat="38.5835895" lon="-121.4753033">
<ele>10</ele><time>2025-08-29T16:59:02.000Z</time><extensions><gpxtpx:TrackPointExtension><gpxtpx:hr>163</gpxtpx:hr><gpxtpx:cad>80</gpxtpx:cad></gpxtpx:TrackPointExtension></extensions><extensions><gpxtpx:PowerExtension><gpxtpx:PowerInWatts>191</gpxtpx:PowerInWatts></gpxtpx:PowerExtension></extensions></trkpt>
<trkpt lat="38.5835352" lon="-121.4753422">
<ele>10</ele><time>2025-08-29T16:59:04.000Z</time><extensions><gpxtpx:TrackPointExtension><gpxtpx:hr>163</gpxtpx:hr><gpxtpx:cad>76</gpxtpx:cad></gpxtpx:TrackPointExtension></extensions><extensions><gpxtpx:PowerExtension><gpxtpx:PowerInWatts>191</gpxtpx:PowerInWatts></gpxtpx:PowerExtension></extensions></trkpt>
<trkpt lat="38.5834876" lon="-121.4753763">
<ele>10</ele><time>2025-08-29T16:59:06.000Z</time><extensions><gpxtpx:TrackPointExtension><gpxtpx:hr>163</gpxtpx:hr><gpxtpx:cad>74</gpxtpx:cad></gpxtpx:TrackPointExtension></extensions><extensions><gpxtpx:PowerExtension><gpxtpx:PowerInWatts>191</gpxtpx:PowerInWatts></gpxtpx:PowerExtension></extensions></trkpt>
<trkpt lat="38.5834260" lon="-121.4753701">
<ele>10</ele><time>2025-08-29T16:59:08.000Z</time><extensions><gpxtpx:TrackPointExtension><gpxtpx:hr>163</gpxtpx:hr><gpxtpx:cad>78</gpxtpx:cad></gpxtpx:TrackPointExtension></extensions><extensions><gpxtpx:PowerExtension><gpxtpx:PowerInWatts>200</gpxtpx:PowerInWatts></gpxtpx:PowerExtension></extensions></trkpt>
<trkpt lat="38.5833809" lon="-121.4753965">
<ele>10</ele><time>2025-08-29T16:59:10.000Z</time><extensions><gpxtpx:TrackPointExtension><gpxtpx:hr>164</gpxtpx:hr><gpxtpx:cad>82</gpxtpx:cad></gpxtpx:TrackPointExtension></extensions><extensions><gpxtpx:PowerExtension><gpxtpx:PowerInWatts>200</gpxtpx:PowerInWatts></gpxtpx:PowerExtension></extensions></trkpt>
<trkpt lat="38.5833271" lon="-121.4754293">
<ele>10</ele><time>2025-08-29T16:59:12.000Z</time><extensions><gpxtpx:TrackPointExtension><gpxtpx:hr>164</gpxtpx:hr><gpxtpx:cad>82</gpxtpx:cad></gpxtpx:TrackPointExtension></extensions><extensions><gpxtpx:PowerExtension><gpxtpx:PowerInWatts>200</gpxtpx:PowerInWatts></gpxtpx:PowerExtension></extensions></trkpt>
<trkpt lat="38.5832795" lon="-121.4754440">
<ele>10</ele><time>2025-08-29T16:59:14.000Z</time><extensions><gpxtpx:TrackPointExtension><gpxtpx:hr>163</gpxtpx:hr><gpxtpx:cad>78</gpxtpx:cad></gpxtpx:TrackPointExtension></extensions><extensions><gpxtpx:PowerExtension><gpxtpx:PowerInWatts>205</gpxtpx:PowerInWatts></gpxtpx:PowerExtension></extensions></trkpt>
<trkpt lat="38.5832242" lon="-121.4754566">
<ele>10</ele><time>2025-08-29T16:59:16.000Z</time><extensions><gpxtpx:TrackPointExtension><gpxtpx:hr>163</gpxtpx:hr><gpxtpx:cad>79</gpxtpx:cad></gpxtpx:TrackPointExtension></extensions><extensions><gpxtpx:PowerExtension><gpxtpx:PowerInWatts>205</gpxtpx:PowerInWatts></gpxtpx:PowerExtension></extensions></trkpt>
<trkpt lat="38.5831695" lon="-121.4754850">
<ele>10</ele><time>2025-08-29T16:59:18.000Z</time><extensions><gpxtpx:TrackPointExtension><gpxtpx:hr>163</gpxtpx:hr><gpxtpx:cad>79</gpxtpx:cad></gpxtpx:TrackPointExtension></extensions><extensions><gpxtpx:PowerExtension><gpxtpx:PowerInWatts>205</gpxtpx:PowerInWatts></gpxtpx:PowerExtension></extensions></trkpt>
<trkpt lat="38.5831049" lon="-121.4755022">
<ele>10</ele><time>2025-08-29T16:59:21.000Z</time><extensions><gpxtpx:TrackPointExtension><gpxtpx:hr>163</gpxtpx:hr><gpxtpx:cad>81</gpxtpx:cad></gpxtpx:TrackPointExtension></extensions><extensions><gpxtpx:PowerExtension><gpxtpx:PowerInWatts>209</gpxtpx:PowerInWatts></gpxtpx:PowerExtension></extensions></trkpt>
<trkpt lat="38.5830504" lon="-121.4755193">
<ele>10</ele><time>2025-08-29T16:59:23.000Z</time><extensions><gpxtpx:TrackPointExtension><gpxtpx:hr>163</gpxtpx:hr><gpxtpx:cad>81</gpxtpx:cad></gpxtpx:TrackPointExtension></extensions><extensions><gpxtpx:PowerExtension><gpxtpx:PowerInWatts>211</gpxtpx:PowerInWatts></gpxtpx:PowerExtension></extensions></trkpt>
<trkpt lat="38.5830141" lon="-121.4755535">
<ele>10</ele><time>2025-08-29T16:59:25.000Z</time><extensions><gpxtpx:TrackPointExtension><gpxtpx:hr>163</gpxtpx:hr><gpxtpx:cad>78</gpxtpx:cad></gpxtpx:TrackPointExtension></extensions><extensions><gpxtpx:PowerExtension><gpxtpx:PowerInWatts>211</gpxtpx:PowerInWatts></gpxtpx:PowerExtension></extensions></trkpt>
<trkpt lat="38.5829622" lon="-121.4755733">
<ele>10</ele><time>2025-08-29T16:59:27.000Z</time><extensions><gpxtpx:TrackPointExtension><gpxtpx:hr>162</gpxtpx:hr><gpxtpx:cad>76</gpxtpx:cad></gpxtpx:TrackPointExtension></extensions><extensions><gpxtpx:PowerExtension><gpxtpx:PowerInWatts>211</gpxtpx:PowerInWatts></gpxtpx:PowerExtension></extensions></trkpt>
<trkpt lat="38.5829019" lon="-121.4755823">
<ele>10</ele><time>2025-08-29T16:59:30.000Z</time><extensions><gpxtpx:TrackPointExtension><gpxtpx:hr>162</gpxtpx:hr><gpxtpx:cad>75</gpxtpx:cad></gpxtpx:TrackPointExtension></extensions><extensions><gpxtpx:PowerExtension><gpxtpx:PowerInWatts>214</gpxtpx:PowerInWatts></gpxtpx:PowerExtension></extensions></trkpt>
<trkpt lat="38.5828561" lon="-121.4756188">
<ele>10</ele><time>2025-08-29T16:59:32.000Z</time><extensions><gpxtpx:TrackPointExtension><gpxtpx:hr>163</gpxtpx:hr><gpxtpx:cad>79</gpxtpx:cad></gpxtpx:TrackPointExtension></extensions><extensions><gpxtpx:PowerExtension><gpxtpx:PowerInWatts>214</gpxtpx:PowerInWatts></gpxtpx:PowerExtension></extensions></trkpt>
<trkpt lat="38.5827995" lon="-121.4756188">
<ele>10</ele><time>2025-08-29T16:59:34.000Z</time><extensions><gpxtpx:TrackPointExtension><gpxtpx:hr>163</gpxtpx:hr><gpxtpx:cad>82</gpxtpx:cad></gpxtpx:TrackPointExtension></extensions><extensions><gpxtpx:PowerExtension><gpxtpx:PowerInWatts>210</gpxtpx:PowerInWatts></gpxtpx:PowerExtension></extensions></trkpt>
<trkpt lat="38.5827272" lon="-121.4756316">
<ele>10</ele><time>2025-08-29T16:59:37.000Z</time><extensions><gpxtpx:TrackPointExtension><gpxtpx:hr>163</gpxtpx:hr><gpxtpx:cad>85</gpxtpx:cad></gpxtpx:TrackPointExtension></extensions><extensions><gpxtpx:PowerExtension><gpxtpx:PowerInWatts>208</gpxtpx:PowerInWatts></gpxtpx:PowerExtension></extensions></trkpt>
<trkpt lat="38.5826790" lon="-121.4756406">
<ele>10</ele><time>2025-08-29T16:59:39.000Z</time><extensions><gpxtpx:TrackPointExtension><gpxtpx:hr>163</gpxtpx:hr><gpxtpx:cad>80</gpxtpx:cad></gpxtpx:TrackPointExtension></extensions><extensions><gpxtpx:PowerExtension><gpxtpx:PowerInWatts>208</gpxtpx:PowerInWatts></gpxtpx:PowerExtension></extensions></trkpt>
<trkpt lat="38.5826271" lon="-121.4756639">
<ele>10</ele><time>2025-08-29T16:59:41.000Z</time><extensions><gpxtpx:TrackPointExtension><gpxtpx:hr>163</gpxtpx:hr><gpxtpx:cad>78</gpxtpx:cad></gpxtpx:TrackPointExtension></extensions><extensions><gpxtpx:PowerExtension><gpxtpx:PowerInWatts>211</gpxtpx:PowerInWatts></gpxtpx:PowerExtension></extensions></trkpt>
<trkpt lat="38.5825631" lon="-121.4756954">
<ele>10</ele><time>2025-08-29T16:59:44.000Z</time><extensions><gpxtpx:TrackPointExtension><gpxtpx:hr>164</gpxtpx:hr><gpxtpx:cad>80</gpxtpx:cad></gpxtpx:TrackPointExtension></extensions><extensions><gpxtpx:PowerExtension><gpxtpx:PowerInWatts>210</gpxtpx:PowerInWatts></gpxtpx:PowerExtension></extensions></trkpt>
<trkpt lat="38.5825108" lon="-121.4756976">
<ele>10</ele><time>2025-08-29T16:59:46.000Z</time><extensions><gpxtpx:TrackPointExtension><gpxtpx:hr>164</gpxtpx:hr><gpxtpx:cad>80</gpxtpx:cad></gpxtpx:TrackPointExtension></extensions><extensions><gpxtpx:PowerExtension><gpxtpx:PowerInWatts>211</gpxtpx:PowerInWatts></gpxtpx:PowerExtension></extensions></trkpt>
<trkpt lat="38.5824542" lon="-121.4757301">
<ele>10</ele><time>2025-08-29T16:59:48.000Z</time><extensions><gpxtpx:TrackPointExtension><gpxtpx:hr>164</gpxtpx:hr><gpxtpx:cad>79</gpxtpx:cad></gpxtpx:TrackPointExtension></extensions><extensions><gpxtpx:PowerExtension><gpxtpx:PowerInWatts>211</gpxtpx:PowerInWatts></gpxtpx:PowerExtension></extensions></trkpt>
<trkpt lat="38.5824028" lon="-121.4757792">
<ele>10</ele><time>2025-08-29T16:59:50.000Z</time><extensions><gpxtpx:TrackPointExtension><gpxtpx:hr>164</gpxtpx:hr><gpxtpx:cad>80</gpxtpx:cad></gpxtpx:TrackPointExtension></extensions><extensions><gpxtpx:PowerExtension><gpxtpx:PowerInWatts>211</gpxtpx:PowerInWatts></gpxtpx:PowerExtension></extensions></trkpt>
<trkpt lat="38.5823452" lon="-121.4757834">
<ele>10</ele><time>2025-08-29T16:59:52.000Z</time><extensions><gpxtpx:TrackPointExtension><gpxtpx:hr>164</gpxtpx:hr><gpxtpx:cad>78</gpxtpx:cad></gpxtpx:TrackPointExtension></extensions><extensions><gpxtpx:PowerExtension><gpxtpx:PowerInWatts>208</gpxtpx:PowerInWatts></gpxtpx:PowerExtension></extensions></trkpt>
<trkpt lat="38.5823012" lon="-121.4758025">
<ele>10</ele><time>2025-08-29T16:59:54.000Z</time><extensions><gpxtpx:TrackPointExtension><gpxtpx:hr>164</gpxtpx:hr><gpxtpx:cad>79</gpxtpx:cad></gpxtpx:TrackPointExtension></extensions><extensions><gpxtpx:PowerExtension><gpxtpx:PowerInWatts>208</gpxtpx:PowerInWatts></gpxtpx:PowerExtension></extensions></trkpt>
<trkpt lat="38.5822348" lon="-121.4758157">
<ele>10</ele><time>2025-08-29T16:59:57.000Z</time><extensions><gpxtpx:TrackPointExtension><gpxtpx:hr>164</gpxtpx:hr><gpxtpx:cad>80</gpxtpx:cad></gpxtpx:TrackPointExtension></extensions><extensions><gpxtpx:PowerExtension><gpxtpx:PowerInWatts>217</gpxtpx:PowerInWatts></gpxtpx:PowerExtension></extensions></trkpt>
<trkpt lat="38.5821758" lon="-121.4758514">
<ele>10</ele><time>2025-08-29T17:00:00.000Z</time><extensions><gpxtpx:TrackPointExtension><gpxtpx:hr>165</gpxtpx:hr><gpxtpx:cad>81</gpxtpx:cad></gpxtpx:TrackPointExtension></extensions><extensions><gpxtpx:PowerExtension><gpxtpx:PowerInWatts>221</gpxtpx:PowerInWatts></gpxtpx:PowerExtension></extensions></trkpt>
<trkpt lat="38.5821266" lon="-121.4758276">
<ele>10</ele><time>2025-08-29T17:00:02.000Z</time><extensions><gpxtpx:TrackPointExtension><gpxtpx:hr>164</gpxtpx:hr><gpxtpx:cad>82</gpxtpx:cad></gpxtpx:TrackPointExtension></extensions><extensions><gpxtpx:PowerExtension><gpxtpx:PowerInWatts>220</gpxtpx:PowerInWatts></gpxtpx:PowerExtension></extensions></trkpt>
<trkpt lat="38.5820851" lon="-121.4758558">
<ele>10</ele><time>2025-08-29T17:00:03.000Z</time><extensions><gpxtpx:TrackPointExtension><gpxtpx:hr>164</gpxtpx:hr><gpxtpx:cad>80</gpxtpx:cad></gpxtpx:TrackPointExtension></extensions><extensions><gpxtpx:PowerExtension><gpxtpx:PowerInWatts>220</gpxtpx:PowerInWatts></gpxtpx:PowerExtension></extensions></trkpt>
<trkpt lat="38.5820435" lon="-121.4758969">
<ele>10</ele><time>2025-08-29T17:00:05.000Z</time><extensions><gpxtpx:TrackPointExtension><gpxtpx:hr>163</gpxtpx:hr><gpxtpx:cad>78</gpxtpx:cad></gpxtpx:TrackPointExtension></extensions><extensions><gpxtpx:PowerExtension><gpxtpx:PowerInWatts>217</gpxtpx:PowerInWatts></gpxtpx:PowerExtension></extensions></trkpt>
<trkpt lat="38.5819818" lon="-121.4759426">
<ele>10</ele><time>2025-08-29T17:00:07.000Z</time><extensions><gpxtpx:TrackPointExtension><gpxtpx:hr>164</gpxtpx:hr><gpxtpx:cad>75</gpxtpx:cad></gpxtpx:TrackPointExtension></extensions><extensions><gpxtpx:PowerExtension><gpxtpx:PowerInWatts>217</gpxtpx:PowerInWatts></gpxtpx:PowerExtension></extensions></trkpt>
<trkpt lat="38.5819354" lon="-121.4759598">
<ele>10</ele><time>2025-08-29T17:00:09.000Z</time><extensions><gpxtpx:TrackPointExtension><gpxtpx:hr>164</gpxtpx:hr><gpxtpx:cad>80</gpxtpx:cad></gpxtpx:TrackPointExtension></extensions><extensions><gpxtpx:PowerExtension><gpxtpx:PowerInWatts>211</gpxtpx:PowerInWatts></gpxtpx:PowerExtension></extensions></trkpt>
<trkpt lat="38.5818703" lon="-121.4759832">
<ele>10</ele><time>2025-08-29T17:00:12.000Z</time><extensions><gpxtpx:TrackPointExtension><gpxtpx:hr>164</gpxtpx:hr><gpxtpx:cad>85</gpxtpx:cad></gpxtpx:TrackPointExtension></extensions><extensions><gpxtpx:PowerExtension><gpxtpx:PowerInWatts>218</gpxtpx:PowerInWatts></gpxtpx:PowerExtension></extensions></trkpt>
<trkpt lat="38.5818254" lon="-121.4759872">
<ele>10</ele><time>2025-08-29T17:00:14.000Z</time><extensions><gpxtpx:TrackPointExtension><gpxtpx:hr>164</gpxtpx:hr><gpxtpx:cad>77</gpxtpx:cad></gpxtpx:TrackPointExtension></extensions><extensions><gpxtpx:PowerExtension><gpxtpx:PowerInWatts>224</gpxtpx:PowerInWatts></gpxtpx:PowerExtension></extensions></trkpt>
<trkpt lat="38.5817735" lon="-121.4760256">
<ele>10</ele><time>2025-08-29T17:00:16.000Z</time><extensions><gpxtpx:TrackPointExtension><gpxtpx:hr>164</gpxtpx:hr><gpxtpx:cad>79</gpxtpx:cad></gpxtpx:TrackPointExtension></extensions><extensions><gpxtpx:PowerExtension><gpxtpx:PowerInWatts>224</gpxtpx:PowerInWatts></gpxtpx:PowerExtension></extensions></trkpt>
<trkpt lat="38.5817257" lon="-121.4760385">
<ele>10</ele><time>2025-08-29T17:00:18.000Z</time><extensions><gpxtpx:TrackPointExtension><gpxtpx:hr>164</gpxtpx:hr><gpxtpx:cad>82</gpxtpx:cad></gpxtpx:TrackPointExtension></extensions><extensions><gpxtpx:PowerExtension><gpxtpx:PowerInWatts>224</gpxtpx:PowerInWatts></gpxtpx:PowerExtension></extensions></trkpt>
<trkpt lat="38.5816741" lon="-121.4760539">
<ele>10</ele><time>2025-08-29T17:00:20.000Z</time><extensions><gpxtpx:TrackPointExtension><gpxtpx:hr>164</gpxtpx:hr><gpxtpx:cad>79</gpxtpx:cad></gpxtpx:TrackPointExtension></extensions><extensions><gpxtpx:PowerExtension><gpxtpx:PowerInWatts>219</gpxtpx:PowerInWatts></gpxtpx:PowerExtension></extensions></trkpt>
<trkpt lat="38.5816226" lon="-121.4760876">
<ele>10</ele><time>2025-08-29T17:00:22.000Z</time><extensions><gpxtpx:TrackPointExtension><gpxtpx:hr>165</gpxtpx:hr><gpxtpx:cad>82</gpxtpx:cad></gpxtpx:TrackPointExtension></extensions><extensions><gpxtpx:PowerExtension><gpxtpx:PowerInWatts>218</gpxtpx:PowerInWatts></gpxtpx:PowerExtension></extensions></trkpt>
<trkpt lat="38.5815663" lon="-121.4761083">
<ele>10</ele><time>2025-08-29T17:00:24.000Z</time><extensions><gpxtpx:TrackPointExtension><gpxtpx:hr>165</gpxtpx:hr><gpxtpx:cad>86</gpxtpx:cad></gpxtpx:TrackPointExtension></extensions><extensions><gpxtpx:PowerExtension><gpxtpx:PowerInWatts>222</gpxtpx:PowerInWatts></gpxtpx:PowerExtension></extensions></trkpt>
<trkpt lat="38.5815138" lon="-121.4761171">
<ele>10</ele><time>2025-08-29T17:00:26.000Z</time><extensions><gpxtpx:TrackPointExtension><gpxtpx:hr>165</gpxtpx:hr><gpxtpx:cad>85</gpxtpx:cad></gpxtpx:TrackPointExtension></extensions><extensions><gpxtpx:PowerExtension><gpxtpx:PowerInWatts>222</gpxtpx:PowerInWatts></gpxtpx:PowerExtension></extensions></trkpt>
<trkpt lat="38.5814514" lon="-121.4761488">
<ele>10</ele><time>2025-08-29T17:00:29.000Z</time><extensions><gpxtpx:TrackPointExtension><gpxtpx:hr>164</gpxtpx:hr><gpxtpx:cad>83</gpxtpx:cad></gpxtpx:TrackPointExtension></extensions><extensions><gpxtpx:PowerExtension><gpxtpx:PowerInWatts>222</gpxtpx:PowerInWatts></gpxtpx:PowerExtension></extensions></trkpt>
<trkpt lat="38.5813991" lon="-121.4761745">
<ele>10</ele><time>2025-08-29T17:00:31.000Z</time><extensions><gpxtpx:TrackPointExtension><gpxtpx:hr>165</gpxtpx:hr><gpxtpx:cad>82</gpxtpx:cad></gpxtpx:TrackPointExtension></extensions><extensions><gpxtpx:PowerExtension><gpxtpx:PowerInWatts>222</gpxtpx:PowerInWatts></gpxtpx:PowerExtension></extensions></trkpt>
<trkpt lat="38.5813557" lon="-121.4762156">
<ele>10</ele><time>2025-08-29T17:00:33.000Z</time><extensions><gpxtpx:TrackPointExtension><gpxtpx:hr>165</gpxtpx:hr><gpxtpx:cad>79</gpxtpx:cad></gpxtpx:TrackPointExtension></extensions><extensions><gpxtpx:PowerExtension><gpxtpx:PowerInWatts>223</gpxtpx:PowerInWatts></gpxtpx:PowerExtension></extensions></trkpt>
<trkpt lat="38.5812984" lon="-121.4762414">
<ele>10</ele><time>2025-08-29T17:00:36.000Z</time><extensions><gpxtpx:TrackPointExtension><gpxtpx:hr>166</gpxtpx:hr><gpxtpx:cad>83</gpxtpx:cad></gpxtpx:TrackPointExtension></extensions><extensions><gpxtpx:PowerExtension><gpxtpx:PowerInWatts>219</gpxtpx:PowerInWatts></gpxtpx:PowerExtension></extensions></trkpt>
<trkpt lat="38.5812544" lon="-121.4762702">
<ele>10</ele><time>2025-08-29T17:00:38.000Z</time><extensions><gpxtpx:TrackPointExtension><gpxtpx:hr>165</gpxtpx:hr><gpxtpx:cad>82</gpxtpx:cad></gpxtpx:TrackPointExtension></extensions><extensions><gpxtpx:PowerExtension><gpxtpx:PowerInWatts>219</gpxtpx:PowerInWatts></gpxtpx:PowerExtension></extensions></trkpt>
<trkpt lat="38.5811889" lon="-121.4762816">
<ele>10</ele><time>2025-08-29T17:00:40.000Z</time><extensions><gpxtpx:TrackPointExtension><gpxtpx:hr>165</gpxtpx:hr><gpxtpx:cad>79</gpxtpx:cad></gpxtpx:TrackPointExtension></extensions><extensions><gpxtpx:PowerExtension><gpxtpx:PowerInWatts>218</gpxtpx:PowerInWatts></gpxtpx:PowerExtension></extensions></trkpt>
<trkpt lat="38.5811327" lon="-121.4763059">
<ele>10</ele><time>2025-08-29T17:00:42.000Z</time><extensions><gpxtpx:TrackPointExtension><gpxtpx:hr>165</gpxtpx:hr><gpxtpx:cad>79</gpxtpx:cad></gpxtpx:TrackPointExtension></extensions><extensions><gpxtpx:PowerExtension><gpxtpx:PowerInWatts>213</gpxtpx:PowerInWatts></gpxtpx:PowerExtension></extensions></trkpt>
<trkpt lat="38.5810838" lon="-121.4763223">
<ele>10</ele><time>2025-08-29T17:00:44.000Z</time><extensions><gpxtpx:TrackPointExtension><gpxtpx:hr>165</gpxtpx:hr><gpxtpx:cad>82</gpxtpx:cad></gpxtpx:TrackPointExtension></extensions><extensions><gpxtpx:PowerExtension><gpxtpx:PowerInWatts>213</gpxtpx:PowerInWatts></gpxtpx:PowerExtension></extensions></trkpt>
<trkpt lat="38.5810323" lon="-121.4763276">
<ele>10</ele><time>2025-08-29T17:00:46.000Z</time><extensions><gpxtpx:TrackPointExtension><gpxtpx:hr>165</gpxtpx:hr><gpxtpx:cad>78</gpxtpx:cad></gpxtpx:TrackPointExtension></extensions><extensions><gpxtpx:PowerExtension><gpxtpx:PowerInWatts>219</gpxtpx:PowerInWatts></gpxtpx:PowerExtension></extensions></trkpt>
<trkpt lat="38.5809678" lon="-121.4763511">
<ele>10</ele><time>2025-08-29T17:00:49.000Z</time><extensions><gpxtpx:TrackPointExtension><gpxtpx:hr>164</gpxtpx:hr><gpxtpx:cad>75</gpxtpx:cad></gpxtpx:TrackPointExtension></extensions><extensions><gpxtpx:PowerExtension><gpxtpx:PowerInWatts>219</gpxtpx:PowerInWatts></gpxtpx:PowerExtension></extensions></trkpt>
<trkpt lat="38.5809244" lon="-121.4763919">
<ele>10</ele><time>2025-08-29T17:00:51.000Z</time><extensions><gpxtpx:TrackPointExtension><gpxtpx:hr>164</gpxtpx:hr><gpxtpx:cad>77</gpxtpx:cad></gpxtpx:TrackPointExtension></extensions><extensions><gpxtpx:PowerExtension><gpxtpx:PowerInWatts>219</gpxtpx:PowerInWatts></gpxtpx:PowerExtension></extensions></trkpt>
<trkpt lat="38.5808782" lon="-121.4763979">
<ele>10</ele><time>2025-08-29T17:00:53.000Z</time><extensions><gpxtpx:TrackPointExtension><gpxtpx:hr>164</gpxtpx:hr><gpxtpx:cad>79</gpxtpx:cad></gpxtpx:TrackPointExtension></extensions><extensions><gpxtpx:PowerExtension><gpxtpx:PowerInWatts>219</gpxtpx:PowerInWatts></gpxtpx:PowerExtension></extensions></trkpt>
<trkpt lat="38.5808189" lon="-121.4764161">
<ele>10</ele><time>2025-08-29T17:00:55.000Z</time><extensions><gpxtpx:TrackPointExtension><gpxtpx:hr>164</gpxtpx:hr><gpxtpx:cad>78</gpxtpx:cad></gpxtpx:TrackPointExtension></extensions><extensions><gpxtpx:PowerExtension><gpxtpx:PowerInWatts>214</gpxtpx:PowerInWatts></gpxtpx:PowerExtension></extensions></trkpt>
<trkpt lat="38.5807746" lon="-121.4764562">
<ele>10</ele><time>2025-08-29T17:00:57.000Z</time><extensions><gpxtpx:TrackPointExtension><gpxtpx:hr>164</gpxtpx:hr><gpxtpx:cad>78</gpxtpx:cad></gpxtpx:TrackPointExtension></extensions><extensions><gpxtpx:PowerExtension><gpxtpx:PowerInWatts>214</gpxtpx:PowerInWatts></gpxtpx:PowerExtension></extensions></trkpt>
<trkpt lat="38.5807301" lon="-121.4764710">
<ele>10</ele><time>2025-08-29T17:00:59.000Z</time><extensions><gpxtpx:TrackPointExtension><gpxtpx:hr>164</gpxtpx:hr><gpxtpx:cad>78</gpxtpx:cad></gpxtpx:TrackPointExtension></extensions><extensions><gpxtpx:PowerExtension><gpxtpx:PowerInWatts>214</gpxtpx:PowerInWatts></gpxtpx:PowerExtension></extensions></trkpt>
<trkpt lat="38.5806861" lon="-121.4764951">
<ele>10</ele><time>2025-08-29T17:01:01.000Z</time><extensions><gpxtpx:TrackPointExtension><gpxtpx:hr>165</gpxtpx:hr><gpxtpx:cad>77</gpxtpx:cad></gpxtpx:TrackPointExtension></extensions><extensions><gpxtpx:PowerExtension><gpxtpx:PowerInWatts>212</gpxtpx:PowerInWatts></gpxtpx:PowerExtension></extensions></trkpt>
<trkpt lat="38.5806236" lon="-121.4765299">
<ele>10</ele><time>2025-08-29T17:01:03.000Z</time><extensions><gpxtpx:TrackPointExtension><gpxtpx:hr>165</gpxtpx:hr><gpxtpx:cad>78</gpxtpx:cad></gpxtpx:TrackPointExtension></extensions><extensions><gpxtpx:PowerExtension><gpxtpx:PowerInWatts>212</gpxtpx:PowerInWatts></gpxtpx:PowerExtension></extensions></trkpt>
<trkpt lat="38.5805616" lon="-121.4765424">
<ele>10</ele><time>2025-08-29T17:01:05.000Z</time><extensions><gpxtpx:TrackPointExtension><gpxtpx:hr>165</gpxtpx:hr><gpxtpx:cad>79</gpxtpx:cad></gpxtpx:TrackPointExtension></extensions><extensions><gpxtpx:PowerExtension><gpxtpx:PowerInWatts>217</gpxtpx:PowerInWatts></gpxtpx:PowerExtension></extensions></trkpt>
<trkpt lat="38.5804902" lon="-121.4765754">
<ele>10</ele><time>2025-08-29T17:01:07.000Z</time><extensions><gpxtpx:TrackPointExtension><gpxtpx:hr>165</gpxtpx:hr><gpxtpx:cad>84</gpxtpx:cad></gpxtpx:TrackPointExtension></extensions><extensions><gpxtpx:PowerExtension><gpxtpx:PowerInWatts>217</gpxtpx:PowerInWatts></gpxtpx:PowerExtension></extensions></trkpt>
<trkpt lat="38.5804379" lon="-121.4765885">
<ele>10</ele><time>2025-08-29T17:01:09.000Z</time><extensions><gpxtpx:TrackPointExtension><gpxtpx:hr>165</gpxtpx:hr><gpxtpx:cad>83</gpxtpx:cad></gpxtpx:TrackPointExtension></extensions><extensions><gpxtpx:PowerExtension><gpxtpx:PowerInWatts>262</gpxtpx:PowerInWatts></gpxtpx:PowerExtension></extensions></trkpt>
<trkpt lat="38.5803911" lon="-121.4766009">
<ele>10</ele><time>2025-08-29T17:01:11.000Z</time><extensions><gpxtpx:TrackPointExtension><gpxtpx:hr>165</gpxtpx:hr><gpxtpx:cad>79</gpxtpx:cad></gpxtpx:TrackPointExtension></extensions><extensions><gpxtpx:PowerExtension><gpxtpx:PowerInWatts>262</gpxtpx:PowerInWatts></gpxtpx:PowerExtension></extensions></trkpt>
<trkpt lat="38.5803477" lon="-121.4766469">
<ele>10</ele><time>2025-08-29T17:01:13.000Z</time><extensions><gpxtpx:TrackPointExtension><gpxtpx:hr>165</gpxtpx:hr><gpxtpx:cad>78</gpxtpx:cad></gpxtpx:TrackPointExtension></extensions><extensions><gpxtpx:PowerExtension><gpxtpx:PowerInWatts>262</gpxtpx:PowerInWatts></gpxtpx:PowerExtension></extensions></trkpt>
<trkpt lat="38.5803033" lon="-121.4766678">
<ele>10</ele><time>2025-08-29T17:01:16.000Z</time><extensions><gpxtpx:TrackPointExtension><gpxtpx:hr>164</gpxtpx:hr><gpxtpx:cad>83</gpxtpx:cad></gpxtpx:TrackPointExtension></extensions><extensions><gpxtpx:PowerExtension><gpxtpx:PowerInWatts>256</gpxtpx:PowerInWatts></gpxtpx:PowerExtension></extensions></trkpt>
<trkpt lat="38.5802367" lon="-121.4766946">
<ele>10</ele><time>2025-08-29T17:01:18.000Z</time><extensions><gpxtpx:TrackPointExtension><gpxtpx:hr>164</gpxtpx:hr><gpxtpx:cad>81</gpxtpx:cad></gpxtpx:TrackPointExtension></extensions><extensions><gpxtpx:PowerExtension><gpxtpx:PowerInWatts>239</gpxtpx:PowerInWatts></gpxtpx:PowerExtension></extensions></trkpt>
<trkpt lat="38.5801672" lon="-121.4767003">
<ele>10</ele><time>2025-08-29T17:01:20.000Z</time><extensions><gpxtpx:TrackPointExtension><gpxtpx:hr>163</gpxtpx:hr><gpxtpx:cad>82</gpxtpx:cad></gpxtpx:TrackPointExtension></extensions><extensions><gpxtpx:PowerExtension><gpxtpx:PowerInWatts>239</gpxtpx:PowerInWatts></gpxtpx:PowerExtension></extensions></trkpt>
<trkpt lat="38.5801028" lon="-121.4767304">
<ele>10</ele><time>2025-08-29T17:01:22.000Z</time><extensions><gpxtpx:TrackPointExtension><gpxtpx:hr>163</gpxtpx:hr><gpxtpx:cad>83</gpxtpx:cad></gpxtpx:TrackPointExtension></extensions><extensions><gpxtpx:PowerExtension><gpxtpx:PowerInWatts>239</gpxtpx:PowerInWatts></gpxtpx:PowerExtension></extensions></trkpt>
<trkpt lat="38.5800546" lon="-121.4767635">
<ele>10</ele><time>2025-08-29T17:01:24.000Z</time><extensions><gpxtpx:TrackPointExtension><gpxtpx:hr>163</gpxtpx:hr><gpxtpx:cad>80</gpxtpx:cad></gpxtpx:TrackPointExtension></extensions><extensions><gpxtpx:PowerExtension><gpxtpx:PowerInWatts>204</gpxtpx:PowerInWatts></gpxtpx:PowerExtension></extensions></trkpt>
<trkpt lat="38.5799973" lon="-121.4767798">
<ele>10</ele><time>2025-08-29T17:01:26.000Z</time><extensions><gpxtpx:TrackPointExtension><gpxtpx:hr>163</gpxtpx:hr><gpxtpx:cad>81</gpxtpx:cad></gpxtpx:TrackPointExtension></extensions><extensions><gpxtpx:PowerExtension><gpxtpx:PowerInWatts>233</gpxtpx:PowerInWatts></gpxtpx:PowerExtension></extensions></trkpt>
<trkpt lat="38.5799609" lon="-121.4768143">
<ele>10</ele><time>2025-08-29T17:01:28.000Z</time><extensions><gpxtpx:TrackPointExtension><gpxtpx:hr>164</gpxtpx:hr><gpxtpx:cad>86</gpxtpx:cad></gpxtpx:TrackPointExtension></extensions><extensions><gpxtpx:PowerExtension><gpxtpx:PowerInWatts>233</gpxtpx:PowerInWatts></gpxtpx:PowerExtension></extensions></trkpt>
<trkpt lat="38.5798923" lon="-121.4768488">
<ele>10</ele><time>2025-08-29T17:01:31.000Z</time><extensions><gpxtpx:TrackPointExtension><gpxtpx:hr>164</gpxtpx:hr><gpxtpx:cad>84</gpxtpx:cad></gpxtpx:TrackPointExtension></extensions><extensions><gpxtpx:PowerExtension><gpxtpx:PowerInWatts>233</gpxtpx:PowerInWatts></gpxtpx:PowerExtension></extensions></trkpt>
<trkpt lat="38.5798423" lon="-121.4768480">
<ele>10</ele><time>2025-08-29T17:01:33.000Z</time><extensions><gpxtpx:TrackPointExtension><gpxtpx:hr>164</gpxtpx:hr><gpxtpx:cad>77</gpxtpx:cad></gpxtpx:TrackPointExtension></extensions><extensions><gpxtpx:PowerExtension><gpxtpx:PowerInWatts>233</gpxtpx:PowerInWatts></gpxtpx:PowerExtension></extensions></trkpt>
<trkpt lat="38.5797866" lon="-121.4768654">
<ele>10</ele><time>2025-08-29T17:01:35.000Z</time><extensions><gpxtpx:TrackPointExtension><gpxtpx:hr>165</gpxtpx:hr><gpxtpx:cad>75</gpxtpx:cad></gpxtpx:TrackPointExtension></extensions><extensions><gpxtpx:PowerExtension><gpxtpx:PowerInWatts>225</gpxtpx:PowerInWatts></gpxtpx:PowerExtension></extensions></trkpt>
<trkpt lat="38.5797408" lon="-121.4769199">
<ele>10</ele><time>2025-08-29T17:01:37.000Z</time><extensions><gpxtpx:TrackPointExtension><gpxtpx:hr>165</gpxtpx:hr><gpxtpx:cad>77</gpxtpx:cad></gpxtpx:TrackPointExtension></extensions><extensions><gpxtpx:PowerExtension><gpxtpx:PowerInWatts>225</gpxtpx:PowerInWatts></gpxtpx:PowerExtension></extensions></trkpt>
<trkpt lat="38.5796867" lon="-121.4769311">
<ele>10</ele><time>2025-08-29T17:01:40.000Z</time><extensions><gpxtpx:TrackPointExtension><gpxtpx:hr>166</gpxtpx:hr><gpxtpx:cad>80</gpxtpx:cad></gpxtpx:TrackPointExtension></extensions><extensions><gpxtpx:PowerExtension><gpxtpx:PowerInWatts>225</gpxtpx:PowerInWatts></gpxtpx:PowerExtension></extensions></trkpt>
<trkpt lat="38.5796201" lon="-121.4769842">
<ele>10</ele><time>2025-08-29T17:01:43.000Z</time><extensions><gpxtpx:TrackPointExtension><gpxtpx:hr>166</gpxtpx:hr><gpxtpx:cad>83</gpxtpx:cad></gpxtpx:TrackPointExtension></extensions><extensions><gpxtpx:PowerExtension><gpxtpx:PowerInWatts>224</gpxtpx:PowerInWatts></gpxtpx:PowerExtension></extensions></trkpt>
<trkpt lat="38.5795642" lon="-121.4769803">
<ele>10</ele><time>2025-08-29T17:01:45.000Z</time><extensions><gpxtpx:TrackPointExtension><gpxtpx:hr>166</gpxtpx:hr><gpxtpx:cad>83</gpxtpx:cad></gpxtpx:TrackPointExtension></extensions><extensions><gpxtpx:PowerExtension><gpxtpx:PowerInWatts>224</gpxtpx:PowerInWatts></gpxtpx:PowerExtension></extensions></trkpt>
<trkpt lat="38.5795115" lon="-121.4770013">
<ele>10</ele><time>2025-08-29T17:01:47.000Z</time><extensions><gpxtpx:TrackPointExtension><gpxtpx:hr>166</gpxtpx:hr><gpxtpx:cad>81</gpxtpx:cad></gpxtpx:TrackPointExtension></extensions><extensions><gpxtpx:PowerExtension><gpxtpx:PowerInWatts>224</gpxtpx:PowerInWatts></gpxtpx:PowerExtension></extensions></trkpt>
<trkpt lat="38.5794774" lon="-121.4770399">
<ele>10</ele><time>2025-08-29T17:01:49.000Z</time><extensions><gpxtpx:TrackPointExtension><gpxtpx:hr>166</gpxtpx:hr><gpxtpx:cad>80</gpxtpx:cad></gpxtpx:TrackPointExtension></extensions><extensions><gpxtpx:PowerExtension><gpxtpx:PowerInWatts>216</gpxtpx:PowerInWatts></gpxtpx:PowerExtension></extensions></trkpt>
<trkpt lat="38.5794214" lon="-121.4770349">
<ele>10</ele><time>2025-08-29T17:01:52.000Z</time><extensions><gpxtpx:TrackPointExtension><gpxtpx:hr>167</gpxtpx:hr><gpxtpx:cad>85</gpxtpx:cad></gpxtpx:TrackPointExtension></extensions><extensions><gpxtpx:PowerExtension><gpxtpx:PowerInWatts>216</gpxtpx:PowerInWatts></gpxtpx:PowerExtension></extensions></trkpt>
<trkpt lat="38.5793689" lon="-121.4770348">
<ele>10</ele><time>2025-08-29T17:01:54.000Z</time><extensions><gpxtpx:TrackPointExtension><gpxtpx:hr>166</gpxtpx:hr><gpxtpx:cad>83</gpxtpx:cad></gpxtpx:TrackPointExtension></extensions><extensions><gpxtpx:PowerExtension><gpxtpx:PowerInWatts>223</gpxtpx:PowerInWatts></gpxtpx:PowerExtension></extensions></trkpt>
<trkpt lat="38.5793051" lon="-121.4770523">
<ele>10</ele><time>2025-08-29T17:01:56.000Z</time><extensions><gpxtpx:TrackPointExtension><gpxtpx:hr>166</gpxtpx:hr><gpxtpx:cad>83</gpxtpx:cad></gpxtpx:TrackPointExtension></extensions><extensions><gpxtpx:PowerExtension><gpxtpx:PowerInWatts>218</gpxtpx:PowerInWatts></gpxtpx:PowerExtension></extensions></trkpt>
<trkpt lat="38.5792496" lon="-121.4770928">
<ele>10</ele><time>2025-08-29T17:01:58.000Z</time><extensions><gpxtpx:TrackPointExtension><gpxtpx:hr>166</gpxtpx:hr><gpxtpx:cad>82</gpxtpx:cad></gpxtpx:TrackPointExtension></extensions><extensions><gpxtpx:PowerExtension><gpxtpx:PowerInWatts>218</gpxtpx:PowerInWatts></gpxtpx:PowerExtension></extensions></trkpt>
<trkpt lat="38.5791955" lon="-121.4771157">
<ele>10</ele><time>2025-08-29T17:02:00.000Z</time><extensions><gpxtpx:TrackPointExtension><gpxtpx:hr>167</gpxtpx:hr><gpxtpx:cad>80</gpxtpx:cad></gpxtpx:TrackPointExtension></extensions><extensions><gpxtpx:PowerExtension><gpxtpx:PowerInWatts>218</gpxtpx:PowerInWatts></gpxtpx:PowerExtension></extensions></trkpt>
<trkpt lat="38.5791459" lon="-121.4771232">
<ele>10</ele><time>2025-08-29T17:02:02.000Z</time><extensions><gpxtpx:TrackPointExtension><gpxtpx:hr>167</gpxtpx:hr><gpxtpx:cad>82</gpxtpx:cad></gpxtpx:TrackPointExtension></extensions><extensions><gpxtpx:PowerExtension><gpxtpx:PowerInWatts>216</gpxtpx:PowerInWatts></gpxtpx:PowerExtension></extensions></trkpt>
<trkpt lat="38.5790979" lon="-121.4771431">
<ele>10</ele><time>2025-08-29T17:02:04.000Z</time><extensions><gpxtpx:TrackPointExtension><gpxtpx:hr>167</gpxtpx:hr><gpxtpx:cad>83</gpxtpx:cad></gpxtpx:TrackPointExtension></extensions><extensions><gpxtpx:PowerExtension><gpxtpx:PowerInWatts>221</gpxtpx:PowerInWatts></gpxtpx:PowerExtension></extensions></trkpt>
<trkpt lat="38.5790586" lon="-121.4771713">
<ele>10</ele><time>2025-08-29T17:02:06.000Z</time><extensions><gpxtpx:TrackPointExtension><gpxtpx:hr>167</gpxtpx:hr><gpxtpx:cad>83</gpxtpx:cad></gpxtpx:TrackPointExtension></extensions><extensions><gpxtpx:PowerExtension><gpxtpx:PowerInWatts>221</gpxtpx:PowerInWatts></gpxtpx:PowerExtension></extensions></trkpt>
<trkpt lat="38.5790018" lon="-121.4771938">
<ele>10</ele><time>2025-08-29T17:02:08.000Z</time><extensions><gpxtpx:TrackPointExtension><gpxtpx:hr>167</gpxtpx:hr><gpxtpx:cad>82</gpxtpx:cad></gpxtpx:TrackPointExtension></extensions><extensions><gpxtpx:PowerExtension><gpxtpx:PowerInWatts>221</gpxtpx:PowerInWatts></gpxtpx:PowerExtension></extensions></trkpt>
<trkpt lat="38.5789558" lon="-121.4772367">
<ele>10</ele><time>2025-08-29T17:02:10.000Z</time><extensions><gpxtpx:TrackPointExtension><gpxtpx:hr>167</gpxtpx:hr><gpxtpx:cad>82</gpxtpx:cad></gpxtpx:TrackPointExtension></extensions><extensions><gpxtpx:PowerExtension><gpxtpx:PowerInWatts>219</gpxtpx:PowerInWatts></gpxtpx:PowerExtension></extensions></trkpt>
<trkpt lat="38.5788933" lon="-121.4772840">
<ele>10</ele><time>2025-08-29T17:02:13.000Z</time><extensions><gpxtpx:TrackPointExtension><gpxtpx:hr>166</gpxtpx:hr><gpxtpx:cad>78</gpxtpx:cad></gpxtpx:TrackPointExtension></extensions><extensions><gpxtpx:PowerExtension><gpxtpx:PowerInWatts>220</gpxtpx:PowerInWatts></gpxtpx:PowerExtension></extensions></trkpt>
<trkpt lat="38.5788482" lon="-121.4773022">
<ele>10</ele><time>2025-08-29T17:02:15.000Z</time><extensions><gpxtpx:TrackPointExtension><gpxtpx:hr>167</gpxtpx:hr><gpxtpx:cad>75</gpxtpx:cad></gpxtpx:TrackPointExtension></extensions><extensions><gpxtpx:PowerExtension><gpxtpx:PowerInWatts>220</gpxtpx:PowerInWatts></gpxtpx:PowerExtension></extensions></trkpt>
<trkpt lat="38.5787785" lon="-121.4773407">
<ele>10</ele><time>2025-08-29T17:02:18.000Z</time><extensions><gpxtpx:TrackPointExtension><gpxtpx:hr>167</gpxtpx:hr><gpxtpx:cad>76</gpxtpx:cad></gpxtpx:TrackPointExtension></extensions><extensions><gpxtpx:PowerExtension><gpxtpx:PowerInWatts>221</gpxtpx:PowerInWatts></gpxtpx:PowerExtension></extensions></trkpt>
<trkpt lat="38.5787346" lon="-121.4773550">
<ele>10</ele><time>2025-08-29T17:02:20.000Z</time><extensions><gpxtpx:TrackPointExtension><gpxtpx:hr>167</gpxtpx:hr><gpxtpx:cad>79</gpxtpx:cad></gpxtpx:TrackPointExtension></extensions><extensions><gpxtpx:PowerExtension><gpxtpx:PowerInWatts>219</gpxtpx:PowerInWatts></gpxtpx:PowerExtension></extensions></trkpt>
<trkpt lat="38.5786864" lon="-121.4773887">
<ele>10</ele><time>2025-08-29T17:02:22.000Z</time><extensions><gpxtpx:TrackPointExtension><gpxtpx:hr>166</gpxtpx:hr><gpxtpx:cad>73</gpxtpx:cad></gpxtpx:TrackPointExtension></extensions><extensions><gpxtpx:PowerExtension><gpxtpx:PowerInWatts>219</gpxtpx:PowerInWatts></gpxtpx:PowerExtension></extensions></trkpt>
<trkpt lat="38.5786375" lon="-121.4774134">
<ele>10</ele><time>2025-08-29T17:02:24.000Z</time><extensions><gpxtpx:TrackPointExtension><gpxtpx:hr>166</gpxtpx:hr><gpxtpx:cad>76</gpxtpx:cad></gpxtpx:TrackPointExtension></extensions><extensions><gpxtpx:PowerExtension><gpxtpx:PowerInWatts>217</gpxtpx:PowerInWatts></gpxtpx:PowerExtension></extensions></trkpt>
<trkpt lat="38.5785870" lon="-121.4774255">
<ele>10</ele><time>2025-08-29T17:02:26.000Z</time><extensions><gpxtpx:TrackPointExtension><gpxtpx:hr>166</gpxtpx:hr><gpxtpx:cad>79</gpxtpx:cad></gpxtpx:TrackPointExtension></extensions><extensions><gpxtpx:PowerExtension><gpxtpx:PowerInWatts>217</gpxtpx:PowerInWatts></gpxtpx:PowerExtension></extensions></trkpt>
<trkpt lat="38.5785211" lon="-121.4774544">
<ele>10</ele><time>2025-08-29T17:02:28.000Z</time><extensions><gpxtpx:TrackPointExtension><gpxtpx:hr>166</gpxtpx:hr><gpxtpx:cad>81</gpxtpx:cad></gpxtpx:TrackPointExtension></extensions><extensions><gpxtpx:PowerExtension><gpxtpx:PowerInWatts>213</gpxtpx:PowerInWatts></gpxtpx:PowerExtension></extensions></trkpt>
<trkpt lat="38.5784680" lon="-121.4774928">
<ele>10</ele><time>2025-08-29T17:02:30.000Z</time><extensions><gpxtpx:TrackPointExtension><gpxtpx:hr>167</gpxtpx:hr><gpxtpx:cad>79</gpxtpx:cad></gpxtpx:TrackPointExtension></extensions><extensions><gpxtpx:PowerExtension><gpxtpx:PowerInWatts>212</gpxtpx:PowerInWatts></gpxtpx:PowerExtension></extensions></trkpt>
<trkpt lat="38.5784149" lon="-121.4775360">
<ele>10</ele><time>2025-08-29T17:02:33.000Z</time><extensions><gpxtpx:TrackPointExtension><gpxtpx:hr>167</gpxtpx:hr><gpxtpx:cad>78</gpxtpx:cad></gpxtpx:TrackPointExtension></extensions><extensions><gpxtpx:PowerExtension><gpxtpx:PowerInWatts>222</gpxtpx:PowerInWatts></gpxtpx:PowerExtension></extensions></trkpt>
<trkpt lat="38.5783700" lon="-121.4775648">
<ele>10</ele><time>2025-08-29T17:02:35.000Z</time><extensions><gpxtpx:TrackPointExtension><gpxtpx:hr>167</gpxtpx:hr><gpxtpx:cad>81</gpxtpx:cad></gpxtpx:TrackPointExtension></extensions><extensions><gpxtpx:PowerExtension><gpxtpx:PowerInWatts>222</gpxtpx:PowerInWatts></gpxtpx:PowerExtension></extensions></trkpt>
<trkpt lat="38.5783214" lon="-121.4776189">
<ele>10</ele><time>2025-08-29T17:02:37.000Z</time><extensions><gpxtpx:TrackPointExtension><gpxtpx:hr>167</gpxtpx:hr><gpxtpx:cad>80</gpxtpx:cad></gpxtpx:TrackPointExtension></extensions><extensions><gpxtpx:PowerExtension><gpxtpx:PowerInWatts>224</gpxtpx:PowerInWatts></gpxtpx:PowerExtension></extensions></trkpt>
<trkpt lat="38.5782686" lon="-121.4776325">
<ele>10</ele><time>2025-08-29T17:02:39.000Z</time><extensions><gpxtpx:TrackPointExtension><gpxtpx:hr>167</gpxtpx:hr><gpxtpx:cad>78</gpxtpx:cad></gpxtpx:TrackPointExtension></extensions><extensions><gpxtpx:PowerExtension><gpxtpx:PowerInWatts>220</gpxtpx:PowerInWatts></gpxtpx:PowerExtension></extensions></trkpt>
<trkpt lat="38.5781981" lon="-121.4776409">
<ele>10</ele><time>2025-08-29T17:02:41.000Z</time><extensions><gpxtpx:TrackPointExtension><gpxtpx:hr>167</gpxtpx:hr><gpxtpx:cad>76</gpxtpx:cad></gpxtpx:TrackPointExtension></extensions><extensions><gpxtpx:PowerExtension><gpxtpx:PowerInWatts>220</gpxtpx:PowerInWatts></gpxtpx:PowerExtension></extensions></trkpt>
<trkpt lat="38.5781522" lon="-121.4776375">
<ele>10</ele><time>2025-08-29T17:02:43.000Z</time><extensions><gpxtpx:TrackPointExtension><gpxtpx:hr>168</gpxtpx:hr><gpxtpx:cad>81</gpxtpx:cad></gpxtpx:TrackPointExtension></extensions><extensions><gpxtpx:PowerExtension><gpxtpx:PowerInWatts>222</gpxtpx:PowerInWatts></gpxtpx:PowerExtension></extensions></trkpt>
<trkpt lat="38.5781005" lon="-121.4776528">
<ele>10</ele><time>2025-08-29T17:02:45.000Z</time><extensions><gpxtpx:TrackPointExtension><gpxtpx:hr>167</gpxtpx:hr><gpxtpx:cad>83</gpxtpx:cad></gpxtpx:TrackPointExtension></extensions><extensions><gpxtpx:PowerExtension><gpxtpx:PowerInWatts>222</gpxtpx:PowerInWatts></gpxtpx:PowerExtension></extensions></trkpt>
<trkpt lat="38.5780500" lon="-121.4776757">
<ele>10</ele><time>2025-08-29T17:02:47.000Z</time><extensions><gpxtpx:TrackPointExtension><gpxtpx:hr>166</gpxtpx:hr><gpxtpx:cad>85</gpxtpx:cad></gpxtpx:TrackPointExtension></extensions><extensions><gpxtpx:PowerExtension><gpxtpx:PowerInWatts>226</gpxtpx:PowerInWatts></gpxtpx:PowerExtension></extensions></trkpt>
<trkpt lat="38.5779949" lon="-121.4776854">
<ele>10</ele><time>2025-08-29T17:02:49.000Z</time><extensions><gpxtpx:TrackPointExtension><gpxtpx:hr>166</gpxtpx:hr><gpxtpx:cad>85</gpxtpx:cad></gpxtpx:TrackPointExtension></extensions><extensions><gpxtpx:PowerExtension><gpxtpx:PowerInWatts>226</gpxtpx:PowerInWatts></gpxtpx:PowerExtension></extensions></trkpt>
<trkpt lat="38.5779440" lon="-121.4777228">
<ele>10</ele><time>2025-08-29T17:02:51.000Z</time><extensions><gpxtpx:TrackPointExtension><gpxtpx:hr>166</gpxtpx:hr><gpxtpx:cad>83</gpxtpx:cad></gpxtpx:TrackPointExtension></extensions><extensions><gpxtpx:PowerExtension><gpxtpx:PowerInWatts>222</gpxtpx:PowerInWatts></gpxtpx:PowerExtension></extensions></trkpt>
<trkpt lat="38.5778980" lon="-121.4777303">
<ele>10</ele><time>2025-08-29T17:02:53.000Z</time><extensions><gpxtpx:TrackPointExtension><gpxtpx:hr>166</gpxtpx:hr><gpxtpx:cad>82</gpxtpx:cad></gpxtpx:TrackPointExtension></extensions><extensions><gpxtpx:PowerExtension><gpxtpx:PowerInWatts>222</gpxtpx:PowerInWatts></gpxtpx:PowerExtension></extensions></trkpt>
<trkpt lat="38.5778394" lon="-121.4777610">
<ele>10</ele><time>2025-08-29T17:02:56.000Z</time><extensions><gpxtpx:TrackPointExtension><gpxtpx:hr>166</gpxtpx:hr><gpxtpx:cad>78</gpxtpx:cad></gpxtpx:TrackPointExtension></extensions><extensions><gpxtpx:PowerExtension><gpxtpx:PowerInWatts>219</gpxtpx:PowerInWatts></gpxtpx:PowerExtension></extensions></trkpt>
<trkpt lat="38.5777911" lon="-121.4777764">
<ele>10</ele><time>2025-08-29T17:02:58.000Z</time><extensions><gpxtpx:TrackPointExtension><gpxtpx:hr>166</gpxtpx:hr><gpxtpx:cad>78</gpxtpx:cad></gpxtpx:TrackPointExtension></extensions><extensions><gpxtpx:PowerExtension><gpxtpx:PowerInWatts>222</gpxtpx:PowerInWatts></gpxtpx:PowerExtension></extensions></trkpt>
<trkpt lat="38.5777467" lon="-121.4778110">
<ele>10</ele><time>2025-08-29T17:03:00.000Z</time><extensions><gpxtpx:TrackPointExtension><gpxtpx:hr>166</gpxtpx:hr><gpxtpx:cad>81</gpxtpx:cad></gpxtpx:TrackPointExtension></extensions><extensions><gpxtpx:PowerExtension><gpxtpx:PowerInWatts>218</gpxtpx:PowerInWatts></gpxtpx:PowerExtension></extensions></trkpt>
<trkpt lat="38.5777083" lon="-121.4778455">
<ele>10</ele><time>2025-08-29T17:03:02.000Z</time><extensions><gpxtpx:TrackPointExtension><gpxtpx:hr>166</gpxtpx:hr><gpxtpx:cad>82</gpxtpx:cad></gpxtpx:TrackPointExtension></extensions><extensions><gpxtpx:PowerExtension><gpxtpx:PowerInWatts>213</gpxtpx:PowerInWatts></gpxtpx:PowerExtension></extensions></trkpt>
<trkpt lat="38.5776615" lon="-121.4778672">
<ele>10</ele><time>2025-08-29T17:03:04.000Z</time><extensions><gpxtpx:TrackPointExtension><gpxtpx:hr>165</gpxtpx:hr><gpxtpx:cad>79</gpxtpx:cad></gpxtpx:TrackPointExtension></extensions><extensions><gpxtpx:PowerExtension><gpxtpx:PowerInWatts>213</gpxtpx:PowerInWatts></gpxtpx:PowerExtension></extensions></trkpt>
<trkpt lat="38.5776141" lon="-121.4779054">
<ele>10</ele><time>2025-08-29T17:03:06.000Z</time><extensions><gpxtpx:TrackPointExtension><gpxtpx:hr>165</gpxtpx:hr><gpxtpx:cad>83</gpxtpx:cad></gpxtpx:TrackPointExtension></extensions><extensions><gpxtpx:PowerExtension><gpxtpx:PowerInWatts>213</gpxtpx:PowerInWatts></gpxtpx:PowerExtension></extensions></trkpt>
<trkpt lat="38.5775563" lon="-121.4779402">
<ele>10</ele><time>2025-08-29T17:03:09.000Z</time><extensions><gpxtpx:TrackPointExtension><gpxtpx:hr>166</gpxtpx:hr><gpxtpx:cad>85</gpxtpx:cad></gpxtpx:TrackPointExtension></extensions><extensions><gpxtpx:PowerExtension><gpxtpx:PowerInWatts>212</gpxtpx:PowerInWatts></gpxtpx:PowerExtension></extensions></trkpt>
<trkpt lat="38.5775062" lon="-121.4779419">
<ele>10</ele><time>2025-08-29T17:03:11.000Z</time><extensions><gpxtpx:TrackPointExtension><gpxtpx:hr>166</gpxtpx:hr><gpxtpx:cad>81</gpxtpx:cad></gpxtpx:TrackPointExtension></extensions><extensions><gpxtpx:PowerExtension><gpxtpx:PowerInWatts>215</gpxtpx:PowerInWatts></gpxtpx:PowerExtension></extensions></trkpt>
<trkpt lat="38.5774408" lon="-121.4779747">
<ele>10</ele><time>2025-08-29T17:03:13.000Z</time><extensions><gpxtpx:TrackPointExtension><gpxtpx:hr>166</gpxtpx:hr><gpxtpx:cad>78</gpxtpx:cad></gpxtpx:TrackPointExtension></extensions><extensions><gpxtpx:PowerExtension><gpxtpx:PowerInWatts>215</gpxtpx:PowerInWatts></gpxtpx:PowerExtension></extensions></trkpt>
<trkpt lat="38.5773810" lon="-121.4779982">
<ele>10</ele><time>2025-08-29T17:03:15.000Z</time><extensions><gpxtpx:TrackPointExtension><gpxtpx:hr>166</gpxtpx:hr><gpxtpx:cad>79</gpxtpx:cad></gpxtpx:TrackPointExtension></extensions><extensions><gpxtpx:PowerExtension><gpxtpx:PowerInWatts>212</gpxtpx:PowerInWatts></gpxtpx:PowerExtension></extensions></trkpt>
<trkpt lat="38.5773338" lon="-121.4779835">
<ele>10</ele><time>2025-08-29T17:03:17.000Z</time><extensions><gpxtpx:TrackPointExtension><gpxtpx:hr>166</gpxtpx:hr><gpxtpx:cad>79</gpxtpx:cad></gpxtpx:TrackPointExtension></extensions><extensions><gpxtpx:PowerExtension><gpxtpx:PowerInWatts>214</gpxtpx:PowerInWatts></gpxtpx:PowerExtension></extensions></trkpt>
<trkpt lat="38.5772671" lon="-121.4780222">
<ele>10</ele><time>2025-08-29T17:03:20.000Z</time><extensions><gpxtpx:TrackPointExtension><gpxtpx:hr>165</gpxtpx:hr><gpxtpx:cad>79</gpxtpx:cad></gpxtpx:TrackPointExtension></extensions><extensions><gpxtpx:PowerExtension><gpxtpx:PowerInWatts>223</gpxtpx:PowerInWatts></gpxtpx:PowerExtension></extensions></trkpt>
<trkpt lat="38.5772258" lon="-121.4780588">
<ele>10</ele><time>2025-08-29T17:03:22.000Z</time><extensions><gpxtpx:TrackPointExtension><gpxtpx:hr>165</gpxtpx:hr><gpxtpx:cad>79</gpxtpx:cad></gpxtpx:TrackPointExtension></extensions><extensions><gpxtpx:PowerExtension><gpxtpx:PowerInWatts>223</gpxtpx:PowerInWatts></gpxtpx:PowerExtension></extensions></trkpt>
<trkpt lat="38.5771794" lon="-121.4780866">
<ele>10</ele><time>2025-08-29T17:03:24.000Z</time><extensions><gpxtpx:TrackPointExtension><gpxtpx:hr>165</gpxtpx:hr><gpxtpx:cad>81</gpxtpx:cad></gpxtpx:TrackPointExtension></extensions><extensions><gpxtpx:PowerExtension><gpxtpx:PowerInWatts>223</gpxtpx:PowerInWatts></gpxtpx:PowerExtension></extensions></trkpt>
<trkpt lat="38.5771189" lon="-121.4781032">
<ele>10</ele><time>2025-08-29T17:03:26.000Z</time><extensions><gpxtpx:TrackPointExtension><gpxtpx:hr>165</gpxtpx:hr><gpxtpx:cad>81</gpxtpx:cad></gpxtpx:TrackPointExtension></extensions><extensions><gpxtpx:PowerExtension><gpxtpx:PowerInWatts>220</gpxtpx:PowerInWatts></gpxtpx:PowerExtension></extensions></trkpt>
<trkpt lat="38.5770536" lon="-121.4781320">
<ele>10</ele><time>2025-08-29T17:03:29.000Z</time><extensions><gpxtpx:TrackPointExtension><gpxtpx:hr>167</gpxtpx:hr><gpxtpx:cad>80</gpxtpx:cad></gpxtpx:TrackPointExtension></extensions><extensions><gpxtpx:PowerExtension><gpxtpx:PowerInWatts>218</gpxtpx:PowerInWatts></gpxtpx:PowerExtension></extensions></trkpt>
<trkpt lat="38.5770050" lon="-121.4781606">
<ele>10</ele><time>2025-08-29T17:03:31.000Z</time><extensions><gpxtpx:TrackPointExtension><gpxtpx:hr>166</gpxtpx:hr><gpxtpx:cad>77</gpxtpx:cad></gpxtpx:TrackPointExtension></extensions><extensions><gpxtpx:PowerExtension><gpxtpx:PowerInWatts>218</gpxtpx:PowerInWatts></gpxtpx:PowerExtension></extensions></trkpt>
<trkpt lat="38.5769429" lon="-121.4781882">
<ele>10</ele><time>2025-08-29T17:03:33.000Z</time><extensions><gpxtpx:TrackPointExtension><gpxtpx:hr>166</gpxtpx:hr><gpxtpx:cad>77</gpxtpx:cad></gpxtpx:TrackPointExtension></extensions><extensions><gpxtpx:PowerExtension><gpxtpx:PowerInWatts>222</gpxtpx:PowerInWatts></gpxtpx:PowerExtension></extensions></trkpt>
<trkpt lat="38.5768850" lon="-121.4781788">
<ele>10</ele><time>2025-08-29T17:03:35.000Z</time><extensions><gpxtpx:TrackPointExtension><gpxtpx:hr>165</gpxtpx:hr><gpxtpx:cad>80</gpxtpx:cad></gpxtpx:TrackPointExtension></extensions><extensions><gpxtpx:PowerExtension><gpxtpx:PowerInWatts>222</gpxtpx:PowerInWatts></gpxtpx:PowerExtension></extensions></trkpt>
<trkpt lat="38.5768248" lon="-121.4782027">
<ele>10</ele><time>2025-08-29T17:03:37.000Z</time><extensions><gpxtpx:TrackPointExtension><gpxtpx:hr>165</gpxtpx:hr><gpxtpx:cad>80</gpxtpx:cad></gpxtpx:TrackPointExtension></extensions><extensions><gpxtpx:PowerExtension><gpxtpx:PowerInWatts>222</gpxtpx:PowerInWatts></gpxtpx:PowerExtension></extensions></trkpt>
<trkpt lat="38.5767628" lon="-121.4782215">
<ele>10</ele><time>2025-08-29T17:03:40.000Z</time><extensions><gpxtpx:TrackPointExtension><gpxtpx:hr>167</gpxtpx:hr><gpxtpx:cad>83</gpxtpx:cad></gpxtpx:TrackPointExtension></extensions><extensions><gpxtpx:PowerExtension><gpxtpx:PowerInWatts>226</gpxtpx:PowerInWatts></gpxtpx:PowerExtension></extensions></trkpt>
<trkpt lat="38.5767097" lon="-121.4782508">
<ele>10</ele><time>2025-08-29T17:03:42.000Z</time><extensions><gpxtpx:TrackPointExtension><gpxtpx:hr>167</gpxtpx:hr><gpxtpx:cad>83</gpxtpx:cad></gpxtpx:TrackPointExtension></extensions><extensions><gpxtpx:PowerExtension><gpxtpx:PowerInWatts>226</gpxtpx:PowerInWatts></gpxtpx:PowerExtension></extensions></trkpt>
<trkpt lat="38.5766675" lon="-121.4783196">
<ele>10</ele><time>2025-08-29T17:03:44.000Z</time><extensions><gpxtpx:TrackPointExtension><gpxtpx:hr>168</gpxtpx:hr><gpxtpx:cad>80</gpxtpx:cad></gpxtpx:TrackPointExtension></extensions><extensions><gpxtpx:PowerExtension><gpxtpx:PowerInWatts>222</gpxtpx:PowerInWatts></gpxtpx:PowerExtension></extensions></trkpt>
<trkpt lat="38.5766108" lon="-121.4783474">
<ele>10</ele><time>2025-08-29T17:03:46.000Z</time><extensions><gpxtpx:TrackPointExtension><gpxtpx:hr>168</gpxtpx:hr><gpxtpx:cad>80</gpxtpx:cad></gpxtpx:TrackPointExtension></extensions><extensions><gpxtpx:PowerExtension><gpxtpx:PowerInWatts>225</gpxtpx:PowerInWatts></gpxtpx:PowerExtension></extensions></trkpt>
<trkpt lat="38.5765667" lon="-121.4783695">
<ele>10</ele><time>2025-08-29T17:03:48.000Z</time><extensions><gpxtpx:TrackPointExtension><gpxtpx:hr>167</gpxtpx:hr><gpxtpx:cad>79</gpxtpx:cad></gpxtpx:TrackPointExtension></extensions><extensions><gpxtpx:PowerExtension><gpxtpx:PowerInWatts>225</gpxtpx:PowerInWatts></gpxtpx:PowerExtension></extensions></trkpt>
<trkpt lat="38.5765191" lon="-121.4784212">
<ele>10</ele><time>2025-08-29T17:03:50.000Z</time><extensions><gpxtpx:TrackPointExtension><gpxtpx:hr>167</gpxtpx:hr><gpxtpx:cad>77</gpxtpx:cad></gpxtpx:TrackPointExtension></extensions><extensions><gpxtpx:PowerExtension><gpxtpx:PowerInWatts>225</gpxtpx:PowerInWatts></gpxtpx:PowerExtension></extensions></trkpt>
<trkpt lat="38.5764949" lon="-121.4784716">
<ele>10</ele><time>2025-08-29T17:03:52.000Z</time><extensions><gpxtpx:TrackPointExtension><gpxtpx:hr>166</gpxtpx:hr><gpxtpx:cad>74</gpxtpx:cad></gpxtpx:TrackPointExtension></extensions><extensions><gpxtpx:PowerExtension><gpxtpx:PowerInWatts>225</gpxtpx:PowerInWatts></gpxtpx:PowerExtension></extensions></trkpt>
<trkpt lat="38.5764986" lon="-121.4785423">
<ele>10</ele><time>2025-08-29T17:03:54.000Z</time><extensions><gpxtpx:TrackPointExtension><gpxtpx:hr>166</gpxtpx:hr><gpxtpx:cad>78</gpxtpx:cad></gpxtpx:TrackPointExtension></extensions><extensions><gpxtpx:PowerExtension><gpxtpx:PowerInWatts>230</gpxtpx:PowerInWatts></gpxtpx:PowerExtension></extensions></trkpt>
<trkpt lat="38.5764641" lon="-121.4786015">
<ele>10</ele><time>2025-08-29T17:03:56.000Z</time><extensions><gpxtpx:TrackPointExtension><gpxtpx:hr>166</gpxtpx:hr><gpxtpx:cad>77</gpxtpx:cad></gpxtpx:TrackPointExtension></extensions><extensions><gpxtpx:PowerExtension><gpxtpx:PowerInWatts>232</gpxtpx:PowerInWatts></gpxtpx:PowerExtension></extensions></trkpt>
<trkpt lat="38.5764223" lon="-121.4786472">
<ele>10</ele><time>2025-08-29T17:03:59.000Z</time><extensions><gpxtpx:TrackPointExtension><gpxtpx:hr>166</gpxtpx:hr><gpxtpx:cad>82</gpxtpx:cad></gpxtpx:TrackPointExtension></extensions><extensions><gpxtpx:PowerExtension><gpxtpx:PowerInWatts>227</gpxtpx:PowerInWatts></gpxtpx:PowerExtension></extensions></trkpt>
<trkpt lat="38.5764343" lon="-121.4787224">
<ele>10</ele><time>2025-08-29T17:04:01.000Z</time><extensions><gpxtpx:TrackPointExtension><gpxtpx:hr>163</gpxtpx:hr><gpxtpx:cad>78</gpxtpx:cad></gpxtpx:TrackPointExtension></extensions><extensions><gpxtpx:PowerExtension><gpxtpx:PowerInWatts>227</gpxtpx:PowerInWatts></gpxtpx:PowerExtension></extensions></trkpt>
<trkpt lat="38.5764571" lon="-121.4787962">
<ele>10</ele><time>2025-08-29T17:04:03.000Z</time><extensions><gpxtpx:TrackPointExtension><gpxtpx:hr>163</gpxtpx:hr><gpxtpx:cad>78</gpxtpx:cad></gpxtpx:TrackPointExtension></extensions><extensions><gpxtpx:PowerExtension><gpxtpx:PowerInWatts>227</gpxtpx:PowerInWatts></gpxtpx:PowerExtension></extensions></trkpt>
<trkpt lat="38.5764792" lon="-121.4788848">
<ele>10</ele><time>2025-08-29T17:04:05.000Z</time><extensions><gpxtpx:TrackPointExtension><gpxtpx:hr>162</gpxtpx:hr><gpxtpx:cad>76</gpxtpx:cad></gpxtpx:TrackPointExtension></extensions><extensions><gpxtpx:PowerExtension><gpxtpx:PowerInWatts>222</gpxtpx:PowerInWatts></gpxtpx:PowerExtension></extensions></trkpt>
<trkpt lat="38.5764918" lon="-121.4789514">
<ele>10</ele><time>2025-08-29T17:04:07.000Z</time><extensions><gpxtpx:TrackPointExtension><gpxtpx:hr>162</gpxtpx:hr><gpxtpx:cad>77</gpxtpx:cad></gpxtpx:TrackPointExtension></extensions><extensions><gpxtpx:PowerExtension><gpxtpx:PowerInWatts>217</gpxtpx:PowerInWatts></gpxtpx:PowerExtension></extensions></trkpt>
<trkpt lat="38.5764776" lon="-121.4790160">
<ele>10</ele><time>2025-08-29T17:04:10.000Z</time><extensions><gpxtpx:TrackPointExtension><gpxtpx:hr>162</gpxtpx:hr><gpxtpx:cad>77</gpxtpx:cad></gpxtpx:TrackPointExtension></extensions><extensions><gpxtpx:PowerExtension><gpxtpx:PowerInWatts>217</gpxtpx:PowerInWatts></gpxtpx:PowerExtension></extensions></trkpt>
<trkpt lat="38.5764960" lon="-121.4790864">
<ele>10</ele><time>2025-08-29T17:04:12.000Z</time><extensions><gpxtpx:TrackPointExtension><gpxtpx:hr>162</gpxtpx:hr><gpxtpx:cad>77</gpxtpx:cad></gpxtpx:TrackPointExtension></extensions><extensions><gpxtpx:PowerExtension><gpxtpx:PowerInWatts>217</gpxtpx:PowerInWatts></gpxtpx:PowerExtension></extensions></trkpt>
<trkpt lat="38.5765064" lon="-121.4791486">
<ele>10</ele><time>2025-08-29T17:04:14.000Z</time><extensions><gpxtpx:TrackPointExtension><gpxtpx:hr>163</gpxtpx:hr><gpxtpx:cad>79</gpxtpx:cad></gpxtpx:TrackPointExtension></extensions><extensions><gpxtpx:PowerExtension><gpxtpx:PowerInWatts>220</gpxtpx:PowerInWatts></gpxtpx:PowerExtension></extensions></trkpt>
<trkpt lat="38.5765336" lon="-121.4792487">
<ele>10</ele><time>2025-08-29T17:04:17.000Z</time><extensions><gpxtpx:TrackPointExtension><gpxtpx:hr>163</gpxtpx:hr><gpxtpx:cad>79</gpxtpx:cad></gpxtpx:TrackPointExtension></extensions><extensions><gpxtpx:PowerExtension><gpxtpx:PowerInWatts>220</gpxtpx:PowerInWatts></gpxtpx:PowerExtension></extensions></trkpt>
<trkpt lat="38.5765356" lon="-121.4793195">
<ele>10</ele><time>2025-08-29T17:04:19.000Z</time><extensions><gpxtpx:TrackPointExtension><gpxtpx:hr>164</gpxtpx:hr><gpxtpx:cad>79</gpxtpx:cad></gpxtpx:TrackPointExtension></extensions><extensions><gpxtpx:PowerExtension><gpxtpx:PowerInWatts>212</gpxtpx:PowerInWatts></gpxtpx:PowerExtension></extensions></trkpt>
<trkpt lat="38.5765707" lon="-121.4793739">
<ele>10</ele><time>2025-08-29T17:04:22.000Z</time><extensions><gpxtpx:TrackPointExtension><gpxtpx:hr>166</gpxtpx:hr><gpxtpx:cad>85</gpxtpx:cad></gpxtpx:TrackPointExtension></extensions><extensions><gpxtpx:PowerExtension><gpxtpx:PowerInWatts>212</gpxtpx:PowerInWatts></gpxtpx:PowerExtension></extensions></trkpt>
<trkpt lat="38.5765981" lon="-121.4794498">
<ele>10</ele><time>2025-08-29T17:04:25.000Z</time><extensions><gpxtpx:TrackPointExtension><gpxtpx:hr>166</gpxtpx:hr><gpxtpx:cad>82</gpxtpx:cad></gpxtpx:TrackPointExtension></extensions><extensions><gpxtpx:PowerExtension><gpxtpx:PowerInWatts>214</gpxtpx:PowerInWatts></gpxtpx:PowerExtension></extensions></trkpt>
<trkpt lat="38.5765917" lon="-121.4795450">
<ele>10</ele><time>2025-08-29T17:04:28.000Z</time><extensions><gpxtpx:TrackPointExtension><gpxtpx:hr>166</gpxtpx:hr><gpxtpx:cad>81</gpxtpx:cad></gpxtpx:TrackPointExtension></extensions><extensions><gpxtpx:PowerExtension><gpxtpx:PowerInWatts>214</gpxtpx:PowerInWatts></gpxtpx:PowerExtension></extensions></trkpt>
<trkpt lat="38.5766109" lon="-121.4796096">
<ele>10</ele><time>2025-08-29T17:04:30.000Z</time><extensions><gpxtpx:TrackPointExtension><gpxtpx:hr>166</gpxtpx:hr><gpxtpx:cad>79</gpxtpx:cad></gpxtpx:TrackPointExtension></extensions><extensions><gpxtpx:PowerExtension><gpxtpx:PowerInWatts>207</gpxtpx:PowerInWatts></gpxtpx:PowerExtension></extensions></trkpt>
<trkpt lat="38.5766522" lon="-121.4796852">
<ele>10</ele><time>2025-08-29T17:04:32.000Z</time><extensions><gpxtpx:TrackPointExtension><gpxtpx:hr>166</gpxtpx:hr><gpxtpx:cad>83</gpxtpx:cad></gpxtpx:TrackPointExtension></extensions><extensions><gpxtpx:PowerExtension><gpxtpx:PowerInWatts>203</gpxtpx:PowerInWatts></gpxtpx:PowerExtension></extensions></trkpt>
<trkpt lat="38.5766774" lon="-121.4797527">
<ele>10</ele><time>2025-08-29T17:04:34.000Z</time><extensions><gpxtpx:TrackPointExtension><gpxtpx:hr>166</gpxtpx:hr><gpxtpx:cad>79</gpxtpx:cad></gpxtpx:TrackPointExtension></extensions><extensions><gpxtpx:PowerExtension><gpxtpx:PowerInWatts>203</gpxtpx:PowerInWatts></gpxtpx:PowerExtension></extensions></trkpt>
<trkpt lat="38.5767373" lon="-121.4797882">
<ele>10</ele><time>2025-08-29T17:04:36.000Z</time><extensions><gpxtpx:TrackPointExtension><gpxtpx:hr>166</gpxtpx:hr><gpxtpx:cad>80</gpxtpx:cad></gpxtpx:TrackPointExtension></extensions><extensions><gpxtpx:PowerExtension><gpxtpx:PowerInWatts>209</gpxtpx:PowerInWatts></gpxtpx:PowerExtension></extensions></trkpt>
<trkpt lat="38.5768087" lon="-121.4798014">
<ele>10</ele><time>2025-08-29T17:04:38.000Z</time><extensions><gpxtpx:TrackPointExtension><gpxtpx:hr>166</gpxtpx:hr><gpxtpx:cad>83</gpxtpx:cad></gpxtpx:TrackPointExtension></extensions><extensions><gpxtpx:PowerExtension><gpxtpx:PowerInWatts>209</gpxtpx:PowerInWatts></gpxtpx:PowerExtension></extensions></trkpt>
<trkpt lat="38.5768545" lon="-121.4797953">
<ele>10</ele><time>2025-08-29T17:04:40.000Z</time><extensions><gpxtpx:TrackPointExtension><gpxtpx:hr>166</gpxtpx:hr><gpxtpx:cad>86</gpxtpx:cad></gpxtpx:TrackPointExtension></extensions><extensions><gpxtpx:PowerExtension><gpxtpx:PowerInWatts>214</gpxtpx:PowerInWatts></gpxtpx:PowerExtension></extensions></trkpt>
<trkpt lat="38.5769120" lon="-121.4797857">
<ele>10</ele><time>2025-08-29T17:04:42.000Z</time><extensions><gpxtpx:TrackPointExtension><gpxtpx:hr>166</gpxtpx:hr><gpxtpx:cad>81</gpxtpx:cad></gpxtpx:TrackPointExtension></extensions><extensions><gpxtpx:PowerExtension><gpxtpx:PowerInWatts>218</gpxtpx:PowerInWatts></gpxtpx:PowerExtension></extensions></trkpt>
<trkpt lat="38.5769729" lon="-121.4797559">
<ele>10</ele><time>2025-08-29T17:04:44.000Z</time><extensions><gpxtpx:TrackPointExtension><gpxtpx:hr>166</gpxtpx:hr><gpxtpx:cad>75</gpxtpx:cad></gpxtpx:TrackPointExtension></extensions><extensions><gpxtpx:PowerExtension><gpxtpx:PowerInWatts>218</gpxtpx:PowerInWatts></gpxtpx:PowerExtension></extensions></trkpt>
<trkpt lat="38.5770211" lon="-121.4797452">
<ele>10</ele><time>2025-08-29T17:04:46.000Z</time><extensions><gpxtpx:TrackPointExtension><gpxtpx:hr>166</gpxtpx:hr><gpxtpx:cad>72</gpxtpx:cad></gpxtpx:TrackPointExtension></extensions><extensions><gpxtpx:PowerExtension><gpxtpx:PowerInWatts>218</gpxtpx:PowerInWatts></gpxtpx:PowerExtension></extensions></trkpt>
<trkpt lat="38.5770656" lon="-121.4797268">
<ele>10</ele><time>2025-08-29T17:04:48.000Z</time><extensions><gpxtpx:TrackPointExtension><gpxtpx:hr>166</gpxtpx:hr><gpxtpx:cad>67</gpxtpx:cad></gpxtpx:TrackPointExtension></extensions><extensions><gpxtpx:PowerExtension><gpxtpx:PowerInWatts>218</gpxtpx:PowerInWatts></gpxtpx:PowerExtension></extensions></trkpt>
<trkpt lat="38.5771068" lon="-121.4797034">
<ele>10</ele><time>2025-08-29T17:04:50.000Z</time><extensions><gpxtpx:TrackPointExtension><gpxtpx:hr>166</gpxtpx:hr><gpxtpx:cad>67</gpxtpx:cad></gpxtpx:TrackPointExtension></extensions><extensions><gpxtpx:PowerExtension><gpxtpx:PowerInWatts>223</gpxtpx:PowerInWatts></gpxtpx:PowerExtension></extensions></trkpt>
<trkpt lat="38.5771549" lon="-121.4796874">
<ele>10</ele><time>2025-08-29T17:04:52.000Z</time><extensions><gpxtpx:TrackPointExtension><gpxtpx:hr>165</gpxtpx:hr><gpxtpx:cad>67</gpxtpx:cad></gpxtpx:TrackPointExtension></extensions><extensions><gpxtpx:PowerExtension><gpxtpx:PowerInWatts>220</gpxtpx:PowerInWatts></gpxtpx:PowerExtension></extensions></trkpt>
<trkpt lat="38.5772057" lon="-121.4796475">
<ele>10</ele><time>2025-08-29T17:04:54.000Z</time><extensions><gpxtpx:TrackPointExtension><gpxtpx:hr>165</gpxtpx:hr><gpxtpx:cad>71</gpxtpx:cad></gpxtpx:TrackPointExtension></extensions><extensions><gpxtpx:PowerExtension><gpxtpx:PowerInWatts>220</gpxtpx:PowerInWatts></gpxtpx:PowerExtension></extensions></trkpt>
<trkpt lat="38.5772490" lon="-121.4796239">
<ele>9</ele><time>2025-08-29T17:04:56.000Z</time><extensions><gpxtpx:TrackPointExtension><gpxtpx:hr>165</gpxtpx:hr><gpxtpx:cad>70</gpxtpx:cad></gpxtpx:TrackPointExtension></extensions><extensions><gpxtpx:PowerExtension><gpxtpx:PowerInWatts>220</gpxtpx:PowerInWatts></gpxtpx:PowerExtension></extensions></trkpt>
<trkpt lat="38.5772992" lon="-121.4795945">
<ele>9</ele><time>2025-08-29T17:04:59.000Z</time><extensions><gpxtpx:TrackPointExtension><gpxtpx:hr>164</gpxtpx:hr><gpxtpx:cad>70</gpxtpx:cad></gpxtpx:TrackPointExtension></extensions><extensions><gpxtpx:PowerExtension><gpxtpx:PowerInWatts>224</gpxtpx:PowerInWatts></gpxtpx:PowerExtension></extensions></trkpt>
<trkpt lat="38.5773508" lon="-121.4795721">
<ele>9</ele><time>2025-08-29T17:05:04.000Z</time><extensions><gpxtpx:TrackPointExtension><gpxtpx:hr>164</gpxtpx:hr><gpxtpx:cad>71</gpxtpx:cad></gpxtpx:TrackPointExtension></extensions><extensions><gpxtpx:PowerExtension><gpxtpx:PowerInWatts>222</gpxtpx:PowerInWatts></gpxtpx:PowerExtension></extensions></trkpt>
<trkpt lat="38.5774138" lon="-121.4795538">
<ele>9</ele><time>2025-08-29T17:05:09.000Z</time><extensions><gpxtpx:TrackPointExtension><gpxtpx:hr>163</gpxtpx:hr><gpxtpx:cad>71</gpxtpx:cad></gpxtpx:TrackPointExtension></extensions><extensions><gpxtpx:PowerExtension><gpxtpx:PowerInWatts>99</gpxtpx:PowerInWatts></gpxtpx:PowerExtension></extensions></trkpt>
<trkpt lat="38.5774550" lon="-121.4795258">
<ele>9</ele><time>2025-08-29T17:05:13.000Z</time><extensions><gpxtpx:TrackPointExtension><gpxtpx:hr>162</gpxtpx:hr><gpxtpx:cad>70</gpxtpx:cad></gpxtpx:TrackPointExtension></extensions><extensions><gpxtpx:PowerExtension><gpxtpx:PowerInWatts>79</gpxtpx:PowerInWatts></gpxtpx:PowerExtension></extensions></trkpt>
<trkpt lat="38.5775047" lon="-121.4795077">
<ele>9</ele><time>2025-08-29T17:05:16.000Z</time><extensions><gpxtpx:TrackPointExtension><gpxtpx:hr>161</gpxtpx:hr><gpxtpx:cad>66</gpxtpx:cad></gpxtpx:TrackPointExtension></extensions><extensions><gpxtpx:PowerExtension><gpxtpx:PowerInWatts>81</gpxtpx:PowerInWatts></gpxtpx:PowerExtension></extensions></trkpt>
<trkpt lat="38.5775541" lon="-121.4794645">
<ele>9</ele><time>2025-08-29T17:05:20.000Z</time><extensions><gpxtpx:TrackPointExtension><gpxtpx:hr>161</gpxtpx:hr><gpxtpx:cad>63</gpxtpx:cad></gpxtpx:TrackPointExtension></extensions><extensions><gpxtpx:PowerExtension><gpxtpx:PowerInWatts>81</gpxtpx:PowerInWatts></gpxtpx:PowerExtension></extensions></trkpt>
<trkpt lat="38.5776107" lon="-121.4794559">
<ele>9</ele><time>2025-08-29T17:05:22.000Z</time><extensions><gpxtpx:TrackPointExtension><gpxtpx:hr>161</gpxtpx:hr><gpxtpx:cad>63</gpxtpx:cad></gpxtpx:TrackPointExtension></extensions><extensions><gpxtpx:PowerExtension><gpxtpx:PowerInWatts>90</gpxtpx:PowerInWatts></gpxtpx:PowerExtension></extensions></trkpt>
<trkpt lat="38.5776696" lon="-121.4794236">
<ele>9</ele><time>2025-08-29T17:05:24.000Z</time><extensions><gpxtpx:TrackPointExtension><gpxtpx:hr>160</gpxtpx:hr><gpxtpx:cad>63</gpxtpx:cad></gpxtpx:TrackPointExtension></extensions><extensions><gpxtpx:PowerExtension><gpxtpx:PowerInWatts>95</gpxtpx:PowerInWatts></gpxtpx:PowerExtension></extensions></trkpt>
<trkpt lat="38.5776856" lon="-121.4793440">
<ele>9</ele><time>2025-08-29T17:05:27.000Z</time><extensions><gpxtpx:TrackPointExtension><gpxtpx:hr>159</gpxtpx:hr><gpxtpx:cad>62</gpxtpx:cad></gpxtpx:TrackPointExtension></extensions><extensions><gpxtpx:PowerExtension><gpxtpx:PowerInWatts>148</gpxtpx:PowerInWatts></gpxtpx:PowerExtension></extensions></trkpt>
<trkpt lat="38.5776845" lon="-121.4792793">
<ele>9</ele><time>2025-08-29T17:05:30.000Z</time><extensions><gpxtpx:TrackPointExtension><gpxtpx:hr>159</gpxtpx:hr><gpxtpx:cad>65</gpxtpx:cad></gpxtpx:TrackPointExtension></extensions><extensions><gpxtpx:PowerExtension><gpxtpx:PowerInWatts>214</gpxtpx:PowerInWatts></gpxtpx:PowerExtension></extensions></trkpt>
<trkpt lat="38.5776842" lon="-121.4792143">
<ele>9</ele><time>2025-08-29T17:05:34.000Z</time><extensions><gpxtpx:TrackPointExtension><gpxtpx:hr>158</gpxtpx:hr><gpxtpx:cad>67</gpxtpx:cad></gpxtpx:TrackPointExtension></extensions><extensions><gpxtpx:PowerExtension><gpxtpx:PowerInWatts>177</gpxtpx:PowerInWatts></gpxtpx:PowerExtension></extensions></trkpt>
<trkpt lat="38.5777131" lon="-121.4791498">
<ele>9</ele><time>2025-08-29T17:05:38.000Z</time><extensions><gpxtpx:TrackPointExtension><gpxtpx:hr>157</gpxtpx:hr><gpxtpx:cad>69</gpxtpx:cad></gpxtpx:TrackPointExtension></extensions><extensions><gpxtpx:PowerExtension><gpxtpx:PowerInWatts>107</gpxtpx:PowerInWatts></gpxtpx:PowerExtension></extensions></trkpt>
<trkpt lat="38.5777626" lon="-121.4791825">
<ele>9</ele><time>2025-08-29T17:05:41.000Z</time><extensions><gpxtpx:TrackPointExtension><gpxtpx:hr>156</gpxtpx:hr><gpxtpx:cad>68</gpxtpx:cad></gpxtpx:TrackPointExtension></extensions><extensions><gpxtpx:PowerExtension><gpxtpx:PowerInWatts>99</gpxtpx:PowerInWatts></gpxtpx:PowerExtension></extensions></trkpt>
<trkpt lat="38.5778024" lon="-121.4792356">
<ele>9</ele><time>2025-08-29T17:05:44.000Z</time><extensions><gpxtpx:TrackPointExtension><gpxtpx:hr>155</gpxtpx:hr><gpxtpx:cad>66</gpxtpx:cad></gpxtpx:TrackPointExtension></extensions><extensions><gpxtpx:PowerExtension><gpxtpx:PowerInWatts>97</gpxtpx:PowerInWatts></gpxtpx:PowerExtension></extensions></trkpt>
<trkpt lat="38.5778413" lon="-121.4792827">
<ele>9</ele><time>2025-08-29T17:05:47.000Z</time><extensions><gpxtpx:TrackPointExtension><gpxtpx:hr>155</gpxtpx:hr><gpxtpx:cad>64</gpxtpx:cad></gpxtpx:TrackPointExtension></extensions><extensions><gpxtpx:PowerExtension><gpxtpx:PowerInWatts>96</gpxtpx:PowerInWatts></gpxtpx:PowerExtension></extensions></trkpt>
<trkpt lat="38.5779022" lon="-121.4793035">
<ele>9</ele><time>2025-08-29T17:05:50.000Z</time><extensions><gpxtpx:TrackPointExtension><gpxtpx:hr>155</gpxtpx:hr><gpxtpx:cad>65</gpxtpx:cad></gpxtpx:TrackPointExtension></extensions><extensions><gpxtpx:PowerExtension><gpxtpx:PowerInWatts>137</gpxtpx:PowerInWatts></gpxtpx:PowerExtension></extensions></trkpt>
<trkpt lat="38.5779469" lon="-121.4792907">
<ele>9</ele><time>2025-08-29T17:05:52.000Z</time><extensions><gpxtpx:TrackPointExtension><gpxtpx:hr>155</gpxtpx:hr><gpxtpx:cad>67</gpxtpx:cad></gpxtpx:TrackPointExtension></extensions><extensions><gpxtpx:PowerExtension><gpxtpx:PowerInWatts>137</gpxtpx:PowerInWatts></gpxtpx:PowerExtension></extensions></trkpt>
<trkpt lat="38.5780137" lon="-121.4792462">
<ele>10</ele><time>2025-08-29T17:05:54.000Z</time><extensions><gpxtpx:TrackPointExtension><gpxtpx:hr>155</gpxtpx:hr><gpxtpx:cad>68</gpxtpx:cad></gpxtpx:TrackPointExtension></extensions><extensions><gpxtpx:PowerExtension><gpxtpx:PowerInWatts>137</gpxtpx:PowerInWatts></gpxtpx:PowerExtension></extensions></trkpt>
<trkpt lat="38.5780734" lon="-121.4792170">
<ele>10</ele><time>2025-08-29T17:05:56.000Z</time><extensions><gpxtpx:TrackPointExtension><gpxtpx:hr>154</gpxtpx:hr><gpxtpx:cad>68</gpxtpx:cad></gpxtpx:TrackPointExtension></extensions><extensions><gpxtpx:PowerExtension><gpxtpx:PowerInWatts>178</gpxtpx:PowerInWatts></gpxtpx:PowerExtension></extensions></trkpt>
<trkpt lat="38.5781277" lon="-121.4792087">
<ele>10</ele><time>2025-08-29T17:05:58.000Z</time><extensions><gpxtpx:TrackPointExtension><gpxtpx:hr>154</gpxtpx:hr><gpxtpx:cad>73</gpxtpx:cad></gpxtpx:TrackPointExtension></extensions><extensions><gpxtpx:PowerExtension><gpxtpx:PowerInWatts>178</gpxtpx:PowerInWatts></gpxtpx:PowerExtension></extensions></trkpt>
<trkpt lat="38.5781760" lon="-121.4791920">
<ele>10</ele><time>2025-08-29T17:06:00.000Z</time><extensions><gpxtpx:TrackPointExtension><gpxtpx:hr>154</gpxtpx:hr><gpxtpx:cad>77</gpxtpx:cad></gpxtpx:TrackPointExtension></extensions><extensions><gpxtpx:PowerExtension><gpxtpx:PowerInWatts>195</gpxtpx:PowerInWatts></gpxtpx:PowerExtension></extensions></trkpt>
<trkpt lat="38.5782280" lon="-121.4791892">
<ele>10</ele><time>2025-08-29T17:06:02.000Z</time><extensions><gpxtpx:TrackPointExtension><gpxtpx:hr>155</gpxtpx:hr><gpxtpx:cad>81</gpxtpx:cad></gpxtpx:TrackPointExtension></extensions><extensions><gpxtpx:PowerExtension><gpxtpx:PowerInWatts>195</gpxtpx:PowerInWatts></gpxtpx:PowerExtension></extensions></trkpt>
<trkpt lat="38.5782773" lon="-121.4791718">
<ele>10</ele><time>2025-08-29T17:06:04.000Z</time><extensions><gpxtpx:TrackPointExtension><gpxtpx:hr>155</gpxtpx:hr><gpxtpx:cad>80</gpxtpx:cad></gpxtpx:TrackPointExtension></extensions><extensions><gpxtpx:PowerExtension><gpxtpx:PowerInWatts>236</gpxtpx:PowerInWatts></gpxtpx:PowerExtension></extensions></trkpt>
<trkpt lat="38.5783347" lon="-121.4791487">
<ele>10</ele><time>2025-08-29T17:06:06.000Z</time><extensions><gpxtpx:TrackPointExtension><gpxtpx:hr>155</gpxtpx:hr><gpxtpx:cad>77</gpxtpx:cad></gpxtpx:TrackPointExtension></extensions><extensions><gpxtpx:PowerExtension><gpxtpx:PowerInWatts>236</gpxtpx:PowerInWatts></gpxtpx:PowerExtension></extensions></trkpt>
<trkpt lat="38.5783780" lon="-121.4791190">
<ele>10</ele><time>2025-08-29T17:06:08.000Z</time><extensions><gpxtpx:TrackPointExtension><gpxtpx:hr>156</gpxtpx:hr><gpxtpx:cad>77</gpxtpx:cad></gpxtpx:TrackPointExtension></extensions><extensions><gpxtpx:PowerExtension><gpxtpx:PowerInWatts>236</gpxtpx:PowerInWatts></gpxtpx:PowerExtension></extensions></trkpt>
<trkpt lat="38.5784231" lon="-121.4791055">
<ele>10</ele><time>2025-08-29T17:06:09.999Z</time><extensions><gpxtpx:TrackPointExtension><gpxtpx:hr>157</gpxtpx:hr><gpxtpx:cad>76</gpxtpx:cad></gpxtpx:TrackPointExtension></extensions><extensions><gpxtpx:PowerExtension><gpxtpx:PowerInWatts>236</gpxtpx:PowerInWatts></gpxtpx:PowerExtension></extensions></trkpt>
<trkpt lat="38.5784815" lon="-121.4790803">
<ele>10</ele><time>2025-08-29T17:06:11.999Z</time><extensions><gpxtpx:TrackPointExtension><gpxtpx:hr>158</gpxtpx:hr><gpxtpx:cad>75</gpxtpx:cad></gpxtpx:TrackPointExtension></extensions><extensions><gpxtpx:PowerExtension><gpxtpx:PowerInWatts>240</gpxtpx:PowerInWatts></gpxtpx:PowerExtension></extensions></trkpt>
<trkpt lat="38.5785403" lon="-121.4790508">
<ele>10</ele><time>2025-08-29T17:06:13.999Z</time><extensions><gpxtpx:TrackPointExtension><gpxtpx:hr>158</gpxtpx:hr><gpxtpx:cad>79</gpxtpx:cad></gpxtpx:TrackPointExtension></extensions><extensions><gpxtpx:PowerExtension><gpxtpx:PowerInWatts>239</gpxtpx:PowerInWatts></gpxtpx:PowerExtension></extensions></trkpt>
<trkpt lat="38.5785842" lon="-121.4790375">
<ele>10</ele><time>2025-08-29T17:06:15.999Z</time><extensions><gpxtpx:TrackPointExtension><gpxtpx:hr>157</gpxtpx:hr><gpxtpx:cad>82</gpxtpx:cad></gpxtpx:TrackPointExtension></extensions><extensions><gpxtpx:PowerExtension><gpxtpx:PowerInWatts>235</gpxtpx:PowerInWatts></gpxtpx:PowerExtension></extensions></trkpt>
<trkpt lat="38.5786313" lon="-121.4790086">
<ele>10</ele><time>2025-08-29T17:06:17.999Z</time><extensions><gpxtpx:TrackPointExtension><gpxtpx:hr>157</gpxtpx:hr><gpxtpx:cad>80</gpxtpx:cad></gpxtpx:TrackPointExtension></extensions><extensions><gpxtpx:PowerExtension><gpxtpx:PowerInWatts>235</gpxtpx:PowerInWatts></gpxtpx:PowerExtension></extensions></trkpt>
<trkpt lat="38.5786809" lon="-121.4789932">
<ele>10</ele><time>2025-08-29T17:06:19.999Z</time><extensions><gpxtpx:TrackPointExtension><gpxtpx:hr>157</gpxtpx:hr><gpxtpx:cad>80</gpxtpx:cad></gpxtpx:TrackPointExtension></extensions><extensions><gpxtpx:PowerExtension><gpxtpx:PowerInWatts>239</gpxtpx:PowerInWatts></gpxtpx:PowerExtension></extensions></trkpt>
<trkpt lat="38.5787371" lon="-121.4789506">
<ele>10</ele><time>2025-08-29T17:06:22.999Z</time><extensions><gpxtpx:TrackPointExtension><gpxtpx:hr>157</gpxtpx:hr><gpxtpx:cad>80</gpxtpx:cad></gpxtpx:TrackPointExtension></extensions><extensions><gpxtpx:PowerExtension><gpxtpx:PowerInWatts>239</gpxtpx:PowerInWatts></gpxtpx:PowerExtension></extensions></trkpt>
<trkpt lat="38.5787876" lon="-121.4789486">
<ele>10</ele><time>2025-08-29T17:06:25.999Z</time><extensions><gpxtpx:TrackPointExtension><gpxtpx:hr>158</gpxtpx:hr><gpxtpx:cad>80</gpxtpx:cad></gpxtpx:TrackPointExtension></extensions><extensions><gpxtpx:PowerExtension><gpxtpx:PowerInWatts>235</gpxtpx:PowerInWatts></gpxtpx:PowerExtension></extensions></trkpt>
<trkpt lat="38.5788553" lon="-121.4789243">
<ele>10</ele><time>2025-08-29T17:06:27.999Z</time><extensions><gpxtpx:TrackPointExtension><gpxtpx:hr>158</gpxtpx:hr><gpxtpx:cad>79</gpxtpx:cad></gpxtpx:TrackPointExtension></extensions><extensions><gpxtpx:PowerExtension><gpxtpx:PowerInWatts>235</gpxtpx:PowerInWatts></gpxtpx:PowerExtension></extensions></trkpt>
<trkpt lat="38.5789158" lon="-121.4788789">
<ele>10</ele><time>2025-08-29T17:06:29.999Z</time><extensions><gpxtpx:TrackPointExtension><gpxtpx:hr>158</gpxtpx:hr><gpxtpx:cad>79</gpxtpx:cad></gpxtpx:TrackPointExtension></extensions><extensions><gpxtpx:PowerExtension><gpxtpx:PowerInWatts>223</gpxtpx:PowerInWatts></gpxtpx:PowerExtension></extensions></trkpt>
<trkpt lat="38.5789818" lon="-121.4788532">
<ele>10</ele><time>2025-08-29T17:06:31.999Z</time><extensions><gpxtpx:TrackPointExtension><gpxtpx:hr>158</gpxtpx:hr><gpxtpx:cad>79</gpxtpx:cad></gpxtpx:TrackPointExtension></extensions><extensions><gpxtpx:PowerExtension><gpxtpx:PowerInWatts>223</gpxtpx:PowerInWatts></gpxtpx:PowerExtension></extensions></trkpt>
<trkpt lat="38.5790345" lon="-121.4788453">
<ele>10</ele><time>2025-08-29T17:06:33.999Z</time><extensions><gpxtpx:TrackPointExtension><gpxtpx:hr>159</gpxtpx:hr><gpxtpx:cad>83</gpxtpx:cad></gpxtpx:TrackPointExtension></extensions><extensions><gpxtpx:PowerExtension><gpxtpx:PowerInWatts>231</gpxtpx:PowerInWatts></gpxtpx:PowerExtension></extensions></trkpt>
<trkpt lat="38.5790812" lon="-121.4788101">
<ele>10</ele><time>2025-08-29T17:06:35.999Z</time><extensions><gpxtpx:TrackPointExtension><gpxtpx:hr>159</gpxtpx:hr><gpxtpx:cad>81</gpxtpx:cad></gpxtpx:TrackPointExtension></extensions><extensions><gpxtpx:PowerExtension><gpxtpx:PowerInWatts>231</gpxtpx:PowerInWatts></gpxtpx:PowerExtension></extensions></trkpt>
<trkpt lat="38.5791263" lon="-121.4787877">
<ele>10</ele><time>2025-08-29T17:06:37.999Z</time><extensions><gpxtpx:TrackPointExtension><gpxtpx:hr>160</gpxtpx:hr><gpxtpx:cad>81</gpxtpx:cad></gpxtpx:TrackPointExtension></extensions><extensions><gpxtpx:PowerExtension><gpxtpx:PowerInWatts>237</gpxtpx:PowerInWatts></gpxtpx:PowerExtension></extensions></trkpt>
<trkpt lat="38.5791748" lon="-121.4787688">
<ele>10</ele><time>2025-08-29T17:06:39.999Z</time><extensions><gpxtpx:TrackPointExtension><gpxtpx:hr>160</gpxtpx:hr><gpxtpx:cad>80</gpxtpx:cad></gpxtpx:TrackPointExtension></extensions><extensions><gpxtpx:PowerExtension><gpxtpx:PowerInWatts>240</gpxtpx:PowerInWatts></gpxtpx:PowerExtension></extensions></trkpt>
<trkpt lat="38.5792286" lon="-121.4787582">
<ele>10</ele><time>2025-08-29T17:06:41.999Z</time><extensions><gpxtpx:TrackPointExtension><gpxtpx:hr>160</gpxtpx:hr><gpxtpx:cad>80</gpxtpx:cad></gpxtpx:TrackPointExtension></extensions><extensions><gpxtpx:PowerExtension><gpxtpx:PowerInWatts>236</gpxtpx:PowerInWatts></gpxtpx:PowerExtension></extensions></trkpt>
<trkpt lat="38.5792809" lon="-121.4787409">
<ele>10</ele><time>2025-08-29T17:06:44.999Z</time><extensions><gpxtpx:TrackPointExtension><gpxtpx:hr>161</gpxtpx:hr><gpxtpx:cad>82</gpxtpx:cad></gpxtpx:TrackPointExtension></extensions><extensions><gpxtpx:PowerExtension><gpxtpx:PowerInWatts>230</gpxtpx:PowerInWatts></gpxtpx:PowerExtension></extensions></trkpt>
<trkpt lat="38.5793249" lon="-121.4787267">
<ele>10</ele><time>2025-08-29T17:06:46.999Z</time><extensions><gpxtpx:TrackPointExtension><gpxtpx:hr>162</gpxtpx:hr><gpxtpx:cad>79</gpxtpx:cad></gpxtpx:TrackPointExtension></extensions><extensions><gpxtpx:PowerExtension><gpxtpx:PowerInWatts>228</gpxtpx:PowerInWatts></gpxtpx:PowerExtension></extensions></trkpt>
<trkpt lat="38.5793689" lon="-121.4787078">
<ele>10</ele><time>2025-08-29T17:06:48.999Z</time><extensions><gpxtpx:TrackPointExtension><gpxtpx:hr>162</gpxtpx:hr><gpxtpx:cad>76</gpxtpx:cad></gpxtpx:TrackPointExtension></extensions><extensions><gpxtpx:PowerExtension><gpxtpx:PowerInWatts>228</gpxtpx:PowerInWatts></gpxtpx:PowerExtension></extensions></trkpt>
<trkpt lat="38.5794194" lon="-121.4786690">
<ele>10</ele><time>2025-08-29T17:06:51.999Z</time><extensions><gpxtpx:TrackPointExtension><gpxtpx:hr>163</gpxtpx:hr><gpxtpx:cad>79</gpxtpx:cad></gpxtpx:TrackPointExtension></extensions><extensions><gpxtpx:PowerExtension><gpxtpx:PowerInWatts>215</gpxtpx:PowerInWatts></gpxtpx:PowerExtension></extensions></trkpt>
<trkpt lat="38.5794782" lon="-121.4786388">
<ele>10</ele><time>2025-08-29T17:06:53.999Z</time><extensions><gpxtpx:TrackPointExtension><gpxtpx:hr>163</gpxtpx:hr><gpxtpx:cad>81</gpxtpx:cad></gpxtpx:TrackPointExtension></extensions><extensions><gpxtpx:PowerExtension><gpxtpx:PowerInWatts>215</gpxtpx:PowerInWatts></gpxtpx:PowerExtension></extensions></trkpt>
<trkpt lat="38.5795343" lon="-121.4786160">
<ele>10</ele><time>2025-08-29T17:06:55.999Z</time><extensions><gpxtpx:TrackPointExtension><gpxtpx:hr>164</gpxtpx:hr><gpxtpx:cad>81</gpxtpx:cad></gpxtpx:TrackPointExtension></extensions><extensions><gpxtpx:PowerExtension><gpxtpx:PowerInWatts>215</gpxtpx:PowerInWatts></gpxtpx:PowerExtension></extensions></trkpt>
<trkpt lat="38.5795875" lon="-121.4785858">
<ele>10</ele><time>2025-08-29T17:06:57.999Z</time><extensions><gpxtpx:TrackPointExtension><gpxtpx:hr>163</gpxtpx:hr><gpxtpx:cad>80</gpxtpx:cad></gpxtpx:TrackPointExtension></extensions><extensions><gpxtpx:PowerExtension><gpxtpx:PowerInWatts>215</gpxtpx:PowerInWatts></gpxtpx:PowerExtension></extensions></trkpt>
<trkpt lat="38.5796413" lon="-121.4785566">
<ele>10</ele><time>2025-08-29T17:06:59.999Z</time><extensions><gpxtpx:TrackPointExtension><gpxtpx:hr>163</gpxtpx:hr><gpxtpx:cad>81</gpxtpx:cad></gpxtpx:TrackPointExtension></extensions><extensions><gpxtpx:PowerExtension><gpxtpx:PowerInWatts>212</gpxtpx:PowerInWatts></gpxtpx:PowerExtension></extensions></trkpt>
<trkpt lat="38.5796918" lon="-121.4785389">
<ele>10</ele><time>2025-08-29T17:07:02.999Z</time><extensions><gpxtpx:TrackPointExtension><gpxtpx:hr>163</gpxtpx:hr><gpxtpx:cad>77</gpxtpx:cad></gpxtpx:TrackPointExtension></extensions><extensions><gpxtpx:PowerExtension><gpxtpx:PowerInWatts>216</gpxtpx:PowerInWatts></gpxtpx:PowerExtension></extensions></trkpt>
<trkpt lat="38.5797536" lon="-121.4785196">
<ele>10</ele><time>2025-08-29T17:07:05.999Z</time><extensions><gpxtpx:TrackPointExtension><gpxtpx:hr>163</gpxtpx:hr><gpxtpx:cad>76</gpxtpx:cad></gpxtpx:TrackPointExtension></extensions><extensions><gpxtpx:PowerExtension><gpxtpx:PowerInWatts>218</gpxtpx:PowerInWatts></gpxtpx:PowerExtension></extensions></trkpt>
<trkpt lat="38.5798154" lon="-121.4785194">
<ele>10</ele><time>2025-08-29T17:07:07.999Z</time><extensions><gpxtpx:TrackPointExtension><gpxtpx:hr>164</gpxtpx:hr><gpxtpx:cad>75</gpxtpx:cad></gpxtpx:TrackPointExtension></extensions><extensions><gpxtpx:PowerExtension><gpxtpx:PowerInWatts>206</gpxtpx:PowerInWatts></gpxtpx:PowerExtension></extensions></trkpt>
<trkpt lat="38.5798617" lon="-121.4784805">
<ele>10</ele><time>2025-08-29T17:07:09.999Z</time><extensions><gpxtpx:TrackPointExtension><gpxtpx:hr>163</gpxtpx:hr><gpxtpx:cad>79</gpxtpx:cad></gpxtpx:TrackPointExtension></extensions><extensions><gpxtpx:PowerExtension><gpxtpx:PowerInWatts>206</gpxtpx:PowerInWatts></gpxtpx:PowerExtension></extensions></trkpt>
<trkpt lat="38.5799323" lon="-121.4784546">
<ele>10</ele><time>2025-08-29T17:07:12.999Z</time><extensions><gpxtpx:TrackPointExtension><gpxtpx:hr>163</gpxtpx:hr><gpxtpx:cad>82</gpxtpx:cad></gpxtpx:TrackPointExtension></extensions><extensions><gpxtpx:PowerExtension><gpxtpx:PowerInWatts>206</gpxtpx:PowerInWatts></gpxtpx:PowerExtension></extensions></trkpt>
<trkpt lat="38.5799884" lon="-121.4784173">
<ele>10</ele><time>2025-08-29T17:07:14.999Z</time><extensions><gpxtpx:TrackPointExtension><gpxtpx:hr>163</gpxtpx:hr><gpxtpx:cad>82</gpxtpx:cad></gpxtpx:TrackPointExtension></extensions><extensions><gpxtpx:PowerExtension><gpxtpx:PowerInWatts>206</gpxtpx:PowerInWatts></gpxtpx:PowerExtension></extensions></trkpt>
<trkpt lat="38.5800501" lon="-121.4783901">
<ele>10</ele><time>2025-08-29T17:07:16.999Z</time><extensions><gpxtpx:TrackPointExtension><gpxtpx:hr>164</gpxtpx:hr><gpxtpx:cad>80</gpxtpx:cad></gpxtpx:TrackPointExtension></extensions><extensions><gpxtpx:PowerExtension><gpxtpx:PowerInWatts>212</gpxtpx:PowerInWatts></gpxtpx:PowerExtension></extensions></trkpt>
<trkpt lat="38.5801045" lon="-121.4783804">
<ele>10</ele><time>2025-08-29T17:07:18.999Z</time><extensions><gpxtpx:TrackPointExtension><gpxtpx:hr>164</gpxtpx:hr><gpxtpx:cad>79</gpxtpx:cad></gpxtpx:TrackPointExtension></extensions><extensions><gpxtpx:PowerExtension><gpxtpx:PowerInWatts>211</gpxtpx:PowerInWatts></gpxtpx:PowerExtension></extensions></trkpt>
<trkpt lat="38.5801633" lon="-121.4783544">
<ele>10</ele><time>2025-08-29T17:07:21.999Z</time><extensions><gpxtpx:TrackPointExtension><gpxtpx:hr>164</gpxtpx:hr><gpxtpx:cad>76</gpxtpx:cad></gpxtpx:TrackPointExtension></extensions><extensions><gpxtpx:PowerExtension><gpxtpx:PowerInWatts>211</gpxtpx:PowerInWatts></gpxtpx:PowerExtension></extensions></trkpt>
<trkpt lat="38.5802105" lon="-121.4783319">
<ele>10</ele><time>2025-08-29T17:07:23.999Z</time><extensions><gpxtpx:TrackPointExtension><gpxtpx:hr>164</gpxtpx:hr><gpxtpx:cad>74</gpxtpx:cad></gpxtpx:TrackPointExtension></extensions><extensions><gpxtpx:PowerExtension><gpxtpx:PowerInWatts>221</gpxtpx:PowerInWatts></gpxtpx:PowerExtension></extensions></trkpt>
<trkpt lat="38.5802678" lon="-121.4783048">
<ele>10</ele><time>2025-08-29T17:07:25.999Z</time><extensions><gpxtpx:TrackPointExtension><gpxtpx:hr>163</gpxtpx:hr><gpxtpx:cad>76</gpxtpx:cad></gpxtpx:TrackPointExtension></extensions><extensions><gpxtpx:PowerExtension><gpxtpx:PowerInWatts>220</gpxtpx:PowerInWatts></gpxtpx:PowerExtension></extensions></trkpt>
<trkpt lat="38.5803163" lon="-121.4782702">
<ele>10</ele><time>2025-08-29T17:07:27.999Z</time><extensions><gpxtpx:TrackPointExtension><gpxtpx:hr>163</gpxtpx:hr><gpxtpx:cad>75</gpxtpx:cad></gpxtpx:TrackPointExtension></extensions><extensions><gpxtpx:PowerExtension><gpxtpx:PowerInWatts>220</gpxtpx:PowerInWatts></gpxtpx:PowerExtension></extensions></trkpt>
<trkpt lat="38.5803639" lon="-121.4782577">
<ele>10</ele><time>2025-08-29T17:07:29.999Z</time><extensions><gpxtpx:TrackPointExtension><gpxtpx:hr>164</gpxtpx:hr><gpxtpx:cad>80</gpxtpx:cad></gpxtpx:TrackPointExtension></extensions><extensions><gpxtpx:PowerExtension><gpxtpx:PowerInWatts>220</gpxtpx:PowerInWatts></gpxtpx:PowerExtension></extensions></trkpt>
<trkpt lat="38.5804269" lon="-121.4782281">
<ele>10</ele><time>2025-08-29T17:07:32.999Z</time><extensions><gpxtpx:TrackPointExtension><gpxtpx:hr>164</gpxtpx:hr><gpxtpx:cad>81</gpxtpx:cad></gpxtpx:TrackPointExtension></extensions><extensions><gpxtpx:PowerExtension><gpxtpx:PowerInWatts>211</gpxtpx:PowerInWatts></gpxtpx:PowerExtension></extensions></trkpt>
<trkpt lat="38.5804828" lon="-121.4782076">
<ele>10</ele><time>2025-08-29T17:07:34.999Z</time><extensions><gpxtpx:TrackPointExtension><gpxtpx:hr>164</gpxtpx:hr><gpxtpx:cad>81</gpxtpx:cad></gpxtpx:TrackPointExtension></extensions><extensions><gpxtpx:PowerExtension><gpxtpx:PowerInWatts>211</gpxtpx:PowerInWatts></gpxtpx:PowerExtension></extensions></trkpt>
<trkpt lat="38.5805236" lon="-121.4781754">
<ele>10</ele><time>2025-08-29T17:07:36.999Z</time><extensions><gpxtpx:TrackPointExtension><gpxtpx:hr>165</gpxtpx:hr><gpxtpx:cad>81</gpxtpx:cad></gpxtpx:TrackPointExtension></extensions><extensions><gpxtpx:PowerExtension><gpxtpx:PowerInWatts>211</gpxtpx:PowerInWatts></gpxtpx:PowerExtension></extensions></trkpt>
<trkpt lat="38.5805942" lon="-121.4781648">
<ele>10</ele><time>2025-08-29T17:07:39.999Z</time><extensions><gpxtpx:TrackPointExtension><gpxtpx:hr>165</gpxtpx:hr><gpxtpx:cad>80</gpxtpx:cad></gpxtpx:TrackPointExtension></extensions><extensions><gpxtpx:PowerExtension><gpxtpx:PowerInWatts>205</gpxtpx:PowerInWatts></gpxtpx:PowerExtension></extensions></trkpt>
<trkpt lat="38.5806385" lon="-121.4781278">
<ele>10</ele><time>2025-08-29T17:07:41.999Z</time><extensions><gpxtpx:TrackPointExtension><gpxtpx:hr>165</gpxtpx:hr><gpxtpx:cad>77</gpxtpx:cad></gpxtpx:TrackPointExtension></extensions><extensions><gpxtpx:PowerExtension><gpxtpx:PowerInWatts>211</gpxtpx:PowerInWatts></gpxtpx:PowerExtension></extensions></trkpt>
<trkpt lat="38.5806969" lon="-121.4781198">
<ele>10</ele><time>2025-08-29T17:07:44.999Z</time><extensions><gpxtpx:TrackPointExtension><gpxtpx:hr>164</gpxtpx:hr><gpxtpx:cad>76</gpxtpx:cad></gpxtpx:TrackPointExtension></extensions><extensions><gpxtpx:PowerExtension><gpxtpx:PowerInWatts>211</gpxtpx:PowerInWatts></gpxtpx:PowerExtension></extensions></trkpt>
<trkpt lat="38.5807647" lon="-121.4781029">
<ele>10</ele><time>2025-08-29T17:07:47.999Z</time><extensions><gpxtpx:TrackPointExtension><gpxtpx:hr>165</gpxtpx:hr><gpxtpx:cad>76</gpxtpx:cad></gpxtpx:TrackPointExtension></extensions><extensions><gpxtpx:PowerExtension><gpxtpx:PowerInWatts>211</gpxtpx:PowerInWatts></gpxtpx:PowerExtension></extensions></trkpt>
<trkpt lat="38.5808187" lon="-121.4780975">
<ele>10</ele><time>2025-08-29T17:07:50.999Z</time><extensions><gpxtpx:TrackPointExtension><gpxtpx:hr>165</gpxtpx:hr><gpxtpx:cad>79</gpxtpx:cad></gpxtpx:TrackPointExtension></extensions><extensions><gpxtpx:PowerExtension><gpxtpx:PowerInWatts>211</gpxtpx:PowerInWatts></gpxtpx:PowerExtension></extensions></trkpt>
<trkpt lat="38.5808726" lon="-121.4780870">
<ele>10</ele><time>2025-08-29T17:07:53.999Z</time><extensions><gpxtpx:TrackPointExtension><gpxtpx:hr>164</gpxtpx:hr><gpxtpx:cad>77</gpxtpx:cad></gpxtpx:TrackPointExtension></extensions><extensions><gpxtpx:PowerExtension><gpxtpx:PowerInWatts>206</gpxtpx:PowerInWatts></gpxtpx:PowerExtension></extensions></trkpt>
<trkpt lat="38.5809433" lon="-121.4780513">
<ele>10</ele><time>2025-08-29T17:07:56.999Z</time><extensions><gpxtpx:TrackPointExtension><gpxtpx:hr>164</gpxtpx:hr><gpxtpx:cad>80</gpxtpx:cad></gpxtpx:TrackPointExtension></extensions><extensions><gpxtpx:PowerExtension><gpxtpx:PowerInWatts>197</gpxtpx:PowerInWatts></gpxtpx:PowerExtension></extensions></trkpt>
<trkpt lat="38.5809894" lon="-121.4780284">
<ele>10</ele><time>2025-08-29T17:07:57.999Z</time><extensions><gpxtpx:TrackPointExtension><gpxtpx:hr>164</gpxtpx:hr><gpxtpx:cad>81</gpxtpx:cad></gpxtpx:TrackPointExtension></extensions><extensions><gpxtpx:PowerExtension><gpxtpx:PowerInWatts>197</gpxtpx:PowerInWatts></gpxtpx:PowerExtension></extensions></trkpt>
<trkpt lat="38.5810557" lon="-121.4779943">
<ele>10</ele><time>2025-08-29T17:07:59.999Z</time><extensions><gpxtpx:TrackPointExtension><gpxtpx:hr>164</gpxtpx:hr><gpxtpx:cad>84</gpxtpx:cad></gpxtpx:TrackPointExtension></extensions><extensions><gpxtpx:PowerExtension><gpxtpx:PowerInWatts>197</gpxtpx:PowerInWatts></gpxtpx:PowerExtension></extensions></trkpt>
<trkpt lat="38.5811069" lon="-121.4779618">
<ele>10</ele><time>2025-08-29T17:08:01.999Z</time><extensions><gpxtpx:TrackPointExtension><gpxtpx:hr>164</gpxtpx:hr><gpxtpx:cad>78</gpxtpx:cad></gpxtpx:TrackPointExtension></extensions><extensions><gpxtpx:PowerExtension><gpxtpx:PowerInWatts>195</gpxtpx:PowerInWatts></gpxtpx:PowerExtension></extensions></trkpt>
<trkpt lat="38.5811744" lon="-121.4779189">
<ele>10</ele><time>2025-08-29T17:08:03.999Z</time><extensions><gpxtpx:TrackPointExtension><gpxtpx:hr>164</gpxtpx:hr><gpxtpx:cad>77</gpxtpx:cad></gpxtpx:TrackPointExtension></extensions><extensions><gpxtpx:PowerExtension><gpxtpx:PowerInWatts>208</gpxtpx:PowerInWatts></gpxtpx:PowerExtension></extensions></trkpt>
<trkpt lat="38.5812306" lon="-121.4778887">
<ele>10</ele><time>2025-08-29T17:08:07.999Z</time><extensions><gpxtpx:TrackPointExtension><gpxtpx:hr>165</gpxtpx:hr><gpxtpx:cad>76</gpxtpx:cad></gpxtpx:TrackPointExtension></extensions><extensions><gpxtpx:PowerExtension><gpxtpx:PowerInWatts>208</gpxtpx:PowerInWatts></gpxtpx:PowerExtension></extensions></trkpt>
<trkpt lat="38.5812859" lon="-121.4778657">
<ele>10</ele><time>2025-08-29T17:08:09.999Z</time><extensions><gpxtpx:TrackPointExtension><gpxtpx:hr>165</gpxtpx:hr><gpxtpx:cad>76</gpxtpx:cad></gpxtpx:TrackPointExtension></extensions><extensions><gpxtpx:PowerExtension><gpxtpx:PowerInWatts>251</gpxtpx:PowerInWatts></gpxtpx:PowerExtension></extensions></trkpt>
<trkpt lat="38.5813386" lon="-121.4778640">
<ele>10</ele><time>2025-08-29T17:08:11.999Z</time><extensions><gpxtpx:TrackPointExtension><gpxtpx:hr>165</gpxtpx:hr><gpxtpx:cad>83</gpxtpx:cad></gpxtpx:TrackPointExtension></extensions><extensions><gpxtpx:PowerExtension><gpxtpx:PowerInWatts>235</gpxtpx:PowerInWatts></gpxtpx:PowerExtension></extensions></trkpt>
<trkpt lat="38.5813845" lon="-121.4778371">
<ele>10</ele><time>2025-08-29T17:08:13.999Z</time><extensions><gpxtpx:TrackPointExtension><gpxtpx:hr>166</gpxtpx:hr><gpxtpx:cad>82</gpxtpx:cad></gpxtpx:TrackPointExtension></extensions><extensions><gpxtpx:PowerExtension><gpxtpx:PowerInWatts>186</gpxtpx:PowerInWatts></gpxtpx:PowerExtension></extensions></trkpt>
<trkpt lat="38.5814461" lon="-121.4778401">
<ele>10</ele><time>2025-08-29T17:08:16.999Z</time><extensions><gpxtpx:TrackPointExtension><gpxtpx:hr>166</gpxtpx:hr><gpxtpx:cad>82</gpxtpx:cad></gpxtpx:TrackPointExtension></extensions><extensions><gpxtpx:PowerExtension><gpxtpx:PowerInWatts>202</gpxtpx:PowerInWatts></gpxtpx:PowerExtension></extensions></trkpt>
<trkpt lat="38.5814920" lon="-121.4778260">
<ele>10</ele><time>2025-08-29T17:08:18.999Z</time><extensions><gpxtpx:TrackPointExtension><gpxtpx:hr>166</gpxtpx:hr><gpxtpx:cad>80</gpxtpx:cad></gpxtpx:TrackPointExtension></extensions><extensions><gpxtpx:PowerExtension><gpxtpx:PowerInWatts>212</gpxtpx:PowerInWatts></gpxtpx:PowerExtension></extensions></trkpt>
<trkpt lat="38.5815461" lon="-121.4778096">
<ele>10</ele><time>2025-08-29T17:08:20.999Z</time><extensions><gpxtpx:TrackPointExtension><gpxtpx:hr>167</gpxtpx:hr><gpxtpx:cad>77</gpxtpx:cad></gpxtpx:TrackPointExtension></extensions><extensions><gpxtpx:PowerExtension><gpxtpx:PowerInWatts>212</gpxtpx:PowerInWatts></gpxtpx:PowerExtension></extensions></trkpt>
<trkpt lat="38.5815957" lon="-121.4777832">
<ele>10</ele><time>2025-08-29T17:08:22.999Z</time><extensions><gpxtpx:TrackPointExtension><gpxtpx:hr>166</gpxtpx:hr><gpxtpx:cad>81</gpxtpx:cad></gpxtpx:TrackPointExtension></extensions><extensions><gpxtpx:PowerExtension><gpxtpx:PowerInWatts>205</gpxtpx:PowerInWatts></gpxtpx:PowerExtension></extensions></trkpt>
<trkpt lat="38.5816411" lon="-121.4777727">
<ele>10</ele><time>2025-08-29T17:08:25.999Z</time><extensions><gpxtpx:TrackPointExtension><gpxtpx:hr>166</gpxtpx:hr><gpxtpx:cad>81</gpxtpx:cad></gpxtpx:TrackPointExtension></extensions><extensions><gpxtpx:PowerExtension><gpxtpx:PowerInWatts>202</gpxtpx:PowerInWatts></gpxtpx:PowerExtension></extensions></trkpt>
<trkpt lat="38.5817132" lon="-121.4777417">
<ele>10</ele><time>2025-08-29T17:08:28.999Z</time><extensions><gpxtpx:TrackPointExtension><gpxtpx:hr>166</gpxtpx:hr><gpxtpx:cad>81</gpxtpx:cad></gpxtpx:TrackPointExtension></extensions><extensions><gpxtpx:PowerExtension><gpxtpx:PowerInWatts>206</gpxtpx:PowerInWatts></gpxtpx:PowerExtension></extensions></trkpt>
<trkpt lat="38.5817806" lon="-121.4777153">
<ele>10</ele><time>2025-08-29T17:08:31.999Z</time><extensions><gpxtpx:TrackPointExtension><gpxtpx:hr>165</gpxtpx:hr><gpxtpx:cad>74</gpxtpx:cad></gpxtpx:TrackPointExtension></extensions><extensions><gpxtpx:PowerExtension><gpxtpx:PowerInWatts>207</gpxtpx:PowerInWatts></gpxtpx:PowerExtension></extensions></trkpt>
<trkpt lat="38.5818181" lon="-121.4776673">
<ele>10</ele><time>2025-08-29T17:08:33.999Z</time><extensions><gpxtpx:TrackPointExtension><gpxtpx:hr>165</gpxtpx:hr><gpxtpx:cad>77</gpxtpx:cad></gpxtpx:TrackPointExtension></extensions><extensions><gpxtpx:PowerExtension><gpxtpx:PowerInWatts>207</gpxtpx:PowerInWatts></gpxtpx:PowerExtension></extensions></trkpt>
<trkpt lat="38.5818786" lon="-121.4776280">
<ele>10</ele><time>2025-08-29T17:08:35.999Z</time><extensions><gpxtpx:TrackPointExtension><gpxtpx:hr>165</gpxtpx:hr><gpxtpx:cad>77</gpxtpx:cad></gpxtpx:TrackPointExtension></extensions><extensions><gpxtpx:PowerExtension><gpxtpx:PowerInWatts>198</gpxtpx:PowerInWatts></gpxtpx:PowerExtension></extensions></trkpt>
<trkpt lat="38.5819263" lon="-121.4775848">
<ele>10</ele><time>2025-08-29T17:08:37.999Z</time><extensions><gpxtpx:TrackPointExtension><gpxtpx:hr>165</gpxtpx:hr><gpxtpx:cad>81</gpxtpx:cad></gpxtpx:TrackPointExtension></extensions><extensions><gpxtpx:PowerExtension><gpxtpx:PowerInWatts>197</gpxtpx:PowerInWatts></gpxtpx:PowerExtension></extensions></trkpt>
<trkpt lat="38.5819722" lon="-121.4775632">
<ele>10</ele><time>2025-08-29T17:08:39.999Z</time><extensions><gpxtpx:TrackPointExtension><gpxtpx:hr>165</gpxtpx:hr><gpxtpx:cad>81</gpxtpx:cad></gpxtpx:TrackPointExtension></extensions><extensions><gpxtpx:PowerExtension><gpxtpx:PowerInWatts>202</gpxtpx:PowerInWatts></gpxtpx:PowerExtension></extensions></trkpt>
<trkpt lat="38.5820217" lon="-121.4775426">
<ele>10</ele><time>2025-08-29T17:08:41.999Z</time><extensions><gpxtpx:TrackPointExtension><gpxtpx:hr>165</gpxtpx:hr><gpxtpx:cad>73</gpxtpx:cad></gpxtpx:TrackPointExtension></extensions><extensions><gpxtpx:PowerExtension><gpxtpx:PowerInWatts>209</gpxtpx:PowerInWatts></gpxtpx:PowerExtension></extensions></trkpt>
<trkpt lat="38.5820699" lon="-121.4775206">
<ele>10</ele><time>2025-08-29T17:08:43.999Z</time><extensions><gpxtpx:TrackPointExtension><gpxtpx:hr>165</gpxtpx:hr><gpxtpx:cad>76</gpxtpx:cad></gpxtpx:TrackPointExtension></extensions><extensions><gpxtpx:PowerExtension><gpxtpx:PowerInWatts>209</gpxtpx:PowerInWatts></gpxtpx:PowerExtension></extensions></trkpt>
<trkpt lat="38.5821316" lon="-121.4774906">
<ele>10</ele><time>2025-08-29T17:08:45.999Z</time><extensions><gpxtpx:TrackPointExtension><gpxtpx:hr>165</gpxtpx:hr><gpxtpx:cad>78</gpxtpx:cad></gpxtpx:TrackPointExtension></extensions><extensions><gpxtpx:PowerExtension><gpxtpx:PowerInWatts>214</gpxtpx:PowerInWatts></gpxtpx:PowerExtension></extensions></trkpt>
<trkpt lat="38.5821888" lon="-121.4774754">
<ele>10</ele><time>2025-08-29T17:08:47.999Z</time><extensions><gpxtpx:TrackPointExtension><gpxtpx:hr>164</gpxtpx:hr><gpxtpx:cad>73</gpxtpx:cad></gpxtpx:TrackPointExtension></extensions><extensions><gpxtpx:PowerExtension><gpxtpx:PowerInWatts>212</gpxtpx:PowerInWatts></gpxtpx:PowerExtension></extensions></trkpt>
<trkpt lat="38.5822387" lon="-121.4774780">
<ele>10</ele><time>2025-08-29T17:08:49.999Z</time><extensions><gpxtpx:TrackPointExtension><gpxtpx:hr>164</gpxtpx:hr><gpxtpx:cad>77</gpxtpx:cad></gpxtpx:TrackPointExtension></extensions><extensions><gpxtpx:PowerExtension><gpxtpx:PowerInWatts>212</gpxtpx:PowerInWatts></gpxtpx:PowerExtension></extensions></trkpt>
<trkpt lat="38.5822743" lon="-121.4774400">
<ele>10</ele><time>2025-08-29T17:08:51.999Z</time><extensions><gpxtpx:TrackPointExtension><gpxtpx:hr>165</gpxtpx:hr><gpxtpx:cad>81</gpxtpx:cad></gpxtpx:TrackPointExtension></extensions><extensions><gpxtpx:PowerExtension><gpxtpx:PowerInWatts>212</gpxtpx:PowerInWatts></gpxtpx:PowerExtension></extensions></trkpt>
<trkpt lat="38.5823195" lon="-121.4774196">
<ele>10</ele><time>2025-08-29T17:08:53.999Z</time><extensions><gpxtpx:TrackPointExtension><gpxtpx:hr>165</gpxtpx:hr><gpxtpx:cad>80</gpxtpx:cad></gpxtpx:TrackPointExtension></extensions><extensions><gpxtpx:PowerExtension><gpxtpx:PowerInWatts>221</gpxtpx:PowerInWatts></gpxtpx:PowerExtension></extensions></trkpt>
<trkpt lat="38.5823660" lon="-121.4773954">
<ele>10</ele><time>2025-08-29T17:08:55.999Z</time><extensions><gpxtpx:TrackPointExtension><gpxtpx:hr>165</gpxtpx:hr><gpxtpx:cad>78</gpxtpx:cad></gpxtpx:TrackPointExtension></extensions><extensions><gpxtpx:PowerExtension><gpxtpx:PowerInWatts>221</gpxtpx:PowerInWatts></gpxtpx:PowerExtension></extensions></trkpt>
<trkpt lat="38.5824146" lon="-121.4773653">
<ele>10</ele><time>2025-08-29T17:08:57.999Z</time><extensions><gpxtpx:TrackPointExtension><gpxtpx:hr>165</gpxtpx:hr><gpxtpx:cad>80</gpxtpx:cad></gpxtpx:TrackPointExtension></extensions><extensions><gpxtpx:PowerExtension><gpxtpx:PowerInWatts>219</gpxtpx:PowerInWatts></gpxtpx:PowerExtension></extensions></trkpt>
<trkpt lat="38.5824577" lon="-121.4773353">
<ele>10</ele><time>2025-08-29T17:08:59.999Z</time><extensions><gpxtpx:TrackPointExtension><gpxtpx:hr>165</gpxtpx:hr><gpxtpx:cad>84</gpxtpx:cad></gpxtpx:TrackPointExtension></extensions><extensions><gpxtpx:PowerExtension><gpxtpx:PowerInWatts>217</gpxtpx:PowerInWatts></gpxtpx:PowerExtension></extensions></trkpt>
<trkpt lat="38.5825074" lon="-121.4773353">
<ele>11</ele><time>2025-08-29T17:09:01.999Z</time><extensions><gpxtpx:TrackPointExtension><gpxtpx:hr>166</gpxtpx:hr><gpxtpx:cad>83</gpxtpx:cad></gpxtpx:TrackPointExtension></extensions><extensions><gpxtpx:PowerExtension><gpxtpx:PowerInWatts>217</gpxtpx:PowerInWatts></gpxtpx:PowerExtension></extensions></trkpt>
<trkpt lat="38.5825538" lon="-121.4773000">
<ele>11</ele><time>2025-08-29T17:09:03.999Z</time><extensions><gpxtpx:TrackPointExtension><gpxtpx:hr>166</gpxtpx:hr><gpxtpx:cad>83</gpxtpx:cad></gpxtpx:TrackPointExtension></extensions><extensions><gpxtpx:PowerExtension><gpxtpx:PowerInWatts>218</gpxtpx:PowerInWatts></gpxtpx:PowerExtension></extensions></trkpt>
<trkpt lat="38.5826029" lon="-121.4772843">
<ele>11</ele><time>2025-08-29T17:09:05.999Z</time><extensions><gpxtpx:TrackPointExtension><gpxtpx:hr>165</gpxtpx:hr><gpxtpx:cad>78</gpxtpx:cad></gpxtpx:TrackPointExtension></extensions><extensions><gpxtpx:PowerExtension><gpxtpx:PowerInWatts>216</gpxtpx:PowerInWatts></gpxtpx:PowerExtension></extensions></trkpt>
<trkpt lat="38.5826607" lon="-121.4772666">
<ele>11</ele><time>2025-08-29T17:09:07.999Z</time><extensions><gpxtpx:TrackPointExtension><gpxtpx:hr>165</gpxtpx:hr><gpxtpx:cad>76</gpxtpx:cad></gpxtpx:TrackPointExtension></extensions><extensions><gpxtpx:PowerExtension><gpxtpx:PowerInWatts>215</gpxtpx:PowerInWatts></gpxtpx:PowerExtension></extensions></trkpt>
<trkpt lat="38.5827011" lon="-121.4772396">
<ele>11</ele><time>2025-08-29T17:09:09.999Z</time><extensions><gpxtpx:TrackPointExtension><gpxtpx:hr>166</gpxtpx:hr><gpxtpx:cad>79</gpxtpx:cad></gpxtpx:TrackPointExtension></extensions><extensions><gpxtpx:PowerExtension><gpxtpx:PowerInWatts>217</gpxtpx:PowerInWatts></gpxtpx:PowerExtension></extensions></trkpt>
<trkpt lat="38.5827512" lon="-121.4772272">
<ele>11</ele><time>2025-08-29T17:09:12.999Z</time><extensions><gpxtpx:TrackPointExtension><gpxtpx:hr>166</gpxtpx:hr><gpxtpx:cad>82</gpxtpx:cad></gpxtpx:TrackPointExtension></extensions><extensions><gpxtpx:PowerExtension><gpxtpx:PowerInWatts>218</gpxtpx:PowerInWatts></gpxtpx:PowerExtension></extensions></trkpt>
<trkpt lat="38.5828037" lon="-121.4772163">
<ele>11</ele><time>2025-08-29T17:09:14.999Z</time><extensions><gpxtpx:TrackPointExtension><gpxtpx:hr>166</gpxtpx:hr><gpxtpx:cad>78</gpxtpx:cad></gpxtpx:TrackPointExtension></extensions><extensions><gpxtpx:PowerExtension><gpxtpx:PowerInWatts>218</gpxtpx:PowerInWatts></gpxtpx:PowerExtension></extensions></trkpt>
<trkpt lat="38.5828550" lon="-121.4772084">
<ele>11</ele><time>2025-08-29T17:09:16.999Z</time><extensions><gpxtpx:TrackPointExtension><gpxtpx:hr>165</gpxtpx:hr><gpxtpx:cad>77</gpxtpx:cad></gpxtpx:TrackPointExtension></extensions><extensions><gpxtpx:PowerExtension><gpxtpx:PowerInWatts>218</gpxtpx:PowerInWatts></gpxtpx:PowerExtension></extensions></trkpt>
<trkpt lat="38.5829155" lon="-121.4771921">
<ele>11</ele><time>2025-08-29T17:09:19.999Z</time><extensions><gpxtpx:TrackPointExtension><gpxtpx:hr>165</gpxtpx:hr><gpxtpx:cad>80</gpxtpx:cad></gpxtpx:TrackPointExtension></extensions><extensions><gpxtpx:PowerExtension><gpxtpx:PowerInWatts>212</gpxtpx:PowerInWatts></gpxtpx:PowerExtension></extensions></trkpt>
<trkpt lat="38.5829679" lon="-121.4772158">
<ele>11</ele><time>2025-08-29T17:09:21.999Z</time><extensions><gpxtpx:TrackPointExtension><gpxtpx:hr>165</gpxtpx:hr><gpxtpx:cad>80</gpxtpx:cad></gpxtpx:TrackPointExtension></extensions><extensions><gpxtpx:PowerExtension><gpxtpx:PowerInWatts>211</gpxtpx:PowerInWatts></gpxtpx:PowerExtension></extensions></trkpt>
<trkpt lat="38.5830195" lon="-121.4771904">
<ele>11</ele><time>2025-08-29T17:09:23.999Z</time><extensions><gpxtpx:TrackPointExtension><gpxtpx:hr>165</gpxtpx:hr><gpxtpx:cad>80</gpxtpx:cad></gpxtpx:TrackPointExtension></extensions><extensions><gpxtpx:PowerExtension><gpxtpx:PowerInWatts>210</gpxtpx:PowerInWatts></gpxtpx:PowerExtension></extensions></trkpt>
<trkpt lat="38.5830745" lon="-121.4771587">
<ele>11</ele><time>2025-08-29T17:09:25.999Z</time><extensions><gpxtpx:TrackPointExtension><gpxtpx:hr>164</gpxtpx:hr><gpxtpx:cad>81</gpxtpx:cad></gpxtpx:TrackPointExtension></extensions><extensions><gpxtpx:PowerExtension><gpxtpx:PowerInWatts>210</gpxtpx:PowerInWatts></gpxtpx:PowerExtension></extensions></trkpt>
<trkpt lat="38.5831352" lon="-121.4771265">
<ele>11</ele><time>2025-08-29T17:09:27.999Z</time><extensions><gpxtpx:TrackPointExtension><gpxtpx:hr>165</gpxtpx:hr><gpxtpx:cad>80</gpxtpx:cad></gpxtpx:TrackPointExtension></extensions><extensions><gpxtpx:PowerExtension><gpxtpx:PowerInWatts>210</gpxtpx:PowerInWatts></gpxtpx:PowerExtension></extensions></trkpt>
<trkpt lat="38.5832034" lon="-121.4771093">
<ele>11</ele><time>2025-08-29T17:09:29.999Z</time><extensions><gpxtpx:TrackPointExtension><gpxtpx:hr>165</gpxtpx:hr><gpxtpx:cad>77</gpxtpx:cad></gpxtpx:TrackPointExtension></extensions><extensions><gpxtpx:PowerExtension><gpxtpx:PowerInWatts>210</gpxtpx:PowerInWatts></gpxtpx:PowerExtension></extensions></trkpt>
<trkpt lat="38.5832645" lon="-121.4770675">
<ele>11</ele><time>2025-08-29T17:09:31.999Z</time><extensions><gpxtpx:TrackPointExtension><gpxtpx:hr>165</gpxtpx:hr><gpxtpx:cad>79</gpxtpx:cad></gpxtpx:TrackPointExtension></extensions><extensions><gpxtpx:PowerExtension><gpxtpx:PowerInWatts>213</gpxtpx:PowerInWatts></gpxtpx:PowerExtension></extensions></trkpt>
<trkpt lat="38.5833163" lon="-121.4770406">
<ele>11</ele><time>2025-08-29T17:09:33.999Z</time><extensions><gpxtpx:TrackPointExtension><gpxtpx:hr>165</gpxtpx:hr><gpxtpx:cad>79</gpxtpx:cad></gpxtpx:TrackPointExtension></extensions><extensions><gpxtpx:PowerExtension><gpxtpx:PowerInWatts>220</gpxtpx:PowerInWatts></gpxtpx:PowerExtension></extensions></trkpt>
<trkpt lat="38.5833655" lon="-121.4770375">
<ele>11</ele><time>2025-08-29T17:09:35.999Z</time><extensions><gpxtpx:TrackPointExtension><gpxtpx:hr>167</gpxtpx:hr><gpxtpx:cad>79</gpxtpx:cad></gpxtpx:TrackPointExtension></extensions><extensions><gpxtpx:PowerExtension><gpxtpx:PowerInWatts>227</gpxtpx:PowerInWatts></gpxtpx:PowerExtension></extensions></trkpt>
<trkpt lat="38.5834173" lon="-121.4769926">
<ele>11</ele><time>2025-08-29T17:09:37.999Z</time><extensions><gpxtpx:TrackPointExtension><gpxtpx:hr>167</gpxtpx:hr><gpxtpx:cad>79</gpxtpx:cad></gpxtpx:TrackPointExtension></extensions><extensions><gpxtpx:PowerExtension><gpxtpx:PowerInWatts>227</gpxtpx:PowerInWatts></gpxtpx:PowerExtension></extensions></trkpt>
<trkpt lat="38.5834665" lon="-121.4769677">
<ele>11</ele><time>2025-08-29T17:09:39.999Z</time><extensions><gpxtpx:TrackPointExtension><gpxtpx:hr>167</gpxtpx:hr><gpxtpx:cad>79</gpxtpx:cad></gpxtpx:TrackPointExtension></extensions><extensions><gpxtpx:PowerExtension><gpxtpx:PowerInWatts>227</gpxtpx:PowerInWatts></gpxtpx:PowerExtension></extensions></trkpt>
<trkpt lat="38.5835127" lon="-121.4769575">
<ele>11</ele><time>2025-08-29T17:09:41.999Z</time><extensions><gpxtpx:TrackPointExtension><gpxtpx:hr>167</gpxtpx:hr><gpxtpx:cad>80</gpxtpx:cad></gpxtpx:TrackPointExtension></extensions><extensions><gpxtpx:PowerExtension><gpxtpx:PowerInWatts>231</gpxtpx:PowerInWatts></gpxtpx:PowerExtension></extensions></trkpt>
<trkpt lat="38.5835667" lon="-121.4769399">
<ele>11</ele><time>2025-08-29T17:09:43.999Z</time><extensions><gpxtpx:TrackPointExtension><gpxtpx:hr>167</gpxtpx:hr><gpxtpx:cad>81</gpxtpx:cad></gpxtpx:TrackPointExtension></extensions><extensions><gpxtpx:PowerExtension><gpxtpx:PowerInWatts>231</gpxtpx:PowerInWatts></gpxtpx:PowerExtension></extensions></trkpt>
<trkpt lat="38.5836131" lon="-121.4769329">
<ele>11</ele><time>2025-08-29T17:09:45.999Z</time><extensions><gpxtpx:TrackPointExtension><gpxtpx:hr>167</gpxtpx:hr><gpxtpx:cad>85</gpxtpx:cad></gpxtpx:TrackPointExtension></extensions><extensions><gpxtpx:PowerExtension><gpxtpx:PowerInWatts>229</gpxtpx:PowerInWatts></gpxtpx:PowerExtension></extensions></trkpt>
<trkpt lat="38.5836726" lon="-121.4769261">
<ele>11</ele><time>2025-08-29T17:09:47.999Z</time><extensions><gpxtpx:TrackPointExtension><gpxtpx:hr>168</gpxtpx:hr><gpxtpx:cad>82</gpxtpx:cad></gpxtpx:TrackPointExtension></extensions><extensions><gpxtpx:PowerExtension><gpxtpx:PowerInWatts>229</gpxtpx:PowerInWatts></gpxtpx:PowerExtension></extensions></trkpt>
<trkpt lat="38.5837190" lon="-121.4768961">
<ele>11</ele><time>2025-08-29T17:09:49.999Z</time><extensions><gpxtpx:TrackPointExtension><gpxtpx:hr>167</gpxtpx:hr><gpxtpx:cad>81</gpxtpx:cad></gpxtpx:TrackPointExtension></extensions><extensions><gpxtpx:PowerExtension><gpxtpx:PowerInWatts>227</gpxtpx:PowerInWatts></gpxtpx:PowerExtension></extensions></trkpt>
<trkpt lat="38.5837671" lon="-121.4768803">
<ele>11</ele><time>2025-08-29T17:09:51.999Z</time><extensions><gpxtpx:TrackPointExtension><gpxtpx:hr>167</gpxtpx:hr><gpxtpx:cad>81</gpxtpx:cad></gpxtpx:TrackPointExtension></extensions><extensions><gpxtpx:PowerExtension><gpxtpx:PowerInWatts>227</gpxtpx:PowerInWatts></gpxtpx:PowerExtension></extensions></trkpt>
<trkpt lat="38.5838288" lon="-121.4768543">
<ele>11</ele><time>2025-08-29T17:09:53.999Z</time><extensions><gpxtpx:TrackPointExtension><gpxtpx:hr>167</gpxtpx:hr><gpxtpx:cad>81</gpxtpx:cad></gpxtpx:TrackPointExtension></extensions><extensions><gpxtpx:PowerExtension><gpxtpx:PowerInWatts>227</gpxtpx:PowerInWatts></gpxtpx:PowerExtension></extensions></trkpt>
<trkpt lat="38.5838805" lon="-121.4768653">
<ele>11</ele><time>2025-08-29T17:09:56.999Z</time><extensions><gpxtpx:TrackPointExtension><gpxtpx:hr>167</gpxtpx:hr><gpxtpx:cad>82</gpxtpx:cad></gpxtpx:TrackPointExtension></extensions><extensions><gpxtpx:PowerExtension><gpxtpx:PowerInWatts>227</gpxtpx:PowerInWatts></gpxtpx:PowerExtension></extensions></trkpt>
<trkpt lat="38.5839302" lon="-121.4768760">
<ele>11</ele><time>2025-08-29T17:09:58.999Z</time><extensions><gpxtpx:TrackPointExtension><gpxtpx:hr>167</gpxtpx:hr><gpxtpx:cad>80</gpxtpx:cad></gpxtpx:TrackPointExtension></extensions><extensions><gpxtpx:PowerExtension><gpxtpx:PowerInWatts>227</gpxtpx:PowerInWatts></gpxtpx:PowerExtension></extensions></trkpt>
<trkpt lat="38.5840053" lon="-121.4768603">
<ele>11</ele><time>2025-08-29T17:10:00.999Z</time><extensions><gpxtpx:TrackPointExtension><gpxtpx:hr>167</gpxtpx:hr><gpxtpx:cad>79</gpxtpx:cad></gpxtpx:TrackPointExtension></extensions><extensions><gpxtpx:PowerExtension><gpxtpx:PowerInWatts>227</gpxtpx:PowerInWatts></gpxtpx:PowerExtension></extensions></trkpt>
<trkpt lat="38.5840624" lon="-121.4768775">
<ele>11</ele><time>2025-08-29T17:10:03.999Z</time><extensions><gpxtpx:TrackPointExtension><gpxtpx:hr>167</gpxtpx:hr><gpxtpx:cad>73</gpxtpx:cad></gpxtpx:TrackPointExtension></extensions><extensions><gpxtpx:PowerExtension><gpxtpx:PowerInWatts>223</gpxtpx:PowerInWatts></gpxtpx:PowerExtension></extensions></trkpt>
<trkpt lat="38.5841016" lon="-121.4769142">
<ele>11</ele><time>2025-08-29T17:10:05.999Z</time><extensions><gpxtpx:TrackPointExtension><gpxtpx:hr>166</gpxtpx:hr><gpxtpx:cad>70</gpxtpx:cad></gpxtpx:TrackPointExtension></extensions><extensions><gpxtpx:PowerExtension><gpxtpx:PowerInWatts>223</gpxtpx:PowerInWatts></gpxtpx:PowerExtension></extensions></trkpt>
<trkpt lat="38.5841427" lon="-121.4768633">
<ele>11</ele><time>2025-08-29T17:10:07.999Z</time><extensions><gpxtpx:TrackPointExtension><gpxtpx:hr>166</gpxtpx:hr><gpxtpx:cad>66</gpxtpx:cad></gpxtpx:TrackPointExtension></extensions><extensions><gpxtpx:PowerExtension><gpxtpx:PowerInWatts>223</gpxtpx:PowerInWatts></gpxtpx:PowerExtension></extensions></trkpt>
<trkpt lat="38.5841889" lon="-121.4768420">
<ele>11</ele><time>2025-08-29T17:10:10.999Z</time><extensions><gpxtpx:TrackPointExtension><gpxtpx:hr>166</gpxtpx:hr><gpxtpx:cad>63</gpxtpx:cad></gpxtpx:TrackPointExtension></extensions><extensions><gpxtpx:PowerExtension><gpxtpx:PowerInWatts>218</gpxtpx:PowerInWatts></gpxtpx:PowerExtension></extensions></trkpt>
<trkpt lat="38.5842566" lon="-121.4768135">
<ele>11</ele><time>2025-08-29T17:10:13.999Z</time><extensions><gpxtpx:TrackPointExtension><gpxtpx:hr>167</gpxtpx:hr><gpxtpx:cad>61</gpxtpx:cad></gpxtpx:TrackPointExtension></extensions><extensions><gpxtpx:PowerExtension><gpxtpx:PowerInWatts>213</gpxtpx:PowerInWatts></gpxtpx:PowerExtension></extensions></trkpt>
<trkpt lat="38.5842969" lon="-121.4768493">
<ele>11</ele><time>2025-08-29T17:10:18.999Z</time><extensions><gpxtpx:TrackPointExtension><gpxtpx:hr>166</gpxtpx:hr><gpxtpx:cad>59</gpxtpx:cad></gpxtpx:TrackPointExtension></extensions><extensions><gpxtpx:PowerExtension><gpxtpx:PowerInWatts>207</gpxtpx:PowerInWatts></gpxtpx:PowerExtension></extensions></trkpt>
<trkpt lat="38.5843169" lon="-121.4769086">
<ele>11</ele><time>2025-08-29T17:10:25.999Z</time><extensions><gpxtpx:TrackPointExtension><gpxtpx:hr>164</gpxtpx:hr><gpxtpx:cad>56</gpxtpx:cad></gpxtpx:TrackPointExtension></extensions><extensions><gpxtpx:PowerExtension><gpxtpx:PowerInWatts>193</gpxtpx:PowerInWatts></gpxtpx:PowerExtension></extensions></trkpt>
<trkpt lat="38.5843526" lon="-121.4769518">
<ele>11</ele><time>2025-08-29T17:10:29.999Z</time><extensions><gpxtpx:TrackPointExtension><gpxtpx:hr>162</gpxtpx:hr><gpxtpx:cad>56</gpxtpx:cad></gpxtpx:TrackPointExtension></extensions><extensions><gpxtpx:PowerExtension><gpxtpx:PowerInWatts>78</gpxtpx:PowerInWatts></gpxtpx:PowerExtension></extensions></trkpt>
<trkpt lat="38.5843428" lon="-121.4768895">
<ele>11</ele><time>2025-08-29T17:10:37.999Z</time><extensions><gpxtpx:TrackPointExtension><gpxtpx:hr>160</gpxtpx:hr><gpxtpx:cad>54</gpxtpx:cad></gpxtpx:TrackPointExtension></extensions><extensions><gpxtpx:PowerExtension><gpxtpx:PowerInWatts>74</gpxtpx:PowerInWatts></gpxtpx:PowerExtension></extensions></trkpt>
<trkpt lat="38.5843623" lon="-121.4769486">
<ele>11</ele><time>2025-08-29T17:10:41.999Z</time><extensions><gpxtpx:TrackPointExtension><gpxtpx:hr>160</gpxtpx:hr><gpxtpx:cad>52</gpxtpx:cad></gpxtpx:TrackPointExtension></extensions><extensions><gpxtpx:PowerExtension><gpxtpx:PowerInWatts>67</gpxtpx:PowerInWatts></gpxtpx:PowerExtension></extensions></trkpt>
<trkpt lat="38.5844153" lon="-121.4769921">
<ele>11</ele><time>2025-08-29T17:10:44.999Z</time><extensions><gpxtpx:TrackPointExtension><gpxtpx:hr>159</gpxtpx:hr><gpxtpx:cad>54</gpxtpx:cad></gpxtpx:TrackPointExtension></extensions><extensions><gpxtpx:PowerExtension><gpxtpx:PowerInWatts>65</gpxtpx:PowerInWatts></gpxtpx:PowerExtension></extensions></trkpt>
<trkpt lat="38.5844659" lon="-121.4769848">
<ele>11</ele><time>2025-08-29T17:10:48.999Z</time><extensions><gpxtpx:TrackPointExtension><gpxtpx:hr>157</gpxtpx:hr><gpxtpx:cad>51</gpxtpx:cad></gpxtpx:TrackPointExtension></extensions><extensions><gpxtpx:PowerExtension><gpxtpx:PowerInWatts>65</gpxtpx:PowerInWatts></gpxtpx:PowerExtension></extensions></trkpt>
<trkpt lat="38.5845034" lon="-121.4769520">
<ele>11</ele><time>2025-08-29T17:10:51.999Z</time><extensions><gpxtpx:TrackPointExtension><gpxtpx:hr>157</gpxtpx:hr><gpxtpx:cad>49</gpxtpx:cad></gpxtpx:TrackPointExtension></extensions><extensions><gpxtpx:PowerExtension><gpxtpx:PowerInWatts>65</gpxtpx:PowerInWatts></gpxtpx:PowerExtension></extensions></trkpt>
<trkpt lat="38.5845290" lon="-121.4768938">
<ele>11</ele><time>2025-08-29T17:10:55.999Z</time><extensions><gpxtpx:TrackPointExtension><gpxtpx:hr>155</gpxtpx:hr><gpxtpx:cad>50</gpxtpx:cad></gpxtpx:TrackPointExtension></extensions><extensions><gpxtpx:PowerExtension><gpxtpx:PowerInWatts>74</gpxtpx:PowerInWatts></gpxtpx:PowerExtension></extensions></trkpt>
<trkpt lat="38.5845338" lon="-121.4768360">
<ele>11</ele><time>2025-08-29T17:10:58.999Z</time><extensions><gpxtpx:TrackPointExtension><gpxtpx:hr>154</gpxtpx:hr><gpxtpx:cad>50</gpxtpx:cad></gpxtpx:TrackPointExtension></extensions><extensions><gpxtpx:PowerExtension><gpxtpx:PowerInWatts>76</gpxtpx:PowerInWatts></gpxtpx:PowerExtension></extensions></trkpt>
<trkpt lat="38.5845238" lon="-121.4767646">
<ele>10</ele><time>2025-08-29T17:11:02.999Z</time><extensions><gpxtpx:TrackPointExtension><gpxtpx:hr>151</gpxtpx:hr><gpxtpx:cad>48</gpxtpx:cad></gpxtpx:TrackPointExtension></extensions><extensions><gpxtpx:PowerExtension><gpxtpx:PowerInWatts>80</gpxtpx:PowerInWatts></gpxtpx:PowerExtension></extensions></trkpt>
<trkpt lat="38.5845110" lon="-121.4766974">
<ele>10</ele><time>2025-08-29T17:11:06.999Z</time><extensions><gpxtpx:TrackPointExtension><gpxtpx:hr>148</gpxtpx:hr><gpxtpx:cad>47</gpxtpx:cad></gpxtpx:TrackPointExtension></extensions><extensions><gpxtpx:PowerExtension><gpxtpx:PowerInWatts>80</gpxtpx:PowerInWatts></gpxtpx:PowerExtension></extensions></trkpt>
<trkpt lat="38.5844809" lon="-121.4766527">
<ele>10</ele><time>2025-08-29T17:11:09.999Z</time><extensions><gpxtpx:TrackPointExtension><gpxtpx:hr>148</gpxtpx:hr><gpxtpx:cad>49</gpxtpx:cad></gpxtpx:TrackPointExtension></extensions><extensions><gpxtpx:PowerExtension><gpxtpx:PowerInWatts>83</gpxtpx:PowerInWatts></gpxtpx:PowerExtension></extensions></trkpt>
<trkpt lat="38.5844251" lon="-121.4766477">
<ele>10</ele><time>2025-08-29T17:11:12.999Z</time><extensions><gpxtpx:TrackPointExtension><gpxtpx:hr>146</gpxtpx:hr><gpxtpx:cad>50</gpxtpx:cad></gpxtpx:TrackPointExtension></extensions><extensions><gpxtpx:PowerExtension><gpxtpx:PowerInWatts>84</gpxtpx:PowerInWatts></gpxtpx:PowerExtension></extensions></trkpt>
<trkpt lat="38.5843713" lon="-121.4766178">
<ele>10</ele><time>2025-08-29T17:11:16.999Z</time><extensions><gpxtpx:TrackPointExtension><gpxtpx:hr>144</gpxtpx:hr><gpxtpx:cad>53</gpxtpx:cad></gpxtpx:TrackPointExtension></extensions><extensions><gpxtpx:PowerExtension><gpxtpx:PowerInWatts>85</gpxtpx:PowerInWatts></gpxtpx:PowerExtension></extensions></trkpt>
<trkpt lat="38.5843370" lon="-121.4765792">
<ele>10</ele><time>2025-08-29T17:11:21.999Z</time><extensions><gpxtpx:TrackPointExtension><gpxtpx:hr>143</gpxtpx:hr><gpxtpx:cad>52</gpxtpx:cad></gpxtpx:TrackPointExtension></extensions><extensions><gpxtpx:PowerExtension><gpxtpx:PowerInWatts>86</gpxtpx:PowerInWatts></gpxtpx:PowerExtension></extensions></trkpt>
<trkpt lat="38.5842949" lon="-121.4765564">
<ele>10</ele><time>2025-08-29T17:11:24.999Z</time><extensions><gpxtpx:TrackPointExtension><gpxtpx:hr>142</gpxtpx:hr><gpxtpx:cad>51</gpxtpx:cad></gpxtpx:TrackPointExtension></extensions><extensions><gpxtpx:PowerExtension><gpxtpx:PowerInWatts>87</gpxtpx:PowerInWatts></gpxtpx:PowerExtension></extensions></trkpt>
<trkpt lat="38.5842511" lon="-121.4765069">
<ele>10</ele><time>2025-08-29T17:11:29.999Z</time><extensions><gpxtpx:TrackPointExtension><gpxtpx:hr>142</gpxtpx:hr><gpxtpx:cad>49</gpxtpx:cad></gpxtpx:TrackPointExtension></extensions><extensions><gpxtpx:PowerExtension><gpxtpx:PowerInWatts>83</gpxtpx:PowerInWatts></gpxtpx:PowerExtension></extensions></trkpt>
<trkpt lat="38.5842054" lon="-121.4765144">
<ele>10</ele><time>2025-08-29T17:11:32.999Z</time><extensions><gpxtpx:TrackPointExtension><gpxtpx:hr>141</gpxtpx:hr><gpxtpx:cad>52</gpxtpx:cad></gpxtpx:TrackPointExtension></extensions><extensions><gpxtpx:PowerExtension><gpxtpx:PowerInWatts>83</gpxtpx:PowerInWatts></gpxtpx:PowerExtension></extensions></trkpt>
<trkpt lat="38.5841533" lon="-121.4765258">
<ele>10</ele><time>2025-08-29T17:11:36.999Z</time><extensions><gpxtpx:TrackPointExtension><gpxtpx:hr>140</gpxtpx:hr><gpxtpx:cad>50</gpxtpx:cad></gpxtpx:TrackPointExtension></extensions><extensions><gpxtpx:PowerExtension><gpxtpx:PowerInWatts>83</gpxtpx:PowerInWatts></gpxtpx:PowerExtension></extensions></trkpt>
<trkpt lat="38.5841003" lon="-121.4765326">
<ele>10</ele><time>2025-08-29T17:11:41.999Z</time><extensions><gpxtpx:TrackPointExtension><gpxtpx:hr>139</gpxtpx:hr><gpxtpx:cad>50</gpxtpx:cad></gpxtpx:TrackPointExtension></extensions><extensions><gpxtpx:PowerExtension><gpxtpx:PowerInWatts>86</gpxtpx:PowerInWatts></gpxtpx:PowerExtension></extensions></trkpt>
</trkseg><trkseg>
<trkpt lat="38.5840090" lon="-121.4765862">
<ele>10</ele><time>2025-08-29T17:12:18.999Z</time><extensions><gpxtpx:TrackPointExtension><gpxtpx:hr>144</gpxtpx:hr><gpxtpx:cad>47</gpxtpx:cad></gpxtpx:TrackPointExtension></extensions><extensions><gpxtpx:PowerExtension><gpxtpx:PowerInWatts>78</gpxtpx:PowerInWatts></gpxtpx:PowerExtension></extensions></trkpt>
<trkpt lat="38.5839674" lon="-121.4766086">
<ele>10</ele><time>2025-08-29T17:12:22.999Z</time><extensions><gpxtpx:TrackPointExtension><gpxtpx:hr>144</gpxtpx:hr><gpxtpx:cad>48</gpxtpx:cad></gpxtpx:TrackPointExtension></extensions><extensions><gpxtpx:PowerExtension><gpxtpx:PowerInWatts>97</gpxtpx:PowerInWatts></gpxtpx:PowerExtension></extensions></trkpt>
<trkpt lat="38.5839242" lon="-121.4766296">
<ele>10</ele><time>2025-08-29T17:12:26.999Z</time><extensions><gpxtpx:TrackPointExtension><gpxtpx:hr>145</gpxtpx:hr><gpxtpx:cad>48</gpxtpx:cad></gpxtpx:TrackPointExtension></extensions><extensions><gpxtpx:PowerExtension><gpxtpx:PowerInWatts>89</gpxtpx:PowerInWatts></gpxtpx:PowerExtension></extensions></trkpt>
<trkpt lat="38.5838786" lon="-121.4766292">
<ele>10</ele><time>2025-08-29T17:12:31.000Z</time><extensions><gpxtpx:TrackPointExtension><gpxtpx:hr>145</gpxtpx:hr><gpxtpx:cad>48</gpxtpx:cad></gpxtpx:TrackPointExtension></extensions><extensions><gpxtpx:PowerExtension><gpxtpx:PowerInWatts>88</gpxtpx:PowerInWatts></gpxtpx:PowerExtension></extensions></trkpt>
<trkpt lat="38.5838279" lon="-121.4766543">
<ele>10</ele><time>2025-08-29T17:12:36.000Z</time><extensions><gpxtpx:TrackPointExtension><gpxtpx:hr>144</gpxtpx:hr><gpxtpx:cad>48</gpxtpx:cad></gpxtpx:TrackPointExtension></extensions><extensions><gpxtpx:PowerExtension><gpxtpx:PowerInWatts>87</gpxtpx:PowerInWatts></gpxtpx:PowerExtension></extensions></trkpt>
<trkpt lat="38.5837774" lon="-121.4766696">
<ele>10</ele><time>2025-08-29T17:12:40.000Z</time><extensions><gpxtpx:TrackPointExtension><gpxtpx:hr>141</gpxtpx:hr><gpxtpx:cad>47</gpxtpx:cad></gpxtpx:TrackPointExtension></extensions><extensions><gpxtpx:PowerExtension><gpxtpx:PowerInWatts>84</gpxtpx:PowerInWatts></gpxtpx:PowerExtension></extensions></trkpt>
<trkpt lat="38.5837326" lon="-121.4766945">
<ele>10</ele><time>2025-08-29T17:12:45.000Z</time><extensions><gpxtpx:TrackPointExtension><gpxtpx:hr>139</gpxtpx:hr><gpxtpx:cad>47</gpxtpx:cad></gpxtpx:TrackPointExtension></extensions><extensions><gpxtpx:PowerExtension><gpxtpx:PowerInWatts>85</gpxtpx:PowerInWatts></gpxtpx:PowerExtension></extensions></trkpt>
<trkpt lat="38.5836874" lon="-121.4767182">
<ele>10</ele><time>2025-08-29T17:12:49.000Z</time><extensions><gpxtpx:TrackPointExtension><gpxtpx:hr>137</gpxtpx:hr><gpxtpx:cad>46</gpxtpx:cad></gpxtpx:TrackPointExtension></extensions><extensions><gpxtpx:PowerExtension><gpxtpx:PowerInWatts>83</gpxtpx:PowerInWatts></gpxtpx:PowerExtension></extensions></trkpt>
<trkpt lat="38.5836381" lon="-121.4767342">
<ele>10</ele><time>2025-08-29T17:12:53.000Z</time><extensions><gpxtpx:TrackPointExtension><gpxtpx:hr>137</gpxtpx:hr><gpxtpx:cad>46</gpxtpx:cad></gpxtpx:TrackPointExtension></extensions><extensions><gpxtpx:PowerExtension><gpxtpx:PowerInWatts>81</gpxtpx:PowerInWatts></gpxtpx:PowerExtension></extensions></trkpt>
<trkpt lat="38.5835972" lon="-121.4767708">
<ele>10</ele><time>2025-08-29T17:12:56.000Z</time><extensions><gpxtpx:TrackPointExtension><gpxtpx:hr>136</gpxtpx:hr><gpxtpx:cad>46</gpxtpx:cad></gpxtpx:TrackPointExtension></extensions><extensions><gpxtpx:PowerExtension><gpxtpx:PowerInWatts>81</gpxtpx:PowerInWatts></gpxtpx:PowerExtension></extensions></trkpt>
<trkpt lat="38.5835478" lon="-121.4767794">
<ele>10</ele><time>2025-08-29T17:12:59.000Z</time><extensions><gpxtpx:TrackPointExtension><gpxtpx:hr>136</gpxtpx:hr><gpxtpx:cad>43</gpxtpx:cad></gpxtpx:TrackPointExtension></extensions><extensions><gpxtpx:PowerExtension><gpxtpx:PowerInWatts>81</gpxtpx:PowerInWatts></gpxtpx:PowerExtension></extensions></trkpt>
<trkpt lat="38.5834955" lon="-121.4767967">
<ele>10</ele><time>2025-08-29T17:13:03.000Z</time><extensions><gpxtpx:TrackPointExtension><gpxtpx:hr>135</gpxtpx:hr><gpxtpx:cad>47</gpxtpx:cad></gpxtpx:TrackPointExtension></extensions><extensions><gpxtpx:PowerExtension><gpxtpx:PowerInWatts>87</gpxtpx:PowerInWatts></gpxtpx:PowerExtension></extensions></trkpt>
<trkpt lat="38.5834419" lon="-121.4768321">
<ele>10</ele><time>2025-08-29T17:13:07.000Z</time><extensions><gpxtpx:TrackPointExtension><gpxtpx:hr>135</gpxtpx:hr><gpxtpx:cad>44</gpxtpx:cad></gpxtpx:TrackPointExtension></extensions><extensions><gpxtpx:PowerExtension><gpxtpx:PowerInWatts>84</gpxtpx:PowerInWatts></gpxtpx:PowerExtension></extensions></trkpt>
<trkpt lat="38.5833933" lon="-121.4768532">
<ele>10</ele><time>2025-08-29T17:13:12.000Z</time><extensions><gpxtpx:TrackPointExtension><gpxtpx:hr>135</gpxtpx:hr><gpxtpx:cad>48</gpxtpx:cad></gpxtpx:TrackPointExtension></extensions><extensions><gpxtpx:PowerExtension><gpxtpx:PowerInWatts>86</gpxtpx:PowerInWatts></gpxtpx:PowerExtension></extensions></trkpt>
<trkpt lat="38.5833475" lon="-121.4768709">
<ele>10</ele><time>2025-08-29T17:13:16.000Z</time><extensions><gpxtpx:TrackPointExtension><gpxtpx:hr>134</gpxtpx:hr><gpxtpx:cad>50</gpxtpx:cad></gpxtpx:TrackPointExtension></extensions><extensions><gpxtpx:PowerExtension><gpxtpx:PowerInWatts>72</gpxtpx:PowerInWatts></gpxtpx:PowerExtension></extensions></trkpt>
<trkpt lat="38.5832994" lon="-121.4769004">
<ele>10</ele><time>2025-08-29T17:13:21.000Z</time><extensions><gpxtpx:TrackPointExtension><gpxtpx:hr>133</gpxtpx:hr><gpxtpx:cad>54</gpxtpx:cad></gpxtpx:TrackPointExtension></extensions><extensions><gpxtpx:PowerExtension><gpxtpx:PowerInWatts>80</gpxtpx:PowerInWatts></gpxtpx:PowerExtension></extensions></trkpt>
<trkpt lat="38.5833045" lon="-121.4769608">
<ele>10</ele><time>2025-08-29T17:13:23.000Z</time><extensions><gpxtpx:TrackPointExtension><gpxtpx:hr>133</gpxtpx:hr><gpxtpx:cad>55</gpxtpx:cad></gpxtpx:TrackPointExtension></extensions><extensions><gpxtpx:PowerExtension><gpxtpx:PowerInWatts>81</gpxtpx:PowerInWatts></gpxtpx:PowerExtension></extensions></trkpt>
<trkpt lat="38.5833350" lon="-121.4770197">
<ele>10</ele><time>2025-08-29T17:13:26.000Z</time><extensions><gpxtpx:TrackPointExtension><gpxtpx:hr>133</gpxtpx:hr><gpxtpx:cad>56</gpxtpx:cad></gpxtpx:TrackPointExtension></extensions><extensions><gpxtpx:PowerExtension><gpxtpx:PowerInWatts>81</gpxtpx:PowerInWatts></gpxtpx:PowerExtension></extensions></trkpt>
<trkpt lat="38.5833389" lon="-121.4770915">
<ele>10</ele><time>2025-08-29T17:13:29.000Z</time><extensions><gpxtpx:TrackPointExtension><gpxtpx:hr>134</gpxtpx:hr><gpxtpx:cad>56</gpxtpx:cad></gpxtpx:TrackPointExtension></extensions><extensions><gpxtpx:PowerExtension><gpxtpx:PowerInWatts>78</gpxtpx:PowerInWatts></gpxtpx:PowerExtension></extensions></trkpt>
<trkpt lat="38.5833677" lon="-121.4771567">
<ele>10</ele><time>2025-08-29T17:13:33.000Z</time><extensions><gpxtpx:TrackPointExtension><gpxtpx:hr>135</gpxtpx:hr><gpxtpx:cad>60</gpxtpx:cad></gpxtpx:TrackPointExtension></extensions><extensions><gpxtpx:PowerExtension><gpxtpx:PowerInWatts>95</gpxtpx:PowerInWatts></gpxtpx:PowerExtension></extensions></trkpt>
<trkpt lat="38.5833838" lon="-121.4772395">
<ele>10</ele><time>2025-08-29T17:13:36.000Z</time><extensions><gpxtpx:TrackPointExtension><gpxtpx:hr>136</gpxtpx:hr><gpxtpx:cad>64</gpxtpx:cad></gpxtpx:TrackPointExtension></extensions><extensions><gpxtpx:PowerExtension><gpxtpx:PowerInWatts>103</gpxtpx:PowerInWatts></gpxtpx:PowerExtension></extensions></trkpt>
<trkpt lat="38.5833921" lon="-121.4772982">
<ele>10</ele><time>2025-08-29T17:13:38.000Z</time><extensions><gpxtpx:TrackPointExtension><gpxtpx:hr>138</gpxtpx:hr><gpxtpx:cad>65</gpxtpx:cad></gpxtpx:TrackPointExtension></extensions><extensions><gpxtpx:PowerExtension><gpxtpx:PowerInWatts>103</gpxtpx:PowerInWatts></gpxtpx:PowerExtension></extensions></trkpt>
<trkpt lat="38.5834153" lon="-121.4773721">
<ele>10</ele><time>2025-08-29T17:13:40.000Z</time><extensions><gpxtpx:TrackPointExtension><gpxtpx:hr>139</gpxtpx:hr><gpxtpx:cad>68</gpxtpx:cad></gpxtpx:TrackPointExtension></extensions><extensions><gpxtpx:PowerExtension><gpxtpx:PowerInWatts>110</gpxtpx:PowerInWatts></gpxtpx:PowerExtension></extensions></trkpt>
<trkpt lat="38.5834207" lon="-121.4774506">
<ele>10</ele><time>2025-08-29T17:13:42.000Z</time><extensions><gpxtpx:TrackPointExtension><gpxtpx:hr>140</gpxtpx:hr><gpxtpx:cad>72</gpxtpx:cad></gpxtpx:TrackPointExtension></extensions><extensions><gpxtpx:PowerExtension><gpxtpx:PowerInWatts>110</gpxtpx:PowerInWatts></gpxtpx:PowerExtension></extensions></trkpt>
<trkpt lat="38.5834280" lon="-121.4775073">
<ele>10</ele><time>2025-08-29T17:13:43.000Z</time><extensions><gpxtpx:TrackPointExtension><gpxtpx:hr>140</gpxtpx:hr><gpxtpx:cad>74</gpxtpx:cad></gpxtpx:TrackPointExtension></extensions><extensions><gpxtpx:PowerExtension><gpxtpx:PowerInWatts>205</gpxtpx:PowerInWatts></gpxtpx:PowerExtension></extensions></trkpt>
<trkpt lat="38.5834643" lon="-121.4775837">
<ele>10</ele><time>2025-08-29T17:13:46.000Z</time><extensions><gpxtpx:TrackPointExtension><gpxtpx:hr>141</gpxtpx:hr><gpxtpx:cad>77</gpxtpx:cad></gpxtpx:TrackPointExtension></extensions><extensions><gpxtpx:PowerExtension><gpxtpx:PowerInWatts>205</gpxtpx:PowerInWatts></gpxtpx:PowerExtension></extensions></trkpt>
<trkpt lat="38.5834949" lon="-121.4776477">
<ele>10</ele><time>2025-08-29T17:13:48.000Z</time><extensions><gpxtpx:TrackPointExtension><gpxtpx:hr>142</gpxtpx:hr><gpxtpx:cad>84</gpxtpx:cad></gpxtpx:TrackPointExtension></extensions><extensions><gpxtpx:PowerExtension><gpxtpx:PowerInWatts>205</gpxtpx:PowerInWatts></gpxtpx:PowerExtension></extensions></trkpt>
<trkpt lat="38.5835094" lon="-121.4777082">
<ele>10</ele><time>2025-08-29T17:13:50.000Z</time><extensions><gpxtpx:TrackPointExtension><gpxtpx:hr>144</gpxtpx:hr><gpxtpx:cad>79</gpxtpx:cad></gpxtpx:TrackPointExtension></extensions><extensions><gpxtpx:PowerExtension><gpxtpx:PowerInWatts>244</gpxtpx:PowerInWatts></gpxtpx:PowerExtension></extensions></trkpt>
<trkpt lat="38.5835339" lon="-121.4777659">
<ele>10</ele><time>2025-08-29T17:13:52.000Z</time><extensions><gpxtpx:TrackPointExtension><gpxtpx:hr>144</gpxtpx:hr><gpxtpx:cad>79</gpxtpx:cad></gpxtpx:TrackPointExtension></extensions><extensions><gpxtpx:PowerExtension><gpxtpx:PowerInWatts>241</gpxtpx:PowerInWatts></gpxtpx:PowerExtension></extensions></trkpt>
<trkpt lat="38.5835624" lon="-121.4778645">
<ele>10</ele><time>2025-08-29T17:13:55.000Z</time><extensions><gpxtpx:TrackPointExtension><gpxtpx:hr>146</gpxtpx:hr><gpxtpx:cad>81</gpxtpx:cad></gpxtpx:TrackPointExtension></extensions><extensions><gpxtpx:PowerExtension><gpxtpx:PowerInWatts>241</gpxtpx:PowerInWatts></gpxtpx:PowerExtension></extensions></trkpt>
<trkpt lat="38.5835713" lon="-121.4779242">
<ele>10</ele><time>2025-08-29T17:13:57.000Z</time><extensions><gpxtpx:TrackPointExtension><gpxtpx:hr>147</gpxtpx:hr><gpxtpx:cad>81</gpxtpx:cad></gpxtpx:TrackPointExtension></extensions><extensions><gpxtpx:PowerExtension><gpxtpx:PowerInWatts>241</gpxtpx:PowerInWatts></gpxtpx:PowerExtension></extensions></trkpt>
<trkpt lat="38.5835889" lon="-121.4779998">
<ele>10</ele><time>2025-08-29T17:14:00.000Z</time><extensions><gpxtpx:TrackPointExtension><gpxtpx:hr>148</gpxtpx:hr><gpxtpx:cad>81</gpxtpx:cad></gpxtpx:TrackPointExtension></extensions><extensions><gpxtpx:PowerExtension><gpxtpx:PowerInWatts>230</gpxtpx:PowerInWatts></gpxtpx:PowerExtension></extensions></trkpt>
<trkpt lat="38.5835948" lon="-121.4780868">
<ele>10</ele><time>2025-08-29T17:14:02.000Z</time><extensions><gpxtpx:TrackPointExtension><gpxtpx:hr>149</gpxtpx:hr><gpxtpx:cad>84</gpxtpx:cad></gpxtpx:TrackPointExtension></extensions><extensions><gpxtpx:PowerExtension><gpxtpx:PowerInWatts>230</gpxtpx:PowerInWatts></gpxtpx:PowerExtension></extensions></trkpt>
<trkpt lat="38.5835996" lon="-121.4781505">
<ele>10</ele><time>2025-08-29T17:14:04.000Z</time><extensions><gpxtpx:TrackPointExtension><gpxtpx:hr>150</gpxtpx:hr><gpxtpx:cad>82</gpxtpx:cad></gpxtpx:TrackPointExtension></extensions><extensions><gpxtpx:PowerExtension><gpxtpx:PowerInWatts>234</gpxtpx:PowerInWatts></gpxtpx:PowerExtension></extensions></trkpt>
<trkpt lat="38.5836196" lon="-121.4782042">
<ele>10</ele><time>2025-08-29T17:14:06.000Z</time><extensions><gpxtpx:TrackPointExtension><gpxtpx:hr>151</gpxtpx:hr><gpxtpx:cad>80</gpxtpx:cad></gpxtpx:TrackPointExtension></extensions><extensions><gpxtpx:PowerExtension><gpxtpx:PowerInWatts>227</gpxtpx:PowerInWatts></gpxtpx:PowerExtension></extensions></trkpt>
<trkpt lat="38.5836471" lon="-121.4782578">
<ele>10</ele><time>2025-08-29T17:14:08.000Z</time><extensions><gpxtpx:TrackPointExtension><gpxtpx:hr>151</gpxtpx:hr><gpxtpx:cad>78</gpxtpx:cad></gpxtpx:TrackPointExtension></extensions><extensions><gpxtpx:PowerExtension><gpxtpx:PowerInWatts>227</gpxtpx:PowerInWatts></gpxtpx:PowerExtension></extensions></trkpt>
<trkpt lat="38.5837104" lon="-121.4782485">
<ele>10</ele><time>2025-08-29T17:14:10.000Z</time><extensions><gpxtpx:TrackPointExtension><gpxtpx:hr>152</gpxtpx:hr><gpxtpx:cad>77</gpxtpx:cad></gpxtpx:TrackPointExtension></extensions><extensions><gpxtpx:PowerExtension><gpxtpx:PowerInWatts>225</gpxtpx:PowerInWatts></gpxtpx:PowerExtension></extensions></trkpt>
<trkpt lat="38.5837762" lon="-121.4782142">
<ele>10</ele><time>2025-08-29T17:14:12.000Z</time><extensions><gpxtpx:TrackPointExtension><gpxtpx:hr>152</gpxtpx:hr><gpxtpx:cad>76</gpxtpx:cad></gpxtpx:TrackPointExtension></extensions><extensions><gpxtpx:PowerExtension><gpxtpx:PowerInWatts>225</gpxtpx:PowerInWatts></gpxtpx:PowerExtension></extensions></trkpt>
<trkpt lat="38.5838354" lon="-121.4781864">
<ele>10</ele><time>2025-08-29T17:14:15.000Z</time><extensions><gpxtpx:TrackPointExtension><gpxtpx:hr>153</gpxtpx:hr><gpxtpx:cad>79</gpxtpx:cad></gpxtpx:TrackPointExtension></extensions><extensions><gpxtpx:PowerExtension><gpxtpx:PowerInWatts>220</gpxtpx:PowerInWatts></gpxtpx:PowerExtension></extensions></trkpt>
<trkpt lat="38.5838843" lon="-121.4781869">
<ele>10</ele><time>2025-08-29T17:14:17.000Z</time><extensions><gpxtpx:TrackPointExtension><gpxtpx:hr>153</gpxtpx:hr><gpxtpx:cad>75</gpxtpx:cad></gpxtpx:TrackPointExtension></extensions><extensions><gpxtpx:PowerExtension><gpxtpx:PowerInWatts>220</gpxtpx:PowerInWatts></gpxtpx:PowerExtension></extensions></trkpt>
<trkpt lat="38.5839371" lon="-121.4781922">
<ele>10</ele><time>2025-08-29T17:14:19.000Z</time><extensions><gpxtpx:TrackPointExtension><gpxtpx:hr>154</gpxtpx:hr><gpxtpx:cad>73</gpxtpx:cad></gpxtpx:TrackPointExtension></extensions><extensions><gpxtpx:PowerExtension><gpxtpx:PowerInWatts>223</gpxtpx:PowerInWatts></gpxtpx:PowerExtension></extensions></trkpt>
<trkpt lat="38.5839038" lon="-121.4782466">
<ele>10</ele><time>2025-08-29T17:14:22.000Z</time><extensions><gpxtpx:TrackPointExtension><gpxtpx:hr>154</gpxtpx:hr><gpxtpx:cad>76</gpxtpx:cad></gpxtpx:TrackPointExtension></extensions><extensions><gpxtpx:PowerExtension><gpxtpx:PowerInWatts>217</gpxtpx:PowerInWatts></gpxtpx:PowerExtension></extensions></trkpt>
<trkpt lat="38.5838534" lon="-121.4782709">
<ele>10</ele><time>2025-08-29T17:14:24.000Z</time><extensions><gpxtpx:TrackPointExtension><gpxtpx:hr>154</gpxtpx:hr><gpxtpx:cad>79</gpxtpx:cad></gpxtpx:TrackPointExtension></extensions><extensions><gpxtpx:PowerExtension><gpxtpx:PowerInWatts>217</gpxtpx:PowerInWatts></gpxtpx:PowerExtension></extensions></trkpt>
<trkpt lat="38.5837977" lon="-121.4782684">
<ele>10</ele><time>2025-08-29T17:14:26.000Z</time><extensions><gpxtpx:TrackPointExtension><gpxtpx:hr>155</gpxtpx:hr><gpxtpx:cad>79</gpxtpx:cad></gpxtpx:TrackPointExtension></extensions><extensions><gpxtpx:PowerExtension><gpxtpx:PowerInWatts>217</gpxtpx:PowerInWatts></gpxtpx:PowerExtension></extensions></trkpt>
<trkpt lat="38.5837444" lon="-121.4782684">
<ele>10</ele><time>2025-08-29T17:14:28.000Z</time><extensions><gpxtpx:TrackPointExtension><gpxtpx:hr>156</gpxtpx:hr><gpxtpx:cad>78</gpxtpx:cad></gpxtpx:TrackPointExtension></extensions><extensions><gpxtpx:PowerExtension><gpxtpx:PowerInWatts>215</gpxtpx:PowerInWatts></gpxtpx:PowerExtension></extensions></trkpt>
<trkpt lat="38.5836991" lon="-121.4782738">
<ele>10</ele><time>2025-08-29T17:14:30.000Z</time><extensions><gpxtpx:TrackPointExtension><gpxtpx:hr>156</gpxtpx:hr><gpxtpx:cad>79</gpxtpx:cad></gpxtpx:TrackPointExtension></extensions><extensions><gpxtpx:PowerExtension><gpxtpx:PowerInWatts>215</gpxtpx:PowerInWatts></gpxtpx:PowerExtension></extensions></trkpt>
<trkpt lat="38.5836438" lon="-121.4782777">
<ele>10</ele><time>2025-08-29T17:14:32.000Z</time><extensions><gpxtpx:TrackPointExtension><gpxtpx:hr>155</gpxtpx:hr><gpxtpx:cad>77</gpxtpx:cad></gpxtpx:TrackPointExtension></extensions><extensions><gpxtpx:PowerExtension><gpxtpx:PowerInWatts>215</gpxtpx:PowerInWatts></gpxtpx:PowerExtension></extensions></trkpt>
<trkpt lat="38.5835983" lon="-121.4782753">
<ele>10</ele><time>2025-08-29T17:14:34.000Z</time><extensions><gpxtpx:TrackPointExtension><gpxtpx:hr>155</gpxtpx:hr><gpxtpx:cad>78</gpxtpx:cad></gpxtpx:TrackPointExtension></extensions><extensions><gpxtpx:PowerExtension><gpxtpx:PowerInWatts>216</gpxtpx:PowerInWatts></gpxtpx:PowerExtension></extensions></trkpt>
<trkpt lat="38.5835444" lon="-121.4782718">
<ele>10</ele><time>2025-08-29T17:14:36.000Z</time><extensions><gpxtpx:TrackPointExtension><gpxtpx:hr>155</gpxtpx:hr><gpxtpx:cad>80</gpxtpx:cad></gpxtpx:TrackPointExtension></extensions><extensions><gpxtpx:PowerExtension><gpxtpx:PowerInWatts>217</gpxtpx:PowerInWatts></gpxtpx:PowerExtension></extensions></trkpt>
<trkpt lat="38.5834948" lon="-121.4782845">
<ele>10</ele><time>2025-08-29T17:14:38.000Z</time><extensions><gpxtpx:TrackPointExtension><gpxtpx:hr>156</gpxtpx:hr><gpxtpx:cad>78</gpxtpx:cad></gpxtpx:TrackPointExtension></extensions><extensions><gpxtpx:PowerExtension><gpxtpx:PowerInWatts>217</gpxtpx:PowerInWatts></gpxtpx:PowerExtension></extensions></trkpt>
<trkpt lat="38.5834496" lon="-121.4783116">
<ele>10</ele><time>2025-08-29T17:14:40.000Z</time><extensions><gpxtpx:TrackPointExtension><gpxtpx:hr>157</gpxtpx:hr><gpxtpx:cad>77</gpxtpx:cad></gpxtpx:TrackPointExtension></extensions><extensions><gpxtpx:PowerExtension><gpxtpx:PowerInWatts>216</gpxtpx:PowerInWatts></gpxtpx:PowerExtension></extensions></trkpt>
<trkpt lat="38.5833875" lon="-121.4783387">
<ele>10</ele><time>2025-08-29T17:14:43.000Z</time><extensions><gpxtpx:TrackPointExtension><gpxtpx:hr>157</gpxtpx:hr><gpxtpx:cad>76</gpxtpx:cad></gpxtpx:TrackPointExtension></extensions><extensions><gpxtpx:PowerExtension><gpxtpx:PowerInWatts>215</gpxtpx:PowerInWatts></gpxtpx:PowerExtension></extensions></trkpt>
<trkpt lat="38.5833314" lon="-121.4783492">
<ele>10</ele><time>2025-08-29T17:14:45.000Z</time><extensions><gpxtpx:TrackPointExtension><gpxtpx:hr>158</gpxtpx:hr><gpxtpx:cad>80</gpxtpx:cad></gpxtpx:TrackPointExtension></extensions><extensions><gpxtpx:PowerExtension><gpxtpx:PowerInWatts>215</gpxtpx:PowerInWatts></gpxtpx:PowerExtension></extensions></trkpt>
<trkpt lat="38.5832600" lon="-121.4783682">
<ele>10</ele><time>2025-08-29T17:14:48.000Z</time><extensions><gpxtpx:TrackPointExtension><gpxtpx:hr>158</gpxtpx:hr><gpxtpx:cad>79</gpxtpx:cad></gpxtpx:TrackPointExtension></extensions><extensions><gpxtpx:PowerExtension><gpxtpx:PowerInWatts>215</gpxtpx:PowerInWatts></gpxtpx:PowerExtension></extensions></trkpt>
<trkpt lat="38.5832115" lon="-121.4783985">
<ele>10</ele><time>2025-08-29T17:14:50.000Z</time><extensions><gpxtpx:TrackPointExtension><gpxtpx:hr>159</gpxtpx:hr><gpxtpx:cad>79</gpxtpx:cad></gpxtpx:TrackPointExtension></extensions><extensions><gpxtpx:PowerExtension><gpxtpx:PowerInWatts>211</gpxtpx:PowerInWatts></gpxtpx:PowerExtension></extensions></trkpt>
<trkpt lat="38.5831660" lon="-121.4784188">
<ele>10</ele><time>2025-08-29T17:14:52.000Z</time><extensions><gpxtpx:TrackPointExtension><gpxtpx:hr>159</gpxtpx:hr><gpxtpx:cad>78</gpxtpx:cad></gpxtpx:TrackPointExtension></extensions><extensions><gpxtpx:PowerExtension><gpxtpx:PowerInWatts>211</gpxtpx:PowerInWatts></gpxtpx:PowerExtension></extensions></trkpt>
<trkpt lat="38.5831064" lon="-121.4784489">
<ele>10</ele><time>2025-08-29T17:14:55.000Z</time><extensions><gpxtpx:TrackPointExtension><gpxtpx:hr>159</gpxtpx:hr><gpxtpx:cad>76</gpxtpx:cad></gpxtpx:TrackPointExtension></extensions><extensions><gpxtpx:PowerExtension><gpxtpx:PowerInWatts>209</gpxtpx:PowerInWatts></gpxtpx:PowerExtension></extensions></trkpt>
<trkpt lat="38.5830612" lon="-121.4784422">
<ele>10</ele><time>2025-08-29T17:14:57.000Z</time><extensions><gpxtpx:TrackPointExtension><gpxtpx:hr>158</gpxtpx:hr><gpxtpx:cad>73</gpxtpx:cad></gpxtpx:TrackPointExtension></extensions><extensions><gpxtpx:PowerExtension><gpxtpx:PowerInWatts>209</gpxtpx:PowerInWatts></gpxtpx:PowerExtension></extensions></trkpt>
<trkpt lat="38.5830011" lon="-121.4784662">
<ele>9</ele><time>2025-08-29T17:14:59.000Z</time><extensions><gpxtpx:TrackPointExtension><gpxtpx:hr>159</gpxtpx:hr><gpxtpx:cad>74</gpxtpx:cad></gpxtpx:TrackPointExtension></extensions><extensions><gpxtpx:PowerExtension><gpxtpx:PowerInWatts>206</gpxtpx:PowerInWatts></gpxtpx:PowerExtension></extensions></trkpt>
<trkpt lat="38.5829441" lon="-121.4785117">
<ele>9</ele><time>2025-08-29T17:15:01.000Z</time><extensions><gpxtpx:TrackPointExtension><gpxtpx:hr>159</gpxtpx:hr><gpxtpx:cad>76</gpxtpx:cad></gpxtpx:TrackPointExtension></extensions><extensions><gpxtpx:PowerExtension><gpxtpx:PowerInWatts>206</gpxtpx:PowerInWatts></gpxtpx:PowerExtension></extensions></trkpt>
<trkpt lat="38.5828810" lon="-121.4785588">
<ele>9</ele><time>2025-08-29T17:15:04.000Z</time><extensions><gpxtpx:TrackPointExtension><gpxtpx:hr>159</gpxtpx:hr><gpxtpx:cad>76</gpxtpx:cad></gpxtpx:TrackPointExtension></extensions><extensions><gpxtpx:PowerExtension><gpxtpx:PowerInWatts>206</gpxtpx:PowerInWatts></gpxtpx:PowerExtension></extensions></trkpt>
<trkpt lat="38.5828242" lon="-121.4785742">
<ele>9</ele><time>2025-08-29T17:15:07.000Z</time><extensions><gpxtpx:TrackPointExtension><gpxtpx:hr>159</gpxtpx:hr><gpxtpx:cad>73</gpxtpx:cad></gpxtpx:TrackPointExtension></extensions><extensions><gpxtpx:PowerExtension><gpxtpx:PowerInWatts>208</gpxtpx:PowerInWatts></gpxtpx:PowerExtension></extensions></trkpt>
<trkpt lat="38.5827609" lon="-121.4786014">
<ele>9</ele><time>2025-08-29T17:15:10.000Z</time><extensions><gpxtpx:TrackPointExtension><gpxtpx:hr>159</gpxtpx:hr><gpxtpx:cad>81</gpxtpx:cad></gpxtpx:TrackPointExtension></extensions><extensions><gpxtpx:PowerExtension><gpxtpx:PowerInWatts>209</gpxtpx:PowerInWatts></gpxtpx:PowerExtension></extensions></trkpt>
<trkpt lat="38.5826962" lon="-121.4786516">
<ele>9</ele><time>2025-08-29T17:15:13.000Z</time><extensions><gpxtpx:TrackPointExtension><gpxtpx:hr>160</gpxtpx:hr><gpxtpx:cad>81</gpxtpx:cad></gpxtpx:TrackPointExtension></extensions><extensions><gpxtpx:PowerExtension><gpxtpx:PowerInWatts>209</gpxtpx:PowerInWatts></gpxtpx:PowerExtension></extensions></trkpt>
<trkpt lat="38.5826524" lon="-121.4786813">
<ele>9</ele><time>2025-08-29T17:15:15.000Z</time><extensions><gpxtpx:TrackPointExtension><gpxtpx:hr>160</gpxtpx:hr><gpxtpx:cad>78</gpxtpx:cad></gpxtpx:TrackPointExtension></extensions><extensions><gpxtpx:PowerExtension><gpxtpx:PowerInWatts>206</gpxtpx:PowerInWatts></gpxtpx:PowerExtension></extensions></trkpt>
<trkpt lat="38.5826087" lon="-121.4787027">
<ele>9</ele><time>2025-08-29T17:15:17.000Z</time><extensions><gpxtpx:TrackPointExtension><gpxtpx:hr>160</gpxtpx:hr><gpxtpx:cad>78</gpxtpx:cad></gpxtpx:TrackPointExtension></extensions><extensions><gpxtpx:PowerExtension><gpxtpx:PowerInWatts>207</gpxtpx:PowerInWatts></gpxtpx:PowerExtension></extensions></trkpt>
<trkpt lat="38.5825453" lon="-121.4787180">
<ele>9</ele><time>2025-08-29T17:15:20.000Z</time><extensions><gpxtpx:TrackPointExtension><gpxtpx:hr>160</gpxtpx:hr><gpxtpx:cad>80</gpxtpx:cad></gpxtpx:TrackPointExtension></extensions><extensions><gpxtpx:PowerExtension><gpxtpx:PowerInWatts>206</gpxtpx:PowerInWatts></gpxtpx:PowerExtension></extensions></trkpt>
<trkpt lat="38.5824771" lon="-121.4787375">
<ele>9</ele><time>2025-08-29T17:15:23.000Z</time><extensions><gpxtpx:TrackPointExtension><gpxtpx:hr>160</gpxtpx:hr><gpxtpx:cad>79</gpxtpx:cad></gpxtpx:TrackPointExtension></extensions><extensions><gpxtpx:PowerExtension><gpxtpx:PowerInWatts>206</gpxtpx:PowerInWatts></gpxtpx:PowerExtension></extensions></trkpt>
<trkpt lat="38.5824016" lon="-121.4787515">
<ele>9</ele><time>2025-08-29T17:15:26.000Z</time><extensions><gpxtpx:TrackPointExtension><gpxtpx:hr>159</gpxtpx:hr><gpxtpx:cad>81</gpxtpx:cad></gpxtpx:TrackPointExtension></extensions><extensions><gpxtpx:PowerExtension><gpxtpx:PowerInWatts>205</gpxtpx:PowerInWatts></gpxtpx:PowerExtension></extensions></trkpt>
<trkpt lat="38.5823423" lon="-121.4787740">
<ele>9</ele><time>2025-08-29T17:15:28.000Z</time><extensions><gpxtpx:TrackPointExtension><gpxtpx:hr>159</gpxtpx:hr><gpxtpx:cad>85</gpxtpx:cad></gpxtpx:TrackPointExtension></extensions><extensions><gpxtpx:PowerExtension><gpxtpx:PowerInWatts>205</gpxtpx:PowerInWatts></gpxtpx:PowerExtension></extensions></trkpt>
<trkpt lat="38.5822977" lon="-121.4788204">
<ele>9</ele><time>2025-08-29T17:15:30.000Z</time><extensions><gpxtpx:TrackPointExtension><gpxtpx:hr>159</gpxtpx:hr><gpxtpx:cad>82</gpxtpx:cad></gpxtpx:TrackPointExtension></extensions><extensions><gpxtpx:PowerExtension><gpxtpx:PowerInWatts>205</gpxtpx:PowerInWatts></gpxtpx:PowerExtension></extensions></trkpt>
<trkpt lat="38.5822549" lon="-121.4788473">
<ele>9</ele><time>2025-08-29T17:15:32.000Z</time><extensions><gpxtpx:TrackPointExtension><gpxtpx:hr>160</gpxtpx:hr><gpxtpx:cad>78</gpxtpx:cad></gpxtpx:TrackPointExtension></extensions><extensions><gpxtpx:PowerExtension><gpxtpx:PowerInWatts>210</gpxtpx:PowerInWatts></gpxtpx:PowerExtension></extensions></trkpt>
<trkpt lat="38.5822085" lon="-121.4788627">
<ele>9</ele><time>2025-08-29T17:15:34.000Z</time><extensions><gpxtpx:TrackPointExtension><gpxtpx:hr>160</gpxtpx:hr><gpxtpx:cad>78</gpxtpx:cad></gpxtpx:TrackPointExtension></extensions><extensions><gpxtpx:PowerExtension><gpxtpx:PowerInWatts>210</gpxtpx:PowerInWatts></gpxtpx:PowerExtension></extensions></trkpt>
<trkpt lat="38.5821594" lon="-121.4788861">
<ele>9</ele><time>2025-08-29T17:15:36.000Z</time><extensions><gpxtpx:TrackPointExtension><gpxtpx:hr>160</gpxtpx:hr><gpxtpx:cad>80</gpxtpx:cad></gpxtpx:TrackPointExtension></extensions><extensions><gpxtpx:PowerExtension><gpxtpx:PowerInWatts>209</gpxtpx:PowerInWatts></gpxtpx:PowerExtension></extensions></trkpt>
<trkpt lat="38.5821207" lon="-121.4789169">
<ele>9</ele><time>2025-08-29T17:15:38.000Z</time><extensions><gpxtpx:TrackPointExtension><gpxtpx:hr>160</gpxtpx:hr><gpxtpx:cad>75</gpxtpx:cad></gpxtpx:TrackPointExtension></extensions><extensions><gpxtpx:PowerExtension><gpxtpx:PowerInWatts>209</gpxtpx:PowerInWatts></gpxtpx:PowerExtension></extensions></trkpt>
<trkpt lat="38.5820758" lon="-121.4789110">
<ele>9</ele><time>2025-08-29T17:15:40.000Z</time><extensions><gpxtpx:TrackPointExtension><gpxtpx:hr>160</gpxtpx:hr><gpxtpx:cad>75</gpxtpx:cad></gpxtpx:TrackPointExtension></extensions><extensions><gpxtpx:PowerExtension><gpxtpx:PowerInWatts>207</gpxtpx:PowerInWatts></gpxtpx:PowerExtension></extensions></trkpt>
<trkpt lat="38.5820285" lon="-121.4789214">
<ele>9</ele><time>2025-08-29T17:15:42.000Z</time><extensions><gpxtpx:TrackPointExtension><gpxtpx:hr>160</gpxtpx:hr><gpxtpx:cad>79</gpxtpx:cad></gpxtpx:TrackPointExtension></extensions><extensions><gpxtpx:PowerExtension><gpxtpx:PowerInWatts>207</gpxtpx:PowerInWatts></gpxtpx:PowerExtension></extensions></trkpt>
<trkpt lat="38.5819773" lon="-121.4789455">
<ele>9</ele><time>2025-08-29T17:15:44.000Z</time><extensions><gpxtpx:TrackPointExtension><gpxtpx:hr>160</gpxtpx:hr><gpxtpx:cad>79</gpxtpx:cad></gpxtpx:TrackPointExtension></extensions><extensions><gpxtpx:PowerExtension><gpxtpx:PowerInWatts>207</gpxtpx:PowerInWatts></gpxtpx:PowerExtension></extensions></trkpt>
<trkpt lat="38.5819206" lon="-121.4789703">
<ele>9</ele><time>2025-08-29T17:15:46.000Z</time><extensions><gpxtpx:TrackPointExtension><gpxtpx:hr>160</gpxtpx:hr><gpxtpx:cad>82</gpxtpx:cad></gpxtpx:TrackPointExtension></extensions><extensions><gpxtpx:PowerExtension><gpxtpx:PowerInWatts>204</gpxtpx:PowerInWatts></gpxtpx:PowerExtension></extensions></trkpt>
<trkpt lat="38.5818576" lon="-121.4790060">
<ele>9</ele><time>2025-08-29T17:15:48.000Z</time><extensions><gpxtpx:TrackPointExtension><gpxtpx:hr>160</gpxtpx:hr><gpxtpx:cad>78</gpxtpx:cad></gpxtpx:TrackPointExtension></extensions><extensions><gpxtpx:PowerExtension><gpxtpx:PowerInWatts>204</gpxtpx:PowerInWatts></gpxtpx:PowerExtension></extensions></trkpt>
<trkpt lat="38.5817972" lon="-121.4790239">
<ele>9</ele><time>2025-08-29T17:15:51.000Z</time><extensions><gpxtpx:TrackPointExtension><gpxtpx:hr>160</gpxtpx:hr><gpxtpx:cad>77</gpxtpx:cad></gpxtpx:TrackPointExtension></extensions><extensions><gpxtpx:PowerExtension><gpxtpx:PowerInWatts>202</gpxtpx:PowerInWatts></gpxtpx:PowerExtension></extensions></trkpt>
<trkpt lat="38.5817508" lon="-121.4790444">
<ele>9</ele><time>2025-08-29T17:15:53.000Z</time><extensions><gpxtpx:TrackPointExtension><gpxtpx:hr>160</gpxtpx:hr><gpxtpx:cad>82</gpxtpx:cad></gpxtpx:TrackPointExtension></extensions><extensions><gpxtpx:PowerExtension><gpxtpx:PowerInWatts>208</gpxtpx:PowerInWatts></gpxtpx:PowerExtension></extensions></trkpt>
<trkpt lat="38.5816867" lon="-121.4790597">
<ele>9</ele><time>2025-08-29T17:15:56.000Z</time><extensions><gpxtpx:TrackPointExtension><gpxtpx:hr>160</gpxtpx:hr><gpxtpx:cad>81</gpxtpx:cad></gpxtpx:TrackPointExtension></extensions><extensions><gpxtpx:PowerExtension><gpxtpx:PowerInWatts>209</gpxtpx:PowerInWatts></gpxtpx:PowerExtension></extensions></trkpt>
<trkpt lat="38.5816459" lon="-121.4790842">
<ele>9</ele><time>2025-08-29T17:15:58.000Z</time><extensions><gpxtpx:TrackPointExtension><gpxtpx:hr>160</gpxtpx:hr><gpxtpx:cad>81</gpxtpx:cad></gpxtpx:TrackPointExtension></extensions><extensions><gpxtpx:PowerExtension><gpxtpx:PowerInWatts>209</gpxtpx:PowerInWatts></gpxtpx:PowerExtension></extensions></trkpt>
<trkpt lat="38.5816024" lon="-121.4791128">
<ele>9</ele><time>2025-08-29T17:16:00.000Z</time><extensions><gpxtpx:TrackPointExtension><gpxtpx:hr>160</gpxtpx:hr><gpxtpx:cad>78</gpxtpx:cad></gpxtpx:TrackPointExtension></extensions><extensions><gpxtpx:PowerExtension><gpxtpx:PowerInWatts>208</gpxtpx:PowerInWatts></gpxtpx:PowerExtension></extensions></trkpt>
<trkpt lat="38.5815512" lon="-121.4791514">
<ele>9</ele><time>2025-08-29T17:16:02.000Z</time><extensions><gpxtpx:TrackPointExtension><gpxtpx:hr>160</gpxtpx:hr><gpxtpx:cad>75</gpxtpx:cad></gpxtpx:TrackPointExtension></extensions><extensions><gpxtpx:PowerExtension><gpxtpx:PowerInWatts>208</gpxtpx:PowerInWatts></gpxtpx:PowerExtension></extensions></trkpt>
<trkpt lat="38.5815031" lon="-121.4791665">
<ele>9</ele><time>2025-08-29T17:16:04.000Z</time><extensions><gpxtpx:TrackPointExtension><gpxtpx:hr>161</gpxtpx:hr><gpxtpx:cad>85</gpxtpx:cad></gpxtpx:TrackPointExtension></extensions><extensions><gpxtpx:PowerExtension><gpxtpx:PowerInWatts>208</gpxtpx:PowerInWatts></gpxtpx:PowerExtension></extensions></trkpt>
<trkpt lat="38.5814504" lon="-121.4791975">
<ele>9</ele><time>2025-08-29T17:16:06.000Z</time><extensions><gpxtpx:TrackPointExtension><gpxtpx:hr>162</gpxtpx:hr><gpxtpx:cad>84</gpxtpx:cad></gpxtpx:TrackPointExtension></extensions><extensions><gpxtpx:PowerExtension><gpxtpx:PowerInWatts>206</gpxtpx:PowerInWatts></gpxtpx:PowerExtension></extensions></trkpt>
<trkpt lat="38.5814051" lon="-121.4791975">
<ele>9</ele><time>2025-08-29T17:16:08.000Z</time><extensions><gpxtpx:TrackPointExtension><gpxtpx:hr>161</gpxtpx:hr><gpxtpx:cad>81</gpxtpx:cad></gpxtpx:TrackPointExtension></extensions><extensions><gpxtpx:PowerExtension><gpxtpx:PowerInWatts>206</gpxtpx:PowerInWatts></gpxtpx:PowerExtension></extensions></trkpt>
<trkpt lat="38.5813465" lon="-121.4792392">
<ele>9</ele><time>2025-08-29T17:16:10.000Z</time><extensions><gpxtpx:TrackPointExtension><gpxtpx:hr>160</gpxtpx:hr><gpxtpx:cad>79</gpxtpx:cad></gpxtpx:TrackPointExtension></extensions><extensions><gpxtpx:PowerExtension><gpxtpx:PowerInWatts>206</gpxtpx:PowerInWatts></gpxtpx:PowerExtension></extensions></trkpt>
<trkpt lat="38.5812910" lon="-121.4792606">
<ele>9</ele><time>2025-08-29T17:16:12.000Z</time><extensions><gpxtpx:TrackPointExtension><gpxtpx:hr>160</gpxtpx:hr><gpxtpx:cad>75</gpxtpx:cad></gpxtpx:TrackPointExtension></extensions><extensions><gpxtpx:PowerExtension><gpxtpx:PowerInWatts>208</gpxtpx:PowerInWatts></gpxtpx:PowerExtension></extensions></trkpt>
<trkpt lat="38.5812351" lon="-121.4792726">
<ele>9</ele><time>2025-08-29T17:16:14.000Z</time><extensions><gpxtpx:TrackPointExtension><gpxtpx:hr>160</gpxtpx:hr><gpxtpx:cad>76</gpxtpx:cad></gpxtpx:TrackPointExtension></extensions><extensions><gpxtpx:PowerExtension><gpxtpx:PowerInWatts>218</gpxtpx:PowerInWatts></gpxtpx:PowerExtension></extensions></trkpt>
<trkpt lat="38.5811803" lon="-121.4793109">
<ele>9</ele><time>2025-08-29T17:16:17.000Z</time><extensions><gpxtpx:TrackPointExtension><gpxtpx:hr>160</gpxtpx:hr><gpxtpx:cad>76</gpxtpx:cad></gpxtpx:TrackPointExtension></extensions><extensions><gpxtpx:PowerExtension><gpxtpx:PowerInWatts>218</gpxtpx:PowerInWatts></gpxtpx:PowerExtension></extensions></trkpt>
<trkpt lat="38.5811381" lon="-121.4793424">
<ele>9</ele><time>2025-08-29T17:16:19.000Z</time><extensions><gpxtpx:TrackPointExtension><gpxtpx:hr>160</gpxtpx:hr><gpxtpx:cad>79</gpxtpx:cad></gpxtpx:TrackPointExtension></extensions><extensions><gpxtpx:PowerExtension><gpxtpx:PowerInWatts>223</gpxtpx:PowerInWatts></gpxtpx:PowerExtension></extensions></trkpt>
<trkpt lat="38.5811007" lon="-121.4793782">
<ele>9</ele><time>2025-08-29T17:16:21.000Z</time><extensions><gpxtpx:TrackPointExtension><gpxtpx:hr>160</gpxtpx:hr><gpxtpx:cad>80</gpxtpx:cad></gpxtpx:TrackPointExtension></extensions><extensions><gpxtpx:PowerExtension><gpxtpx:PowerInWatts>217</gpxtpx:PowerInWatts></gpxtpx:PowerExtension></extensions></trkpt>
<trkpt lat="38.5810510" lon="-121.4793822">
<ele>9</ele><time>2025-08-29T17:16:23.000Z</time><extensions><gpxtpx:TrackPointExtension><gpxtpx:hr>160</gpxtpx:hr><gpxtpx:cad>80</gpxtpx:cad></gpxtpx:TrackPointExtension></extensions><extensions><gpxtpx:PowerExtension><gpxtpx:PowerInWatts>217</gpxtpx:PowerInWatts></gpxtpx:PowerExtension></extensions></trkpt>
<trkpt lat="38.5809909" lon="-121.4793895">
<ele>9</ele><time>2025-08-29T17:16:25.000Z</time><extensions><gpxtpx:TrackPointExtension><gpxtpx:hr>160</gpxtpx:hr><gpxtpx:cad>78</gpxtpx:cad></gpxtpx:TrackPointExtension></extensions><extensions><gpxtpx:PowerExtension><gpxtpx:PowerInWatts>217</gpxtpx:PowerInWatts></gpxtpx:PowerExtension></extensions></trkpt>
<trkpt lat="38.5809408" lon="-121.4793836">
<ele>9</ele><time>2025-08-29T17:16:27.000Z</time><extensions><gpxtpx:TrackPointExtension><gpxtpx:hr>160</gpxtpx:hr><gpxtpx:cad>75</gpxtpx:cad></gpxtpx:TrackPointExtension></extensions><extensions><gpxtpx:PowerExtension><gpxtpx:PowerInWatts>213</gpxtpx:PowerInWatts></gpxtpx:PowerExtension></extensions></trkpt>
<trkpt lat="38.5808974" lon="-121.4794061">
<ele>9</ele><time>2025-08-29T17:16:29.000Z</time><extensions><gpxtpx:TrackPointExtension><gpxtpx:hr>160</gpxtpx:hr><gpxtpx:cad>79</gpxtpx:cad></gpxtpx:TrackPointExtension></extensions><extensions><gpxtpx:PowerExtension><gpxtpx:PowerInWatts>208</gpxtpx:PowerInWatts></gpxtpx:PowerExtension></extensions></trkpt>
<trkpt lat="38.5808384" lon="-121.4794209">
<ele>9</ele><time>2025-08-29T17:16:31.000Z</time><extensions><gpxtpx:TrackPointExtension><gpxtpx:hr>160</gpxtpx:hr><gpxtpx:cad>83</gpxtpx:cad></gpxtpx:TrackPointExtension></extensions><extensions><gpxtpx:PowerExtension><gpxtpx:PowerInWatts>209</gpxtpx:PowerInWatts></gpxtpx:PowerExtension></extensions></trkpt>
<trkpt lat="38.5807814" lon="-121.4794348">
<ele>9</ele><time>2025-08-29T17:16:33.000Z</time><extensions><gpxtpx:TrackPointExtension><gpxtpx:hr>160</gpxtpx:hr><gpxtpx:cad>73</gpxtpx:cad></gpxtpx:TrackPointExtension></extensions><extensions><gpxtpx:PowerExtension><gpxtpx:PowerInWatts>209</gpxtpx:PowerInWatts></gpxtpx:PowerExtension></extensions></trkpt>
<trkpt lat="38.5807355" lon="-121.4794880">
<ele>9</ele><time>2025-08-29T17:16:36.000Z</time><extensions><gpxtpx:TrackPointExtension><gpxtpx:hr>162</gpxtpx:hr><gpxtpx:cad>77</gpxtpx:cad></gpxtpx:TrackPointExtension></extensions><extensions><gpxtpx:PowerExtension><gpxtpx:PowerInWatts>210</gpxtpx:PowerInWatts></gpxtpx:PowerExtension></extensions></trkpt>
<trkpt lat="38.5806893" lon="-121.4795057">
<ele>9</ele><time>2025-08-29T17:16:38.000Z</time><extensions><gpxtpx:TrackPointExtension><gpxtpx:hr>162</gpxtpx:hr><gpxtpx:cad>80</gpxtpx:cad></gpxtpx:TrackPointExtension></extensions><extensions><gpxtpx:PowerExtension><gpxtpx:PowerInWatts>210</gpxtpx:PowerInWatts></gpxtpx:PowerExtension></extensions></trkpt>
<trkpt lat="38.5806345" lon="-121.4795567">
<ele>9</ele><time>2025-08-29T17:16:41.000Z</time><extensions><gpxtpx:TrackPointExtension><gpxtpx:hr>162</gpxtpx:hr><gpxtpx:cad>79</gpxtpx:cad></gpxtpx:TrackPointExtension></extensions><extensions><gpxtpx:PowerExtension><gpxtpx:PowerInWatts>214</gpxtpx:PowerInWatts></gpxtpx:PowerExtension></extensions></trkpt>
<trkpt lat="38.5805687" lon="-121.4795974">
<ele>9</ele><time>2025-08-29T17:16:44.000Z</time><extensions><gpxtpx:TrackPointExtension><gpxtpx:hr>160</gpxtpx:hr><gpxtpx:cad>80</gpxtpx:cad></gpxtpx:TrackPointExtension></extensions><extensions><gpxtpx:PowerExtension><gpxtpx:PowerInWatts>211</gpxtpx:PowerInWatts></gpxtpx:PowerExtension></extensions></trkpt>
<trkpt lat="38.5805121" lon="-121.4796122">
<ele>9</ele><time>2025-08-29T17:16:46.000Z</time><extensions><gpxtpx:TrackPointExtension><gpxtpx:hr>160</gpxtpx:hr><gpxtpx:cad>80</gpxtpx:cad></gpxtpx:TrackPointExtension></extensions><extensions><gpxtpx:PowerExtension><gpxtpx:PowerInWatts>209</gpxtpx:PowerInWatts></gpxtpx:PowerExtension></extensions></trkpt>
<trkpt lat="38.5804560" lon="-121.4796182">
<ele>9</ele><time>2025-08-29T17:16:49.000Z</time><extensions><gpxtpx:TrackPointExtension><gpxtpx:hr>161</gpxtpx:hr><gpxtpx:cad>79</gpxtpx:cad></gpxtpx:TrackPointExtension></extensions><extensions><gpxtpx:PowerExtension><gpxtpx:PowerInWatts>206</gpxtpx:PowerInWatts></gpxtpx:PowerExtension></extensions></trkpt>
<trkpt lat="38.5804007" lon="-121.4796443">
<ele>9</ele><time>2025-08-29T17:16:51.000Z</time><extensions><gpxtpx:TrackPointExtension><gpxtpx:hr>161</gpxtpx:hr><gpxtpx:cad>78</gpxtpx:cad></gpxtpx:TrackPointExtension></extensions><extensions><gpxtpx:PowerExtension><gpxtpx:PowerInWatts>206</gpxtpx:PowerInWatts></gpxtpx:PowerExtension></extensions></trkpt>
<trkpt lat="38.5803347" lon="-121.4796721">
<ele>9</ele><time>2025-08-29T17:16:53.000Z</time><extensions><gpxtpx:TrackPointExtension><gpxtpx:hr>161</gpxtpx:hr><gpxtpx:cad>74</gpxtpx:cad></gpxtpx:TrackPointExtension></extensions><extensions><gpxtpx:PowerExtension><gpxtpx:PowerInWatts>206</gpxtpx:PowerInWatts></gpxtpx:PowerExtension></extensions></trkpt>
<trkpt lat="38.5802801" lon="-121.4797413">
<ele>9</ele><time>2025-08-29T17:16:55.000Z</time><extensions><gpxtpx:TrackPointExtension><gpxtpx:hr>161</gpxtpx:hr><gpxtpx:cad>78</gpxtpx:cad></gpxtpx:TrackPointExtension></extensions><extensions><gpxtpx:PowerExtension><gpxtpx:PowerInWatts>208</gpxtpx:PowerInWatts></gpxtpx:PowerExtension></extensions></trkpt>
<trkpt lat="38.5802326" lon="-121.4797729">
<ele>9</ele><time>2025-08-29T17:16:57.000Z</time><extensions><gpxtpx:TrackPointExtension><gpxtpx:hr>161</gpxtpx:hr><gpxtpx:cad>82</gpxtpx:cad></gpxtpx:TrackPointExtension></extensions><extensions><gpxtpx:PowerExtension><gpxtpx:PowerInWatts>208</gpxtpx:PowerInWatts></gpxtpx:PowerExtension></extensions></trkpt>
<trkpt lat="38.5801757" lon="-121.4797960">
<ele>9</ele><time>2025-08-29T17:16:59.000Z</time><extensions><gpxtpx:TrackPointExtension><gpxtpx:hr>161</gpxtpx:hr><gpxtpx:cad>78</gpxtpx:cad></gpxtpx:TrackPointExtension></extensions><extensions><gpxtpx:PowerExtension><gpxtpx:PowerInWatts>208</gpxtpx:PowerInWatts></gpxtpx:PowerExtension></extensions></trkpt>
<trkpt lat="38.5801209" lon="-121.4798128">
<ele>9</ele><time>2025-08-29T17:17:01.000Z</time><extensions><gpxtpx:TrackPointExtension><gpxtpx:hr>162</gpxtpx:hr><gpxtpx:cad>78</gpxtpx:cad></gpxtpx:TrackPointExtension></extensions><extensions><gpxtpx:PowerExtension><gpxtpx:PowerInWatts>265</gpxtpx:PowerInWatts></gpxtpx:PowerExtension></extensions></trkpt>
<trkpt lat="38.5800775" lon="-121.4798473">
<ele>9</ele><time>2025-08-29T17:17:03.000Z</time><extensions><gpxtpx:TrackPointExtension><gpxtpx:hr>162</gpxtpx:hr><gpxtpx:cad>78</gpxtpx:cad></gpxtpx:TrackPointExtension></extensions><extensions><gpxtpx:PowerExtension><gpxtpx:PowerInWatts>265</gpxtpx:PowerInWatts></gpxtpx:PowerExtension></extensions></trkpt>
<trkpt lat="38.5800251" lon="-121.4798605">
<ele>9</ele><time>2025-08-29T17:17:05.000Z</time><extensions><gpxtpx:TrackPointExtension><gpxtpx:hr>162</gpxtpx:hr><gpxtpx:cad>77</gpxtpx:cad></gpxtpx:TrackPointExtension></extensions><extensions><gpxtpx:PowerExtension><gpxtpx:PowerInWatts>245</gpxtpx:PowerInWatts></gpxtpx:PowerExtension></extensions></trkpt>
<trkpt lat="38.5799720" lon="-121.4798943">
<ele>9</ele><time>2025-08-29T17:17:07.000Z</time><extensions><gpxtpx:TrackPointExtension><gpxtpx:hr>163</gpxtpx:hr><gpxtpx:cad>83</gpxtpx:cad></gpxtpx:TrackPointExtension></extensions><extensions><gpxtpx:PowerExtension><gpxtpx:PowerInWatts>245</gpxtpx:PowerInWatts></gpxtpx:PowerExtension></extensions></trkpt>
<trkpt lat="38.5799282" lon="-121.4799091">
<ele>9</ele><time>2025-08-29T17:17:09.000Z</time><extensions><gpxtpx:TrackPointExtension><gpxtpx:hr>163</gpxtpx:hr><gpxtpx:cad>81</gpxtpx:cad></gpxtpx:TrackPointExtension></extensions><extensions><gpxtpx:PowerExtension><gpxtpx:PowerInWatts>245</gpxtpx:PowerInWatts></gpxtpx:PowerExtension></extensions></trkpt>
<trkpt lat="38.5798817" lon="-121.4799350">
<ele>9</ele><time>2025-08-29T17:17:11.000Z</time><extensions><gpxtpx:TrackPointExtension><gpxtpx:hr>163</gpxtpx:hr><gpxtpx:cad>83</gpxtpx:cad></gpxtpx:TrackPointExtension></extensions><extensions><gpxtpx:PowerExtension><gpxtpx:PowerInWatts>245</gpxtpx:PowerInWatts></gpxtpx:PowerExtension></extensions></trkpt>
<trkpt lat="38.5798333" lon="-121.4799716">
<ele>9</ele><time>2025-08-29T17:17:13.000Z</time><extensions><gpxtpx:TrackPointExtension><gpxtpx:hr>163</gpxtpx:hr><gpxtpx:cad>81</gpxtpx:cad></gpxtpx:TrackPointExtension></extensions><extensions><gpxtpx:PowerExtension><gpxtpx:PowerInWatts>212</gpxtpx:PowerInWatts></gpxtpx:PowerExtension></extensions></trkpt>
<trkpt lat="38.5797909" lon="-121.4799924">
<ele>9</ele><time>2025-08-29T17:17:15.000Z</time><extensions><gpxtpx:TrackPointExtension><gpxtpx:hr>163</gpxtpx:hr><gpxtpx:cad>77</gpxtpx:cad></gpxtpx:TrackPointExtension></extensions><extensions><gpxtpx:PowerExtension><gpxtpx:PowerInWatts>214</gpxtpx:PowerInWatts></gpxtpx:PowerExtension></extensions></trkpt>
<trkpt lat="38.5797315" lon="-121.4800094">
<ele>9</ele><time>2025-08-29T17:17:17.000Z</time><extensions><gpxtpx:TrackPointExtension><gpxtpx:hr>163</gpxtpx:hr><gpxtpx:cad>78</gpxtpx:cad></gpxtpx:TrackPointExtension></extensions><extensions><gpxtpx:PowerExtension><gpxtpx:PowerInWatts>214</gpxtpx:PowerInWatts></gpxtpx:PowerExtension></extensions></trkpt>
<trkpt lat="38.5796848" lon="-121.4800378">
<ele>9</ele><time>2025-08-29T17:17:19.000Z</time><extensions><gpxtpx:TrackPointExtension><gpxtpx:hr>164</gpxtpx:hr><gpxtpx:cad>81</gpxtpx:cad></gpxtpx:TrackPointExtension></extensions><extensions><gpxtpx:PowerExtension><gpxtpx:PowerInWatts>219</gpxtpx:PowerInWatts></gpxtpx:PowerExtension></extensions></trkpt>
<trkpt lat="38.5796389" lon="-121.4800491">
<ele>9</ele><time>2025-08-29T17:17:21.000Z</time><extensions><gpxtpx:TrackPointExtension><gpxtpx:hr>163</gpxtpx:hr><gpxtpx:cad>80</gpxtpx:cad></gpxtpx:TrackPointExtension></extensions><extensions><gpxtpx:PowerExtension><gpxtpx:PowerInWatts>219</gpxtpx:PowerInWatts></gpxtpx:PowerExtension></extensions></trkpt>
<trkpt lat="38.5795814" lon="-121.4800769">
<ele>9</ele><time>2025-08-29T17:17:24.000Z</time><extensions><gpxtpx:TrackPointExtension><gpxtpx:hr>163</gpxtpx:hr><gpxtpx:cad>81</gpxtpx:cad></gpxtpx:TrackPointExtension></extensions><extensions><gpxtpx:PowerExtension><gpxtpx:PowerInWatts>222</gpxtpx:PowerInWatts></gpxtpx:PowerExtension></extensions></trkpt>
<trkpt lat="38.5795273" lon="-121.4800713">
<ele>9</ele><time>2025-08-29T17:17:26.000Z</time><extensions><gpxtpx:TrackPointExtension><gpxtpx:hr>163</gpxtpx:hr><gpxtpx:cad>78</gpxtpx:cad></gpxtpx:TrackPointExtension></extensions><extensions><gpxtpx:PowerExtension><gpxtpx:PowerInWatts>222</gpxtpx:PowerInWatts></gpxtpx:PowerExtension></extensions></trkpt>
<trkpt lat="38.5794711" lon="-121.4801084">
<ele>9</ele><time>2025-08-29T17:17:29.000Z</time><extensions><gpxtpx:TrackPointExtension><gpxtpx:hr>163</gpxtpx:hr><gpxtpx:cad>77</gpxtpx:cad></gpxtpx:TrackPointExtension></extensions><extensions><gpxtpx:PowerExtension><gpxtpx:PowerInWatts>215</gpxtpx:PowerInWatts></gpxtpx:PowerExtension></extensions></trkpt>
<trkpt lat="38.5794274" lon="-121.4801336">
<ele>9</ele><time>2025-08-29T17:17:31.000Z</time><extensions><gpxtpx:TrackPointExtension><gpxtpx:hr>163</gpxtpx:hr><gpxtpx:cad>80</gpxtpx:cad></gpxtpx:TrackPointExtension></extensions><extensions><gpxtpx:PowerExtension><gpxtpx:PowerInWatts>215</gpxtpx:PowerInWatts></gpxtpx:PowerExtension></extensions></trkpt>
<trkpt lat="38.5793684" lon="-121.4801339">
<ele>9</ele><time>2025-08-29T17:17:33.000Z</time><extensions><gpxtpx:TrackPointExtension><gpxtpx:hr>163</gpxtpx:hr><gpxtpx:cad>80</gpxtpx:cad></gpxtpx:TrackPointExtension></extensions><extensions><gpxtpx:PowerExtension><gpxtpx:PowerInWatts>215</gpxtpx:PowerInWatts></gpxtpx:PowerExtension></extensions></trkpt>
<trkpt lat="38.5793199" lon="-121.4801633">
<ele>9</ele><time>2025-08-29T17:17:35.000Z</time><extensions><gpxtpx:TrackPointExtension><gpxtpx:hr>163</gpxtpx:hr><gpxtpx:cad>79</gpxtpx:cad></gpxtpx:TrackPointExtension></extensions><extensions><gpxtpx:PowerExtension><gpxtpx:PowerInWatts>211</gpxtpx:PowerInWatts></gpxtpx:PowerExtension></extensions></trkpt>
<trkpt lat="38.5792582" lon="-121.4801680">
<ele>9</ele><time>2025-08-29T17:17:37.000Z</time><extensions><gpxtpx:TrackPointExtension><gpxtpx:hr>163</gpxtpx:hr><gpxtpx:cad>78</gpxtpx:cad></gpxtpx:TrackPointExtension></extensions><extensions><gpxtpx:PowerExtension><gpxtpx:PowerInWatts>211</gpxtpx:PowerInWatts></gpxtpx:PowerExtension></extensions></trkpt>
<trkpt lat="38.5792069" lon="-121.4801828">
<ele>9</ele><time>2025-08-29T17:17:39.000Z</time><extensions><gpxtpx:TrackPointExtension><gpxtpx:hr>163</gpxtpx:hr><gpxtpx:cad>78</gpxtpx:cad></gpxtpx:TrackPointExtension></extensions><extensions><gpxtpx:PowerExtension><gpxtpx:PowerInWatts>211</gpxtpx:PowerInWatts></gpxtpx:PowerExtension></extensions></trkpt>
<trkpt lat="38.5791557" lon="-121.4801833">
<ele>9</ele><time>2025-08-29T17:17:41.000Z</time><extensions><gpxtpx:TrackPointExtension><gpxtpx:hr>163</gpxtpx:hr><gpxtpx:cad>79</gpxtpx:cad></gpxtpx:TrackPointExtension></extensions><extensions><gpxtpx:PowerExtension><gpxtpx:PowerInWatts>214</gpxtpx:PowerInWatts></gpxtpx:PowerExtension></extensions></trkpt>
<trkpt lat="38.5791027" lon="-121.4801859">
<ele>9</ele><time>2025-08-29T17:17:43.000Z</time><extensions><gpxtpx:TrackPointExtension><gpxtpx:hr>163</gpxtpx:hr><gpxtpx:cad>79</gpxtpx:cad></gpxtpx:TrackPointExtension></extensions><extensions><gpxtpx:PowerExtension><gpxtpx:PowerInWatts>215</gpxtpx:PowerInWatts></gpxtpx:PowerExtension></extensions></trkpt>
<trkpt lat="38.5790498" lon="-121.4802277">
<ele>9</ele><time>2025-08-29T17:17:45.000Z</time><extensions><gpxtpx:TrackPointExtension><gpxtpx:hr>163</gpxtpx:hr><gpxtpx:cad>79</gpxtpx:cad></gpxtpx:TrackPointExtension></extensions><extensions><gpxtpx:PowerExtension><gpxtpx:PowerInWatts>216</gpxtpx:PowerInWatts></gpxtpx:PowerExtension></extensions></trkpt>
<trkpt lat="38.5790013" lon="-121.4802624">
<ele>9</ele><time>2025-08-29T17:17:47.000Z</time><extensions><gpxtpx:TrackPointExtension><gpxtpx:hr>162</gpxtpx:hr><gpxtpx:cad>81</gpxtpx:cad></gpxtpx:TrackPointExtension></extensions><extensions><gpxtpx:PowerExtension><gpxtpx:PowerInWatts>216</gpxtpx:PowerInWatts></gpxtpx:PowerExtension></extensions></trkpt>
<trkpt lat="38.5789466" lon="-121.4802720">
<ele>9</ele><time>2025-08-29T17:17:49.000Z</time><extensions><gpxtpx:TrackPointExtension><gpxtpx:hr>163</gpxtpx:hr><gpxtpx:cad>81</gpxtpx:cad></gpxtpx:TrackPointExtension></extensions><extensions><gpxtpx:PowerExtension><gpxtpx:PowerInWatts>217</gpxtpx:PowerInWatts></gpxtpx:PowerExtension></extensions></trkpt>
<trkpt lat="38.5788819" lon="-121.4803024">
<ele>9</ele><time>2025-08-29T17:17:52.000Z</time><extensions><gpxtpx:TrackPointExtension><gpxtpx:hr>163</gpxtpx:hr><gpxtpx:cad>80</gpxtpx:cad></gpxtpx:TrackPointExtension></extensions><extensions><gpxtpx:PowerExtension><gpxtpx:PowerInWatts>221</gpxtpx:PowerInWatts></gpxtpx:PowerExtension></extensions></trkpt>
<trkpt lat="38.5788109" lon="-121.4803204">
<ele>9</ele><time>2025-08-29T17:17:55.000Z</time><extensions><gpxtpx:TrackPointExtension><gpxtpx:hr>163</gpxtpx:hr><gpxtpx:cad>78</gpxtpx:cad></gpxtpx:TrackPointExtension></extensions><extensions><gpxtpx:PowerExtension><gpxtpx:PowerInWatts>220</gpxtpx:PowerInWatts></gpxtpx:PowerExtension></extensions></trkpt>
<trkpt lat="38.5787705" lon="-121.4803597">
<ele>9</ele><time>2025-08-29T17:17:57.000Z</time><extensions><gpxtpx:TrackPointExtension><gpxtpx:hr>163</gpxtpx:hr><gpxtpx:cad>78</gpxtpx:cad></gpxtpx:TrackPointExtension></extensions><extensions><gpxtpx:PowerExtension><gpxtpx:PowerInWatts>220</gpxtpx:PowerInWatts></gpxtpx:PowerExtension></extensions></trkpt>
<trkpt lat="38.5787165" lon="-121.4803791">
<ele>9</ele><time>2025-08-29T17:17:59.000Z</time><extensions><gpxtpx:TrackPointExtension><gpxtpx:hr>164</gpxtpx:hr><gpxtpx:cad>77</gpxtpx:cad></gpxtpx:TrackPointExtension></extensions><extensions><gpxtpx:PowerExtension><gpxtpx:PowerInWatts>220</gpxtpx:PowerInWatts></gpxtpx:PowerExtension></extensions></trkpt>
<trkpt lat="38.5786634" lon="-121.4803817">
<ele>9</ele><time>2025-08-29T17:18:01.000Z</time><extensions><gpxtpx:TrackPointExtension><gpxtpx:hr>164</gpxtpx:hr><gpxtpx:cad>77</gpxtpx:cad></gpxtpx:TrackPointExtension></extensions><extensions><gpxtpx:PowerExtension><gpxtpx:PowerInWatts>220</gpxtpx:PowerInWatts></gpxtpx:PowerExtension></extensions></trkpt>
<trkpt lat="38.5786211" lon="-121.4804113">
<ele>9</ele><time>2025-08-29T17:18:03.000Z</time><extensions><gpxtpx:TrackPointExtension><gpxtpx:hr>164</gpxtpx:hr><gpxtpx:cad>77</gpxtpx:cad></gpxtpx:TrackPointExtension></extensions><extensions><gpxtpx:PowerExtension><gpxtpx:PowerInWatts>217</gpxtpx:PowerInWatts></gpxtpx:PowerExtension></extensions></trkpt>
<trkpt lat="38.5785750" lon="-121.4804343">
<ele>9</ele><time>2025-08-29T17:18:05.000Z</time><extensions><gpxtpx:TrackPointExtension><gpxtpx:hr>163</gpxtpx:hr><gpxtpx:cad>77</gpxtpx:cad></gpxtpx:TrackPointExtension></extensions><extensions><gpxtpx:PowerExtension><gpxtpx:PowerInWatts>217</gpxtpx:PowerInWatts></gpxtpx:PowerExtension></extensions></trkpt>
<trkpt lat="38.5785215" lon="-121.4804592">
<ele>9</ele><time>2025-08-29T17:18:07.000Z</time><extensions><gpxtpx:TrackPointExtension><gpxtpx:hr>163</gpxtpx:hr><gpxtpx:cad>77</gpxtpx:cad></gpxtpx:TrackPointExtension></extensions><extensions><gpxtpx:PowerExtension><gpxtpx:PowerInWatts>217</gpxtpx:PowerInWatts></gpxtpx:PowerExtension></extensions></trkpt>
<trkpt lat="38.5784511" lon="-121.4805087">
<ele>8</ele><time>2025-08-29T17:18:10.000Z</time><extensions><gpxtpx:TrackPointExtension><gpxtpx:hr>163</gpxtpx:hr><gpxtpx:cad>79</gpxtpx:cad></gpxtpx:TrackPointExtension></extensions><extensions><gpxtpx:PowerExtension><gpxtpx:PowerInWatts>217</gpxtpx:PowerInWatts></gpxtpx:PowerExtension></extensions></trkpt>
<trkpt lat="38.5783920" lon="-121.4805119">
<ele>8</ele><time>2025-08-29T17:18:12.000Z</time><extensions><gpxtpx:TrackPointExtension><gpxtpx:hr>163</gpxtpx:hr><gpxtpx:cad>79</gpxtpx:cad></gpxtpx:TrackPointExtension></extensions><extensions><gpxtpx:PowerExtension><gpxtpx:PowerInWatts>214</gpxtpx:PowerInWatts></gpxtpx:PowerExtension></extensions></trkpt>
<trkpt lat="38.5783324" lon="-121.4805543">
<ele>8</ele><time>2025-08-29T17:18:14.000Z</time><extensions><gpxtpx:TrackPointExtension><gpxtpx:hr>163</gpxtpx:hr><gpxtpx:cad>79</gpxtpx:cad></gpxtpx:TrackPointExtension></extensions><extensions><gpxtpx:PowerExtension><gpxtpx:PowerInWatts>213</gpxtpx:PowerInWatts></gpxtpx:PowerExtension></extensions></trkpt>
<trkpt lat="38.5782875" lon="-121.4805902">
<ele>8</ele><time>2025-08-29T17:18:16.000Z</time><extensions><gpxtpx:TrackPointExtension><gpxtpx:hr>163</gpxtpx:hr><gpxtpx:cad>79</gpxtpx:cad></gpxtpx:TrackPointExtension></extensions><extensions><gpxtpx:PowerExtension><gpxtpx:PowerInWatts>212</gpxtpx:PowerInWatts></gpxtpx:PowerExtension></extensions></trkpt>
<trkpt lat="38.5782272" lon="-121.4805998">
<ele>8</ele><time>2025-08-29T17:18:19.000Z</time><extensions><gpxtpx:TrackPointExtension><gpxtpx:hr>163</gpxtpx:hr><gpxtpx:cad>77</gpxtpx:cad></gpxtpx:TrackPointExtension></extensions><extensions><gpxtpx:PowerExtension><gpxtpx:PowerInWatts>217</gpxtpx:PowerInWatts></gpxtpx:PowerExtension></extensions></trkpt>
<trkpt lat="38.5781778" lon="-121.4806194">
<ele>8</ele><time>2025-08-29T17:18:21.000Z</time><extensions><gpxtpx:TrackPointExtension><gpxtpx:hr>163</gpxtpx:hr><gpxtpx:cad>79</gpxtpx:cad></gpxtpx:TrackPointExtension></extensions><extensions><gpxtpx:PowerExtension><gpxtpx:PowerInWatts>221</gpxtpx:PowerInWatts></gpxtpx:PowerExtension></extensions></trkpt>
<trkpt lat="38.5781259" lon="-121.4806503">
<ele>8</ele><time>2025-08-29T17:18:23.000Z</time><extensions><gpxtpx:TrackPointExtension><gpxtpx:hr>163</gpxtpx:hr><gpxtpx:cad>80</gpxtpx:cad></gpxtpx:TrackPointExtension></extensions><extensions><gpxtpx:PowerExtension><gpxtpx:PowerInWatts>220</gpxtpx:PowerInWatts></gpxtpx:PowerExtension></extensions></trkpt>
<trkpt lat="38.5780709" lon="-121.4806632">
<ele>8</ele><time>2025-08-29T17:18:25.000Z</time><extensions><gpxtpx:TrackPointExtension><gpxtpx:hr>163</gpxtpx:hr><gpxtpx:cad>82</gpxtpx:cad></gpxtpx:TrackPointExtension></extensions><extensions><gpxtpx:PowerExtension><gpxtpx:PowerInWatts>220</gpxtpx:PowerInWatts></gpxtpx:PowerExtension></extensions></trkpt>
<trkpt lat="38.5779957" lon="-121.4806918">
<ele>9</ele><time>2025-08-29T17:18:28.000Z</time><extensions><gpxtpx:TrackPointExtension><gpxtpx:hr>163</gpxtpx:hr><gpxtpx:cad>83</gpxtpx:cad></gpxtpx:TrackPointExtension></extensions><extensions><gpxtpx:PowerExtension><gpxtpx:PowerInWatts>217</gpxtpx:PowerInWatts></gpxtpx:PowerExtension></extensions></trkpt>
<trkpt lat="38.5779489" lon="-121.4807043">
<ele>9</ele><time>2025-08-29T17:18:29.999Z</time><extensions><gpxtpx:TrackPointExtension><gpxtpx:hr>164</gpxtpx:hr><gpxtpx:cad>82</gpxtpx:cad></gpxtpx:TrackPointExtension></extensions><extensions><gpxtpx:PowerExtension><gpxtpx:PowerInWatts>220</gpxtpx:PowerInWatts></gpxtpx:PowerExtension></extensions></trkpt>
<trkpt lat="38.5778992" lon="-121.4807113">
<ele>9</ele><time>2025-08-29T17:18:31.999Z</time><extensions><gpxtpx:TrackPointExtension><gpxtpx:hr>164</gpxtpx:hr><gpxtpx:cad>79</gpxtpx:cad></gpxtpx:TrackPointExtension></extensions><extensions><gpxtpx:PowerExtension><gpxtpx:PowerInWatts>223</gpxtpx:PowerInWatts></gpxtpx:PowerExtension></extensions></trkpt>
<trkpt lat="38.5778379" lon="-121.4807348">
<ele>9</ele><time>2025-08-29T17:18:33.999Z</time><extensions><gpxtpx:TrackPointExtension><gpxtpx:hr>164</gpxtpx:hr><gpxtpx:cad>82</gpxtpx:cad></gpxtpx:TrackPointExtension></extensions><extensions><gpxtpx:PowerExtension><gpxtpx:PowerInWatts>223</gpxtpx:PowerInWatts></gpxtpx:PowerExtension></extensions></trkpt>
<trkpt lat="38.5777936" lon="-121.4807498">
<ele>9</ele><time>2025-08-29T17:18:35.999Z</time><extensions><gpxtpx:TrackPointExtension><gpxtpx:hr>164</gpxtpx:hr><gpxtpx:cad>82</gpxtpx:cad></gpxtpx:TrackPointExtension></extensions><extensions><gpxtpx:PowerExtension><gpxtpx:PowerInWatts>222</gpxtpx:PowerInWatts></gpxtpx:PowerExtension></extensions></trkpt>
<trkpt lat="38.5777504" lon="-121.4807770">
<ele>9</ele><time>2025-08-29T17:18:37.999Z</time><extensions><gpxtpx:TrackPointExtension><gpxtpx:hr>163</gpxtpx:hr><gpxtpx:cad>79</gpxtpx:cad></gpxtpx:TrackPointExtension></extensions><extensions><gpxtpx:PowerExtension><gpxtpx:PowerInWatts>222</gpxtpx:PowerInWatts></gpxtpx:PowerExtension></extensions></trkpt>
<trkpt lat="38.5777079" lon="-121.4808101">
<ele>9</ele><time>2025-08-29T17:18:40.000Z</time><extensions><gpxtpx:TrackPointExtension><gpxtpx:hr>163</gpxtpx:hr><gpxtpx:cad>76</gpxtpx:cad></gpxtpx:TrackPointExtension></extensions><extensions><gpxtpx:PowerExtension><gpxtpx:PowerInWatts>222</gpxtpx:PowerInWatts></gpxtpx:PowerExtension></extensions></trkpt>
<trkpt lat="38.5776398" lon="-121.4808689">
<ele>9</ele><time>2025-08-29T17:18:43.000Z</time><extensions><gpxtpx:TrackPointExtension><gpxtpx:hr>163</gpxtpx:hr><gpxtpx:cad>78</gpxtpx:cad></gpxtpx:TrackPointExtension></extensions><extensions><gpxtpx:PowerExtension><gpxtpx:PowerInWatts>225</gpxtpx:PowerInWatts></gpxtpx:PowerExtension></extensions></trkpt>
<trkpt lat="38.5775901" lon="-121.4808907">
<ele>9</ele><time>2025-08-29T17:18:45.000Z</time><extensions><gpxtpx:TrackPointExtension><gpxtpx:hr>161</gpxtpx:hr><gpxtpx:cad>83</gpxtpx:cad></gpxtpx:TrackPointExtension></extensions><extensions><gpxtpx:PowerExtension><gpxtpx:PowerInWatts>222</gpxtpx:PowerInWatts></gpxtpx:PowerExtension></extensions></trkpt>
<trkpt lat="38.5775467" lon="-121.4809137">
<ele>9</ele><time>2025-08-29T17:18:47.000Z</time><extensions><gpxtpx:TrackPointExtension><gpxtpx:hr>161</gpxtpx:hr><gpxtpx:cad>83</gpxtpx:cad></gpxtpx:TrackPointExtension></extensions><extensions><gpxtpx:PowerExtension><gpxtpx:PowerInWatts>219</gpxtpx:PowerInWatts></gpxtpx:PowerExtension></extensions></trkpt>
<trkpt lat="38.5774901" lon="-121.4809351">
<ele>9</ele><time>2025-08-29T17:18:49.000Z</time><extensions><gpxtpx:TrackPointExtension><gpxtpx:hr>160</gpxtpx:hr><gpxtpx:cad>81</gpxtpx:cad></gpxtpx:TrackPointExtension></extensions><extensions><gpxtpx:PowerExtension><gpxtpx:PowerInWatts>219</gpxtpx:PowerInWatts></gpxtpx:PowerExtension></extensions></trkpt>
<trkpt lat="38.5774407" lon="-121.4809538">
<ele>9</ele><time>2025-08-29T17:18:51.000Z</time><extensions><gpxtpx:TrackPointExtension><gpxtpx:hr>160</gpxtpx:hr><gpxtpx:cad>77</gpxtpx:cad></gpxtpx:TrackPointExtension></extensions><extensions><gpxtpx:PowerExtension><gpxtpx:PowerInWatts>220</gpxtpx:PowerInWatts></gpxtpx:PowerExtension></extensions></trkpt>
<trkpt lat="38.5773929" lon="-121.4809750">
<ele>9</ele><time>2025-08-29T17:18:53.000Z</time><extensions><gpxtpx:TrackPointExtension><gpxtpx:hr>160</gpxtpx:hr><gpxtpx:cad>80</gpxtpx:cad></gpxtpx:TrackPointExtension></extensions><extensions><gpxtpx:PowerExtension><gpxtpx:PowerInWatts>220</gpxtpx:PowerInWatts></gpxtpx:PowerExtension></extensions></trkpt>
<trkpt lat="38.5773422" lon="-121.4810040">
<ele>9</ele><time>2025-08-29T17:18:55.000Z</time><extensions><gpxtpx:TrackPointExtension><gpxtpx:hr>161</gpxtpx:hr><gpxtpx:cad>79</gpxtpx:cad></gpxtpx:TrackPointExtension></extensions><extensions><gpxtpx:PowerExtension><gpxtpx:PowerInWatts>219</gpxtpx:PowerInWatts></gpxtpx:PowerExtension></extensions></trkpt>
<trkpt lat="38.5773040" lon="-121.4810450">
<ele>9</ele><time>2025-08-29T17:18:57.000Z</time><extensions><gpxtpx:TrackPointExtension><gpxtpx:hr>161</gpxtpx:hr><gpxtpx:cad>80</gpxtpx:cad></gpxtpx:TrackPointExtension></extensions><extensions><gpxtpx:PowerExtension><gpxtpx:PowerInWatts>219</gpxtpx:PowerInWatts></gpxtpx:PowerExtension></extensions></trkpt>
<trkpt lat="38.5772588" lon="-121.4810539">
<ele>9</ele><time>2025-08-29T17:18:59.000Z</time><extensions><gpxtpx:TrackPointExtension><gpxtpx:hr>162</gpxtpx:hr><gpxtpx:cad>80</gpxtpx:cad></gpxtpx:TrackPointExtension></extensions><extensions><gpxtpx:PowerExtension><gpxtpx:PowerInWatts>223</gpxtpx:PowerInWatts></gpxtpx:PowerExtension></extensions></trkpt>
<trkpt lat="38.5772129" lon="-121.4810783">
<ele>9</ele><time>2025-08-29T17:19:01.000Z</time><extensions><gpxtpx:TrackPointExtension><gpxtpx:hr>162</gpxtpx:hr><gpxtpx:cad>79</gpxtpx:cad></gpxtpx:TrackPointExtension></extensions><extensions><gpxtpx:PowerExtension><gpxtpx:PowerInWatts>223</gpxtpx:PowerInWatts></gpxtpx:PowerExtension></extensions></trkpt>
<trkpt lat="38.5771526" lon="-121.4811010">
<ele>9</ele><time>2025-08-29T17:19:03.000Z</time><extensions><gpxtpx:TrackPointExtension><gpxtpx:hr>163</gpxtpx:hr><gpxtpx:cad>81</gpxtpx:cad></gpxtpx:TrackPointExtension></extensions><extensions><gpxtpx:PowerExtension><gpxtpx:PowerInWatts>224</gpxtpx:PowerInWatts></gpxtpx:PowerExtension></extensions></trkpt>
<trkpt lat="38.5771008" lon="-121.4811095">
<ele>9</ele><time>2025-08-29T17:19:05.000Z</time><extensions><gpxtpx:TrackPointExtension><gpxtpx:hr>163</gpxtpx:hr><gpxtpx:cad>79</gpxtpx:cad></gpxtpx:TrackPointExtension></extensions><extensions><gpxtpx:PowerExtension><gpxtpx:PowerInWatts>223</gpxtpx:PowerInWatts></gpxtpx:PowerExtension></extensions></trkpt>
<trkpt lat="38.5770773" lon="-121.4810557">
<ele>9</ele><time>2025-08-29T17:19:09.000Z</time><extensions><gpxtpx:TrackPointExtension><gpxtpx:hr>164</gpxtpx:hr><gpxtpx:cad>81</gpxtpx:cad></gpxtpx:TrackPointExtension></extensions><extensions><gpxtpx:PowerExtension><gpxtpx:PowerInWatts>223</gpxtpx:PowerInWatts></gpxtpx:PowerExtension></extensions></trkpt>
<trkpt lat="38.5770451" lon="-121.4810041">
<ele>9</ele><time>2025-08-29T17:19:12.000Z</time><extensions><gpxtpx:TrackPointExtension><gpxtpx:hr>164</gpxtpx:hr><gpxtpx:cad>85</gpxtpx:cad></gpxtpx:TrackPointExtension></extensions><extensions><gpxtpx:PowerExtension><gpxtpx:PowerInWatts>204</gpxtpx:PowerInWatts></gpxtpx:PowerExtension></extensions></trkpt>
<trkpt lat="38.5770239" lon="-121.4809297">
<ele>9</ele><time>2025-08-29T17:19:14.000Z</time><extensions><gpxtpx:TrackPointExtension><gpxtpx:hr>164</gpxtpx:hr><gpxtpx:cad>80</gpxtpx:cad></gpxtpx:TrackPointExtension></extensions><extensions><gpxtpx:PowerExtension><gpxtpx:PowerInWatts>204</gpxtpx:PowerInWatts></gpxtpx:PowerExtension></extensions></trkpt>
<trkpt lat="38.5770011" lon="-121.4808442">
<ele>9</ele><time>2025-08-29T17:19:16.000Z</time><extensions><gpxtpx:TrackPointExtension><gpxtpx:hr>164</gpxtpx:hr><gpxtpx:cad>77</gpxtpx:cad></gpxtpx:TrackPointExtension></extensions><extensions><gpxtpx:PowerExtension><gpxtpx:PowerInWatts>204</gpxtpx:PowerInWatts></gpxtpx:PowerExtension></extensions></trkpt>
<trkpt lat="38.5769759" lon="-121.4807604">
<ele>9</ele><time>2025-08-29T17:19:18.000Z</time><extensions><gpxtpx:TrackPointExtension><gpxtpx:hr>164</gpxtpx:hr><gpxtpx:cad>78</gpxtpx:cad></gpxtpx:TrackPointExtension></extensions><extensions><gpxtpx:PowerExtension><gpxtpx:PowerInWatts>204</gpxtpx:PowerInWatts></gpxtpx:PowerExtension></extensions></trkpt>
<trkpt lat="38.5769631" lon="-121.4806830">
<ele>9</ele><time>2025-08-29T17:19:20.000Z</time><extensions><gpxtpx:TrackPointExtension><gpxtpx:hr>164</gpxtpx:hr><gpxtpx:cad>79</gpxtpx:cad></gpxtpx:TrackPointExtension></extensions><extensions><gpxtpx:PowerExtension><gpxtpx:PowerInWatts>198</gpxtpx:PowerInWatts></gpxtpx:PowerExtension></extensions></trkpt>
<trkpt lat="38.5769502" lon="-121.4806155">
<ele>9</ele><time>2025-08-29T17:19:22.000Z</time><extensions><gpxtpx:TrackPointExtension><gpxtpx:hr>164</gpxtpx:hr><gpxtpx:cad>86</gpxtpx:cad></gpxtpx:TrackPointExtension></extensions><extensions><gpxtpx:PowerExtension><gpxtpx:PowerInWatts>208</gpxtpx:PowerInWatts></gpxtpx:PowerExtension></extensions></trkpt>
<trkpt lat="38.5769409" lon="-121.4805218">
<ele>9</ele><time>2025-08-29T17:19:24.000Z</time><extensions><gpxtpx:TrackPointExtension><gpxtpx:hr>164</gpxtpx:hr><gpxtpx:cad>81</gpxtpx:cad></gpxtpx:TrackPointExtension></extensions><extensions><gpxtpx:PowerExtension><gpxtpx:PowerInWatts>208</gpxtpx:PowerInWatts></gpxtpx:PowerExtension></extensions></trkpt>
<trkpt lat="38.5769226" lon="-121.4804385">
<ele>9</ele><time>2025-08-29T17:19:26.000Z</time><extensions><gpxtpx:TrackPointExtension><gpxtpx:hr>164</gpxtpx:hr><gpxtpx:cad>76</gpxtpx:cad></gpxtpx:TrackPointExtension></extensions><extensions><gpxtpx:PowerExtension><gpxtpx:PowerInWatts>208</gpxtpx:PowerInWatts></gpxtpx:PowerExtension></extensions></trkpt>
<trkpt lat="38.5769092" lon="-121.4803743">
<ele>9</ele><time>2025-08-29T17:19:28.000Z</time><extensions><gpxtpx:TrackPointExtension><gpxtpx:hr>164</gpxtpx:hr><gpxtpx:cad>81</gpxtpx:cad></gpxtpx:TrackPointExtension></extensions><extensions><gpxtpx:PowerExtension><gpxtpx:PowerInWatts>219</gpxtpx:PowerInWatts></gpxtpx:PowerExtension></extensions></trkpt>
<trkpt lat="38.5768925" lon="-121.4803130">
<ele>9</ele><time>2025-08-29T17:19:30.000Z</time><extensions><gpxtpx:TrackPointExtension><gpxtpx:hr>165</gpxtpx:hr><gpxtpx:cad>85</gpxtpx:cad></gpxtpx:TrackPointExtension></extensions><extensions><gpxtpx:PowerExtension><gpxtpx:PowerInWatts>232</gpxtpx:PowerInWatts></gpxtpx:PowerExtension></extensions></trkpt>
<trkpt lat="38.5768613" lon="-121.4802520">
<ele>9</ele><time>2025-08-29T17:19:33.000Z</time><extensions><gpxtpx:TrackPointExtension><gpxtpx:hr>165</gpxtpx:hr><gpxtpx:cad>82</gpxtpx:cad></gpxtpx:TrackPointExtension></extensions><extensions><gpxtpx:PowerExtension><gpxtpx:PowerInWatts>230</gpxtpx:PowerInWatts></gpxtpx:PowerExtension></extensions></trkpt>
<trkpt lat="38.5768462" lon="-121.4801905">
<ele>9</ele><time>2025-08-29T17:19:35.000Z</time><extensions><gpxtpx:TrackPointExtension><gpxtpx:hr>165</gpxtpx:hr><gpxtpx:cad>82</gpxtpx:cad></gpxtpx:TrackPointExtension></extensions><extensions><gpxtpx:PowerExtension><gpxtpx:PowerInWatts>230</gpxtpx:PowerInWatts></gpxtpx:PowerExtension></extensions></trkpt>
<trkpt lat="38.5768482" lon="-121.4801160">
<ele>9</ele><time>2025-08-29T17:19:37.000Z</time><extensions><gpxtpx:TrackPointExtension><gpxtpx:hr>164</gpxtpx:hr><gpxtpx:cad>81</gpxtpx:cad></gpxtpx:TrackPointExtension></extensions><extensions><gpxtpx:PowerExtension><gpxtpx:PowerInWatts>222</gpxtpx:PowerInWatts></gpxtpx:PowerExtension></extensions></trkpt>
<trkpt lat="38.5768311" lon="-121.4800457">
<ele>9</ele><time>2025-08-29T17:19:39.000Z</time><extensions><gpxtpx:TrackPointExtension><gpxtpx:hr>164</gpxtpx:hr><gpxtpx:cad>79</gpxtpx:cad></gpxtpx:TrackPointExtension></extensions><extensions><gpxtpx:PowerExtension><gpxtpx:PowerInWatts>222</gpxtpx:PowerInWatts></gpxtpx:PowerExtension></extensions></trkpt>
<trkpt lat="38.5768065" lon="-121.4799880">
<ele>9</ele><time>2025-08-29T17:19:41.000Z</time><extensions><gpxtpx:TrackPointExtension><gpxtpx:hr>164</gpxtpx:hr><gpxtpx:cad>81</gpxtpx:cad></gpxtpx:TrackPointExtension></extensions><extensions><gpxtpx:PowerExtension><gpxtpx:PowerInWatts>222</gpxtpx:PowerInWatts></gpxtpx:PowerExtension></extensions></trkpt>
<trkpt lat="38.5767961" lon="-121.4799162">
<ele>9</ele><time>2025-08-29T17:19:43.000Z</time><extensions><gpxtpx:TrackPointExtension><gpxtpx:hr>164</gpxtpx:hr><gpxtpx:cad>84</gpxtpx:cad></gpxtpx:TrackPointExtension></extensions><extensions><gpxtpx:PowerExtension><gpxtpx:PowerInWatts>220</gpxtpx:PowerInWatts></gpxtpx:PowerExtension></extensions></trkpt>
<trkpt lat="38.5767740" lon="-121.4798273">
<ele>9</ele><time>2025-08-29T17:19:45.000Z</time><extensions><gpxtpx:TrackPointExtension><gpxtpx:hr>164</gpxtpx:hr><gpxtpx:cad>83</gpxtpx:cad></gpxtpx:TrackPointExtension></extensions><extensions><gpxtpx:PowerExtension><gpxtpx:PowerInWatts>222</gpxtpx:PowerInWatts></gpxtpx:PowerExtension></extensions></trkpt>
<trkpt lat="38.5767455" lon="-121.4797570">
<ele>9</ele><time>2025-08-29T17:19:48.000Z</time><extensions><gpxtpx:TrackPointExtension><gpxtpx:hr>165</gpxtpx:hr><gpxtpx:cad>85</gpxtpx:cad></gpxtpx:TrackPointExtension></extensions><extensions><gpxtpx:PowerExtension><gpxtpx:PowerInWatts>223</gpxtpx:PowerInWatts></gpxtpx:PowerExtension></extensions></trkpt>
<trkpt lat="38.5767124" lon="-121.4796928">
<ele>9</ele><time>2025-08-29T17:19:50.000Z</time><extensions><gpxtpx:TrackPointExtension><gpxtpx:hr>165</gpxtpx:hr><gpxtpx:cad>77</gpxtpx:cad></gpxtpx:TrackPointExtension></extensions><extensions><gpxtpx:PowerExtension><gpxtpx:PowerInWatts>223</gpxtpx:PowerInWatts></gpxtpx:PowerExtension></extensions></trkpt>
<trkpt lat="38.5767138" lon="-121.4796151">
<ele>9</ele><time>2025-08-29T17:19:53.000Z</time><extensions><gpxtpx:TrackPointExtension><gpxtpx:hr>165</gpxtpx:hr><gpxtpx:cad>78</gpxtpx:cad></gpxtpx:TrackPointExtension></extensions><extensions><gpxtpx:PowerExtension><gpxtpx:PowerInWatts>227</gpxtpx:PowerInWatts></gpxtpx:PowerExtension></extensions></trkpt>
<trkpt lat="38.5766825" lon="-121.4795500">
<ele>9</ele><time>2025-08-29T17:19:56.000Z</time><extensions><gpxtpx:TrackPointExtension><gpxtpx:hr>165</gpxtpx:hr><gpxtpx:cad>84</gpxtpx:cad></gpxtpx:TrackPointExtension></extensions><extensions><gpxtpx:PowerExtension><gpxtpx:PowerInWatts>226</gpxtpx:PowerInWatts></gpxtpx:PowerExtension></extensions></trkpt>
<trkpt lat="38.5766730" lon="-121.4794758">
<ele>9</ele><time>2025-08-29T17:19:58.000Z</time><extensions><gpxtpx:TrackPointExtension><gpxtpx:hr>165</gpxtpx:hr><gpxtpx:cad>84</gpxtpx:cad></gpxtpx:TrackPointExtension></extensions><extensions><gpxtpx:PowerExtension><gpxtpx:PowerInWatts>222</gpxtpx:PowerInWatts></gpxtpx:PowerExtension></extensions></trkpt>
<trkpt lat="38.5766589" lon="-121.4793864">
<ele>9</ele><time>2025-08-29T17:20:00.000Z</time><extensions><gpxtpx:TrackPointExtension><gpxtpx:hr>165</gpxtpx:hr><gpxtpx:cad>83</gpxtpx:cad></gpxtpx:TrackPointExtension></extensions><extensions><gpxtpx:PowerExtension><gpxtpx:PowerInWatts>217</gpxtpx:PowerInWatts></gpxtpx:PowerExtension></extensions></trkpt>
<trkpt lat="38.5766312" lon="-121.4793273">
<ele>9</ele><time>2025-08-29T17:20:02.000Z</time><extensions><gpxtpx:TrackPointExtension><gpxtpx:hr>164</gpxtpx:hr><gpxtpx:cad>81</gpxtpx:cad></gpxtpx:TrackPointExtension></extensions><extensions><gpxtpx:PowerExtension><gpxtpx:PowerInWatts>217</gpxtpx:PowerInWatts></gpxtpx:PowerExtension></extensions></trkpt>
<trkpt lat="38.5766238" lon="-121.4792487">
<ele>9</ele><time>2025-08-29T17:20:05.000Z</time><extensions><gpxtpx:TrackPointExtension><gpxtpx:hr>164</gpxtpx:hr><gpxtpx:cad>78</gpxtpx:cad></gpxtpx:TrackPointExtension></extensions><extensions><gpxtpx:PowerExtension><gpxtpx:PowerInWatts>218</gpxtpx:PowerInWatts></gpxtpx:PowerExtension></extensions></trkpt>
<trkpt lat="38.5765864" lon="-121.4792060">
<ele>9</ele><time>2025-08-29T17:20:07.000Z</time><extensions><gpxtpx:TrackPointExtension><gpxtpx:hr>165</gpxtpx:hr><gpxtpx:cad>78</gpxtpx:cad></gpxtpx:TrackPointExtension></extensions><extensions><gpxtpx:PowerExtension><gpxtpx:PowerInWatts>218</gpxtpx:PowerInWatts></gpxtpx:PowerExtension></extensions></trkpt>
<trkpt lat="38.5765757" lon="-121.4791421">
<ele>9</ele><time>2025-08-29T17:20:09.000Z</time><extensions><gpxtpx:TrackPointExtension><gpxtpx:hr>165</gpxtpx:hr><gpxtpx:cad>81</gpxtpx:cad></gpxtpx:TrackPointExtension></extensions><extensions><gpxtpx:PowerExtension><gpxtpx:PowerInWatts>223</gpxtpx:PowerInWatts></gpxtpx:PowerExtension></extensions></trkpt>
<trkpt lat="38.5765463" lon="-121.4790717">
<ele>9</ele><time>2025-08-29T17:20:11.000Z</time><extensions><gpxtpx:TrackPointExtension><gpxtpx:hr>166</gpxtpx:hr><gpxtpx:cad>80</gpxtpx:cad></gpxtpx:TrackPointExtension></extensions><extensions><gpxtpx:PowerExtension><gpxtpx:PowerInWatts>223</gpxtpx:PowerInWatts></gpxtpx:PowerExtension></extensions></trkpt>
<trkpt lat="38.5765149" lon="-121.4790110">
<ele>9</ele><time>2025-08-29T17:20:12.999Z</time><extensions><gpxtpx:TrackPointExtension><gpxtpx:hr>166</gpxtpx:hr><gpxtpx:cad>78</gpxtpx:cad></gpxtpx:TrackPointExtension></extensions><extensions><gpxtpx:PowerExtension><gpxtpx:PowerInWatts>223</gpxtpx:PowerInWatts></gpxtpx:PowerExtension></extensions></trkpt>
<trkpt lat="38.5765047" lon="-121.4789398">
<ele>9</ele><time>2025-08-29T17:20:14.999Z</time><extensions><gpxtpx:TrackPointExtension><gpxtpx:hr>165</gpxtpx:hr><gpxtpx:cad>78</gpxtpx:cad></gpxtpx:TrackPointExtension></extensions><extensions><gpxtpx:PowerExtension><gpxtpx:PowerInWatts>216</gpxtpx:PowerInWatts></gpxtpx:PowerExtension></extensions></trkpt>
<trkpt lat="38.5764773" lon="-121.4788825">
<ele>9</ele><time>2025-08-29T17:20:16.999Z</time><extensions><gpxtpx:TrackPointExtension><gpxtpx:hr>165</gpxtpx:hr><gpxtpx:cad>80</gpxtpx:cad></gpxtpx:TrackPointExtension></extensions><extensions><gpxtpx:PowerExtension><gpxtpx:PowerInWatts>217</gpxtpx:PowerInWatts></gpxtpx:PowerExtension></extensions></trkpt>
<trkpt lat="38.5764446" lon="-121.4788268">
<ele>9</ele><time>2025-08-29T17:20:18.999Z</time><extensions><gpxtpx:TrackPointExtension><gpxtpx:hr>165</gpxtpx:hr><gpxtpx:cad>82</gpxtpx:cad></gpxtpx:TrackPointExtension></extensions><extensions><gpxtpx:PowerExtension><gpxtpx:PowerInWatts>222</gpxtpx:PowerInWatts></gpxtpx:PowerExtension></extensions></trkpt>
<trkpt lat="38.5764094" lon="-121.4787790">
<ele>9</ele><time>2025-08-29T17:20:21.999Z</time><extensions><gpxtpx:TrackPointExtension><gpxtpx:hr>164</gpxtpx:hr><gpxtpx:cad>82</gpxtpx:cad></gpxtpx:TrackPointExtension></extensions><extensions><gpxtpx:PowerExtension><gpxtpx:PowerInWatts>222</gpxtpx:PowerInWatts></gpxtpx:PowerExtension></extensions></trkpt>
<trkpt lat="38.5763880" lon="-121.4786973">
<ele>9</ele><time>2025-08-29T17:20:23.999Z</time><extensions><gpxtpx:TrackPointExtension><gpxtpx:hr>164</gpxtpx:hr><gpxtpx:cad>82</gpxtpx:cad></gpxtpx:TrackPointExtension></extensions><extensions><gpxtpx:PowerExtension><gpxtpx:PowerInWatts>222</gpxtpx:PowerInWatts></gpxtpx:PowerExtension></extensions></trkpt>
<trkpt lat="38.5764063" lon="-121.4786418">
<ele>9</ele><time>2025-08-29T17:20:24.999Z</time><extensions><gpxtpx:TrackPointExtension><gpxtpx:hr>165</gpxtpx:hr><gpxtpx:cad>82</gpxtpx:cad></gpxtpx:TrackPointExtension></extensions><extensions><gpxtpx:PowerExtension><gpxtpx:PowerInWatts>222</gpxtpx:PowerInWatts></gpxtpx:PowerExtension></extensions></trkpt>
<trkpt lat="38.5764212" lon="-121.4785704">
<ele>9</ele><time>2025-08-29T17:20:26.999Z</time><extensions><gpxtpx:TrackPointExtension><gpxtpx:hr>165</gpxtpx:hr><gpxtpx:cad>82</gpxtpx:cad></gpxtpx:TrackPointExtension></extensions><extensions><gpxtpx:PowerExtension><gpxtpx:PowerInWatts>220</gpxtpx:PowerInWatts></gpxtpx:PowerExtension></extensions></trkpt>
<trkpt lat="38.5763974" lon="-121.4785015">
<ele>9</ele><time>2025-08-29T17:20:28.999Z</time><extensions><gpxtpx:TrackPointExtension><gpxtpx:hr>165</gpxtpx:hr><gpxtpx:cad>79</gpxtpx:cad></gpxtpx:TrackPointExtension></extensions><extensions><gpxtpx:PowerExtension><gpxtpx:PowerInWatts>214</gpxtpx:PowerInWatts></gpxtpx:PowerExtension></extensions></trkpt>
<trkpt lat="38.5763628" lon="-121.4784344">
<ele>8</ele><time>2025-08-29T17:20:30.999Z</time><extensions><gpxtpx:TrackPointExtension><gpxtpx:hr>165</gpxtpx:hr><gpxtpx:cad>80</gpxtpx:cad></gpxtpx:TrackPointExtension></extensions><extensions><gpxtpx:PowerExtension><gpxtpx:PowerInWatts>224</gpxtpx:PowerInWatts></gpxtpx:PowerExtension></extensions></trkpt>
<trkpt lat="38.5763407" lon="-121.4783797">
<ele>8</ele><time>2025-08-29T17:20:32.999Z</time><extensions><gpxtpx:TrackPointExtension><gpxtpx:hr>165</gpxtpx:hr><gpxtpx:cad>79</gpxtpx:cad></gpxtpx:TrackPointExtension></extensions><extensions><gpxtpx:PowerExtension><gpxtpx:PowerInWatts>224</gpxtpx:PowerInWatts></gpxtpx:PowerExtension></extensions></trkpt>
<trkpt lat="38.5763362" lon="-121.4783091">
<ele>8</ele><time>2025-08-29T17:20:34.999Z</time><extensions><gpxtpx:TrackPointExtension><gpxtpx:hr>165</gpxtpx:hr><gpxtpx:cad>87</gpxtpx:cad></gpxtpx:TrackPointExtension></extensions><extensions><gpxtpx:PowerExtension><gpxtpx:PowerInWatts>244</gpxtpx:PowerInWatts></gpxtpx:PowerExtension></extensions></trkpt>
<trkpt lat="38.5763327" lon="-121.4782291">
<ele>8</ele><time>2025-08-29T17:20:36.999Z</time><extensions><gpxtpx:TrackPointExtension><gpxtpx:hr>165</gpxtpx:hr><gpxtpx:cad>81</gpxtpx:cad></gpxtpx:TrackPointExtension></extensions><extensions><gpxtpx:PowerExtension><gpxtpx:PowerInWatts>244</gpxtpx:PowerInWatts></gpxtpx:PowerExtension></extensions></trkpt>
<trkpt lat="38.5763197" lon="-121.4781563">
<ele>8</ele><time>2025-08-29T17:20:38.999Z</time><extensions><gpxtpx:TrackPointExtension><gpxtpx:hr>165</gpxtpx:hr><gpxtpx:cad>76</gpxtpx:cad></gpxtpx:TrackPointExtension></extensions><extensions><gpxtpx:PowerExtension><gpxtpx:PowerInWatts>232</gpxtpx:PowerInWatts></gpxtpx:PowerExtension></extensions></trkpt>
<trkpt lat="38.5763130" lon="-121.4780957">
<ele>8</ele><time>2025-08-29T17:20:40.999Z</time><extensions><gpxtpx:TrackPointExtension><gpxtpx:hr>166</gpxtpx:hr><gpxtpx:cad>72</gpxtpx:cad></gpxtpx:TrackPointExtension></extensions><extensions><gpxtpx:PowerExtension><gpxtpx:PowerInWatts>232</gpxtpx:PowerInWatts></gpxtpx:PowerExtension></extensions></trkpt>
<trkpt lat="38.5762946" lon="-121.4780326">
<ele>8</ele><time>2025-08-29T17:20:42.999Z</time><extensions><gpxtpx:TrackPointExtension><gpxtpx:hr>166</gpxtpx:hr><gpxtpx:cad>69</gpxtpx:cad></gpxtpx:TrackPointExtension></extensions><extensions><gpxtpx:PowerExtension><gpxtpx:PowerInWatts>232</gpxtpx:PowerInWatts></gpxtpx:PowerExtension></extensions></trkpt>
<trkpt lat="38.5762670" lon="-121.4779795">
<ele>8</ele><time>2025-08-29T17:20:44.999Z</time><extensions><gpxtpx:TrackPointExtension><gpxtpx:hr>166</gpxtpx:hr><gpxtpx:cad>67</gpxtpx:cad></gpxtpx:TrackPointExtension></extensions><extensions><gpxtpx:PowerExtension><gpxtpx:PowerInWatts>230</gpxtpx:PowerInWatts></gpxtpx:PowerExtension></extensions></trkpt>
<trkpt lat="38.5762636" lon="-121.4778927">
<ele>8</ele><time>2025-08-29T17:20:47.999Z</time><extensions><gpxtpx:TrackPointExtension><gpxtpx:hr>167</gpxtpx:hr><gpxtpx:cad>63</gpxtpx:cad></gpxtpx:TrackPointExtension></extensions><extensions><gpxtpx:PowerExtension><gpxtpx:PowerInWatts>230</gpxtpx:PowerInWatts></gpxtpx:PowerExtension></extensions></trkpt>
<trkpt lat="38.5762792" lon="-121.4778352">
<ele>8</ele><time>2025-08-29T17:20:50.999Z</time><extensions><gpxtpx:TrackPointExtension><gpxtpx:hr>165</gpxtpx:hr><gpxtpx:cad>65</gpxtpx:cad></gpxtpx:TrackPointExtension></extensions><extensions><gpxtpx:PowerExtension><gpxtpx:PowerInWatts>204</gpxtpx:PowerInWatts></gpxtpx:PowerExtension></extensions></trkpt>
<trkpt lat="38.5762352" lon="-121.4778555">
<ele>8</ele><time>2025-08-29T17:20:54.999Z</time><extensions><gpxtpx:TrackPointExtension><gpxtpx:hr>165</gpxtpx:hr><gpxtpx:cad>64</gpxtpx:cad></gpxtpx:TrackPointExtension></extensions><extensions><gpxtpx:PowerExtension><gpxtpx:PowerInWatts>192</gpxtpx:PowerInWatts></gpxtpx:PowerExtension></extensions></trkpt>
<trkpt lat="38.5762633" lon="-121.4779011">
<ele>8</ele><time>2025-08-29T17:21:00.999Z</time><extensions><gpxtpx:TrackPointExtension><gpxtpx:hr>164</gpxtpx:hr><gpxtpx:cad>61</gpxtpx:cad></gpxtpx:TrackPointExtension></extensions><extensions><gpxtpx:PowerExtension><gpxtpx:PowerInWatts>63</gpxtpx:PowerInWatts></gpxtpx:PowerExtension></extensions></trkpt>
<trkpt lat="38.5762776" lon="-121.4779589">
<ele>8</ele><time>2025-08-29T17:21:05.999Z</time><extensions><gpxtpx:TrackPointExtension><gpxtpx:hr>162</gpxtpx:hr><gpxtpx:cad>59</gpxtpx:cad></gpxtpx:TrackPointExtension></extensions><extensions><gpxtpx:PowerExtension><gpxtpx:PowerInWatts>64</gpxtpx:PowerInWatts></gpxtpx:PowerExtension></extensions></trkpt>
<trkpt lat="38.5763433" lon="-121.4779663">
<ele>8</ele><time>2025-08-29T17:21:09.999Z</time><extensions><gpxtpx:TrackPointExtension><gpxtpx:hr>161</gpxtpx:hr><gpxtpx:cad>56</gpxtpx:cad></gpxtpx:TrackPointExtension></extensions><extensions><gpxtpx:PowerExtension><gpxtpx:PowerInWatts>70</gpxtpx:PowerInWatts></gpxtpx:PowerExtension></extensions></trkpt>
<trkpt lat="38.5764136" lon="-121.4779008">
<ele>8</ele><time>2025-08-29T17:21:12.999Z</time><extensions><gpxtpx:TrackPointExtension><gpxtpx:hr>160</gpxtpx:hr><gpxtpx:cad>58</gpxtpx:cad></gpxtpx:TrackPointExtension></extensions><extensions><gpxtpx:PowerExtension><gpxtpx:PowerInWatts>71</gpxtpx:PowerInWatts></gpxtpx:PowerExtension></extensions></trkpt>
<trkpt lat="38.5764495" lon="-121.4778457">
<ele>8</ele><time>2025-08-29T17:21:15.999Z</time><extensions><gpxtpx:TrackPointExtension><gpxtpx:hr>159</gpxtpx:hr><gpxtpx:cad>56</gpxtpx:cad></gpxtpx:TrackPointExtension></extensions><extensions><gpxtpx:PowerExtension><gpxtpx:PowerInWatts>74</gpxtpx:PowerInWatts></gpxtpx:PowerExtension></extensions></trkpt>
<trkpt lat="38.5764899" lon="-121.4778196">
<ele>8</ele><time>2025-08-29T17:21:18.999Z</time><extensions><gpxtpx:TrackPointExtension><gpxtpx:hr>157</gpxtpx:hr><gpxtpx:cad>50</gpxtpx:cad></gpxtpx:TrackPointExtension></extensions><extensions><gpxtpx:PowerExtension><gpxtpx:PowerInWatts>85</gpxtpx:PowerInWatts></gpxtpx:PowerExtension></extensions></trkpt>
<trkpt lat="38.5765352" lon="-121.4778104">
<ele>8</ele><time>2025-08-29T17:21:21.999Z</time><extensions><gpxtpx:TrackPointExtension><gpxtpx:hr>156</gpxtpx:hr><gpxtpx:cad>50</gpxtpx:cad></gpxtpx:TrackPointExtension></extensions><extensions><gpxtpx:PowerExtension><gpxtpx:PowerInWatts>90</gpxtpx:PowerInWatts></gpxtpx:PowerExtension></extensions></trkpt>
<trkpt lat="38.5765716" lon="-121.4778550">
<ele>8</ele><time>2025-08-29T17:21:26.999Z</time><extensions><gpxtpx:TrackPointExtension><gpxtpx:hr>154</gpxtpx:hr><gpxtpx:cad>49</gpxtpx:cad></gpxtpx:TrackPointExtension></extensions><extensions><gpxtpx:PowerExtension><gpxtpx:PowerInWatts>91</gpxtpx:PowerInWatts></gpxtpx:PowerExtension></extensions></trkpt>
<trkpt lat="38.5766271" lon="-121.4778767">
<ele>8</ele><time>2025-08-29T17:21:29.999Z</time><extensions><gpxtpx:TrackPointExtension><gpxtpx:hr>154</gpxtpx:hr><gpxtpx:cad>49</gpxtpx:cad></gpxtpx:TrackPointExtension></extensions><extensions><gpxtpx:PowerExtension><gpxtpx:PowerInWatts>85</gpxtpx:PowerInWatts></gpxtpx:PowerExtension></extensions></trkpt>
<trkpt lat="38.5766674" lon="-121.4778506">
<ele>8</ele><time>2025-08-29T17:21:33.999Z</time><extensions><gpxtpx:TrackPointExtension><gpxtpx:hr>152</gpxtpx:hr><gpxtpx:cad>53</gpxtpx:cad></gpxtpx:TrackPointExtension></extensions><extensions><gpxtpx:PowerExtension><gpxtpx:PowerInWatts>84</gpxtpx:PowerInWatts></gpxtpx:PowerExtension></extensions></trkpt>
<trkpt lat="38.5767136" lon="-121.4778360">
<ele>8</ele><time>2025-08-29T17:21:37.999Z</time><extensions><gpxtpx:TrackPointExtension><gpxtpx:hr>151</gpxtpx:hr><gpxtpx:cad>53</gpxtpx:cad></gpxtpx:TrackPointExtension></extensions><extensions><gpxtpx:PowerExtension><gpxtpx:PowerInWatts>86</gpxtpx:PowerInWatts></gpxtpx:PowerExtension></extensions></trkpt>
<trkpt lat="38.5767420" lon="-121.4779062">
<ele>8</ele><time>2025-08-29T17:21:43.999Z</time><extensions><gpxtpx:TrackPointExtension><gpxtpx:hr>148</gpxtpx:hr><gpxtpx:cad>54</gpxtpx:cad></gpxtpx:TrackPointExtension></extensions><extensions><gpxtpx:PowerExtension><gpxtpx:PowerInWatts>85</gpxtpx:PowerInWatts></gpxtpx:PowerExtension></extensions></trkpt>
<trkpt lat="38.5767590" lon="-121.4779705">
<ele>8</ele><time>2025-08-29T17:21:47.999Z</time><extensions><gpxtpx:TrackPointExtension><gpxtpx:hr>147</gpxtpx:hr><gpxtpx:cad>56</gpxtpx:cad></gpxtpx:TrackPointExtension></extensions><extensions><gpxtpx:PowerExtension><gpxtpx:PowerInWatts>84</gpxtpx:PowerInWatts></gpxtpx:PowerExtension></extensions></trkpt>
<trkpt lat="38.5767730" lon="-121.4780268">
<ele>8</ele><time>2025-08-29T17:21:51.999Z</time><extensions><gpxtpx:TrackPointExtension><gpxtpx:hr>145</gpxtpx:hr><gpxtpx:cad>57</gpxtpx:cad></gpxtpx:TrackPointExtension></extensions><extensions><gpxtpx:PowerExtension><gpxtpx:PowerInWatts>86</gpxtpx:PowerInWatts></gpxtpx:PowerExtension></extensions></trkpt>
<trkpt lat="38.5767643" lon="-121.4779549">
<ele>8</ele><time>2025-08-29T17:21:53.999Z</time><extensions><gpxtpx:TrackPointExtension><gpxtpx:hr>145</gpxtpx:hr><gpxtpx:cad>58</gpxtpx:cad></gpxtpx:TrackPointExtension></extensions><extensions><gpxtpx:PowerExtension><gpxtpx:PowerInWatts>86</gpxtpx:PowerInWatts></gpxtpx:PowerExtension></extensions></trkpt>
<trkpt lat="38.5767642" lon="-121.4778824">
<ele>8</ele><time>2025-08-29T17:21:56.999Z</time><extensions><gpxtpx:TrackPointExtension><gpxtpx:hr>144</gpxtpx:hr><gpxtpx:cad>60</gpxtpx:cad></gpxtpx:TrackPointExtension></extensions><extensions><gpxtpx:PowerExtension><gpxtpx:PowerInWatts>86</gpxtpx:PowerInWatts></gpxtpx:PowerExtension></extensions></trkpt>
<trkpt lat="38.5767487" lon="-121.4777879">
<ele>8</ele><time>2025-08-29T17:21:59.999Z</time><extensions><gpxtpx:TrackPointExtension><gpxtpx:hr>144</gpxtpx:hr><gpxtpx:cad>65</gpxtpx:cad></gpxtpx:TrackPointExtension></extensions><extensions><gpxtpx:PowerExtension><gpxtpx:PowerInWatts>86</gpxtpx:PowerInWatts></gpxtpx:PowerExtension></extensions></trkpt>
<trkpt lat="38.5767380" lon="-121.4777152">
<ele>8</ele><time>2025-08-29T17:22:01.999Z</time><extensions><gpxtpx:TrackPointExtension><gpxtpx:hr>144</gpxtpx:hr><gpxtpx:cad>64</gpxtpx:cad></gpxtpx:TrackPointExtension></extensions><extensions><gpxtpx:PowerExtension><gpxtpx:PowerInWatts>85</gpxtpx:PowerInWatts></gpxtpx:PowerExtension></extensions></trkpt>
<trkpt lat="38.5767040" lon="-121.4776569">
<ele>8</ele><time>2025-08-29T17:22:03.999Z</time><extensions><gpxtpx:TrackPointExtension><gpxtpx:hr>144</gpxtpx:hr><gpxtpx:cad>68</gpxtpx:cad></gpxtpx:TrackPointExtension></extensions><extensions><gpxtpx:PowerExtension><gpxtpx:PowerInWatts>97</gpxtpx:PowerInWatts></gpxtpx:PowerExtension></extensions></trkpt>
<trkpt lat="38.5766966" lon="-121.4775824">
<ele>9</ele><time>2025-08-29T17:22:05.999Z</time><extensions><gpxtpx:TrackPointExtension><gpxtpx:hr>145</gpxtpx:hr><gpxtpx:cad>70</gpxtpx:cad></gpxtpx:TrackPointExtension></extensions><extensions><gpxtpx:PowerExtension><gpxtpx:PowerInWatts>238</gpxtpx:PowerInWatts></gpxtpx:PowerExtension></extensions></trkpt>
<trkpt lat="38.5766759" lon="-121.4775013">
<ele>9</ele><time>2025-08-29T17:22:07.999Z</time><extensions><gpxtpx:TrackPointExtension><gpxtpx:hr>145</gpxtpx:hr><gpxtpx:cad>79</gpxtpx:cad></gpxtpx:TrackPointExtension></extensions><extensions><gpxtpx:PowerExtension><gpxtpx:PowerInWatts>238</gpxtpx:PowerInWatts></gpxtpx:PowerExtension></extensions></trkpt>
<trkpt lat="38.5766577" lon="-121.4774068">
<ele>9</ele><time>2025-08-29T17:22:10.999Z</time><extensions><gpxtpx:TrackPointExtension><gpxtpx:hr>145</gpxtpx:hr><gpxtpx:cad>85</gpxtpx:cad></gpxtpx:TrackPointExtension></extensions><extensions><gpxtpx:PowerExtension><gpxtpx:PowerInWatts>238</gpxtpx:PowerInWatts></gpxtpx:PowerExtension></extensions></trkpt>
<trkpt lat="38.5766426" lon="-121.4773367">
<ele>9</ele><time>2025-08-29T17:22:12.999Z</time><extensions><gpxtpx:TrackPointExtension><gpxtpx:hr>145</gpxtpx:hr><gpxtpx:cad>78</gpxtpx:cad></gpxtpx:TrackPointExtension></extensions><extensions><gpxtpx:PowerExtension><gpxtpx:PowerInWatts>244</gpxtpx:PowerInWatts></gpxtpx:PowerExtension></extensions></trkpt>
<trkpt lat="38.5766146" lon="-121.4772777">
<ele>8</ele><time>2025-08-29T17:22:14.999Z</time><extensions><gpxtpx:TrackPointExtension><gpxtpx:hr>145</gpxtpx:hr><gpxtpx:cad>82</gpxtpx:cad></gpxtpx:TrackPointExtension></extensions><extensions><gpxtpx:PowerExtension><gpxtpx:PowerInWatts>244</gpxtpx:PowerInWatts></gpxtpx:PowerExtension></extensions></trkpt>
<trkpt lat="38.5766227" lon="-121.4772114">
<ele>8</ele><time>2025-08-29T17:22:16.999Z</time><extensions><gpxtpx:TrackPointExtension><gpxtpx:hr>146</gpxtpx:hr><gpxtpx:cad>85</gpxtpx:cad></gpxtpx:TrackPointExtension></extensions><extensions><gpxtpx:PowerExtension><gpxtpx:PowerInWatts>237</gpxtpx:PowerInWatts></gpxtpx:PowerExtension></extensions></trkpt>
<trkpt lat="38.5766243" lon="-121.4771481">
<ele>8</ele><time>2025-08-29T17:22:18.999Z</time><extensions><gpxtpx:TrackPointExtension><gpxtpx:hr>148</gpxtpx:hr><gpxtpx:cad>85</gpxtpx:cad></gpxtpx:TrackPointExtension></extensions><extensions><gpxtpx:PowerExtension><gpxtpx:PowerInWatts>239</gpxtpx:PowerInWatts></gpxtpx:PowerExtension></extensions></trkpt>
<trkpt lat="38.5766713" lon="-121.4771051">
<ele>8</ele><time>2025-08-29T17:22:22.999Z</time><extensions><gpxtpx:TrackPointExtension><gpxtpx:hr>150</gpxtpx:hr><gpxtpx:cad>81</gpxtpx:cad></gpxtpx:TrackPointExtension></extensions><extensions><gpxtpx:PowerExtension><gpxtpx:PowerInWatts>236</gpxtpx:PowerInWatts></gpxtpx:PowerExtension></extensions></trkpt>
<trkpt lat="38.5767213" lon="-121.4770672">
<ele>8</ele><time>2025-08-29T17:22:25.999Z</time><extensions><gpxtpx:TrackPointExtension><gpxtpx:hr>151</gpxtpx:hr><gpxtpx:cad>82</gpxtpx:cad></gpxtpx:TrackPointExtension></extensions><extensions><gpxtpx:PowerExtension><gpxtpx:PowerInWatts>228</gpxtpx:PowerInWatts></gpxtpx:PowerExtension></extensions></trkpt>
<trkpt lat="38.5767676" lon="-121.4770320">
<ele>8</ele><time>2025-08-29T17:22:27.999Z</time><extensions><gpxtpx:TrackPointExtension><gpxtpx:hr>151</gpxtpx:hr><gpxtpx:cad>80</gpxtpx:cad></gpxtpx:TrackPointExtension></extensions><extensions><gpxtpx:PowerExtension><gpxtpx:PowerInWatts>228</gpxtpx:PowerInWatts></gpxtpx:PowerExtension></extensions></trkpt>
<trkpt lat="38.5767985" lon="-121.4769817">
<ele>8</ele><time>2025-08-29T17:22:29.999Z</time><extensions><gpxtpx:TrackPointExtension><gpxtpx:hr>151</gpxtpx:hr><gpxtpx:cad>78</gpxtpx:cad></gpxtpx:TrackPointExtension></extensions><extensions><gpxtpx:PowerExtension><gpxtpx:PowerInWatts>217</gpxtpx:PowerInWatts></gpxtpx:PowerExtension></extensions></trkpt>
<trkpt lat="38.5768286" lon="-121.4769156">
<ele>8</ele><time>2025-08-29T17:22:31.999Z</time><extensions><gpxtpx:TrackPointExtension><gpxtpx:hr>152</gpxtpx:hr><gpxtpx:cad>81</gpxtpx:cad></gpxtpx:TrackPointExtension></extensions><extensions><gpxtpx:PowerExtension><gpxtpx:PowerInWatts>211</gpxtpx:PowerInWatts></gpxtpx:PowerExtension></extensions></trkpt>
<trkpt lat="38.5768747" lon="-121.4768893">
<ele>8</ele><time>2025-08-29T17:22:33.999Z</time><extensions><gpxtpx:TrackPointExtension><gpxtpx:hr>153</gpxtpx:hr><gpxtpx:cad>84</gpxtpx:cad></gpxtpx:TrackPointExtension></extensions><extensions><gpxtpx:PowerExtension><gpxtpx:PowerInWatts>214</gpxtpx:PowerInWatts></gpxtpx:PowerExtension></extensions></trkpt>
<trkpt lat="38.5769341" lon="-121.4768666">
<ele>8</ele><time>2025-08-29T17:22:35.999Z</time><extensions><gpxtpx:TrackPointExtension><gpxtpx:hr>153</gpxtpx:hr><gpxtpx:cad>82</gpxtpx:cad></gpxtpx:TrackPointExtension></extensions><extensions><gpxtpx:PowerExtension><gpxtpx:PowerInWatts>214</gpxtpx:PowerInWatts></gpxtpx:PowerExtension></extensions></trkpt>
<trkpt lat="38.5769871" lon="-121.4768487">
<ele>8</ele><time>2025-08-29T17:22:38.999Z</time><extensions><gpxtpx:TrackPointExtension><gpxtpx:hr>154</gpxtpx:hr><gpxtpx:cad>80</gpxtpx:cad></gpxtpx:TrackPointExtension></extensions><extensions><gpxtpx:PowerExtension><gpxtpx:PowerInWatts>214</gpxtpx:PowerInWatts></gpxtpx:PowerExtension></extensions></trkpt>
<trkpt lat="38.5770316" lon="-121.4767869">
<ele>8</ele><time>2025-08-29T17:22:40.999Z</time><extensions><gpxtpx:TrackPointExtension><gpxtpx:hr>154</gpxtpx:hr><gpxtpx:cad>80</gpxtpx:cad></gpxtpx:TrackPointExtension></extensions><extensions><gpxtpx:PowerExtension><gpxtpx:PowerInWatts>216</gpxtpx:PowerInWatts></gpxtpx:PowerExtension></extensions></trkpt>
<trkpt lat="38.5770516" lon="-121.4767128">
<ele>8</ele><time>2025-08-29T17:22:42.999Z</time><extensions><gpxtpx:TrackPointExtension><gpxtpx:hr>154</gpxtpx:hr><gpxtpx:cad>83</gpxtpx:cad></gpxtpx:TrackPointExtension></extensions><extensions><gpxtpx:PowerExtension><gpxtpx:PowerInWatts>216</gpxtpx:PowerInWatts></gpxtpx:PowerExtension></extensions></trkpt>
<trkpt lat="38.5771006" lon="-121.4767057">
<ele>8</ele><time>2025-08-29T17:22:44.999Z</time><extensions><gpxtpx:TrackPointExtension><gpxtpx:hr>155</gpxtpx:hr><gpxtpx:cad>82</gpxtpx:cad></gpxtpx:TrackPointExtension></extensions><extensions><gpxtpx:PowerExtension><gpxtpx:PowerInWatts>211</gpxtpx:PowerInWatts></gpxtpx:PowerExtension></extensions></trkpt>
<trkpt lat="38.5771522" lon="-121.4766784">
<ele>8</ele><time>2025-08-29T17:22:46.999Z</time><extensions><gpxtpx:TrackPointExtension><gpxtpx:hr>155</gpxtpx:hr><gpxtpx:cad>79</gpxtpx:cad></gpxtpx:TrackPointExtension></extensions><extensions><gpxtpx:PowerExtension><gpxtpx:PowerInWatts>211</gpxtpx:PowerInWatts></gpxtpx:PowerExtension></extensions></trkpt>
<trkpt lat="38.5771923" lon="-121.4766447">
<ele>8</ele><time>2025-08-29T17:22:48.999Z</time><extensions><gpxtpx:TrackPointExtension><gpxtpx:hr>155</gpxtpx:hr><gpxtpx:cad>79</gpxtpx:cad></gpxtpx:TrackPointExtension></extensions><extensions><gpxtpx:PowerExtension><gpxtpx:PowerInWatts>216</gpxtpx:PowerInWatts></gpxtpx:PowerExtension></extensions></trkpt>
<trkpt lat="38.5772553" lon="-121.4766189">
<ele>8</ele><time>2025-08-29T17:22:51.999Z</time><extensions><gpxtpx:TrackPointExtension><gpxtpx:hr>156</gpxtpx:hr><gpxtpx:cad>77</gpxtpx:cad></gpxtpx:TrackPointExtension></extensions><extensions><gpxtpx:PowerExtension><gpxtpx:PowerInWatts>211</gpxtpx:PowerInWatts></gpxtpx:PowerExtension></extensions></trkpt>
<trkpt lat="38.5773114" lon="-121.4766186">
<ele>8</ele><time>2025-08-29T17:22:53.999Z</time><extensions><gpxtpx:TrackPointExtension><gpxtpx:hr>157</gpxtpx:hr><gpxtpx:cad>82</gpxtpx:cad></gpxtpx:TrackPointExtension></extensions><extensions><gpxtpx:PowerExtension><gpxtpx:PowerInWatts>211</gpxtpx:PowerInWatts></gpxtpx:PowerExtension></extensions></trkpt>
<trkpt lat="38.5773750" lon="-121.4765843">
<ele>8</ele><time>2025-08-29T17:22:56.999Z</time><extensions><gpxtpx:TrackPointExtension><gpxtpx:hr>158</gpxtpx:hr><gpxtpx:cad>79</gpxtpx:cad></gpxtpx:TrackPointExtension></extensions><extensions><gpxtpx:PowerExtension><gpxtpx:PowerInWatts>209</gpxtpx:PowerInWatts></gpxtpx:PowerExtension></extensions></trkpt>
<trkpt lat="38.5774199" lon="-121.4765700">
<ele>8</ele><time>2025-08-29T17:22:58.999Z</time><extensions><gpxtpx:TrackPointExtension><gpxtpx:hr>159</gpxtpx:hr><gpxtpx:cad>80</gpxtpx:cad></gpxtpx:TrackPointExtension></extensions><extensions><gpxtpx:PowerExtension><gpxtpx:PowerInWatts>209</gpxtpx:PowerInWatts></gpxtpx:PowerExtension></extensions></trkpt>
<trkpt lat="38.5774822" lon="-121.4765479">
<ele>8</ele><time>2025-08-29T17:23:00.999Z</time><extensions><gpxtpx:TrackPointExtension><gpxtpx:hr>159</gpxtpx:hr><gpxtpx:cad>83</gpxtpx:cad></gpxtpx:TrackPointExtension></extensions><extensions><gpxtpx:PowerExtension><gpxtpx:PowerInWatts>209</gpxtpx:PowerInWatts></gpxtpx:PowerExtension></extensions></trkpt>
<trkpt lat="38.5775414" lon="-121.4765296">
<ele>8</ele><time>2025-08-29T17:23:02.999Z</time><extensions><gpxtpx:TrackPointExtension><gpxtpx:hr>159</gpxtpx:hr><gpxtpx:cad>79</gpxtpx:cad></gpxtpx:TrackPointExtension></extensions><extensions><gpxtpx:PowerExtension><gpxtpx:PowerInWatts>209</gpxtpx:PowerInWatts></gpxtpx:PowerExtension></extensions></trkpt>
<trkpt lat="38.5775968" lon="-121.4765007">
<ele>8</ele><time>2025-08-29T17:23:04.999Z</time><extensions><gpxtpx:TrackPointExtension><gpxtpx:hr>160</gpxtpx:hr><gpxtpx:cad>77</gpxtpx:cad></gpxtpx:TrackPointExtension></extensions><extensions><gpxtpx:PowerExtension><gpxtpx:PowerInWatts>204</gpxtpx:PowerInWatts></gpxtpx:PowerExtension></extensions></trkpt>
<trkpt lat="38.5776431" lon="-121.4764852">
<ele>8</ele><time>2025-08-29T17:23:06.999Z</time><extensions><gpxtpx:TrackPointExtension><gpxtpx:hr>160</gpxtpx:hr><gpxtpx:cad>75</gpxtpx:cad></gpxtpx:TrackPointExtension></extensions><extensions><gpxtpx:PowerExtension><gpxtpx:PowerInWatts>210</gpxtpx:PowerInWatts></gpxtpx:PowerExtension></extensions></trkpt>
<trkpt lat="38.5776920" lon="-121.4764673">
<ele>8</ele><time>2025-08-29T17:23:08.999Z</time><extensions><gpxtpx:TrackPointExtension><gpxtpx:hr>160</gpxtpx:hr><gpxtpx:cad>77</gpxtpx:cad></gpxtpx:TrackPointExtension></extensions><extensions><gpxtpx:PowerExtension><gpxtpx:PowerInWatts>210</gpxtpx:PowerInWatts></gpxtpx:PowerExtension></extensions></trkpt>
<trkpt lat="38.5777449" lon="-121.4764349">
<ele>8</ele><time>2025-08-29T17:23:10.999Z</time><extensions><gpxtpx:TrackPointExtension><gpxtpx:hr>160</gpxtpx:hr><gpxtpx:cad>79</gpxtpx:cad></gpxtpx:TrackPointExtension></extensions><extensions><gpxtpx:PowerExtension><gpxtpx:PowerInWatts>211</gpxtpx:PowerInWatts></gpxtpx:PowerExtension></extensions></trkpt>
<trkpt lat="38.5777906" lon="-121.4764044">
<ele>8</ele><time>2025-08-29T17:23:12.999Z</time><extensions><gpxtpx:TrackPointExtension><gpxtpx:hr>160</gpxtpx:hr><gpxtpx:cad>79</gpxtpx:cad></gpxtpx:TrackPointExtension></extensions><extensions><gpxtpx:PowerExtension><gpxtpx:PowerInWatts>211</gpxtpx:PowerInWatts></gpxtpx:PowerExtension></extensions></trkpt>
<trkpt lat="38.5778366" lon="-121.4763871">
<ele>8</ele><time>2025-08-29T17:23:14.999Z</time><extensions><gpxtpx:TrackPointExtension><gpxtpx:hr>159</gpxtpx:hr><gpxtpx:cad>81</gpxtpx:cad></gpxtpx:TrackPointExtension></extensions><extensions><gpxtpx:PowerExtension><gpxtpx:PowerInWatts>213</gpxtpx:PowerInWatts></gpxtpx:PowerExtension></extensions></trkpt>
<trkpt lat="38.5778872" lon="-121.4763443">
<ele>8</ele><time>2025-08-29T17:23:17.999Z</time><extensions><gpxtpx:TrackPointExtension><gpxtpx:hr>159</gpxtpx:hr><gpxtpx:cad>85</gpxtpx:cad></gpxtpx:TrackPointExtension></extensions><extensions><gpxtpx:PowerExtension><gpxtpx:PowerInWatts>213</gpxtpx:PowerInWatts></gpxtpx:PowerExtension></extensions></trkpt>
<trkpt lat="38.5779313" lon="-121.4763076">
<ele>8</ele><time>2025-08-29T17:23:20.999Z</time><extensions><gpxtpx:TrackPointExtension><gpxtpx:hr>160</gpxtpx:hr><gpxtpx:cad>80</gpxtpx:cad></gpxtpx:TrackPointExtension></extensions><extensions><gpxtpx:PowerExtension><gpxtpx:PowerInWatts>209</gpxtpx:PowerInWatts></gpxtpx:PowerExtension></extensions></trkpt>
<trkpt lat="38.5779977" lon="-121.4762624">
<ele>8</ele><time>2025-08-29T17:23:23.999Z</time><extensions><gpxtpx:TrackPointExtension><gpxtpx:hr>160</gpxtpx:hr><gpxtpx:cad>77</gpxtpx:cad></gpxtpx:TrackPointExtension></extensions><extensions><gpxtpx:PowerExtension><gpxtpx:PowerInWatts>209</gpxtpx:PowerInWatts></gpxtpx:PowerExtension></extensions></trkpt>
<trkpt lat="38.5780223" lon="-121.4761801">
<ele>8</ele><time>2025-08-29T17:23:25.999Z</time><extensions><gpxtpx:TrackPointExtension><gpxtpx:hr>161</gpxtpx:hr><gpxtpx:cad>77</gpxtpx:cad></gpxtpx:TrackPointExtension></extensions><extensions><gpxtpx:PowerExtension><gpxtpx:PowerInWatts>209</gpxtpx:PowerInWatts></gpxtpx:PowerExtension></extensions></trkpt>
<trkpt lat="38.5779989" lon="-121.4760986">
<ele>8</ele><time>2025-08-29T17:23:27.999Z</time><extensions><gpxtpx:TrackPointExtension><gpxtpx:hr>161</gpxtpx:hr><gpxtpx:cad>78</gpxtpx:cad></gpxtpx:TrackPointExtension></extensions><extensions><gpxtpx:PowerExtension><gpxtpx:PowerInWatts>202</gpxtpx:PowerInWatts></gpxtpx:PowerExtension></extensions></trkpt>
<trkpt lat="38.5779955" lon="-121.4760351">
<ele>9</ele><time>2025-08-29T17:23:29.999Z</time><extensions><gpxtpx:TrackPointExtension><gpxtpx:hr>161</gpxtpx:hr><gpxtpx:cad>81</gpxtpx:cad></gpxtpx:TrackPointExtension></extensions><extensions><gpxtpx:PowerExtension><gpxtpx:PowerInWatts>207</gpxtpx:PowerInWatts></gpxtpx:PowerExtension></extensions></trkpt>
<trkpt lat="38.5779856" lon="-121.4759610">
<ele>9</ele><time>2025-08-29T17:23:31.999Z</time><extensions><gpxtpx:TrackPointExtension><gpxtpx:hr>161</gpxtpx:hr><gpxtpx:cad>83</gpxtpx:cad></gpxtpx:TrackPointExtension></extensions><extensions><gpxtpx:PowerExtension><gpxtpx:PowerInWatts>207</gpxtpx:PowerInWatts></gpxtpx:PowerExtension></extensions></trkpt>
<trkpt lat="38.5779697" lon="-121.4758941">
<ele>9</ele><time>2025-08-29T17:23:33.999Z</time><extensions><gpxtpx:TrackPointExtension><gpxtpx:hr>162</gpxtpx:hr><gpxtpx:cad>86</gpxtpx:cad></gpxtpx:TrackPointExtension></extensions><extensions><gpxtpx:PowerExtension><gpxtpx:PowerInWatts>212</gpxtpx:PowerInWatts></gpxtpx:PowerExtension></extensions></trkpt>
<trkpt lat="38.5779732" lon="-121.4758290">
<ele>9</ele><time>2025-08-29T17:23:35.999Z</time><extensions><gpxtpx:TrackPointExtension><gpxtpx:hr>162</gpxtpx:hr><gpxtpx:cad>84</gpxtpx:cad></gpxtpx:TrackPointExtension></extensions><extensions><gpxtpx:PowerExtension><gpxtpx:PowerInWatts>216</gpxtpx:PowerInWatts></gpxtpx:PowerExtension></extensions></trkpt>
<trkpt lat="38.5779769" lon="-121.4757429">
<ele>9</ele><time>2025-08-29T17:23:38.999Z</time><extensions><gpxtpx:TrackPointExtension><gpxtpx:hr>162</gpxtpx:hr><gpxtpx:cad>81</gpxtpx:cad></gpxtpx:TrackPointExtension></extensions><extensions><gpxtpx:PowerExtension><gpxtpx:PowerInWatts>216</gpxtpx:PowerInWatts></gpxtpx:PowerExtension></extensions></trkpt>
<trkpt lat="38.5779492" lon="-121.4756940">
<ele>9</ele><time>2025-08-29T17:23:40.999Z</time><extensions><gpxtpx:TrackPointExtension><gpxtpx:hr>162</gpxtpx:hr><gpxtpx:cad>83</gpxtpx:cad></gpxtpx:TrackPointExtension></extensions><extensions><gpxtpx:PowerExtension><gpxtpx:PowerInWatts>217</gpxtpx:PowerInWatts></gpxtpx:PowerExtension></extensions></trkpt>
<trkpt lat="38.5779220" lon="-121.4756114">
<ele>9</ele><time>2025-08-29T17:23:43.999Z</time><extensions><gpxtpx:TrackPointExtension><gpxtpx:hr>162</gpxtpx:hr><gpxtpx:cad>81</gpxtpx:cad></gpxtpx:TrackPointExtension></extensions><extensions><gpxtpx:PowerExtension><gpxtpx:PowerInWatts>213</gpxtpx:PowerInWatts></gpxtpx:PowerExtension></extensions></trkpt>
<trkpt lat="38.5779056" lon="-121.4755492">
<ele>9</ele><time>2025-08-29T17:23:45.999Z</time><extensions><gpxtpx:TrackPointExtension><gpxtpx:hr>162</gpxtpx:hr><gpxtpx:cad>80</gpxtpx:cad></gpxtpx:TrackPointExtension></extensions><extensions><gpxtpx:PowerExtension><gpxtpx:PowerInWatts>213</gpxtpx:PowerInWatts></gpxtpx:PowerExtension></extensions></trkpt>
<trkpt lat="38.5778799" lon="-121.4754802">
<ele>9</ele><time>2025-08-29T17:23:47.999Z</time><extensions><gpxtpx:TrackPointExtension><gpxtpx:hr>162</gpxtpx:hr><gpxtpx:cad>80</gpxtpx:cad></gpxtpx:TrackPointExtension></extensions><extensions><gpxtpx:PowerExtension><gpxtpx:PowerInWatts>211</gpxtpx:PowerInWatts></gpxtpx:PowerExtension></extensions></trkpt>
<trkpt lat="38.5778640" lon="-121.4754061">
<ele>9</ele><time>2025-08-29T17:23:49.999Z</time><extensions><gpxtpx:TrackPointExtension><gpxtpx:hr>162</gpxtpx:hr><gpxtpx:cad>80</gpxtpx:cad></gpxtpx:TrackPointExtension></extensions><extensions><gpxtpx:PowerExtension><gpxtpx:PowerInWatts>211</gpxtpx:PowerInWatts></gpxtpx:PowerExtension></extensions></trkpt>
<trkpt lat="38.5778437" lon="-121.4753203">
<ele>9</ele><time>2025-08-29T17:23:51.999Z</time><extensions><gpxtpx:TrackPointExtension><gpxtpx:hr>162</gpxtpx:hr><gpxtpx:cad>81</gpxtpx:cad></gpxtpx:TrackPointExtension></extensions><extensions><gpxtpx:PowerExtension><gpxtpx:PowerInWatts>211</gpxtpx:PowerInWatts></gpxtpx:PowerExtension></extensions></trkpt>
<trkpt lat="38.5778250" lon="-121.4752594">
<ele>9</ele><time>2025-08-29T17:23:53.999Z</time><extensions><gpxtpx:TrackPointExtension><gpxtpx:hr>162</gpxtpx:hr><gpxtpx:cad>80</gpxtpx:cad></gpxtpx:TrackPointExtension></extensions><extensions><gpxtpx:PowerExtension><gpxtpx:PowerInWatts>215</gpxtpx:PowerInWatts></gpxtpx:PowerExtension></extensions></trkpt>
<trkpt lat="38.5778170" lon="-121.4751988">
<ele>9</ele><time>2025-08-29T17:23:55.999Z</time><extensions><gpxtpx:TrackPointExtension><gpxtpx:hr>163</gpxtpx:hr><gpxtpx:cad>78</gpxtpx:cad></gpxtpx:TrackPointExtension></extensions><extensions><gpxtpx:PowerExtension><gpxtpx:PowerInWatts>225</gpxtpx:PowerInWatts></gpxtpx:PowerExtension></extensions></trkpt>
<trkpt lat="38.5778090" lon="-121.4751114">
<ele>9</ele><time>2025-08-29T17:23:58.999Z</time><extensions><gpxtpx:TrackPointExtension><gpxtpx:hr>162</gpxtpx:hr><gpxtpx:cad>79</gpxtpx:cad></gpxtpx:TrackPointExtension></extensions><extensions><gpxtpx:PowerExtension><gpxtpx:PowerInWatts>225</gpxtpx:PowerInWatts></gpxtpx:PowerExtension></extensions></trkpt>
<trkpt lat="38.5777949" lon="-121.4750412">
<ele>9</ele><time>2025-08-29T17:24:00.999Z</time><extensions><gpxtpx:TrackPointExtension><gpxtpx:hr>162</gpxtpx:hr><gpxtpx:cad>81</gpxtpx:cad></gpxtpx:TrackPointExtension></extensions><extensions><gpxtpx:PowerExtension><gpxtpx:PowerInWatts>219</gpxtpx:PowerInWatts></gpxtpx:PowerExtension></extensions></trkpt>
<trkpt lat="38.5777556" lon="-121.4749665">
<ele>9</ele><time>2025-08-29T17:24:02.999Z</time><extensions><gpxtpx:TrackPointExtension><gpxtpx:hr>162</gpxtpx:hr><gpxtpx:cad>81</gpxtpx:cad></gpxtpx:TrackPointExtension></extensions><extensions><gpxtpx:PowerExtension><gpxtpx:PowerInWatts>219</gpxtpx:PowerInWatts></gpxtpx:PowerExtension></extensions></trkpt>
<trkpt lat="38.5777263" lon="-121.4748945">
<ele>9</ele><time>2025-08-29T17:24:04.999Z</time><extensions><gpxtpx:TrackPointExtension><gpxtpx:hr>162</gpxtpx:hr><gpxtpx:cad>80</gpxtpx:cad></gpxtpx:TrackPointExtension></extensions><extensions><gpxtpx:PowerExtension><gpxtpx:PowerInWatts>219</gpxtpx:PowerInWatts></gpxtpx:PowerExtension></extensions></trkpt>
<trkpt lat="38.5777233" lon="-121.4748225">
<ele>9</ele><time>2025-08-29T17:24:06.999Z</time><extensions><gpxtpx:TrackPointExtension><gpxtpx:hr>163</gpxtpx:hr><gpxtpx:cad>87</gpxtpx:cad></gpxtpx:TrackPointExtension></extensions><extensions><gpxtpx:PowerExtension><gpxtpx:PowerInWatts>222</gpxtpx:PowerInWatts></gpxtpx:PowerExtension></extensions></trkpt>
<trkpt lat="38.5776884" lon="-121.4747408">
<ele>9</ele><time>2025-08-29T17:24:09.999Z</time><extensions><gpxtpx:TrackPointExtension><gpxtpx:hr>164</gpxtpx:hr><gpxtpx:cad>83</gpxtpx:cad></gpxtpx:TrackPointExtension></extensions><extensions><gpxtpx:PowerExtension><gpxtpx:PowerInWatts>222</gpxtpx:PowerInWatts></gpxtpx:PowerExtension></extensions></trkpt>
<trkpt lat="38.5776775" lon="-121.4746512">
<ele>9</ele><time>2025-08-29T17:24:11.999Z</time><extensions><gpxtpx:TrackPointExtension><gpxtpx:hr>164</gpxtpx:hr><gpxtpx:cad>81</gpxtpx:cad></gpxtpx:TrackPointExtension></extensions><extensions><gpxtpx:PowerExtension><gpxtpx:PowerInWatts>228</gpxtpx:PowerInWatts></gpxtpx:PowerExtension></extensions></trkpt>
<trkpt lat="38.5776367" lon="-121.4745785">
<ele>9</ele><time>2025-08-29T17:24:13.999Z</time><extensions><gpxtpx:TrackPointExtension><gpxtpx:hr>164</gpxtpx:hr><gpxtpx:cad>78</gpxtpx:cad></gpxtpx:TrackPointExtension></extensions><extensions><gpxtpx:PowerExtension><gpxtpx:PowerInWatts>223</gpxtpx:PowerInWatts></gpxtpx:PowerExtension></extensions></trkpt>
<trkpt lat="38.5776176" lon="-121.4745014">
<ele>9</ele><time>2025-08-29T17:24:15.999Z</time><extensions><gpxtpx:TrackPointExtension><gpxtpx:hr>164</gpxtpx:hr><gpxtpx:cad>79</gpxtpx:cad></gpxtpx:TrackPointExtension></extensions><extensions><gpxtpx:PowerExtension><gpxtpx:PowerInWatts>228</gpxtpx:PowerInWatts></gpxtpx:PowerExtension></extensions></trkpt>
<trkpt lat="38.5775967" lon="-121.4744327">
<ele>9</ele><time>2025-08-29T17:24:17.999Z</time><extensions><gpxtpx:TrackPointExtension><gpxtpx:hr>164</gpxtpx:hr><gpxtpx:cad>82</gpxtpx:cad></gpxtpx:TrackPointExtension></extensions><extensions><gpxtpx:PowerExtension><gpxtpx:PowerInWatts>228</gpxtpx:PowerInWatts></gpxtpx:PowerExtension></extensions></trkpt>
<trkpt lat="38.5775709" lon="-121.4743514">
<ele>9</ele><time>2025-08-29T17:24:19.999Z</time><extensions><gpxtpx:TrackPointExtension><gpxtpx:hr>164</gpxtpx:hr><gpxtpx:cad>85</gpxtpx:cad></gpxtpx:TrackPointExtension></extensions><extensions><gpxtpx:PowerExtension><gpxtpx:PowerInWatts>228</gpxtpx:PowerInWatts></gpxtpx:PowerExtension></extensions></trkpt>
<trkpt lat="38.5775460" lon="-121.4743029">
<ele>9</ele><time>2025-08-29T17:24:21.999Z</time><extensions><gpxtpx:TrackPointExtension><gpxtpx:hr>164</gpxtpx:hr><gpxtpx:cad>89</gpxtpx:cad></gpxtpx:TrackPointExtension></extensions><extensions><gpxtpx:PowerExtension><gpxtpx:PowerInWatts>236</gpxtpx:PowerInWatts></gpxtpx:PowerExtension></extensions></trkpt>
<trkpt lat="38.5775472" lon="-121.4742255">
<ele>9</ele><time>2025-08-29T17:24:24.999Z</time><extensions><gpxtpx:TrackPointExtension><gpxtpx:hr>165</gpxtpx:hr><gpxtpx:cad>85</gpxtpx:cad></gpxtpx:TrackPointExtension></extensions><extensions><gpxtpx:PowerExtension><gpxtpx:PowerInWatts>236</gpxtpx:PowerInWatts></gpxtpx:PowerExtension></extensions></trkpt>
<trkpt lat="38.5775509" lon="-121.4741455">
<ele>9</ele><time>2025-08-29T17:24:27.999Z</time><extensions><gpxtpx:TrackPointExtension><gpxtpx:hr>165</gpxtpx:hr><gpxtpx:cad>81</gpxtpx:cad></gpxtpx:TrackPointExtension></extensions><extensions><gpxtpx:PowerExtension><gpxtpx:PowerInWatts>234</gpxtpx:PowerInWatts></gpxtpx:PowerExtension></extensions></trkpt>
<trkpt lat="38.5775189" lon="-121.4740609">
<ele>9</ele><time>2025-08-29T17:24:29.999Z</time><extensions><gpxtpx:TrackPointExtension><gpxtpx:hr>165</gpxtpx:hr><gpxtpx:cad>78</gpxtpx:cad></gpxtpx:TrackPointExtension></extensions><extensions><gpxtpx:PowerExtension><gpxtpx:PowerInWatts>234</gpxtpx:PowerInWatts></gpxtpx:PowerExtension></extensions></trkpt>
<trkpt lat="38.5774935" lon="-121.4739777">
<ele>9</ele><time>2025-08-29T17:24:31.999Z</time><extensions><gpxtpx:TrackPointExtension><gpxtpx:hr>165</gpxtpx:hr><gpxtpx:cad>79</gpxtpx:cad></gpxtpx:TrackPointExtension></extensions><extensions><gpxtpx:PowerExtension><gpxtpx:PowerInWatts>234</gpxtpx:PowerInWatts></gpxtpx:PowerExtension></extensions></trkpt>
<trkpt lat="38.5774583" lon="-121.4738957">
<ele>9</ele><time>2025-08-29T17:24:33.999Z</time><extensions><gpxtpx:TrackPointExtension><gpxtpx:hr>166</gpxtpx:hr><gpxtpx:cad>78</gpxtpx:cad></gpxtpx:TrackPointExtension></extensions><extensions><gpxtpx:PowerExtension><gpxtpx:PowerInWatts>227</gpxtpx:PowerInWatts></gpxtpx:PowerExtension></extensions></trkpt>
<trkpt lat="38.5774536" lon="-121.4738277">
<ele>9</ele><time>2025-08-29T17:24:35.999Z</time><extensions><gpxtpx:TrackPointExtension><gpxtpx:hr>166</gpxtpx:hr><gpxtpx:cad>83</gpxtpx:cad></gpxtpx:TrackPointExtension></extensions><extensions><gpxtpx:PowerExtension><gpxtpx:PowerInWatts>227</gpxtpx:PowerInWatts></gpxtpx:PowerExtension></extensions></trkpt>
<trkpt lat="38.5774282" lon="-121.4737376">
<ele>9</ele><time>2025-08-29T17:24:38.999Z</time><extensions><gpxtpx:TrackPointExtension><gpxtpx:hr>167</gpxtpx:hr><gpxtpx:cad>82</gpxtpx:cad></gpxtpx:TrackPointExtension></extensions><extensions><gpxtpx:PowerExtension><gpxtpx:PowerInWatts>242</gpxtpx:PowerInWatts></gpxtpx:PowerExtension></extensions></trkpt>
<trkpt lat="38.5774174" lon="-121.4736735">
<ele>9</ele><time>2025-08-29T17:24:40.999Z</time><extensions><gpxtpx:TrackPointExtension><gpxtpx:hr>167</gpxtpx:hr><gpxtpx:cad>85</gpxtpx:cad></gpxtpx:TrackPointExtension></extensions><extensions><gpxtpx:PowerExtension><gpxtpx:PowerInWatts>242</gpxtpx:PowerInWatts></gpxtpx:PowerExtension></extensions></trkpt>
<trkpt lat="38.5773880" lon="-121.4735962">
<ele>9</ele><time>2025-08-29T17:24:42.999Z</time><extensions><gpxtpx:TrackPointExtension><gpxtpx:hr>167</gpxtpx:hr><gpxtpx:cad>85</gpxtpx:cad></gpxtpx:TrackPointExtension></extensions><extensions><gpxtpx:PowerExtension><gpxtpx:PowerInWatts>244</gpxtpx:PowerInWatts></gpxtpx:PowerExtension></extensions></trkpt>
<trkpt lat="38.5773660" lon="-121.4735348">
<ele>9</ele><time>2025-08-29T17:24:44.999Z</time><extensions><gpxtpx:TrackPointExtension><gpxtpx:hr>166</gpxtpx:hr><gpxtpx:cad>85</gpxtpx:cad></gpxtpx:TrackPointExtension></extensions><extensions><gpxtpx:PowerExtension><gpxtpx:PowerInWatts>244</gpxtpx:PowerInWatts></gpxtpx:PowerExtension></extensions></trkpt>
<trkpt lat="38.5773308" lon="-121.4734690">
<ele>9</ele><time>2025-08-29T17:24:46.999Z</time><extensions><gpxtpx:TrackPointExtension><gpxtpx:hr>166</gpxtpx:hr><gpxtpx:cad>81</gpxtpx:cad></gpxtpx:TrackPointExtension></extensions><extensions><gpxtpx:PowerExtension><gpxtpx:PowerInWatts>244</gpxtpx:PowerInWatts></gpxtpx:PowerExtension></extensions></trkpt>
<trkpt lat="38.5773233" lon="-121.4734086">
<ele>9</ele><time>2025-08-29T17:24:48.999Z</time><extensions><gpxtpx:TrackPointExtension><gpxtpx:hr>167</gpxtpx:hr><gpxtpx:cad>78</gpxtpx:cad></gpxtpx:TrackPointExtension></extensions><extensions><gpxtpx:PowerExtension><gpxtpx:PowerInWatts>250</gpxtpx:PowerInWatts></gpxtpx:PowerExtension></extensions></trkpt>
<trkpt lat="38.5772862" lon="-121.4733300">
<ele>9</ele><time>2025-08-29T17:24:50.999Z</time><extensions><gpxtpx:TrackPointExtension><gpxtpx:hr>167</gpxtpx:hr><gpxtpx:cad>81</gpxtpx:cad></gpxtpx:TrackPointExtension></extensions><extensions><gpxtpx:PowerExtension><gpxtpx:PowerInWatts>250</gpxtpx:PowerInWatts></gpxtpx:PowerExtension></extensions></trkpt>
<trkpt lat="38.5772712" lon="-121.4732690">
<ele>9</ele><time>2025-08-29T17:24:52.999Z</time><extensions><gpxtpx:TrackPointExtension><gpxtpx:hr>166</gpxtpx:hr><gpxtpx:cad>82</gpxtpx:cad></gpxtpx:TrackPointExtension></extensions><extensions><gpxtpx:PowerExtension><gpxtpx:PowerInWatts>246</gpxtpx:PowerInWatts></gpxtpx:PowerExtension></extensions></trkpt>
<trkpt lat="38.5772630" lon="-121.4731936">
<ele>9</ele><time>2025-08-29T17:24:54.999Z</time><extensions><gpxtpx:TrackPointExtension><gpxtpx:hr>166</gpxtpx:hr><gpxtpx:cad>82</gpxtpx:cad></gpxtpx:TrackPointExtension></extensions><extensions><gpxtpx:PowerExtension><gpxtpx:PowerInWatts>244</gpxtpx:PowerInWatts></gpxtpx:PowerExtension></extensions></trkpt>
<trkpt lat="38.5772503" lon="-121.4731368">
<ele>9</ele><time>2025-08-29T17:24:56.999Z</time><extensions><gpxtpx:TrackPointExtension><gpxtpx:hr>166</gpxtpx:hr><gpxtpx:cad>82</gpxtpx:cad></gpxtpx:TrackPointExtension></extensions><extensions><gpxtpx:PowerExtension><gpxtpx:PowerInWatts>244</gpxtpx:PowerInWatts></gpxtpx:PowerExtension></extensions></trkpt>
<trkpt lat="38.5772078" lon="-121.4730892">
<ele>9</ele><time>2025-08-29T17:24:58.999Z</time><extensions><gpxtpx:TrackPointExtension><gpxtpx:hr>166</gpxtpx:hr><gpxtpx:cad>82</gpxtpx:cad></gpxtpx:TrackPointExtension></extensions><extensions><gpxtpx:PowerExtension><gpxtpx:PowerInWatts>244</gpxtpx:PowerInWatts></gpxtpx:PowerExtension></extensions></trkpt>
<trkpt lat="38.5771801" lon="-121.4730282">
<ele>9</ele><time>2025-08-29T17:25:00.999Z</time><extensions><gpxtpx:TrackPointExtension><gpxtpx:hr>166</gpxtpx:hr><gpxtpx:cad>82</gpxtpx:cad></gpxtpx:TrackPointExtension></extensions><extensions><gpxtpx:PowerExtension><gpxtpx:PowerInWatts>244</gpxtpx:PowerInWatts></gpxtpx:PowerExtension></extensions></trkpt>
<trkpt lat="38.5771933" lon="-121.4729625">
<ele>9</ele><time>2025-08-29T17:25:02.999Z</time><extensions><gpxtpx:TrackPointExtension><gpxtpx:hr>167</gpxtpx:hr><gpxtpx:cad>82</gpxtpx:cad></gpxtpx:TrackPointExtension></extensions><extensions><gpxtpx:PowerExtension><gpxtpx:PowerInWatts>237</gpxtpx:PowerInWatts></gpxtpx:PowerExtension></extensions></trkpt>
<trkpt lat="38.5771673" lon="-121.4728925">
<ele>9</ele><time>2025-08-29T17:25:04.999Z</time><extensions><gpxtpx:TrackPointExtension><gpxtpx:hr>167</gpxtpx:hr><gpxtpx:cad>85</gpxtpx:cad></gpxtpx:TrackPointExtension></extensions><extensions><gpxtpx:PowerExtension><gpxtpx:PowerInWatts>235</gpxtpx:PowerInWatts></gpxtpx:PowerExtension></extensions></trkpt>
<trkpt lat="38.5771469" lon="-121.4728216">
<ele>9</ele><time>2025-08-29T17:25:06.999Z</time><extensions><gpxtpx:TrackPointExtension><gpxtpx:hr>168</gpxtpx:hr><gpxtpx:cad>82</gpxtpx:cad></gpxtpx:TrackPointExtension></extensions><extensions><gpxtpx:PowerExtension><gpxtpx:PowerInWatts>232</gpxtpx:PowerInWatts></gpxtpx:PowerExtension></extensions></trkpt>
<trkpt lat="38.5771295" lon="-121.4727346">
<ele>9</ele><time>2025-08-29T17:25:08.999Z</time><extensions><gpxtpx:TrackPointExtension><gpxtpx:hr>167</gpxtpx:hr><gpxtpx:cad>81</gpxtpx:cad></gpxtpx:TrackPointExtension></extensions><extensions><gpxtpx:PowerExtension><gpxtpx:PowerInWatts>232</gpxtpx:PowerInWatts></gpxtpx:PowerExtension></extensions></trkpt>
<trkpt lat="38.5771025" lon="-121.4726763">
<ele>9</ele><time>2025-08-29T17:25:10.999Z</time><extensions><gpxtpx:TrackPointExtension><gpxtpx:hr>167</gpxtpx:hr><gpxtpx:cad>76</gpxtpx:cad></gpxtpx:TrackPointExtension></extensions><extensions><gpxtpx:PowerExtension><gpxtpx:PowerInWatts>232</gpxtpx:PowerInWatts></gpxtpx:PowerExtension></extensions></trkpt>
<trkpt lat="38.5770773" lon="-121.4726079">
<ele>9</ele><time>2025-08-29T17:25:12.999Z</time><extensions><gpxtpx:TrackPointExtension><gpxtpx:hr>167</gpxtpx:hr><gpxtpx:cad>76</gpxtpx:cad></gpxtpx:TrackPointExtension></extensions><extensions><gpxtpx:PowerExtension><gpxtpx:PowerInWatts>234</gpxtpx:PowerInWatts></gpxtpx:PowerExtension></extensions></trkpt>
<trkpt lat="38.5770413" lon="-121.4725446">
<ele>9</ele><time>2025-08-29T17:25:14.999Z</time><extensions><gpxtpx:TrackPointExtension><gpxtpx:hr>167</gpxtpx:hr><gpxtpx:cad>78</gpxtpx:cad></gpxtpx:TrackPointExtension></extensions><extensions><gpxtpx:PowerExtension><gpxtpx:PowerInWatts>239</gpxtpx:PowerInWatts></gpxtpx:PowerExtension></extensions></trkpt>
<trkpt lat="38.5770595" lon="-121.4724769">
<ele>9</ele><time>2025-08-29T17:25:16.999Z</time><extensions><gpxtpx:TrackPointExtension><gpxtpx:hr>168</gpxtpx:hr><gpxtpx:cad>81</gpxtpx:cad></gpxtpx:TrackPointExtension></extensions><extensions><gpxtpx:PowerExtension><gpxtpx:PowerInWatts>239</gpxtpx:PowerInWatts></gpxtpx:PowerExtension></extensions></trkpt>
<trkpt lat="38.5770585" lon="-121.4723884">
<ele>9</ele><time>2025-08-29T17:25:18.999Z</time><extensions><gpxtpx:TrackPointExtension><gpxtpx:hr>168</gpxtpx:hr><gpxtpx:cad>77</gpxtpx:cad></gpxtpx:TrackPointExtension></extensions><extensions><gpxtpx:PowerExtension><gpxtpx:PowerInWatts>238</gpxtpx:PowerInWatts></gpxtpx:PowerExtension></extensions></trkpt>
<trkpt lat="38.5769960" lon="-121.4723548">
<ele>9</ele><time>2025-08-29T17:25:20.999Z</time><extensions><gpxtpx:TrackPointExtension><gpxtpx:hr>168</gpxtpx:hr><gpxtpx:cad>76</gpxtpx:cad></gpxtpx:TrackPointExtension></extensions><extensions><gpxtpx:PowerExtension><gpxtpx:PowerInWatts>238</gpxtpx:PowerInWatts></gpxtpx:PowerExtension></extensions></trkpt>
<trkpt lat="38.5770065" lon="-121.4722668">
<ele>9</ele><time>2025-08-29T17:25:23.999Z</time><extensions><gpxtpx:TrackPointExtension><gpxtpx:hr>167</gpxtpx:hr><gpxtpx:cad>83</gpxtpx:cad></gpxtpx:TrackPointExtension></extensions><extensions><gpxtpx:PowerExtension><gpxtpx:PowerInWatts>243</gpxtpx:PowerInWatts></gpxtpx:PowerExtension></extensions></trkpt>
<trkpt lat="38.5769758" lon="-121.4721861">
<ele>9</ele><time>2025-08-29T17:25:25.999Z</time><extensions><gpxtpx:TrackPointExtension><gpxtpx:hr>167</gpxtpx:hr><gpxtpx:cad>84</gpxtpx:cad></gpxtpx:TrackPointExtension></extensions><extensions><gpxtpx:PowerExtension><gpxtpx:PowerInWatts>243</gpxtpx:PowerInWatts></gpxtpx:PowerExtension></extensions></trkpt>
<trkpt lat="38.5769440" lon="-121.4721263">
<ele>9</ele><time>2025-08-29T17:25:28.999Z</time><extensions><gpxtpx:TrackPointExtension><gpxtpx:hr>167</gpxtpx:hr><gpxtpx:cad>80</gpxtpx:cad></gpxtpx:TrackPointExtension></extensions><extensions><gpxtpx:PowerExtension><gpxtpx:PowerInWatts>235</gpxtpx:PowerInWatts></gpxtpx:PowerExtension></extensions></trkpt>
<trkpt lat="38.5769389" lon="-121.4720643">
<ele>9</ele><time>2025-08-29T17:25:30.999Z</time><extensions><gpxtpx:TrackPointExtension><gpxtpx:hr>166</gpxtpx:hr><gpxtpx:cad>76</gpxtpx:cad></gpxtpx:TrackPointExtension></extensions><extensions><gpxtpx:PowerExtension><gpxtpx:PowerInWatts>232</gpxtpx:PowerInWatts></gpxtpx:PowerExtension></extensions></trkpt>
<trkpt lat="38.5769231" lon="-121.4720052">
<ele>9</ele><time>2025-08-29T17:25:31.999Z</time><extensions><gpxtpx:TrackPointExtension><gpxtpx:hr>166</gpxtpx:hr><gpxtpx:cad>89</gpxtpx:cad></gpxtpx:TrackPointExtension></extensions><extensions><gpxtpx:PowerExtension><gpxtpx:PowerInWatts>232</gpxtpx:PowerInWatts></gpxtpx:PowerExtension></extensions></trkpt>
<trkpt lat="38.5769102" lon="-121.4719189">
<ele>9</ele><time>2025-08-29T17:25:33.999Z</time><extensions><gpxtpx:TrackPointExtension><gpxtpx:hr>166</gpxtpx:hr><gpxtpx:cad>86</gpxtpx:cad></gpxtpx:TrackPointExtension></extensions><extensions><gpxtpx:PowerExtension><gpxtpx:PowerInWatts>233</gpxtpx:PowerInWatts></gpxtpx:PowerExtension></extensions></trkpt>
<trkpt lat="38.5769028" lon="-121.4718564">
<ele>9</ele><time>2025-08-29T17:25:35.999Z</time><extensions><gpxtpx:TrackPointExtension><gpxtpx:hr>166</gpxtpx:hr><gpxtpx:cad>85</gpxtpx:cad></gpxtpx:TrackPointExtension></extensions><extensions><gpxtpx:PowerExtension><gpxtpx:PowerInWatts>226</gpxtpx:PowerInWatts></gpxtpx:PowerExtension></extensions></trkpt>
<trkpt lat="38.5768903" lon="-121.4717822">
<ele>9</ele><time>2025-08-29T17:25:37.999Z</time><extensions><gpxtpx:TrackPointExtension><gpxtpx:hr>167</gpxtpx:hr><gpxtpx:cad>79</gpxtpx:cad></gpxtpx:TrackPointExtension></extensions><extensions><gpxtpx:PowerExtension><gpxtpx:PowerInWatts>232</gpxtpx:PowerInWatts></gpxtpx:PowerExtension></extensions></trkpt>
<trkpt lat="38.5768597" lon="-121.4717217">
<ele>9</ele><time>2025-08-29T17:25:39.999Z</time><extensions><gpxtpx:TrackPointExtension><gpxtpx:hr>167</gpxtpx:hr><gpxtpx:cad>81</gpxtpx:cad></gpxtpx:TrackPointExtension></extensions><extensions><gpxtpx:PowerExtension><gpxtpx:PowerInWatts>232</gpxtpx:PowerInWatts></gpxtpx:PowerExtension></extensions></trkpt>
<trkpt lat="38.5768544" lon="-121.4716618">
<ele>9</ele><time>2025-08-29T17:25:41.999Z</time><extensions><gpxtpx:TrackPointExtension><gpxtpx:hr>168</gpxtpx:hr><gpxtpx:cad>84</gpxtpx:cad></gpxtpx:TrackPointExtension></extensions><extensions><gpxtpx:PowerExtension><gpxtpx:PowerInWatts>236</gpxtpx:PowerInWatts></gpxtpx:PowerExtension></extensions></trkpt>
<trkpt lat="38.5768125" lon="-121.4715835">
<ele>9</ele><time>2025-08-29T17:25:43.999Z</time><extensions><gpxtpx:TrackPointExtension><gpxtpx:hr>168</gpxtpx:hr><gpxtpx:cad>85</gpxtpx:cad></gpxtpx:TrackPointExtension></extensions><extensions><gpxtpx:PowerExtension><gpxtpx:PowerInWatts>236</gpxtpx:PowerInWatts></gpxtpx:PowerExtension></extensions></trkpt>
<trkpt lat="38.5767981" lon="-121.4715170">
<ele>9</ele><time>2025-08-29T17:25:45.999Z</time><extensions><gpxtpx:TrackPointExtension><gpxtpx:hr>167</gpxtpx:hr><gpxtpx:cad>83</gpxtpx:cad></gpxtpx:TrackPointExtension></extensions><extensions><gpxtpx:PowerExtension><gpxtpx:PowerInWatts>235</gpxtpx:PowerInWatts></gpxtpx:PowerExtension></extensions></trkpt>
<trkpt lat="38.5767808" lon="-121.4714528">
<ele>9</ele><time>2025-08-29T17:25:47.999Z</time><extensions><gpxtpx:TrackPointExtension><gpxtpx:hr>167</gpxtpx:hr><gpxtpx:cad>82</gpxtpx:cad></gpxtpx:TrackPointExtension></extensions><extensions><gpxtpx:PowerExtension><gpxtpx:PowerInWatts>230</gpxtpx:PowerInWatts></gpxtpx:PowerExtension></extensions></trkpt>
<trkpt lat="38.5767645" lon="-121.4713883">
<ele>9</ele><time>2025-08-29T17:25:49.999Z</time><extensions><gpxtpx:TrackPointExtension><gpxtpx:hr>167</gpxtpx:hr><gpxtpx:cad>82</gpxtpx:cad></gpxtpx:TrackPointExtension></extensions><extensions><gpxtpx:PowerExtension><gpxtpx:PowerInWatts>230</gpxtpx:PowerInWatts></gpxtpx:PowerExtension></extensions></trkpt>
<trkpt lat="38.5767445" lon="-121.4713191">
<ele>9</ele><time>2025-08-29T17:25:51.999Z</time><extensions><gpxtpx:TrackPointExtension><gpxtpx:hr>168</gpxtpx:hr><gpxtpx:cad>82</gpxtpx:cad></gpxtpx:TrackPointExtension></extensions><extensions><gpxtpx:PowerExtension><gpxtpx:PowerInWatts>230</gpxtpx:PowerInWatts></gpxtpx:PowerExtension></extensions></trkpt>
<trkpt lat="38.5767229" lon="-121.4712629">
<ele>9</ele><time>2025-08-29T17:25:53.999Z</time><extensions><gpxtpx:TrackPointExtension><gpxtpx:hr>168</gpxtpx:hr><gpxtpx:cad>80</gpxtpx:cad></gpxtpx:TrackPointExtension></extensions><extensions><gpxtpx:PowerExtension><gpxtpx:PowerInWatts>231</gpxtpx:PowerInWatts></gpxtpx:PowerExtension></extensions></trkpt>
<trkpt lat="38.5766999" lon="-121.4711939">
<ele>9</ele><time>2025-08-29T17:25:55.999Z</time><extensions><gpxtpx:TrackPointExtension><gpxtpx:hr>168</gpxtpx:hr><gpxtpx:cad>83</gpxtpx:cad></gpxtpx:TrackPointExtension></extensions><extensions><gpxtpx:PowerExtension><gpxtpx:PowerInWatts>232</gpxtpx:PowerInWatts></gpxtpx:PowerExtension></extensions></trkpt>
<trkpt lat="38.5766817" lon="-121.4711257">
<ele>9</ele><time>2025-08-29T17:25:57.999Z</time><extensions><gpxtpx:TrackPointExtension><gpxtpx:hr>167</gpxtpx:hr><gpxtpx:cad>83</gpxtpx:cad></gpxtpx:TrackPointExtension></extensions><extensions><gpxtpx:PowerExtension><gpxtpx:PowerInWatts>232</gpxtpx:PowerInWatts></gpxtpx:PowerExtension></extensions></trkpt>
<trkpt lat="38.5766609" lon="-121.4710481">
<ele>9</ele><time>2025-08-29T17:25:59.999Z</time><extensions><gpxtpx:TrackPointExtension><gpxtpx:hr>167</gpxtpx:hr><gpxtpx:cad>73</gpxtpx:cad></gpxtpx:TrackPointExtension></extensions><extensions><gpxtpx:PowerExtension><gpxtpx:PowerInWatts>232</gpxtpx:PowerInWatts></gpxtpx:PowerExtension></extensions></trkpt>
<trkpt lat="38.5766416" lon="-121.4709758">
<ele>9</ele><time>2025-08-29T17:26:01.999Z</time><extensions><gpxtpx:TrackPointExtension><gpxtpx:hr>167</gpxtpx:hr><gpxtpx:cad>75</gpxtpx:cad></gpxtpx:TrackPointExtension></extensions><extensions><gpxtpx:PowerExtension><gpxtpx:PowerInWatts>233</gpxtpx:PowerInWatts></gpxtpx:PowerExtension></extensions></trkpt>
<trkpt lat="38.5766336" lon="-121.4709145">
<ele>9</ele><time>2025-08-29T17:26:03.999Z</time><extensions><gpxtpx:TrackPointExtension><gpxtpx:hr>167</gpxtpx:hr><gpxtpx:cad>83</gpxtpx:cad></gpxtpx:TrackPointExtension></extensions><extensions><gpxtpx:PowerExtension><gpxtpx:PowerInWatts>233</gpxtpx:PowerInWatts></gpxtpx:PowerExtension></extensions></trkpt>
<trkpt lat="38.5766019" lon="-121.4708293">
<ele>9</ele><time>2025-08-29T17:26:05.999Z</time><extensions><gpxtpx:TrackPointExtension><gpxtpx:hr>167</gpxtpx:hr><gpxtpx:cad>88</gpxtpx:cad></gpxtpx:TrackPointExtension></extensions><extensions><gpxtpx:PowerExtension><gpxtpx:PowerInWatts>236</gpxtpx:PowerInWatts></gpxtpx:PowerExtension></extensions></trkpt>
<trkpt lat="38.5765869" lon="-121.4707744">
<ele>9</ele><time>2025-08-29T17:26:07.999Z</time><extensions><gpxtpx:TrackPointExtension><gpxtpx:hr>167</gpxtpx:hr><gpxtpx:cad>84</gpxtpx:cad></gpxtpx:TrackPointExtension></extensions><extensions><gpxtpx:PowerExtension><gpxtpx:PowerInWatts>236</gpxtpx:PowerInWatts></gpxtpx:PowerExtension></extensions></trkpt>
<trkpt lat="38.5765659" lon="-121.4706885">
<ele>9</ele><time>2025-08-29T17:26:10.999Z</time><extensions><gpxtpx:TrackPointExtension><gpxtpx:hr>167</gpxtpx:hr><gpxtpx:cad>78</gpxtpx:cad></gpxtpx:TrackPointExtension></extensions><extensions><gpxtpx:PowerExtension><gpxtpx:PowerInWatts>239</gpxtpx:PowerInWatts></gpxtpx:PowerExtension></extensions></trkpt>
<trkpt lat="38.5765428" lon="-121.4706142">
<ele>9</ele><time>2025-08-29T17:26:12.999Z</time><extensions><gpxtpx:TrackPointExtension><gpxtpx:hr>167</gpxtpx:hr><gpxtpx:cad>82</gpxtpx:cad></gpxtpx:TrackPointExtension></extensions><extensions><gpxtpx:PowerExtension><gpxtpx:PowerInWatts>239</gpxtpx:PowerInWatts></gpxtpx:PowerExtension></extensions></trkpt>
<trkpt lat="38.5765261" lon="-121.4705520">
<ele>9</ele><time>2025-08-29T17:26:14.999Z</time><extensions><gpxtpx:TrackPointExtension><gpxtpx:hr>168</gpxtpx:hr><gpxtpx:cad>84</gpxtpx:cad></gpxtpx:TrackPointExtension></extensions><extensions><gpxtpx:PowerExtension><gpxtpx:PowerInWatts>230</gpxtpx:PowerInWatts></gpxtpx:PowerExtension></extensions></trkpt>
<trkpt lat="38.5765118" lon="-121.4704872">
<ele>9</ele><time>2025-08-29T17:26:16.999Z</time><extensions><gpxtpx:TrackPointExtension><gpxtpx:hr>167</gpxtpx:hr><gpxtpx:cad>81</gpxtpx:cad></gpxtpx:TrackPointExtension></extensions><extensions><gpxtpx:PowerExtension><gpxtpx:PowerInWatts>230</gpxtpx:PowerInWatts></gpxtpx:PowerExtension></extensions></trkpt>
<trkpt lat="38.5764948" lon="-121.4704239">
<ele>9</ele><time>2025-08-29T17:26:18.999Z</time><extensions><gpxtpx:TrackPointExtension><gpxtpx:hr>168</gpxtpx:hr><gpxtpx:cad>82</gpxtpx:cad></gpxtpx:TrackPointExtension></extensions><extensions><gpxtpx:PowerExtension><gpxtpx:PowerInWatts>230</gpxtpx:PowerInWatts></gpxtpx:PowerExtension></extensions></trkpt>
<trkpt lat="38.5764802" lon="-121.4703695">
<ele>9</ele><time>2025-08-29T17:26:20.999Z</time><extensions><gpxtpx:TrackPointExtension><gpxtpx:hr>168</gpxtpx:hr><gpxtpx:cad>82</gpxtpx:cad></gpxtpx:TrackPointExtension></extensions><extensions><gpxtpx:PowerExtension><gpxtpx:PowerInWatts>230</gpxtpx:PowerInWatts></gpxtpx:PowerExtension></extensions></trkpt>
<trkpt lat="38.5764634" lon="-121.4703069">
<ele>9</ele><time>2025-08-29T17:26:22.999Z</time><extensions><gpxtpx:TrackPointExtension><gpxtpx:hr>168</gpxtpx:hr><gpxtpx:cad>81</gpxtpx:cad></gpxtpx:TrackPointExtension></extensions><extensions><gpxtpx:PowerExtension><gpxtpx:PowerInWatts>230</gpxtpx:PowerInWatts></gpxtpx:PowerExtension></extensions></trkpt>
<trkpt lat="38.5764443" lon="-121.4702360">
<ele>9</ele><time>2025-08-29T17:26:24.999Z</time><extensions><gpxtpx:TrackPointExtension><gpxtpx:hr>167</gpxtpx:hr><gpxtpx:cad>82</gpxtpx:cad></gpxtpx:TrackPointExtension></extensions><extensions><gpxtpx:PowerExtension><gpxtpx:PowerInWatts>230</gpxtpx:PowerInWatts></gpxtpx:PowerExtension></extensions></trkpt>
<trkpt lat="38.5764850" lon="-121.4701903">
<ele>9</ele><time>2025-08-29T17:26:25.999Z</time><extensions><gpxtpx:TrackPointExtension><gpxtpx:hr>167</gpxtpx:hr><gpxtpx:cad>82</gpxtpx:cad></gpxtpx:TrackPointExtension></extensions><extensions><gpxtpx:PowerExtension><gpxtpx:PowerInWatts>230</gpxtpx:PowerInWatts></gpxtpx:PowerExtension></extensions></trkpt>
<trkpt lat="38.5764667" lon="-121.4701219">
<ele>9</ele><time>2025-08-29T17:26:27.999Z</time><extensions><gpxtpx:TrackPointExtension><gpxtpx:hr>167</gpxtpx:hr><gpxtpx:cad>82</gpxtpx:cad></gpxtpx:TrackPointExtension></extensions><extensions><gpxtpx:PowerExtension><gpxtpx:PowerInWatts>226</gpxtpx:PowerInWatts></gpxtpx:PowerExtension></extensions></trkpt>
<trkpt lat="38.5764503" lon="-121.4700605">
<ele>9</ele><time>2025-08-29T17:26:29.999Z</time><extensions><gpxtpx:TrackPointExtension><gpxtpx:hr>167</gpxtpx:hr><gpxtpx:cad>81</gpxtpx:cad></gpxtpx:TrackPointExtension></extensions><extensions><gpxtpx:PowerExtension><gpxtpx:PowerInWatts>227</gpxtpx:PowerInWatts></gpxtpx:PowerExtension></extensions></trkpt>
<trkpt lat="38.5764323" lon="-121.4699936">
<ele>9</ele><time>2025-08-29T17:26:31.999Z</time><extensions><gpxtpx:TrackPointExtension><gpxtpx:hr>166</gpxtpx:hr><gpxtpx:cad>81</gpxtpx:cad></gpxtpx:TrackPointExtension></extensions><extensions><gpxtpx:PowerExtension><gpxtpx:PowerInWatts>227</gpxtpx:PowerInWatts></gpxtpx:PowerExtension></extensions></trkpt>
<trkpt lat="38.5764122" lon="-121.4699188">
<ele>9</ele><time>2025-08-29T17:26:33.999Z</time><extensions><gpxtpx:TrackPointExtension><gpxtpx:hr>166</gpxtpx:hr><gpxtpx:cad>78</gpxtpx:cad></gpxtpx:TrackPointExtension></extensions><extensions><gpxtpx:PowerExtension><gpxtpx:PowerInWatts>226</gpxtpx:PowerInWatts></gpxtpx:PowerExtension></extensions></trkpt>
<trkpt lat="38.5763920" lon="-121.4698438">
<ele>9</ele><time>2025-08-29T17:26:36.999Z</time><extensions><gpxtpx:TrackPointExtension><gpxtpx:hr>166</gpxtpx:hr><gpxtpx:cad>79</gpxtpx:cad></gpxtpx:TrackPointExtension></extensions><extensions><gpxtpx:PowerExtension><gpxtpx:PowerInWatts>226</gpxtpx:PowerInWatts></gpxtpx:PowerExtension></extensions></trkpt>
<trkpt lat="38.5763733" lon="-121.4697740">
<ele>9</ele><time>2025-08-29T17:26:38.999Z</time><extensions><gpxtpx:TrackPointExtension><gpxtpx:hr>166</gpxtpx:hr><gpxtpx:cad>81</gpxtpx:cad></gpxtpx:TrackPointExtension></extensions><extensions><gpxtpx:PowerExtension><gpxtpx:PowerInWatts>228</gpxtpx:PowerInWatts></gpxtpx:PowerExtension></extensions></trkpt>
<trkpt lat="38.5763479" lon="-121.4696797">
<ele>9</ele><time>2025-08-29T17:26:41.000Z</time><extensions><gpxtpx:TrackPointExtension><gpxtpx:hr>166</gpxtpx:hr><gpxtpx:cad>78</gpxtpx:cad></gpxtpx:TrackPointExtension></extensions><extensions><gpxtpx:PowerExtension><gpxtpx:PowerInWatts>228</gpxtpx:PowerInWatts></gpxtpx:PowerExtension></extensions></trkpt>
<trkpt lat="38.5763316" lon="-121.4696188">
<ele>9</ele><time>2025-08-29T17:26:43.000Z</time><extensions><gpxtpx:TrackPointExtension><gpxtpx:hr>167</gpxtpx:hr><gpxtpx:cad>83</gpxtpx:cad></gpxtpx:TrackPointExtension></extensions><extensions><gpxtpx:PowerExtension><gpxtpx:PowerInWatts>228</gpxtpx:PowerInWatts></gpxtpx:PowerExtension></extensions></trkpt>
<trkpt lat="38.5763012" lon="-121.4695744">
<ele>9</ele><time>2025-08-29T17:26:45.000Z</time><extensions><gpxtpx:TrackPointExtension><gpxtpx:hr>166</gpxtpx:hr><gpxtpx:cad>78</gpxtpx:cad></gpxtpx:TrackPointExtension></extensions><extensions><gpxtpx:PowerExtension><gpxtpx:PowerInWatts>227</gpxtpx:PowerInWatts></gpxtpx:PowerExtension></extensions></trkpt>
<trkpt lat="38.5762814" lon="-121.4695043">
<ele>9</ele><time>2025-08-29T17:26:47.000Z</time><extensions><gpxtpx:TrackPointExtension><gpxtpx:hr>166</gpxtpx:hr><gpxtpx:cad>76</gpxtpx:cad></gpxtpx:TrackPointExtension></extensions><extensions><gpxtpx:PowerExtension><gpxtpx:PowerInWatts>232</gpxtpx:PowerInWatts></gpxtpx:PowerExtension></extensions></trkpt>
<trkpt lat="38.5762526" lon="-121.4694454">
<ele>9</ele><time>2025-08-29T17:26:49.000Z</time><extensions><gpxtpx:TrackPointExtension><gpxtpx:hr>165</gpxtpx:hr><gpxtpx:cad>78</gpxtpx:cad></gpxtpx:TrackPointExtension></extensions><extensions><gpxtpx:PowerExtension><gpxtpx:PowerInWatts>232</gpxtpx:PowerInWatts></gpxtpx:PowerExtension></extensions></trkpt>
<trkpt lat="38.5762412" lon="-121.4693866">
<ele>9</ele><time>2025-08-29T17:26:51.000Z</time><extensions><gpxtpx:TrackPointExtension><gpxtpx:hr>165</gpxtpx:hr><gpxtpx:cad>81</gpxtpx:cad></gpxtpx:TrackPointExtension></extensions><extensions><gpxtpx:PowerExtension><gpxtpx:PowerInWatts>232</gpxtpx:PowerInWatts></gpxtpx:PowerExtension></extensions></trkpt>
<trkpt lat="38.5762217" lon="-121.4693194">
<ele>9</ele><time>2025-08-29T17:26:53.000Z</time><extensions><gpxtpx:TrackPointExtension><gpxtpx:hr>166</gpxtpx:hr><gpxtpx:cad>81</gpxtpx:cad></gpxtpx:TrackPointExtension></extensions><extensions><gpxtpx:PowerExtension><gpxtpx:PowerInWatts>233</gpxtpx:PowerInWatts></gpxtpx:PowerExtension></extensions></trkpt>
<trkpt lat="38.5762056" lon="-121.4692600">
<ele>9</ele><time>2025-08-29T17:26:54.999Z</time><extensions><gpxtpx:TrackPointExtension><gpxtpx:hr>166</gpxtpx:hr><gpxtpx:cad>80</gpxtpx:cad></gpxtpx:TrackPointExtension></extensions><extensions><gpxtpx:PowerExtension><gpxtpx:PowerInWatts>231</gpxtpx:PowerInWatts></gpxtpx:PowerExtension></extensions></trkpt>
<trkpt lat="38.5761912" lon="-121.4692037">
<ele>9</ele><time>2025-08-29T17:26:56.999Z</time><extensions><gpxtpx:TrackPointExtension><gpxtpx:hr>166</gpxtpx:hr><gpxtpx:cad>77</gpxtpx:cad></gpxtpx:TrackPointExtension></extensions><extensions><gpxtpx:PowerExtension><gpxtpx:PowerInWatts>231</gpxtpx:PowerInWatts></gpxtpx:PowerExtension></extensions></trkpt>
<trkpt lat="38.5761761" lon="-121.4691379">
<ele>9</ele><time>2025-08-29T17:26:58.999Z</time><extensions><gpxtpx:TrackPointExtension><gpxtpx:hr>166</gpxtpx:hr><gpxtpx:cad>77</gpxtpx:cad></gpxtpx:TrackPointExtension></extensions><extensions><gpxtpx:PowerExtension><gpxtpx:PowerInWatts>231</gpxtpx:PowerInWatts></gpxtpx:PowerExtension></extensions></trkpt>
<trkpt lat="38.5761536" lon="-121.4690685">
<ele>9</ele><time>2025-08-29T17:27:00.999Z</time><extensions><gpxtpx:TrackPointExtension><gpxtpx:hr>166</gpxtpx:hr><gpxtpx:cad>79</gpxtpx:cad></gpxtpx:TrackPointExtension></extensions><extensions><gpxtpx:PowerExtension><gpxtpx:PowerInWatts>226</gpxtpx:PowerInWatts></gpxtpx:PowerExtension></extensions></trkpt>
<trkpt lat="38.5761241" lon="-121.4690033">
<ele>9</ele><time>2025-08-29T17:27:02.999Z</time><extensions><gpxtpx:TrackPointExtension><gpxtpx:hr>166</gpxtpx:hr><gpxtpx:cad>79</gpxtpx:cad></gpxtpx:TrackPointExtension></extensions><extensions><gpxtpx:PowerExtension><gpxtpx:PowerInWatts>226</gpxtpx:PowerInWatts></gpxtpx:PowerExtension></extensions></trkpt>
<trkpt lat="38.5761013" lon="-121.4689347">
<ele>9</ele><time>2025-08-29T17:27:04.999Z</time><extensions><gpxtpx:TrackPointExtension><gpxtpx:hr>166</gpxtpx:hr><gpxtpx:cad>82</gpxtpx:cad></gpxtpx:TrackPointExtension></extensions><extensions><gpxtpx:PowerExtension><gpxtpx:PowerInWatts>224</gpxtpx:PowerInWatts></gpxtpx:PowerExtension></extensions></trkpt>
<trkpt lat="38.5760775" lon="-121.4688724">
<ele>9</ele><time>2025-08-29T17:27:06.999Z</time><extensions><gpxtpx:TrackPointExtension><gpxtpx:hr>167</gpxtpx:hr><gpxtpx:cad>83</gpxtpx:cad></gpxtpx:TrackPointExtension></extensions><extensions><gpxtpx:PowerExtension><gpxtpx:PowerInWatts>224</gpxtpx:PowerInWatts></gpxtpx:PowerExtension></extensions></trkpt>
<trkpt lat="38.5760602" lon="-121.4688081">
<ele>9</ele><time>2025-08-29T17:27:08.999Z</time><extensions><gpxtpx:TrackPointExtension><gpxtpx:hr>167</gpxtpx:hr><gpxtpx:cad>83</gpxtpx:cad></gpxtpx:TrackPointExtension></extensions><extensions><gpxtpx:PowerExtension><gpxtpx:PowerInWatts>224</gpxtpx:PowerInWatts></gpxtpx:PowerExtension></extensions></trkpt>
<trkpt lat="38.5760388" lon="-121.4687288">
<ele>9</ele><time>2025-08-29T17:27:11.999Z</time><extensions><gpxtpx:TrackPointExtension><gpxtpx:hr>166</gpxtpx:hr><gpxtpx:cad>79</gpxtpx:cad></gpxtpx:TrackPointExtension></extensions><extensions><gpxtpx:PowerExtension><gpxtpx:PowerInWatts>229</gpxtpx:PowerInWatts></gpxtpx:PowerExtension></extensions></trkpt>
<trkpt lat="38.5760222" lon="-121.4686668">
<ele>9</ele><time>2025-08-29T17:27:13.999Z</time><extensions><gpxtpx:TrackPointExtension><gpxtpx:hr>166</gpxtpx:hr><gpxtpx:cad>79</gpxtpx:cad></gpxtpx:TrackPointExtension></extensions><extensions><gpxtpx:PowerExtension><gpxtpx:PowerInWatts>228</gpxtpx:PowerInWatts></gpxtpx:PowerExtension></extensions></trkpt>
<trkpt lat="38.5760019" lon="-121.4685913">
<ele>9</ele><time>2025-08-29T17:27:15.999Z</time><extensions><gpxtpx:TrackPointExtension><gpxtpx:hr>167</gpxtpx:hr><gpxtpx:cad>83</gpxtpx:cad></gpxtpx:TrackPointExtension></extensions><extensions><gpxtpx:PowerExtension><gpxtpx:PowerInWatts>229</gpxtpx:PowerInWatts></gpxtpx:PowerExtension></extensions></trkpt>
<trkpt lat="38.5759803" lon="-121.4685109">
<ele>9</ele><time>2025-08-29T17:27:18.999Z</time><extensions><gpxtpx:TrackPointExtension><gpxtpx:hr>167</gpxtpx:hr><gpxtpx:cad>82</gpxtpx:cad></gpxtpx:TrackPointExtension></extensions><extensions><gpxtpx:PowerExtension><gpxtpx:PowerInWatts>225</gpxtpx:PowerInWatts></gpxtpx:PowerExtension></extensions></trkpt>
<trkpt lat="38.5759618" lon="-121.4684419">
<ele>9</ele><time>2025-08-29T17:27:20.999Z</time><extensions><gpxtpx:TrackPointExtension><gpxtpx:hr>167</gpxtpx:hr><gpxtpx:cad>78</gpxtpx:cad></gpxtpx:TrackPointExtension></extensions><extensions><gpxtpx:PowerExtension><gpxtpx:PowerInWatts>225</gpxtpx:PowerInWatts></gpxtpx:PowerExtension></extensions></trkpt>
<trkpt lat="38.5759458" lon="-121.4683824">
<ele>9</ele><time>2025-08-29T17:27:23.000Z</time><extensions><gpxtpx:TrackPointExtension><gpxtpx:hr>167</gpxtpx:hr><gpxtpx:cad>75</gpxtpx:cad></gpxtpx:TrackPointExtension></extensions><extensions><gpxtpx:PowerExtension><gpxtpx:PowerInWatts>226</gpxtpx:PowerInWatts></gpxtpx:PowerExtension></extensions></trkpt>
<trkpt lat="38.5759284" lon="-121.4683176">
<ele>9</ele><time>2025-08-29T17:27:25.000Z</time><extensions><gpxtpx:TrackPointExtension><gpxtpx:hr>167</gpxtpx:hr><gpxtpx:cad>77</gpxtpx:cad></gpxtpx:TrackPointExtension></extensions><extensions><gpxtpx:PowerExtension><gpxtpx:PowerInWatts>223</gpxtpx:PowerInWatts></gpxtpx:PowerExtension></extensions></trkpt>
<trkpt lat="38.5759123" lon="-121.4682568">
<ele>9</ele><time>2025-08-29T17:27:27.000Z</time><extensions><gpxtpx:TrackPointExtension><gpxtpx:hr>167</gpxtpx:hr><gpxtpx:cad>83</gpxtpx:cad></gpxtpx:TrackPointExtension></extensions><extensions><gpxtpx:PowerExtension><gpxtpx:PowerInWatts>223</gpxtpx:PowerInWatts></gpxtpx:PowerExtension></extensions></trkpt>
<trkpt lat="38.5758944" lon="-121.4681896">
<ele>9</ele><time>2025-08-29T17:27:29.000Z</time><extensions><gpxtpx:TrackPointExtension><gpxtpx:hr>168</gpxtpx:hr><gpxtpx:cad>83</gpxtpx:cad></gpxtpx:TrackPointExtension></extensions><extensions><gpxtpx:PowerExtension><gpxtpx:PowerInWatts>223</gpxtpx:PowerInWatts></gpxtpx:PowerExtension></extensions></trkpt>
<trkpt lat="38.5758794" lon="-121.4681332">
<ele>9</ele><time>2025-08-29T17:27:31.000Z</time><extensions><gpxtpx:TrackPointExtension><gpxtpx:hr>167</gpxtpx:hr><gpxtpx:cad>83</gpxtpx:cad></gpxtpx:TrackPointExtension></extensions><extensions><gpxtpx:PowerExtension><gpxtpx:PowerInWatts>224</gpxtpx:PowerInWatts></gpxtpx:PowerExtension></extensions></trkpt>
<trkpt lat="38.5758547" lon="-121.4680727">
<ele>9</ele><time>2025-08-29T17:27:33.000Z</time><extensions><gpxtpx:TrackPointExtension><gpxtpx:hr>167</gpxtpx:hr><gpxtpx:cad>83</gpxtpx:cad></gpxtpx:TrackPointExtension></extensions><extensions><gpxtpx:PowerExtension><gpxtpx:PowerInWatts>224</gpxtpx:PowerInWatts></gpxtpx:PowerExtension></extensions></trkpt>
<trkpt lat="38.5758393" lon="-121.4680083">
<ele>9</ele><time>2025-08-29T17:27:35.000Z</time><extensions><gpxtpx:TrackPointExtension><gpxtpx:hr>167</gpxtpx:hr><gpxtpx:cad>82</gpxtpx:cad></gpxtpx:TrackPointExtension></extensions><extensions><gpxtpx:PowerExtension><gpxtpx:PowerInWatts>224</gpxtpx:PowerInWatts></gpxtpx:PowerExtension></extensions></trkpt>
<trkpt lat="38.5758295" lon="-121.4679438">
<ele>9</ele><time>2025-08-29T17:27:37.000Z</time><extensions><gpxtpx:TrackPointExtension><gpxtpx:hr>168</gpxtpx:hr><gpxtpx:cad>80</gpxtpx:cad></gpxtpx:TrackPointExtension></extensions><extensions><gpxtpx:PowerExtension><gpxtpx:PowerInWatts>224</gpxtpx:PowerInWatts></gpxtpx:PowerExtension></extensions></trkpt>
<trkpt lat="38.5758105" lon="-121.4678715">
<ele>9</ele><time>2025-08-29T17:27:40.000Z</time><extensions><gpxtpx:TrackPointExtension><gpxtpx:hr>167</gpxtpx:hr><gpxtpx:cad>77</gpxtpx:cad></gpxtpx:TrackPointExtension></extensions><extensions><gpxtpx:PowerExtension><gpxtpx:PowerInWatts>220</gpxtpx:PowerInWatts></gpxtpx:PowerExtension></extensions></trkpt>
<trkpt lat="38.5757946" lon="-121.4678106">
<ele>9</ele><time>2025-08-29T17:27:42.000Z</time><extensions><gpxtpx:TrackPointExtension><gpxtpx:hr>166</gpxtpx:hr><gpxtpx:cad>81</gpxtpx:cad></gpxtpx:TrackPointExtension></extensions><extensions><gpxtpx:PowerExtension><gpxtpx:PowerInWatts>220</gpxtpx:PowerInWatts></gpxtpx:PowerExtension></extensions></trkpt>
<trkpt lat="38.5757636" lon="-121.4677351">
<ele>9</ele><time>2025-08-29T17:27:44.000Z</time><extensions><gpxtpx:TrackPointExtension><gpxtpx:hr>167</gpxtpx:hr><gpxtpx:cad>83</gpxtpx:cad></gpxtpx:TrackPointExtension></extensions><extensions><gpxtpx:PowerExtension><gpxtpx:PowerInWatts>220</gpxtpx:PowerInWatts></gpxtpx:PowerExtension></extensions></trkpt>
<trkpt lat="38.5757511" lon="-121.4676514">
<ele>9</ele><time>2025-08-29T17:27:46.000Z</time><extensions><gpxtpx:TrackPointExtension><gpxtpx:hr>167</gpxtpx:hr><gpxtpx:cad>78</gpxtpx:cad></gpxtpx:TrackPointExtension></extensions><extensions><gpxtpx:PowerExtension><gpxtpx:PowerInWatts>214</gpxtpx:PowerInWatts></gpxtpx:PowerExtension></extensions></trkpt>
<trkpt lat="38.5757266" lon="-121.4675726">
<ele>9</ele><time>2025-08-29T17:27:49.000Z</time><extensions><gpxtpx:TrackPointExtension><gpxtpx:hr>167</gpxtpx:hr><gpxtpx:cad>77</gpxtpx:cad></gpxtpx:TrackPointExtension></extensions><extensions><gpxtpx:PowerExtension><gpxtpx:PowerInWatts>217</gpxtpx:PowerInWatts></gpxtpx:PowerExtension></extensions></trkpt>
<trkpt lat="38.5757116" lon="-121.4674881">
<ele>9</ele><time>2025-08-29T17:27:51.000Z</time><extensions><gpxtpx:TrackPointExtension><gpxtpx:hr>167</gpxtpx:hr><gpxtpx:cad>76</gpxtpx:cad></gpxtpx:TrackPointExtension></extensions><extensions><gpxtpx:PowerExtension><gpxtpx:PowerInWatts>217</gpxtpx:PowerInWatts></gpxtpx:PowerExtension></extensions></trkpt>
<trkpt lat="38.5757074" lon="-121.4674140">
<ele>9</ele><time>2025-08-29T17:27:54.000Z</time><extensions><gpxtpx:TrackPointExtension><gpxtpx:hr>166</gpxtpx:hr><gpxtpx:cad>73</gpxtpx:cad></gpxtpx:TrackPointExtension></extensions><extensions><gpxtpx:PowerExtension><gpxtpx:PowerInWatts>220</gpxtpx:PowerInWatts></gpxtpx:PowerExtension></extensions></trkpt>
<trkpt lat="38.5756862" lon="-121.4673295">
<ele>8</ele><time>2025-08-29T17:27:56.000Z</time><extensions><gpxtpx:TrackPointExtension><gpxtpx:hr>166</gpxtpx:hr><gpxtpx:cad>68</gpxtpx:cad></gpxtpx:TrackPointExtension></extensions><extensions><gpxtpx:PowerExtension><gpxtpx:PowerInWatts>224</gpxtpx:PowerInWatts></gpxtpx:PowerExtension></extensions></trkpt>
<trkpt lat="38.5757311" lon="-121.4673105">
<ele>8</ele><time>2025-08-29T17:27:59.000Z</time><extensions><gpxtpx:TrackPointExtension><gpxtpx:hr>167</gpxtpx:hr><gpxtpx:cad>64</gpxtpx:cad></gpxtpx:TrackPointExtension></extensions><extensions><gpxtpx:PowerExtension><gpxtpx:PowerInWatts>224</gpxtpx:PowerInWatts></gpxtpx:PowerExtension></extensions></trkpt>
<trkpt lat="38.5757705" lon="-121.4672576">
<ele>8</ele><time>2025-08-29T17:28:02.000Z</time><extensions><gpxtpx:TrackPointExtension><gpxtpx:hr>166</gpxtpx:hr><gpxtpx:cad>64</gpxtpx:cad></gpxtpx:TrackPointExtension></extensions><extensions><gpxtpx:PowerExtension><gpxtpx:PowerInWatts>220</gpxtpx:PowerInWatts></gpxtpx:PowerExtension></extensions></trkpt>
<trkpt lat="38.5757944" lon="-121.4671872">
<ele>8</ele><time>2025-08-29T17:28:06.000Z</time><extensions><gpxtpx:TrackPointExtension><gpxtpx:hr>166</gpxtpx:hr><gpxtpx:cad>66</gpxtpx:cad></gpxtpx:TrackPointExtension></extensions><extensions><gpxtpx:PowerExtension><gpxtpx:PowerInWatts>210</gpxtpx:PowerInWatts></gpxtpx:PowerExtension></extensions></trkpt>
<trkpt lat="38.5758124" lon="-121.4671319">
<ele>8</ele><time>2025-08-29T17:28:09.000Z</time><extensions><gpxtpx:TrackPointExtension><gpxtpx:hr>166</gpxtpx:hr><gpxtpx:cad>65</gpxtpx:cad></gpxtpx:TrackPointExtension></extensions><extensions><gpxtpx:PowerExtension><gpxtpx:PowerInWatts>95</gpxtpx:PowerInWatts></gpxtpx:PowerExtension></extensions></trkpt>
<trkpt lat="38.5758339" lon="-121.4670637">
<ele>8</ele><time>2025-08-29T17:28:13.000Z</time><extensions><gpxtpx:TrackPointExtension><gpxtpx:hr>165</gpxtpx:hr><gpxtpx:cad>62</gpxtpx:cad></gpxtpx:TrackPointExtension></extensions><extensions><gpxtpx:PowerExtension><gpxtpx:PowerInWatts>90</gpxtpx:PowerInWatts></gpxtpx:PowerExtension></extensions></trkpt>
<trkpt lat="38.5758119" lon="-121.4669964">
<ele>8</ele><time>2025-08-29T17:28:17.000Z</time><extensions><gpxtpx:TrackPointExtension><gpxtpx:hr>164</gpxtpx:hr><gpxtpx:cad>61</gpxtpx:cad></gpxtpx:TrackPointExtension></extensions><extensions><gpxtpx:PowerExtension><gpxtpx:PowerInWatts>97</gpxtpx:PowerInWatts></gpxtpx:PowerExtension></extensions></trkpt>
<trkpt lat="38.5757893" lon="-121.4669265">
<ele>8</ele><time>2025-08-29T17:28:20.000Z</time><extensions><gpxtpx:TrackPointExtension><gpxtpx:hr>163</gpxtpx:hr><gpxtpx:cad>61</gpxtpx:cad></gpxtpx:TrackPointExtension></extensions><extensions><gpxtpx:PowerExtension><gpxtpx:PowerInWatts>92</gpxtpx:PowerInWatts></gpxtpx:PowerExtension></extensions></trkpt>
<trkpt lat="38.5757688" lon="-121.4668451">
<ele>8</ele><time>2025-08-29T17:28:23.000Z</time><extensions><gpxtpx:TrackPointExtension><gpxtpx:hr>163</gpxtpx:hr><gpxtpx:cad>63</gpxtpx:cad></gpxtpx:TrackPointExtension></extensions><extensions><gpxtpx:PowerExtension><gpxtpx:PowerInWatts>92</gpxtpx:PowerInWatts></gpxtpx:PowerExtension></extensions></trkpt>
<trkpt lat="38.5757551" lon="-121.4667899">
<ele>8</ele><time>2025-08-29T17:28:25.000Z</time><extensions><gpxtpx:TrackPointExtension><gpxtpx:hr>163</gpxtpx:hr><gpxtpx:cad>62</gpxtpx:cad></gpxtpx:TrackPointExtension></extensions><extensions><gpxtpx:PowerExtension><gpxtpx:PowerInWatts>92</gpxtpx:PowerInWatts></gpxtpx:PowerExtension></extensions></trkpt>
<trkpt lat="38.5757367" lon="-121.4667370">
<ele>9</ele><time>2025-08-29T17:28:27.000Z</time><extensions><gpxtpx:TrackPointExtension><gpxtpx:hr>163</gpxtpx:hr><gpxtpx:cad>61</gpxtpx:cad></gpxtpx:TrackPointExtension></extensions><extensions><gpxtpx:PowerExtension><gpxtpx:PowerInWatts>208</gpxtpx:PowerInWatts></gpxtpx:PowerExtension></extensions></trkpt>
<trkpt lat="38.5757253" lon="-121.4666636">
<ele>9</ele><time>2025-08-29T17:28:29.000Z</time><extensions><gpxtpx:TrackPointExtension><gpxtpx:hr>163</gpxtpx:hr><gpxtpx:cad>67</gpxtpx:cad></gpxtpx:TrackPointExtension></extensions><extensions><gpxtpx:PowerExtension><gpxtpx:PowerInWatts>208</gpxtpx:PowerInWatts></gpxtpx:PowerExtension></extensions></trkpt>
<trkpt lat="38.5757028" lon="-121.4665864">
<ele>9</ele><time>2025-08-29T17:28:31.000Z</time><extensions><gpxtpx:TrackPointExtension><gpxtpx:hr>163</gpxtpx:hr><gpxtpx:cad>69</gpxtpx:cad></gpxtpx:TrackPointExtension></extensions><extensions><gpxtpx:PowerExtension><gpxtpx:PowerInWatts>208</gpxtpx:PowerInWatts></gpxtpx:PowerExtension></extensions></trkpt>
<trkpt lat="38.5756694" lon="-121.4665344">
<ele>9</ele><time>2025-08-29T17:28:33.000Z</time><extensions><gpxtpx:TrackPointExtension><gpxtpx:hr>163</gpxtpx:hr><gpxtpx:cad>67</gpxtpx:cad></gpxtpx:TrackPointExtension></extensions><extensions><gpxtpx:PowerExtension><gpxtpx:PowerInWatts>140</gpxtpx:PowerInWatts></gpxtpx:PowerExtension></extensions></trkpt>
<trkpt lat="38.5756312" lon="-121.4665008">
<ele>9</ele><time>2025-08-29T17:28:35.000Z</time><extensions><gpxtpx:TrackPointExtension><gpxtpx:hr>163</gpxtpx:hr><gpxtpx:cad>73</gpxtpx:cad></gpxtpx:TrackPointExtension></extensions><extensions><gpxtpx:PowerExtension><gpxtpx:PowerInWatts>140</gpxtpx:PowerInWatts></gpxtpx:PowerExtension></extensions></trkpt>
<trkpt lat="38.5756113" lon="-121.4664091">
<ele>9</ele><time>2025-08-29T17:28:37.000Z</time><extensions><gpxtpx:TrackPointExtension><gpxtpx:hr>163</gpxtpx:hr><gpxtpx:cad>76</gpxtpx:cad></gpxtpx:TrackPointExtension></extensions><extensions><gpxtpx:PowerExtension><gpxtpx:PowerInWatts>224</gpxtpx:PowerInWatts></gpxtpx:PowerExtension></extensions></trkpt>
<trkpt lat="38.5755677" lon="-121.4663506">
<ele>9</ele><time>2025-08-29T17:28:39.000Z</time><extensions><gpxtpx:TrackPointExtension><gpxtpx:hr>163</gpxtpx:hr><gpxtpx:cad>77</gpxtpx:cad></gpxtpx:TrackPointExtension></extensions><extensions><gpxtpx:PowerExtension><gpxtpx:PowerInWatts>224</gpxtpx:PowerInWatts></gpxtpx:PowerExtension></extensions></trkpt>
<trkpt lat="38.5755301" lon="-121.4663013">
<ele>9</ele><time>2025-08-29T17:28:41.000Z</time><extensions><gpxtpx:TrackPointExtension><gpxtpx:hr>163</gpxtpx:hr><gpxtpx:cad>76</gpxtpx:cad></gpxtpx:TrackPointExtension></extensions><extensions><gpxtpx:PowerExtension><gpxtpx:PowerInWatts>206</gpxtpx:PowerInWatts></gpxtpx:PowerExtension></extensions></trkpt>
<trkpt lat="38.5755564" lon="-121.4662409">
<ele>9</ele><time>2025-08-29T17:28:42.000Z</time><extensions><gpxtpx:TrackPointExtension><gpxtpx:hr>163</gpxtpx:hr><gpxtpx:cad>76</gpxtpx:cad></gpxtpx:TrackPointExtension></extensions><extensions><gpxtpx:PowerExtension><gpxtpx:PowerInWatts>234</gpxtpx:PowerInWatts></gpxtpx:PowerExtension></extensions></trkpt>
<trkpt lat="38.5755680" lon="-121.4661747">
<ele>9</ele><time>2025-08-29T17:28:44.000Z</time><extensions><gpxtpx:TrackPointExtension><gpxtpx:hr>164</gpxtpx:hr><gpxtpx:cad>80</gpxtpx:cad></gpxtpx:TrackPointExtension></extensions><extensions><gpxtpx:PowerExtension><gpxtpx:PowerInWatts>234</gpxtpx:PowerInWatts></gpxtpx:PowerExtension></extensions></trkpt>
<trkpt lat="38.5755914" lon="-121.4661033">
<ele>9</ele><time>2025-08-29T17:28:46.000Z</time><extensions><gpxtpx:TrackPointExtension><gpxtpx:hr>164</gpxtpx:hr><gpxtpx:cad>85</gpxtpx:cad></gpxtpx:TrackPointExtension></extensions><extensions><gpxtpx:PowerExtension><gpxtpx:PowerInWatts>237</gpxtpx:PowerInWatts></gpxtpx:PowerExtension></extensions></trkpt>
<trkpt lat="38.5755680" lon="-121.4660293">
<ele>9</ele><time>2025-08-29T17:28:48.000Z</time><extensions><gpxtpx:TrackPointExtension><gpxtpx:hr>164</gpxtpx:hr><gpxtpx:cad>76</gpxtpx:cad></gpxtpx:TrackPointExtension></extensions><extensions><gpxtpx:PowerExtension><gpxtpx:PowerInWatts>237</gpxtpx:PowerInWatts></gpxtpx:PowerExtension></extensions></trkpt>
<trkpt lat="38.5755312" lon="-121.4659578">
<ele>9</ele><time>2025-08-29T17:28:51.000Z</time><extensions><gpxtpx:TrackPointExtension><gpxtpx:hr>164</gpxtpx:hr><gpxtpx:cad>70</gpxtpx:cad></gpxtpx:TrackPointExtension></extensions><extensions><gpxtpx:PowerExtension><gpxtpx:PowerInWatts>237</gpxtpx:PowerInWatts></gpxtpx:PowerExtension></extensions></trkpt>
<trkpt lat="38.5755072" lon="-121.4658724">
<ele>9</ele><time>2025-08-29T17:28:53.000Z</time><extensions><gpxtpx:TrackPointExtension><gpxtpx:hr>164</gpxtpx:hr><gpxtpx:cad>74</gpxtpx:cad></gpxtpx:TrackPointExtension></extensions><extensions><gpxtpx:PowerExtension><gpxtpx:PowerInWatts>235</gpxtpx:PowerInWatts></gpxtpx:PowerExtension></extensions></trkpt>
<trkpt lat="38.5755113" lon="-121.4657959">
<ele>8</ele><time>2025-08-29T17:28:55.000Z</time><extensions><gpxtpx:TrackPointExtension><gpxtpx:hr>163</gpxtpx:hr><gpxtpx:cad>76</gpxtpx:cad></gpxtpx:TrackPointExtension></extensions><extensions><gpxtpx:PowerExtension><gpxtpx:PowerInWatts>235</gpxtpx:PowerInWatts></gpxtpx:PowerExtension></extensions></trkpt>
<trkpt lat="38.5754743" lon="-121.4657153">
<ele>8</ele><time>2025-08-29T17:28:57.999Z</time><extensions><gpxtpx:TrackPointExtension><gpxtpx:hr>163</gpxtpx:hr><gpxtpx:cad>76</gpxtpx:cad></gpxtpx:TrackPointExtension></extensions><extensions><gpxtpx:PowerExtension><gpxtpx:PowerInWatts>240</gpxtpx:PowerInWatts></gpxtpx:PowerExtension></extensions></trkpt>
<trkpt lat="38.5754685" lon="-121.4656507">
<ele>8</ele><time>2025-08-29T17:28:59.999Z</time><extensions><gpxtpx:TrackPointExtension><gpxtpx:hr>163</gpxtpx:hr><gpxtpx:cad>77</gpxtpx:cad></gpxtpx:TrackPointExtension></extensions><extensions><gpxtpx:PowerExtension><gpxtpx:PowerInWatts>240</gpxtpx:PowerInWatts></gpxtpx:PowerExtension></extensions></trkpt>
<trkpt lat="38.5754424" lon="-121.4655914">
<ele>8</ele><time>2025-08-29T17:29:07.999Z</time><extensions><gpxtpx:TrackPointExtension><gpxtpx:hr>160</gpxtpx:hr><gpxtpx:cad>74</gpxtpx:cad></gpxtpx:TrackPointExtension></extensions><extensions><gpxtpx:PowerExtension><gpxtpx:PowerInWatts>210</gpxtpx:PowerInWatts></gpxtpx:PowerExtension></extensions></trkpt>
<trkpt lat="38.5754205" lon="-121.4655158">
<ele>8</ele><time>2025-08-29T17:29:10.999Z</time><extensions><gpxtpx:TrackPointExtension><gpxtpx:hr>160</gpxtpx:hr><gpxtpx:cad>72</gpxtpx:cad></gpxtpx:TrackPointExtension></extensions><extensions><gpxtpx:PowerExtension><gpxtpx:PowerInWatts>60</gpxtpx:PowerInWatts></gpxtpx:PowerExtension></extensions></trkpt>
<trkpt lat="38.5753938" lon="-121.4654654">
<ele>8</ele><time>2025-08-29T17:29:12.999Z</time><extensions><gpxtpx:TrackPointExtension><gpxtpx:hr>160</gpxtpx:hr><gpxtpx:cad>72</gpxtpx:cad></gpxtpx:TrackPointExtension></extensions><extensions><gpxtpx:PowerExtension><gpxtpx:PowerInWatts>60</gpxtpx:PowerInWatts></gpxtpx:PowerExtension></extensions></trkpt>
<trkpt lat="38.5753724" lon="-121.4653820">
<ele>8</ele><time>2025-08-29T17:29:15.999Z</time><extensions><gpxtpx:TrackPointExtension><gpxtpx:hr>162</gpxtpx:hr><gpxtpx:cad>72</gpxtpx:cad></gpxtpx:TrackPointExtension></extensions><extensions><gpxtpx:PowerExtension><gpxtpx:PowerInWatts>130</gpxtpx:PowerInWatts></gpxtpx:PowerExtension></extensions></trkpt>
<trkpt lat="38.5753372" lon="-121.4652912">
<ele>8</ele><time>2025-08-29T17:29:17.999Z</time><extensions><gpxtpx:TrackPointExtension><gpxtpx:hr>163</gpxtpx:hr><gpxtpx:cad>71</gpxtpx:cad></gpxtpx:TrackPointExtension></extensions><extensions><gpxtpx:PowerExtension><gpxtpx:PowerInWatts>130</gpxtpx:PowerInWatts></gpxtpx:PowerExtension></extensions></trkpt>
<trkpt lat="38.5753420" lon="-121.4652187">
<ele>8</ele><time>2025-08-29T17:29:19.999Z</time><extensions><gpxtpx:TrackPointExtension><gpxtpx:hr>163</gpxtpx:hr><gpxtpx:cad>71</gpxtpx:cad></gpxtpx:TrackPointExtension></extensions><extensions><gpxtpx:PowerExtension><gpxtpx:PowerInWatts>130</gpxtpx:PowerInWatts></gpxtpx:PowerExtension></extensions></trkpt>
<trkpt lat="38.5753250" lon="-121.4651261">
<ele>8</ele><time>2025-08-29T17:29:21.999Z</time><extensions><gpxtpx:TrackPointExtension><gpxtpx:hr>163</gpxtpx:hr><gpxtpx:cad>76</gpxtpx:cad></gpxtpx:TrackPointExtension></extensions><extensions><gpxtpx:PowerExtension><gpxtpx:PowerInWatts>218</gpxtpx:PowerInWatts></gpxtpx:PowerExtension></extensions></trkpt>
<trkpt lat="38.5753211" lon="-121.4650441">
<ele>8</ele><time>2025-08-29T17:29:23.999Z</time><extensions><gpxtpx:TrackPointExtension><gpxtpx:hr>163</gpxtpx:hr><gpxtpx:cad>80</gpxtpx:cad></gpxtpx:TrackPointExtension></extensions><extensions><gpxtpx:PowerExtension><gpxtpx:PowerInWatts>229</gpxtpx:PowerInWatts></gpxtpx:PowerExtension></extensions></trkpt>
<trkpt lat="38.5753118" lon="-121.4649846">
<ele>8</ele><time>2025-08-29T17:29:25.999Z</time><extensions><gpxtpx:TrackPointExtension><gpxtpx:hr>163</gpxtpx:hr><gpxtpx:cad>80</gpxtpx:cad></gpxtpx:TrackPointExtension></extensions><extensions><gpxtpx:PowerExtension><gpxtpx:PowerInWatts>238</gpxtpx:PowerInWatts></gpxtpx:PowerExtension></extensions></trkpt>
<trkpt lat="38.5752803" lon="-121.4649279">
<ele>8</ele><time>2025-08-29T17:29:27.999Z</time><extensions><gpxtpx:TrackPointExtension><gpxtpx:hr>164</gpxtpx:hr><gpxtpx:cad>83</gpxtpx:cad></gpxtpx:TrackPointExtension></extensions><extensions><gpxtpx:PowerExtension><gpxtpx:PowerInWatts>238</gpxtpx:PowerInWatts></gpxtpx:PowerExtension></extensions></trkpt>
<trkpt lat="38.5752655" lon="-121.4648682">
<ele>8</ele><time>2025-08-29T17:29:30.000Z</time><extensions><gpxtpx:TrackPointExtension><gpxtpx:hr>165</gpxtpx:hr><gpxtpx:cad>79</gpxtpx:cad></gpxtpx:TrackPointExtension></extensions><extensions><gpxtpx:PowerExtension><gpxtpx:PowerInWatts>238</gpxtpx:PowerInWatts></gpxtpx:PowerExtension></extensions></trkpt>
<trkpt lat="38.5752458" lon="-121.4648067">
<ele>8</ele><time>2025-08-29T17:29:32.000Z</time><extensions><gpxtpx:TrackPointExtension><gpxtpx:hr>165</gpxtpx:hr><gpxtpx:cad>77</gpxtpx:cad></gpxtpx:TrackPointExtension></extensions><extensions><gpxtpx:PowerExtension><gpxtpx:PowerInWatts>245</gpxtpx:PowerInWatts></gpxtpx:PowerExtension></extensions></trkpt>
<trkpt lat="38.5752315" lon="-121.4647426">
<ele>8</ele><time>2025-08-29T17:29:34.000Z</time><extensions><gpxtpx:TrackPointExtension><gpxtpx:hr>164</gpxtpx:hr><gpxtpx:cad>78</gpxtpx:cad></gpxtpx:TrackPointExtension></extensions><extensions><gpxtpx:PowerExtension><gpxtpx:PowerInWatts>246</gpxtpx:PowerInWatts></gpxtpx:PowerExtension></extensions></trkpt>
<trkpt lat="38.5752108" lon="-121.4646811">
<ele>8</ele><time>2025-08-29T17:29:36.000Z</time><extensions><gpxtpx:TrackPointExtension><gpxtpx:hr>164</gpxtpx:hr><gpxtpx:cad>78</gpxtpx:cad></gpxtpx:TrackPointExtension></extensions><extensions><gpxtpx:PowerExtension><gpxtpx:PowerInWatts>246</gpxtpx:PowerInWatts></gpxtpx:PowerExtension></extensions></trkpt>
<trkpt lat="38.5751684" lon="-121.4646106">
<ele>8</ele><time>2025-08-29T17:29:39.000Z</time><extensions><gpxtpx:TrackPointExtension><gpxtpx:hr>165</gpxtpx:hr><gpxtpx:cad>78</gpxtpx:cad></gpxtpx:TrackPointExtension></extensions><extensions><gpxtpx:PowerExtension><gpxtpx:PowerInWatts>237</gpxtpx:PowerInWatts></gpxtpx:PowerExtension></extensions></trkpt>
<trkpt lat="38.5751408" lon="-121.4645479">
<ele>8</ele><time>2025-08-29T17:29:41.000Z</time><extensions><gpxtpx:TrackPointExtension><gpxtpx:hr>166</gpxtpx:hr><gpxtpx:cad>73</gpxtpx:cad></gpxtpx:TrackPointExtension></extensions><extensions><gpxtpx:PowerExtension><gpxtpx:PowerInWatts>231</gpxtpx:PowerInWatts></gpxtpx:PowerExtension></extensions></trkpt>
<trkpt lat="38.5751190" lon="-121.4644924">
<ele>8</ele><time>2025-08-29T17:29:43.000Z</time><extensions><gpxtpx:TrackPointExtension><gpxtpx:hr>165</gpxtpx:hr><gpxtpx:cad>69</gpxtpx:cad></gpxtpx:TrackPointExtension></extensions><extensions><gpxtpx:PowerExtension><gpxtpx:PowerInWatts>231</gpxtpx:PowerInWatts></gpxtpx:PowerExtension></extensions></trkpt>
<trkpt lat="38.5750912" lon="-121.4644153">
<ele>8</ele><time>2025-08-29T17:29:46.000Z</time><extensions><gpxtpx:TrackPointExtension><gpxtpx:hr>165</gpxtpx:hr><gpxtpx:cad>68</gpxtpx:cad></gpxtpx:TrackPointExtension></extensions><extensions><gpxtpx:PowerExtension><gpxtpx:PowerInWatts>231</gpxtpx:PowerInWatts></gpxtpx:PowerExtension></extensions></trkpt>
<trkpt lat="38.5751067" lon="-121.4643562">
<ele>8</ele><time>2025-08-29T17:29:48.000Z</time><extensions><gpxtpx:TrackPointExtension><gpxtpx:hr>165</gpxtpx:hr><gpxtpx:cad>66</gpxtpx:cad></gpxtpx:TrackPointExtension></extensions><extensions><gpxtpx:PowerExtension><gpxtpx:PowerInWatts>231</gpxtpx:PowerInWatts></gpxtpx:PowerExtension></extensions></trkpt>
<trkpt lat="38.5751406" lon="-121.4643180">
<ele>8</ele><time>2025-08-29T17:29:51.000Z</time><extensions><gpxtpx:TrackPointExtension><gpxtpx:hr>166</gpxtpx:hr><gpxtpx:cad>63</gpxtpx:cad></gpxtpx:TrackPointExtension></extensions><extensions><gpxtpx:PowerExtension><gpxtpx:PowerInWatts>229</gpxtpx:PowerInWatts></gpxtpx:PowerExtension></extensions></trkpt>
<trkpt lat="38.5751901" lon="-121.4643049">
<ele>8</ele><time>2025-08-29T17:29:54.000Z</time><extensions><gpxtpx:TrackPointExtension><gpxtpx:hr>166</gpxtpx:hr><gpxtpx:cad>61</gpxtpx:cad></gpxtpx:TrackPointExtension></extensions><extensions><gpxtpx:PowerExtension><gpxtpx:PowerInWatts>229</gpxtpx:PowerInWatts></gpxtpx:PowerExtension></extensions></trkpt>
<trkpt lat="38.5752000" lon="-121.4642421">
<ele>8</ele><time>2025-08-29T17:29:57.000Z</time><extensions><gpxtpx:TrackPointExtension><gpxtpx:hr>164</gpxtpx:hr><gpxtpx:cad>61</gpxtpx:cad></gpxtpx:TrackPointExtension></extensions><extensions><gpxtpx:PowerExtension><gpxtpx:PowerInWatts>104</gpxtpx:PowerInWatts></gpxtpx:PowerExtension></extensions></trkpt>
<trkpt lat="38.5751782" lon="-121.4641747">
<ele>8</ele><time>2025-08-29T17:30:00.000Z</time><extensions><gpxtpx:TrackPointExtension><gpxtpx:hr>164</gpxtpx:hr><gpxtpx:cad>59</gpxtpx:cad></gpxtpx:TrackPointExtension></extensions><extensions><gpxtpx:PowerExtension><gpxtpx:PowerInWatts>104</gpxtpx:PowerInWatts></gpxtpx:PowerExtension></extensions></trkpt>
<trkpt lat="38.5751786" lon="-121.4641161">
<ele>8</ele><time>2025-08-29T17:30:03.000Z</time><extensions><gpxtpx:TrackPointExtension><gpxtpx:hr>163</gpxtpx:hr><gpxtpx:cad>57</gpxtpx:cad></gpxtpx:TrackPointExtension></extensions><extensions><gpxtpx:PowerExtension><gpxtpx:PowerInWatts>102</gpxtpx:PowerInWatts></gpxtpx:PowerExtension></extensions></trkpt>
<trkpt lat="38.5752292" lon="-121.4640928">
<ele>8</ele><time>2025-08-29T17:30:08.000Z</time><extensions><gpxtpx:TrackPointExtension><gpxtpx:hr>162</gpxtpx:hr><gpxtpx:cad>59</gpxtpx:cad></gpxtpx:TrackPointExtension></extensions><extensions><gpxtpx:PowerExtension><gpxtpx:PowerInWatts>106</gpxtpx:PowerInWatts></gpxtpx:PowerExtension></extensions></trkpt>
<trkpt lat="38.5752505" lon="-121.4640263">
<ele>8</ele><time>2025-08-29T17:30:12.000Z</time><extensions><gpxtpx:TrackPointExtension><gpxtpx:hr>161</gpxtpx:hr><gpxtpx:cad>58</gpxtpx:cad></gpxtpx:TrackPointExtension></extensions><extensions><gpxtpx:PowerExtension><gpxtpx:PowerInWatts>97</gpxtpx:PowerInWatts></gpxtpx:PowerExtension></extensions></trkpt>
<trkpt lat="38.5752326" lon="-121.4639641">
<ele>8</ele><time>2025-08-29T17:30:16.000Z</time><extensions><gpxtpx:TrackPointExtension><gpxtpx:hr>160</gpxtpx:hr><gpxtpx:cad>58</gpxtpx:cad></gpxtpx:TrackPointExtension></extensions><extensions><gpxtpx:PowerExtension><gpxtpx:PowerInWatts>95</gpxtpx:PowerInWatts></gpxtpx:PowerExtension></extensions></trkpt>
<trkpt lat="38.5752602" lon="-121.4638980">
<ele>8</ele><time>2025-08-29T17:30:20.000Z</time><extensions><gpxtpx:TrackPointExtension><gpxtpx:hr>160</gpxtpx:hr><gpxtpx:cad>56</gpxtpx:cad></gpxtpx:TrackPointExtension></extensions><extensions><gpxtpx:PowerExtension><gpxtpx:PowerInWatts>91</gpxtpx:PowerInWatts></gpxtpx:PowerExtension></extensions></trkpt>
<trkpt lat="38.5752439" lon="-121.4638299">
<ele>8</ele><time>2025-08-29T17:30:24.000Z</time><extensions><gpxtpx:TrackPointExtension><gpxtpx:hr>158</gpxtpx:hr><gpxtpx:cad>58</gpxtpx:cad></gpxtpx:TrackPointExtension></extensions><extensions><gpxtpx:PowerExtension><gpxtpx:PowerInWatts>88</gpxtpx:PowerInWatts></gpxtpx:PowerExtension></extensions></trkpt>
<trkpt lat="38.5752107" lon="-121.4637687">
<ele>8</ele><time>2025-08-29T17:30:27.000Z</time><extensions><gpxtpx:TrackPointExtension><gpxtpx:hr>157</gpxtpx:hr><gpxtpx:cad>62</gpxtpx:cad></gpxtpx:TrackPointExtension></extensions><extensions><gpxtpx:PowerExtension><gpxtpx:PowerInWatts>89</gpxtpx:PowerInWatts></gpxtpx:PowerExtension></extensions></trkpt>
<trkpt lat="38.5751591" lon="-121.4637167">
<ele>8</ele><time>2025-08-29T17:30:30.000Z</time><extensions><gpxtpx:TrackPointExtension><gpxtpx:hr>157</gpxtpx:hr><gpxtpx:cad>65</gpxtpx:cad></gpxtpx:TrackPointExtension></extensions><extensions><gpxtpx:PowerExtension><gpxtpx:PowerInWatts>98</gpxtpx:PowerInWatts></gpxtpx:PowerExtension></extensions></trkpt>
<trkpt lat="38.5750925" lon="-121.4636529">
<ele>8</ele><time>2025-08-29T17:30:32.000Z</time><extensions><gpxtpx:TrackPointExtension><gpxtpx:hr>157</gpxtpx:hr><gpxtpx:cad>66</gpxtpx:cad></gpxtpx:TrackPointExtension></extensions><extensions><gpxtpx:PowerExtension><gpxtpx:PowerInWatts>98</gpxtpx:PowerInWatts></gpxtpx:PowerExtension></extensions></trkpt>
<trkpt lat="38.5750484" lon="-121.4636181">
<ele>8</ele><time>2025-08-29T17:30:34.000Z</time><extensions><gpxtpx:TrackPointExtension><gpxtpx:hr>157</gpxtpx:hr><gpxtpx:cad>67</gpxtpx:cad></gpxtpx:TrackPointExtension></extensions><extensions><gpxtpx:PowerExtension><gpxtpx:PowerInWatts>98</gpxtpx:PowerInWatts></gpxtpx:PowerExtension></extensions></trkpt>
<trkpt lat="38.5749889" lon="-121.4635823">
<ele>8</ele><time>2025-08-29T17:30:36.000Z</time><extensions><gpxtpx:TrackPointExtension><gpxtpx:hr>157</gpxtpx:hr><gpxtpx:cad>77</gpxtpx:cad></gpxtpx:TrackPointExtension></extensions><extensions><gpxtpx:PowerExtension><gpxtpx:PowerInWatts>185</gpxtpx:PowerInWatts></gpxtpx:PowerExtension></extensions></trkpt>
<trkpt lat="38.5749448" lon="-121.4635390">
<ele>8</ele><time>2025-08-29T17:30:38.000Z</time><extensions><gpxtpx:TrackPointExtension><gpxtpx:hr>157</gpxtpx:hr><gpxtpx:cad>76</gpxtpx:cad></gpxtpx:TrackPointExtension></extensions><extensions><gpxtpx:PowerExtension><gpxtpx:PowerInWatts>234</gpxtpx:PowerInWatts></gpxtpx:PowerExtension></extensions></trkpt>
<trkpt lat="38.5749230" lon="-121.4634617">
<ele>8</ele><time>2025-08-29T17:30:40.000Z</time><extensions><gpxtpx:TrackPointExtension><gpxtpx:hr>157</gpxtpx:hr><gpxtpx:cad>76</gpxtpx:cad></gpxtpx:TrackPointExtension></extensions><extensions><gpxtpx:PowerExtension><gpxtpx:PowerInWatts>232</gpxtpx:PowerInWatts></gpxtpx:PowerExtension></extensions></trkpt>
<trkpt lat="38.5749043" lon="-121.4634073">
<ele>9</ele><time>2025-08-29T17:30:42.000Z</time><extensions><gpxtpx:TrackPointExtension><gpxtpx:hr>157</gpxtpx:hr><gpxtpx:cad>81</gpxtpx:cad></gpxtpx:TrackPointExtension></extensions><extensions><gpxtpx:PowerExtension><gpxtpx:PowerInWatts>232</gpxtpx:PowerInWatts></gpxtpx:PowerExtension></extensions></trkpt>
<trkpt lat="38.5748993" lon="-121.4633398">
<ele>9</ele><time>2025-08-29T17:30:44.000Z</time><extensions><gpxtpx:TrackPointExtension><gpxtpx:hr>157</gpxtpx:hr><gpxtpx:cad>78</gpxtpx:cad></gpxtpx:TrackPointExtension></extensions><extensions><gpxtpx:PowerExtension><gpxtpx:PowerInWatts>232</gpxtpx:PowerInWatts></gpxtpx:PowerExtension></extensions></trkpt>
<trkpt lat="38.5748610" lon="-121.4632832">
<ele>9</ele><time>2025-08-29T17:30:46.000Z</time><extensions><gpxtpx:TrackPointExtension><gpxtpx:hr>157</gpxtpx:hr><gpxtpx:cad>82</gpxtpx:cad></gpxtpx:TrackPointExtension></extensions><extensions><gpxtpx:PowerExtension><gpxtpx:PowerInWatts>232</gpxtpx:PowerInWatts></gpxtpx:PowerExtension></extensions></trkpt>
<trkpt lat="38.5748407" lon="-121.4631952">
<ele>9</ele><time>2025-08-29T17:30:48.000Z</time><extensions><gpxtpx:TrackPointExtension><gpxtpx:hr>158</gpxtpx:hr><gpxtpx:cad>82</gpxtpx:cad></gpxtpx:TrackPointExtension></extensions><extensions><gpxtpx:PowerExtension><gpxtpx:PowerInWatts>243</gpxtpx:PowerInWatts></gpxtpx:PowerExtension></extensions></trkpt>
<trkpt lat="38.5748164" lon="-121.4631324">
<ele>9</ele><time>2025-08-29T17:30:50.000Z</time><extensions><gpxtpx:TrackPointExtension><gpxtpx:hr>158</gpxtpx:hr><gpxtpx:cad>84</gpxtpx:cad></gpxtpx:TrackPointExtension></extensions><extensions><gpxtpx:PowerExtension><gpxtpx:PowerInWatts>241</gpxtpx:PowerInWatts></gpxtpx:PowerExtension></extensions></trkpt>
<trkpt lat="38.5747890" lon="-121.4630794">
<ele>9</ele><time>2025-08-29T17:30:52.000Z</time><extensions><gpxtpx:TrackPointExtension><gpxtpx:hr>158</gpxtpx:hr><gpxtpx:cad>85</gpxtpx:cad></gpxtpx:TrackPointExtension></extensions><extensions><gpxtpx:PowerExtension><gpxtpx:PowerInWatts>241</gpxtpx:PowerInWatts></gpxtpx:PowerExtension></extensions></trkpt>
<trkpt lat="38.5747818" lon="-121.4629989">
<ele>9</ele><time>2025-08-29T17:30:54.000Z</time><extensions><gpxtpx:TrackPointExtension><gpxtpx:hr>158</gpxtpx:hr><gpxtpx:cad>80</gpxtpx:cad></gpxtpx:TrackPointExtension></extensions><extensions><gpxtpx:PowerExtension><gpxtpx:PowerInWatts>247</gpxtpx:PowerInWatts></gpxtpx:PowerExtension></extensions></trkpt>
<trkpt lat="38.5747602" lon="-121.4629255">
<ele>9</ele><time>2025-08-29T17:30:56.000Z</time><extensions><gpxtpx:TrackPointExtension><gpxtpx:hr>159</gpxtpx:hr><gpxtpx:cad>76</gpxtpx:cad></gpxtpx:TrackPointExtension></extensions><extensions><gpxtpx:PowerExtension><gpxtpx:PowerInWatts>247</gpxtpx:PowerInWatts></gpxtpx:PowerExtension></extensions></trkpt>
<trkpt lat="38.5747432" lon="-121.4628246">
<ele>9</ele><time>2025-08-29T17:30:59.000Z</time><extensions><gpxtpx:TrackPointExtension><gpxtpx:hr>160</gpxtpx:hr><gpxtpx:cad>83</gpxtpx:cad></gpxtpx:TrackPointExtension></extensions><extensions><gpxtpx:PowerExtension><gpxtpx:PowerInWatts>244</gpxtpx:PowerInWatts></gpxtpx:PowerExtension></extensions></trkpt>
<trkpt lat="38.5747315" lon="-121.4627501">
<ele>9</ele><time>2025-08-29T17:31:01.000Z</time><extensions><gpxtpx:TrackPointExtension><gpxtpx:hr>160</gpxtpx:hr><gpxtpx:cad>83</gpxtpx:cad></gpxtpx:TrackPointExtension></extensions><extensions><gpxtpx:PowerExtension><gpxtpx:PowerInWatts>244</gpxtpx:PowerInWatts></gpxtpx:PowerExtension></extensions></trkpt>
<trkpt lat="38.5747162" lon="-121.4626918">
<ele>9</ele><time>2025-08-29T17:31:03.000Z</time><extensions><gpxtpx:TrackPointExtension><gpxtpx:hr>161</gpxtpx:hr><gpxtpx:cad>78</gpxtpx:cad></gpxtpx:TrackPointExtension></extensions><extensions><gpxtpx:PowerExtension><gpxtpx:PowerInWatts>244</gpxtpx:PowerInWatts></gpxtpx:PowerExtension></extensions></trkpt>
<trkpt lat="38.5746865" lon="-121.4626149">
<ele>9</ele><time>2025-08-29T17:31:05.000Z</time><extensions><gpxtpx:TrackPointExtension><gpxtpx:hr>161</gpxtpx:hr><gpxtpx:cad>80</gpxtpx:cad></gpxtpx:TrackPointExtension></extensions><extensions><gpxtpx:PowerExtension><gpxtpx:PowerInWatts>248</gpxtpx:PowerInWatts></gpxtpx:PowerExtension></extensions></trkpt>
<trkpt lat="38.5746649" lon="-121.4625628">
<ele>9</ele><time>2025-08-29T17:31:07.000Z</time><extensions><gpxtpx:TrackPointExtension><gpxtpx:hr>161</gpxtpx:hr><gpxtpx:cad>85</gpxtpx:cad></gpxtpx:TrackPointExtension></extensions><extensions><gpxtpx:PowerExtension><gpxtpx:PowerInWatts>248</gpxtpx:PowerInWatts></gpxtpx:PowerExtension></extensions></trkpt>
<trkpt lat="38.5746512" lon="-121.4625062">
<ele>9</ele><time>2025-08-29T17:31:09.000Z</time><extensions><gpxtpx:TrackPointExtension><gpxtpx:hr>161</gpxtpx:hr><gpxtpx:cad>84</gpxtpx:cad></gpxtpx:TrackPointExtension></extensions><extensions><gpxtpx:PowerExtension><gpxtpx:PowerInWatts>247</gpxtpx:PowerInWatts></gpxtpx:PowerExtension></extensions></trkpt>
<trkpt lat="38.5746361" lon="-121.4624327">
<ele>9</ele><time>2025-08-29T17:31:11.000Z</time><extensions><gpxtpx:TrackPointExtension><gpxtpx:hr>162</gpxtpx:hr><gpxtpx:cad>87</gpxtpx:cad></gpxtpx:TrackPointExtension></extensions><extensions><gpxtpx:PowerExtension><gpxtpx:PowerInWatts>248</gpxtpx:PowerInWatts></gpxtpx:PowerExtension></extensions></trkpt>
<trkpt lat="38.5746008" lon="-121.4623617">
<ele>9</ele><time>2025-08-29T17:31:13.000Z</time><extensions><gpxtpx:TrackPointExtension><gpxtpx:hr>162</gpxtpx:hr><gpxtpx:cad>84</gpxtpx:cad></gpxtpx:TrackPointExtension></extensions><extensions><gpxtpx:PowerExtension><gpxtpx:PowerInWatts>248</gpxtpx:PowerInWatts></gpxtpx:PowerExtension></extensions></trkpt>
<trkpt lat="38.5745682" lon="-121.4622718">
<ele>9</ele><time>2025-08-29T17:31:15.000Z</time><extensions><gpxtpx:TrackPointExtension><gpxtpx:hr>162</gpxtpx:hr><gpxtpx:cad>81</gpxtpx:cad></gpxtpx:TrackPointExtension></extensions><extensions><gpxtpx:PowerExtension><gpxtpx:PowerInWatts>241</gpxtpx:PowerInWatts></gpxtpx:PowerExtension></extensions></trkpt>
<trkpt lat="38.5745563" lon="-121.4622058">
<ele>9</ele><time>2025-08-29T17:31:17.000Z</time><extensions><gpxtpx:TrackPointExtension><gpxtpx:hr>163</gpxtpx:hr><gpxtpx:cad>83</gpxtpx:cad></gpxtpx:TrackPointExtension></extensions><extensions><gpxtpx:PowerExtension><gpxtpx:PowerInWatts>241</gpxtpx:PowerInWatts></gpxtpx:PowerExtension></extensions></trkpt>
<trkpt lat="38.5745331" lon="-121.4621211">
<ele>9</ele><time>2025-08-29T17:31:19.000Z</time><extensions><gpxtpx:TrackPointExtension><gpxtpx:hr>164</gpxtpx:hr><gpxtpx:cad>85</gpxtpx:cad></gpxtpx:TrackPointExtension></extensions><extensions><gpxtpx:PowerExtension><gpxtpx:PowerInWatts>250</gpxtpx:PowerInWatts></gpxtpx:PowerExtension></extensions></trkpt>
<trkpt lat="38.5745232" lon="-121.4620529">
<ele>9</ele><time>2025-08-29T17:31:21.000Z</time><extensions><gpxtpx:TrackPointExtension><gpxtpx:hr>164</gpxtpx:hr><gpxtpx:cad>86</gpxtpx:cad></gpxtpx:TrackPointExtension></extensions><extensions><gpxtpx:PowerExtension><gpxtpx:PowerInWatts>250</gpxtpx:PowerInWatts></gpxtpx:PowerExtension></extensions></trkpt>
<trkpt lat="38.5744943" lon="-121.4619814">
<ele>9</ele><time>2025-08-29T17:31:23.000Z</time><extensions><gpxtpx:TrackPointExtension><gpxtpx:hr>165</gpxtpx:hr><gpxtpx:cad>82</gpxtpx:cad></gpxtpx:TrackPointExtension></extensions><extensions><gpxtpx:PowerExtension><gpxtpx:PowerInWatts>249</gpxtpx:PowerInWatts></gpxtpx:PowerExtension></extensions></trkpt>
<trkpt lat="38.5744927" lon="-121.4619127">
<ele>9</ele><time>2025-08-29T17:31:25.000Z</time><extensions><gpxtpx:TrackPointExtension><gpxtpx:hr>165</gpxtpx:hr><gpxtpx:cad>80</gpxtpx:cad></gpxtpx:TrackPointExtension></extensions><extensions><gpxtpx:PowerExtension><gpxtpx:PowerInWatts>249</gpxtpx:PowerInWatts></gpxtpx:PowerExtension></extensions></trkpt>
<trkpt lat="38.5744807" lon="-121.4618483">
<ele>9</ele><time>2025-08-29T17:31:27.000Z</time><extensions><gpxtpx:TrackPointExtension><gpxtpx:hr>167</gpxtpx:hr><gpxtpx:cad>83</gpxtpx:cad></gpxtpx:TrackPointExtension></extensions><extensions><gpxtpx:PowerExtension><gpxtpx:PowerInWatts>249</gpxtpx:PowerInWatts></gpxtpx:PowerExtension></extensions></trkpt>
<trkpt lat="38.5744612" lon="-121.4617610">
<ele>9</ele><time>2025-08-29T17:31:29.000Z</time><extensions><gpxtpx:TrackPointExtension><gpxtpx:hr>167</gpxtpx:hr><gpxtpx:cad>87</gpxtpx:cad></gpxtpx:TrackPointExtension></extensions><extensions><gpxtpx:PowerExtension><gpxtpx:PowerInWatts>253</gpxtpx:PowerInWatts></gpxtpx:PowerExtension></extensions></trkpt>
<trkpt lat="38.5744440" lon="-121.4616784">
<ele>9</ele><time>2025-08-29T17:31:31.000Z</time><extensions><gpxtpx:TrackPointExtension><gpxtpx:hr>167</gpxtpx:hr><gpxtpx:cad>82</gpxtpx:cad></gpxtpx:TrackPointExtension></extensions><extensions><gpxtpx:PowerExtension><gpxtpx:PowerInWatts>253</gpxtpx:PowerInWatts></gpxtpx:PowerExtension></extensions></trkpt>
<trkpt lat="38.5744225" lon="-121.4615990">
<ele>9</ele><time>2025-08-29T17:31:33.000Z</time><extensions><gpxtpx:TrackPointExtension><gpxtpx:hr>167</gpxtpx:hr><gpxtpx:cad>81</gpxtpx:cad></gpxtpx:TrackPointExtension></extensions><extensions><gpxtpx:PowerExtension><gpxtpx:PowerInWatts>253</gpxtpx:PowerInWatts></gpxtpx:PowerExtension></extensions></trkpt>
<trkpt lat="38.5743957" lon="-121.4615389">
<ele>9</ele><time>2025-08-29T17:31:35.000Z</time><extensions><gpxtpx:TrackPointExtension><gpxtpx:hr>168</gpxtpx:hr><gpxtpx:cad>81</gpxtpx:cad></gpxtpx:TrackPointExtension></extensions><extensions><gpxtpx:PowerExtension><gpxtpx:PowerInWatts>252</gpxtpx:PowerInWatts></gpxtpx:PowerExtension></extensions></trkpt>
<trkpt lat="38.5743696" lon="-121.4614741">
<ele>9</ele><time>2025-08-29T17:31:37.000Z</time><extensions><gpxtpx:TrackPointExtension><gpxtpx:hr>168</gpxtpx:hr><gpxtpx:cad>83</gpxtpx:cad></gpxtpx:TrackPointExtension></extensions><extensions><gpxtpx:PowerExtension><gpxtpx:PowerInWatts>255</gpxtpx:PowerInWatts></gpxtpx:PowerExtension></extensions></trkpt>
<trkpt lat="38.5743483" lon="-121.4614043">
<ele>9</ele><time>2025-08-29T17:31:39.000Z</time><extensions><gpxtpx:TrackPointExtension><gpxtpx:hr>169</gpxtpx:hr><gpxtpx:cad>87</gpxtpx:cad></gpxtpx:TrackPointExtension></extensions><extensions><gpxtpx:PowerExtension><gpxtpx:PowerInWatts>254</gpxtpx:PowerInWatts></gpxtpx:PowerExtension></extensions></trkpt>
<trkpt lat="38.5743429" lon="-121.4613387">
<ele>9</ele><time>2025-08-29T17:31:41.000Z</time><extensions><gpxtpx:TrackPointExtension><gpxtpx:hr>169</gpxtpx:hr><gpxtpx:cad>82</gpxtpx:cad></gpxtpx:TrackPointExtension></extensions><extensions><gpxtpx:PowerExtension><gpxtpx:PowerInWatts>254</gpxtpx:PowerInWatts></gpxtpx:PowerExtension></extensions></trkpt>
<trkpt lat="38.5743240" lon="-121.4612567">
<ele>9</ele><time>2025-08-29T17:31:43.000Z</time><extensions><gpxtpx:TrackPointExtension><gpxtpx:hr>168</gpxtpx:hr><gpxtpx:cad>78</gpxtpx:cad></gpxtpx:TrackPointExtension></extensions><extensions><gpxtpx:PowerExtension><gpxtpx:PowerInWatts>254</gpxtpx:PowerInWatts></gpxtpx:PowerExtension></extensions></trkpt>
<trkpt lat="38.5743100" lon="-121.4611828">
<ele>9</ele><time>2025-08-29T17:31:45.000Z</time><extensions><gpxtpx:TrackPointExtension><gpxtpx:hr>168</gpxtpx:hr><gpxtpx:cad>81</gpxtpx:cad></gpxtpx:TrackPointExtension></extensions><extensions><gpxtpx:PowerExtension><gpxtpx:PowerInWatts>252</gpxtpx:PowerInWatts></gpxtpx:PowerExtension></extensions></trkpt>
<trkpt lat="38.5742816" lon="-121.4610948">
<ele>9</ele><time>2025-08-29T17:31:47.000Z</time><extensions><gpxtpx:TrackPointExtension><gpxtpx:hr>168</gpxtpx:hr><gpxtpx:cad>78</gpxtpx:cad></gpxtpx:TrackPointExtension></extensions><extensions><gpxtpx:PowerExtension><gpxtpx:PowerInWatts>251</gpxtpx:PowerInWatts></gpxtpx:PowerExtension></extensions></trkpt>
<trkpt lat="38.5742965" lon="-121.4610332">
<ele>9</ele><time>2025-08-29T17:31:49.000Z</time><extensions><gpxtpx:TrackPointExtension><gpxtpx:hr>168</gpxtpx:hr><gpxtpx:cad>82</gpxtpx:cad></gpxtpx:TrackPointExtension></extensions><extensions><gpxtpx:PowerExtension><gpxtpx:PowerInWatts>255</gpxtpx:PowerInWatts></gpxtpx:PowerExtension></extensions></trkpt>
<trkpt lat="38.5742517" lon="-121.4609460">
<ele>9</ele><time>2025-08-29T17:31:51.000Z</time><extensions><gpxtpx:TrackPointExtension><gpxtpx:hr>168</gpxtpx:hr><gpxtpx:cad>84</gpxtpx:cad></gpxtpx:TrackPointExtension></extensions><extensions><gpxtpx:PowerExtension><gpxtpx:PowerInWatts>255</gpxtpx:PowerInWatts></gpxtpx:PowerExtension></extensions></trkpt>
<trkpt lat="38.5742210" lon="-121.4608792">
<ele>9</ele><time>2025-08-29T17:31:53.000Z</time><extensions><gpxtpx:TrackPointExtension><gpxtpx:hr>168</gpxtpx:hr><gpxtpx:cad>82</gpxtpx:cad></gpxtpx:TrackPointExtension></extensions><extensions><gpxtpx:PowerExtension><gpxtpx:PowerInWatts>255</gpxtpx:PowerInWatts></gpxtpx:PowerExtension></extensions></trkpt>
<trkpt lat="38.5742034" lon="-121.4608060">
<ele>9</ele><time>2025-08-29T17:31:55.000Z</time><extensions><gpxtpx:TrackPointExtension><gpxtpx:hr>169</gpxtpx:hr><gpxtpx:cad>82</gpxtpx:cad></gpxtpx:TrackPointExtension></extensions><extensions><gpxtpx:PowerExtension><gpxtpx:PowerInWatts>260</gpxtpx:PowerInWatts></gpxtpx:PowerExtension></extensions></trkpt>
<trkpt lat="38.5742033" lon="-121.4607456">
<ele>9</ele><time>2025-08-29T17:31:57.000Z</time><extensions><gpxtpx:TrackPointExtension><gpxtpx:hr>169</gpxtpx:hr><gpxtpx:cad>82</gpxtpx:cad></gpxtpx:TrackPointExtension></extensions><extensions><gpxtpx:PowerExtension><gpxtpx:PowerInWatts>262</gpxtpx:PowerInWatts></gpxtpx:PowerExtension></extensions></trkpt>
<trkpt lat="38.5742332" lon="-121.4606763">
<ele>9</ele><time>2025-08-29T17:32:00.000Z</time><extensions><gpxtpx:TrackPointExtension><gpxtpx:hr>169</gpxtpx:hr><gpxtpx:cad>81</gpxtpx:cad></gpxtpx:TrackPointExtension></extensions><extensions><gpxtpx:PowerExtension><gpxtpx:PowerInWatts>262</gpxtpx:PowerInWatts></gpxtpx:PowerExtension></extensions></trkpt>
<trkpt lat="38.5742841" lon="-121.4606450">
<ele>9</ele><time>2025-08-29T17:32:02.000Z</time><extensions><gpxtpx:TrackPointExtension><gpxtpx:hr>170</gpxtpx:hr><gpxtpx:cad>79</gpxtpx:cad></gpxtpx:TrackPointExtension></extensions><extensions><gpxtpx:PowerExtension><gpxtpx:PowerInWatts>262</gpxtpx:PowerInWatts></gpxtpx:PowerExtension></extensions></trkpt>
<trkpt lat="38.5743426" lon="-121.4606285">
<ele>9</ele><time>2025-08-29T17:32:04.000Z</time><extensions><gpxtpx:TrackPointExtension><gpxtpx:hr>170</gpxtpx:hr><gpxtpx:cad>78</gpxtpx:cad></gpxtpx:TrackPointExtension></extensions><extensions><gpxtpx:PowerExtension><gpxtpx:PowerInWatts>259</gpxtpx:PowerInWatts></gpxtpx:PowerExtension></extensions></trkpt>
<trkpt lat="38.5743858" lon="-121.4605987">
<ele>9</ele><time>2025-08-29T17:32:06.000Z</time><extensions><gpxtpx:TrackPointExtension><gpxtpx:hr>170</gpxtpx:hr><gpxtpx:cad>81</gpxtpx:cad></gpxtpx:TrackPointExtension></extensions><extensions><gpxtpx:PowerExtension><gpxtpx:PowerInWatts>249</gpxtpx:PowerInWatts></gpxtpx:PowerExtension></extensions></trkpt>
<trkpt lat="38.5744421" lon="-121.4605686">
<ele>9</ele><time>2025-08-29T17:32:09.000Z</time><extensions><gpxtpx:TrackPointExtension><gpxtpx:hr>170</gpxtpx:hr><gpxtpx:cad>83</gpxtpx:cad></gpxtpx:TrackPointExtension></extensions><extensions><gpxtpx:PowerExtension><gpxtpx:PowerInWatts>245</gpxtpx:PowerInWatts></gpxtpx:PowerExtension></extensions></trkpt>
<trkpt lat="38.5745020" lon="-121.4605380">
<ele>9</ele><time>2025-08-29T17:32:11.000Z</time><extensions><gpxtpx:TrackPointExtension><gpxtpx:hr>170</gpxtpx:hr><gpxtpx:cad>81</gpxtpx:cad></gpxtpx:TrackPointExtension></extensions><extensions><gpxtpx:PowerExtension><gpxtpx:PowerInWatts>245</gpxtpx:PowerInWatts></gpxtpx:PowerExtension></extensions></trkpt>
<trkpt lat="38.5745652" lon="-121.4605024">
<ele>9</ele><time>2025-08-29T17:32:13.000Z</time><extensions><gpxtpx:TrackPointExtension><gpxtpx:hr>170</gpxtpx:hr><gpxtpx:cad>78</gpxtpx:cad></gpxtpx:TrackPointExtension></extensions><extensions><gpxtpx:PowerExtension><gpxtpx:PowerInWatts>232</gpxtpx:PowerInWatts></gpxtpx:PowerExtension></extensions></trkpt>
<trkpt lat="38.5746375" lon="-121.4604724">
<ele>9</ele><time>2025-08-29T17:32:15.000Z</time><extensions><gpxtpx:TrackPointExtension><gpxtpx:hr>170</gpxtpx:hr><gpxtpx:cad>83</gpxtpx:cad></gpxtpx:TrackPointExtension></extensions><extensions><gpxtpx:PowerExtension><gpxtpx:PowerInWatts>232</gpxtpx:PowerInWatts></gpxtpx:PowerExtension></extensions></trkpt>
<trkpt lat="38.5747078" lon="-121.4604391">
<ele>9</ele><time>2025-08-29T17:32:18.000Z</time><extensions><gpxtpx:TrackPointExtension><gpxtpx:hr>169</gpxtpx:hr><gpxtpx:cad>80</gpxtpx:cad></gpxtpx:TrackPointExtension></extensions><extensions><gpxtpx:PowerExtension><gpxtpx:PowerInWatts>232</gpxtpx:PowerInWatts></gpxtpx:PowerExtension></extensions></trkpt>
<trkpt lat="38.5747551" lon="-121.4604139">
<ele>9</ele><time>2025-08-29T17:32:20.000Z</time><extensions><gpxtpx:TrackPointExtension><gpxtpx:hr>170</gpxtpx:hr><gpxtpx:cad>78</gpxtpx:cad></gpxtpx:TrackPointExtension></extensions><extensions><gpxtpx:PowerExtension><gpxtpx:PowerInWatts>238</gpxtpx:PowerInWatts></gpxtpx:PowerExtension></extensions></trkpt>
<trkpt lat="38.5748007" lon="-121.4603916">
<ele>9</ele><time>2025-08-29T17:32:22.000Z</time><extensions><gpxtpx:TrackPointExtension><gpxtpx:hr>170</gpxtpx:hr><gpxtpx:cad>75</gpxtpx:cad></gpxtpx:TrackPointExtension></extensions><extensions><gpxtpx:PowerExtension><gpxtpx:PowerInWatts>238</gpxtpx:PowerInWatts></gpxtpx:PowerExtension></extensions></trkpt>
<trkpt lat="38.5748554" lon="-121.4603681">
<ele>9</ele><time>2025-08-29T17:32:24.000Z</time><extensions><gpxtpx:TrackPointExtension><gpxtpx:hr>169</gpxtpx:hr><gpxtpx:cad>80</gpxtpx:cad></gpxtpx:TrackPointExtension></extensions><extensions><gpxtpx:PowerExtension><gpxtpx:PowerInWatts>238</gpxtpx:PowerInWatts></gpxtpx:PowerExtension></extensions></trkpt>
<trkpt lat="38.5749000" lon="-121.4603456">
<ele>9</ele><time>2025-08-29T17:32:26.000Z</time><extensions><gpxtpx:TrackPointExtension><gpxtpx:hr>169</gpxtpx:hr><gpxtpx:cad>80</gpxtpx:cad></gpxtpx:TrackPointExtension></extensions><extensions><gpxtpx:PowerExtension><gpxtpx:PowerInWatts>238</gpxtpx:PowerInWatts></gpxtpx:PowerExtension></extensions></trkpt>
<trkpt lat="38.5749356" lon="-121.4602987">
<ele>9</ele><time>2025-08-29T17:32:28.000Z</time><extensions><gpxtpx:TrackPointExtension><gpxtpx:hr>169</gpxtpx:hr><gpxtpx:cad>81</gpxtpx:cad></gpxtpx:TrackPointExtension></extensions><extensions><gpxtpx:PowerExtension><gpxtpx:PowerInWatts>234</gpxtpx:PowerInWatts></gpxtpx:PowerExtension></extensions></trkpt>
<trkpt lat="38.5749873" lon="-121.4603070">
<ele>9</ele><time>2025-08-29T17:32:30.000Z</time><extensions><gpxtpx:TrackPointExtension><gpxtpx:hr>169</gpxtpx:hr><gpxtpx:cad>81</gpxtpx:cad></gpxtpx:TrackPointExtension></extensions><extensions><gpxtpx:PowerExtension><gpxtpx:PowerInWatts>234</gpxtpx:PowerInWatts></gpxtpx:PowerExtension></extensions></trkpt>
<trkpt lat="38.5750418" lon="-121.4602877">
<ele>9</ele><time>2025-08-29T17:32:32.000Z</time><extensions><gpxtpx:TrackPointExtension><gpxtpx:hr>169</gpxtpx:hr><gpxtpx:cad>78</gpxtpx:cad></gpxtpx:TrackPointExtension></extensions><extensions><gpxtpx:PowerExtension><gpxtpx:PowerInWatts>234</gpxtpx:PowerInWatts></gpxtpx:PowerExtension></extensions></trkpt>
<trkpt lat="38.5750962" lon="-121.4602628">
<ele>9</ele><time>2025-08-29T17:32:34.000Z</time><extensions><gpxtpx:TrackPointExtension><gpxtpx:hr>169</gpxtpx:hr><gpxtpx:cad>75</gpxtpx:cad></gpxtpx:TrackPointExtension></extensions><extensions><gpxtpx:PowerExtension><gpxtpx:PowerInWatts>231</gpxtpx:PowerInWatts></gpxtpx:PowerExtension></extensions></trkpt>
<trkpt lat="38.5751541" lon="-121.4602402">
<ele>8</ele><time>2025-08-29T17:32:36.000Z</time><extensions><gpxtpx:TrackPointExtension><gpxtpx:hr>169</gpxtpx:hr><gpxtpx:cad>75</gpxtpx:cad></gpxtpx:TrackPointExtension></extensions><extensions><gpxtpx:PowerExtension><gpxtpx:PowerInWatts>225</gpxtpx:PowerInWatts></gpxtpx:PowerExtension></extensions></trkpt>
<trkpt lat="38.5752025" lon="-121.4602154">
<ele>8</ele><time>2025-08-29T17:32:38.000Z</time><extensions><gpxtpx:TrackPointExtension><gpxtpx:hr>169</gpxtpx:hr><gpxtpx:cad>77</gpxtpx:cad></gpxtpx:TrackPointExtension></extensions><extensions><gpxtpx:PowerExtension><gpxtpx:PowerInWatts>225</gpxtpx:PowerInWatts></gpxtpx:PowerExtension></extensions></trkpt>
<trkpt lat="38.5752709" lon="-121.4601914">
<ele>8</ele><time>2025-08-29T17:32:41.000Z</time><extensions><gpxtpx:TrackPointExtension><gpxtpx:hr>169</gpxtpx:hr><gpxtpx:cad>78</gpxtpx:cad></gpxtpx:TrackPointExtension></extensions><extensions><gpxtpx:PowerExtension><gpxtpx:PowerInWatts>224</gpxtpx:PowerInWatts></gpxtpx:PowerExtension></extensions></trkpt>
<trkpt lat="38.5753231" lon="-121.4601642">
<ele>8</ele><time>2025-08-29T17:32:43.000Z</time><extensions><gpxtpx:TrackPointExtension><gpxtpx:hr>169</gpxtpx:hr><gpxtpx:cad>78</gpxtpx:cad></gpxtpx:TrackPointExtension></extensions><extensions><gpxtpx:PowerExtension><gpxtpx:PowerInWatts>224</gpxtpx:PowerInWatts></gpxtpx:PowerExtension></extensions></trkpt>
<trkpt lat="38.5753765" lon="-121.4601346">
<ele>8</ele><time>2025-08-29T17:32:45.000Z</time><extensions><gpxtpx:TrackPointExtension><gpxtpx:hr>169</gpxtpx:hr><gpxtpx:cad>78</gpxtpx:cad></gpxtpx:TrackPointExtension></extensions><extensions><gpxtpx:PowerExtension><gpxtpx:PowerInWatts>224</gpxtpx:PowerInWatts></gpxtpx:PowerExtension></extensions></trkpt>
<trkpt lat="38.5754264" lon="-121.4601265">
<ele>8</ele><time>2025-08-29T17:32:47.000Z</time><extensions><gpxtpx:TrackPointExtension><gpxtpx:hr>169</gpxtpx:hr><gpxtpx:cad>78</gpxtpx:cad></gpxtpx:TrackPointExtension></extensions><extensions><gpxtpx:PowerExtension><gpxtpx:PowerInWatts>219</gpxtpx:PowerInWatts></gpxtpx:PowerExtension></extensions></trkpt>
<trkpt lat="38.5754842" lon="-121.4601017">
<ele>8</ele><time>2025-08-29T17:32:49.000Z</time><extensions><gpxtpx:TrackPointExtension><gpxtpx:hr>168</gpxtpx:hr><gpxtpx:cad>80</gpxtpx:cad></gpxtpx:TrackPointExtension></extensions><extensions><gpxtpx:PowerExtension><gpxtpx:PowerInWatts>219</gpxtpx:PowerInWatts></gpxtpx:PowerExtension></extensions></trkpt>
<trkpt lat="38.5755420" lon="-121.4600672">
<ele>8</ele><time>2025-08-29T17:32:51.000Z</time><extensions><gpxtpx:TrackPointExtension><gpxtpx:hr>168</gpxtpx:hr><gpxtpx:cad>79</gpxtpx:cad></gpxtpx:TrackPointExtension></extensions><extensions><gpxtpx:PowerExtension><gpxtpx:PowerInWatts>216</gpxtpx:PowerInWatts></gpxtpx:PowerExtension></extensions></trkpt>
<trkpt lat="38.5756107" lon="-121.4600243">
<ele>8</ele><time>2025-08-29T17:32:54.000Z</time><extensions><gpxtpx:TrackPointExtension><gpxtpx:hr>168</gpxtpx:hr><gpxtpx:cad>76</gpxtpx:cad></gpxtpx:TrackPointExtension></extensions><extensions><gpxtpx:PowerExtension><gpxtpx:PowerInWatts>224</gpxtpx:PowerInWatts></gpxtpx:PowerExtension></extensions></trkpt>
<trkpt lat="38.5756641" lon="-121.4600108">
<ele>8</ele><time>2025-08-29T17:32:56.000Z</time><extensions><gpxtpx:TrackPointExtension><gpxtpx:hr>168</gpxtpx:hr><gpxtpx:cad>79</gpxtpx:cad></gpxtpx:TrackPointExtension></extensions><extensions><gpxtpx:PowerExtension><gpxtpx:PowerInWatts>224</gpxtpx:PowerInWatts></gpxtpx:PowerExtension></extensions></trkpt>
<trkpt lat="38.5757099" lon="-121.4600046">
<ele>8</ele><time>2025-08-29T17:32:58.000Z</time><extensions><gpxtpx:TrackPointExtension><gpxtpx:hr>168</gpxtpx:hr><gpxtpx:cad>79</gpxtpx:cad></gpxtpx:TrackPointExtension></extensions><extensions><gpxtpx:PowerExtension><gpxtpx:PowerInWatts>224</gpxtpx:PowerInWatts></gpxtpx:PowerExtension></extensions></trkpt>
<trkpt lat="38.5757707" lon="-121.4599788">
<ele>8</ele><time>2025-08-29T17:33:00.000Z</time><extensions><gpxtpx:TrackPointExtension><gpxtpx:hr>168</gpxtpx:hr><gpxtpx:cad>84</gpxtpx:cad></gpxtpx:TrackPointExtension></extensions><extensions><gpxtpx:PowerExtension><gpxtpx:PowerInWatts>224</gpxtpx:PowerInWatts></gpxtpx:PowerExtension></extensions></trkpt>
<trkpt lat="38.5758366" lon="-121.4599553">
<ele>8</ele><time>2025-08-29T17:33:03.000Z</time><extensions><gpxtpx:TrackPointExtension><gpxtpx:hr>168</gpxtpx:hr><gpxtpx:cad>81</gpxtpx:cad></gpxtpx:TrackPointExtension></extensions><extensions><gpxtpx:PowerExtension><gpxtpx:PowerInWatts>225</gpxtpx:PowerInWatts></gpxtpx:PowerExtension></extensions></trkpt>
<trkpt lat="38.5758940" lon="-121.4599279">
<ele>8</ele><time>2025-08-29T17:33:05.000Z</time><extensions><gpxtpx:TrackPointExtension><gpxtpx:hr>168</gpxtpx:hr><gpxtpx:cad>82</gpxtpx:cad></gpxtpx:TrackPointExtension></extensions><extensions><gpxtpx:PowerExtension><gpxtpx:PowerInWatts>226</gpxtpx:PowerInWatts></gpxtpx:PowerExtension></extensions></trkpt>
<trkpt lat="38.5759435" lon="-121.4599108">
<ele>8</ele><time>2025-08-29T17:33:07.000Z</time><extensions><gpxtpx:TrackPointExtension><gpxtpx:hr>168</gpxtpx:hr><gpxtpx:cad>85</gpxtpx:cad></gpxtpx:TrackPointExtension></extensions><extensions><gpxtpx:PowerExtension><gpxtpx:PowerInWatts>226</gpxtpx:PowerInWatts></gpxtpx:PowerExtension></extensions></trkpt>
<trkpt lat="38.5760091" lon="-121.4598834">
<ele>8</ele><time>2025-08-29T17:33:09.000Z</time><extensions><gpxtpx:TrackPointExtension><gpxtpx:hr>168</gpxtpx:hr><gpxtpx:cad>81</gpxtpx:cad></gpxtpx:TrackPointExtension></extensions><extensions><gpxtpx:PowerExtension><gpxtpx:PowerInWatts>224</gpxtpx:PowerInWatts></gpxtpx:PowerExtension></extensions></trkpt>
<trkpt lat="38.5760674" lon="-121.4598590">
<ele>8</ele><time>2025-08-29T17:33:11.000Z</time><extensions><gpxtpx:TrackPointExtension><gpxtpx:hr>167</gpxtpx:hr><gpxtpx:cad>79</gpxtpx:cad></gpxtpx:TrackPointExtension></extensions><extensions><gpxtpx:PowerExtension><gpxtpx:PowerInWatts>227</gpxtpx:PowerInWatts></gpxtpx:PowerExtension></extensions></trkpt>
<trkpt lat="38.5761189" lon="-121.4598374">
<ele>8</ele><time>2025-08-29T17:33:13.000Z</time><extensions><gpxtpx:TrackPointExtension><gpxtpx:hr>168</gpxtpx:hr><gpxtpx:cad>78</gpxtpx:cad></gpxtpx:TrackPointExtension></extensions><extensions><gpxtpx:PowerExtension><gpxtpx:PowerInWatts>227</gpxtpx:PowerInWatts></gpxtpx:PowerExtension></extensions></trkpt>
<trkpt lat="38.5761694" lon="-121.4598163">
<ele>8</ele><time>2025-08-29T17:33:15.000Z</time><extensions><gpxtpx:TrackPointExtension><gpxtpx:hr>168</gpxtpx:hr><gpxtpx:cad>81</gpxtpx:cad></gpxtpx:TrackPointExtension></extensions><extensions><gpxtpx:PowerExtension><gpxtpx:PowerInWatts>227</gpxtpx:PowerInWatts></gpxtpx:PowerExtension></extensions></trkpt>
<trkpt lat="38.5762145" lon="-121.4597974">
<ele>8</ele><time>2025-08-29T17:33:17.000Z</time><extensions><gpxtpx:TrackPointExtension><gpxtpx:hr>169</gpxtpx:hr><gpxtpx:cad>85</gpxtpx:cad></gpxtpx:TrackPointExtension></extensions><extensions><gpxtpx:PowerExtension><gpxtpx:PowerInWatts>231</gpxtpx:PowerInWatts></gpxtpx:PowerExtension></extensions></trkpt>
<trkpt lat="38.5762714" lon="-121.4597675">
<ele>8</ele><time>2025-08-29T17:33:19.000Z</time><extensions><gpxtpx:TrackPointExtension><gpxtpx:hr>168</gpxtpx:hr><gpxtpx:cad>82</gpxtpx:cad></gpxtpx:TrackPointExtension></extensions><extensions><gpxtpx:PowerExtension><gpxtpx:PowerInWatts>230</gpxtpx:PowerInWatts></gpxtpx:PowerExtension></extensions></trkpt>
<trkpt lat="38.5763240" lon="-121.4597405">
<ele>8</ele><time>2025-08-29T17:33:21.000Z</time><extensions><gpxtpx:TrackPointExtension><gpxtpx:hr>168</gpxtpx:hr><gpxtpx:cad>82</gpxtpx:cad></gpxtpx:TrackPointExtension></extensions><extensions><gpxtpx:PowerExtension><gpxtpx:PowerInWatts>229</gpxtpx:PowerInWatts></gpxtpx:PowerExtension></extensions></trkpt>
<trkpt lat="38.5763616" lon="-121.4597064">
<ele>8</ele><time>2025-08-29T17:33:23.000Z</time><extensions><gpxtpx:TrackPointExtension><gpxtpx:hr>168</gpxtpx:hr><gpxtpx:cad>82</gpxtpx:cad></gpxtpx:TrackPointExtension></extensions><extensions><gpxtpx:PowerExtension><gpxtpx:PowerInWatts>229</gpxtpx:PowerInWatts></gpxtpx:PowerExtension></extensions></trkpt>
<trkpt lat="38.5764256" lon="-121.4596932">
<ele>8</ele><time>2025-08-29T17:33:25.000Z</time><extensions><gpxtpx:TrackPointExtension><gpxtpx:hr>168</gpxtpx:hr><gpxtpx:cad>81</gpxtpx:cad></gpxtpx:TrackPointExtension></extensions><extensions><gpxtpx:PowerExtension><gpxtpx:PowerInWatts>227</gpxtpx:PowerInWatts></gpxtpx:PowerExtension></extensions></trkpt>
<trkpt lat="38.5764844" lon="-121.4596561">
<ele>8</ele><time>2025-08-29T17:33:27.000Z</time><extensions><gpxtpx:TrackPointExtension><gpxtpx:hr>168</gpxtpx:hr><gpxtpx:cad>81</gpxtpx:cad></gpxtpx:TrackPointExtension></extensions><extensions><gpxtpx:PowerExtension><gpxtpx:PowerInWatts>226</gpxtpx:PowerInWatts></gpxtpx:PowerExtension></extensions></trkpt>
<trkpt lat="38.5765280" lon="-121.4596295">
<ele>8</ele><time>2025-08-29T17:33:29.000Z</time><extensions><gpxtpx:TrackPointExtension><gpxtpx:hr>168</gpxtpx:hr><gpxtpx:cad>85</gpxtpx:cad></gpxtpx:TrackPointExtension></extensions><extensions><gpxtpx:PowerExtension><gpxtpx:PowerInWatts>226</gpxtpx:PowerInWatts></gpxtpx:PowerExtension></extensions></trkpt>
<trkpt lat="38.5765851" lon="-121.4596099">
<ele>8</ele><time>2025-08-29T17:33:31.000Z</time><extensions><gpxtpx:TrackPointExtension><gpxtpx:hr>168</gpxtpx:hr><gpxtpx:cad>84</gpxtpx:cad></gpxtpx:TrackPointExtension></extensions><extensions><gpxtpx:PowerExtension><gpxtpx:PowerInWatts>232</gpxtpx:PowerInWatts></gpxtpx:PowerExtension></extensions></trkpt>
<trkpt lat="38.5766449" lon="-121.4595843">
<ele>8</ele><time>2025-08-29T17:33:33.000Z</time><extensions><gpxtpx:TrackPointExtension><gpxtpx:hr>168</gpxtpx:hr><gpxtpx:cad>79</gpxtpx:cad></gpxtpx:TrackPointExtension></extensions><extensions><gpxtpx:PowerExtension><gpxtpx:PowerInWatts>232</gpxtpx:PowerInWatts></gpxtpx:PowerExtension></extensions></trkpt>
<trkpt lat="38.5767032" lon="-121.4595680">
<ele>8</ele><time>2025-08-29T17:33:35.000Z</time><extensions><gpxtpx:TrackPointExtension><gpxtpx:hr>168</gpxtpx:hr><gpxtpx:cad>83</gpxtpx:cad></gpxtpx:TrackPointExtension></extensions><extensions><gpxtpx:PowerExtension><gpxtpx:PowerInWatts>232</gpxtpx:PowerInWatts></gpxtpx:PowerExtension></extensions></trkpt>
<trkpt lat="38.5767719" lon="-121.4595644">
<ele>8</ele><time>2025-08-29T17:33:37.000Z</time><extensions><gpxtpx:TrackPointExtension><gpxtpx:hr>168</gpxtpx:hr><gpxtpx:cad>83</gpxtpx:cad></gpxtpx:TrackPointExtension></extensions><extensions><gpxtpx:PowerExtension><gpxtpx:PowerInWatts>238</gpxtpx:PowerInWatts></gpxtpx:PowerExtension></extensions></trkpt>
<trkpt lat="38.5768323" lon="-121.4595451">
<ele>8</ele><time>2025-08-29T17:33:39.000Z</time><extensions><gpxtpx:TrackPointExtension><gpxtpx:hr>168</gpxtpx:hr><gpxtpx:cad>81</gpxtpx:cad></gpxtpx:TrackPointExtension></extensions><extensions><gpxtpx:PowerExtension><gpxtpx:PowerInWatts>238</gpxtpx:PowerInWatts></gpxtpx:PowerExtension></extensions></trkpt>
<trkpt lat="38.5768820" lon="-121.4595257">
<ele>8</ele><time>2025-08-29T17:33:41.000Z</time><extensions><gpxtpx:TrackPointExtension><gpxtpx:hr>169</gpxtpx:hr><gpxtpx:cad>79</gpxtpx:cad></gpxtpx:TrackPointExtension></extensions><extensions><gpxtpx:PowerExtension><gpxtpx:PowerInWatts>239</gpxtpx:PowerInWatts></gpxtpx:PowerExtension></extensions></trkpt>
<trkpt lat="38.5769346" lon="-121.4595051">
<ele>8</ele><time>2025-08-29T17:33:43.000Z</time><extensions><gpxtpx:TrackPointExtension><gpxtpx:hr>169</gpxtpx:hr><gpxtpx:cad>78</gpxtpx:cad></gpxtpx:TrackPointExtension></extensions><extensions><gpxtpx:PowerExtension><gpxtpx:PowerInWatts>239</gpxtpx:PowerInWatts></gpxtpx:PowerExtension></extensions></trkpt>
<trkpt lat="38.5769782" lon="-121.4594880">
<ele>8</ele><time>2025-08-29T17:33:45.000Z</time><extensions><gpxtpx:TrackPointExtension><gpxtpx:hr>168</gpxtpx:hr><gpxtpx:cad>80</gpxtpx:cad></gpxtpx:TrackPointExtension></extensions><extensions><gpxtpx:PowerExtension><gpxtpx:PowerInWatts>239</gpxtpx:PowerInWatts></gpxtpx:PowerExtension></extensions></trkpt>
<trkpt lat="38.5770373" lon="-121.4594649">
<ele>8</ele><time>2025-08-29T17:33:47.000Z</time><extensions><gpxtpx:TrackPointExtension><gpxtpx:hr>168</gpxtpx:hr><gpxtpx:cad>82</gpxtpx:cad></gpxtpx:TrackPointExtension></extensions><extensions><gpxtpx:PowerExtension><gpxtpx:PowerInWatts>244</gpxtpx:PowerInWatts></gpxtpx:PowerExtension></extensions></trkpt>
<trkpt lat="38.5770859" lon="-121.4594458">
<ele>8</ele><time>2025-08-29T17:33:49.000Z</time><extensions><gpxtpx:TrackPointExtension><gpxtpx:hr>168</gpxtpx:hr><gpxtpx:cad>82</gpxtpx:cad></gpxtpx:TrackPointExtension></extensions><extensions><gpxtpx:PowerExtension><gpxtpx:PowerInWatts>239</gpxtpx:PowerInWatts></gpxtpx:PowerExtension></extensions></trkpt>
<trkpt lat="38.5771425" lon="-121.4594237">
<ele>9</ele><time>2025-08-29T17:33:51.000Z</time><extensions><gpxtpx:TrackPointExtension><gpxtpx:hr>168</gpxtpx:hr><gpxtpx:cad>81</gpxtpx:cad></gpxtpx:TrackPointExtension></extensions><extensions><gpxtpx:PowerExtension><gpxtpx:PowerInWatts>239</gpxtpx:PowerInWatts></gpxtpx:PowerExtension></extensions></trkpt>
<trkpt lat="38.5771889" lon="-121.4594055">
<ele>9</ele><time>2025-08-29T17:33:53.000Z</time><extensions><gpxtpx:TrackPointExtension><gpxtpx:hr>168</gpxtpx:hr><gpxtpx:cad>82</gpxtpx:cad></gpxtpx:TrackPointExtension></extensions><extensions><gpxtpx:PowerExtension><gpxtpx:PowerInWatts>239</gpxtpx:PowerInWatts></gpxtpx:PowerExtension></extensions></trkpt>
<trkpt lat="38.5771810" lon="-121.4594673">
<ele>9</ele><time>2025-08-29T17:33:58.000Z</time><extensions><gpxtpx:TrackPointExtension><gpxtpx:hr>169</gpxtpx:hr><gpxtpx:cad>78</gpxtpx:cad></gpxtpx:TrackPointExtension></extensions><extensions><gpxtpx:PowerExtension><gpxtpx:PowerInWatts>241</gpxtpx:PowerInWatts></gpxtpx:PowerExtension></extensions></trkpt>
<trkpt lat="38.5772047" lon="-121.4595300">
<ele>9</ele><time>2025-08-29T17:34:00.000Z</time><extensions><gpxtpx:TrackPointExtension><gpxtpx:hr>168</gpxtpx:hr><gpxtpx:cad>81</gpxtpx:cad></gpxtpx:TrackPointExtension></extensions><extensions><gpxtpx:PowerExtension><gpxtpx:PowerInWatts>236</gpxtpx:PowerInWatts></gpxtpx:PowerExtension></extensions></trkpt>
<trkpt lat="38.5772554" lon="-121.4596736">
<ele>9</ele><time>2025-08-29T17:34:01.000Z</time><extensions><gpxtpx:TrackPointExtension><gpxtpx:hr>168</gpxtpx:hr><gpxtpx:cad>82</gpxtpx:cad></gpxtpx:TrackPointExtension></extensions><extensions><gpxtpx:PowerExtension><gpxtpx:PowerInWatts>236</gpxtpx:PowerInWatts></gpxtpx:PowerExtension></extensions></trkpt>
<trkpt lat="38.5772578" lon="-121.4597520">
<ele>9</ele><time>2025-08-29T17:34:03.000Z</time><extensions><gpxtpx:TrackPointExtension><gpxtpx:hr>169</gpxtpx:hr><gpxtpx:cad>73</gpxtpx:cad></gpxtpx:TrackPointExtension></extensions><extensions><gpxtpx:PowerExtension><gpxtpx:PowerInWatts>230</gpxtpx:PowerInWatts></gpxtpx:PowerExtension></extensions></trkpt>
<trkpt lat="38.5772560" lon="-121.4598313">
<ele>9</ele><time>2025-08-29T17:34:05.000Z</time><extensions><gpxtpx:TrackPointExtension><gpxtpx:hr>169</gpxtpx:hr><gpxtpx:cad>78</gpxtpx:cad></gpxtpx:TrackPointExtension></extensions><extensions><gpxtpx:PowerExtension><gpxtpx:PowerInWatts>228</gpxtpx:PowerInWatts></gpxtpx:PowerExtension></extensions></trkpt>
<trkpt lat="38.5772948" lon="-121.4599076">
<ele>9</ele><time>2025-08-29T17:34:07.000Z</time><extensions><gpxtpx:TrackPointExtension><gpxtpx:hr>170</gpxtpx:hr><gpxtpx:cad>83</gpxtpx:cad></gpxtpx:TrackPointExtension></extensions><extensions><gpxtpx:PowerExtension><gpxtpx:PowerInWatts>229</gpxtpx:PowerInWatts></gpxtpx:PowerExtension></extensions></trkpt>
<trkpt lat="38.5773318" lon="-121.4599635">
<ele>9</ele><time>2025-08-29T17:34:09.000Z</time><extensions><gpxtpx:TrackPointExtension><gpxtpx:hr>170</gpxtpx:hr><gpxtpx:cad>86</gpxtpx:cad></gpxtpx:TrackPointExtension></extensions><extensions><gpxtpx:PowerExtension><gpxtpx:PowerInWatts>229</gpxtpx:PowerInWatts></gpxtpx:PowerExtension></extensions></trkpt>
<trkpt lat="38.5773599" lon="-121.4600441">
<ele>9</ele><time>2025-08-29T17:34:11.000Z</time><extensions><gpxtpx:TrackPointExtension><gpxtpx:hr>170</gpxtpx:hr><gpxtpx:cad>85</gpxtpx:cad></gpxtpx:TrackPointExtension></extensions><extensions><gpxtpx:PowerExtension><gpxtpx:PowerInWatts>235</gpxtpx:PowerInWatts></gpxtpx:PowerExtension></extensions></trkpt>
<trkpt lat="38.5773845" lon="-121.4601056">
<ele>9</ele><time>2025-08-29T17:34:13.000Z</time><extensions><gpxtpx:TrackPointExtension><gpxtpx:hr>169</gpxtpx:hr><gpxtpx:cad>83</gpxtpx:cad></gpxtpx:TrackPointExtension></extensions><extensions><gpxtpx:PowerExtension><gpxtpx:PowerInWatts>235</gpxtpx:PowerInWatts></gpxtpx:PowerExtension></extensions></trkpt>
<trkpt lat="38.5773481" lon="-121.4601530">
<ele>9</ele><time>2025-08-29T17:34:14.000Z</time><extensions><gpxtpx:TrackPointExtension><gpxtpx:hr>170</gpxtpx:hr><gpxtpx:cad>83</gpxtpx:cad></gpxtpx:TrackPointExtension></extensions><extensions><gpxtpx:PowerExtension><gpxtpx:PowerInWatts>235</gpxtpx:PowerInWatts></gpxtpx:PowerExtension></extensions></trkpt>
<trkpt lat="38.5773683" lon="-121.4602274">
<ele>9</ele><time>2025-08-29T17:34:16.000Z</time><extensions><gpxtpx:TrackPointExtension><gpxtpx:hr>170</gpxtpx:hr><gpxtpx:cad>83</gpxtpx:cad></gpxtpx:TrackPointExtension></extensions><extensions><gpxtpx:PowerExtension><gpxtpx:PowerInWatts>235</gpxtpx:PowerInWatts></gpxtpx:PowerExtension></extensions></trkpt>
<trkpt lat="38.5773829" lon="-121.4602877">
<ele>9</ele><time>2025-08-29T17:34:17.999Z</time><extensions><gpxtpx:TrackPointExtension><gpxtpx:hr>170</gpxtpx:hr><gpxtpx:cad>75</gpxtpx:cad></gpxtpx:TrackPointExtension></extensions><extensions><gpxtpx:PowerExtension><gpxtpx:PowerInWatts>241</gpxtpx:PowerInWatts></gpxtpx:PowerExtension></extensions></trkpt>
<trkpt lat="38.5774009" lon="-121.4603445">
<ele>9</ele><time>2025-08-29T17:34:19.999Z</time><extensions><gpxtpx:TrackPointExtension><gpxtpx:hr>170</gpxtpx:hr><gpxtpx:cad>78</gpxtpx:cad></gpxtpx:TrackPointExtension></extensions><extensions><gpxtpx:PowerExtension><gpxtpx:PowerInWatts>241</gpxtpx:PowerInWatts></gpxtpx:PowerExtension></extensions></trkpt>
<trkpt lat="38.5774375" lon="-121.4604084">
<ele>9</ele><time>2025-08-29T17:34:21.999Z</time><extensions><gpxtpx:TrackPointExtension><gpxtpx:hr>170</gpxtpx:hr><gpxtpx:cad>80</gpxtpx:cad></gpxtpx:TrackPointExtension></extensions><extensions><gpxtpx:PowerExtension><gpxtpx:PowerInWatts>239</gpxtpx:PowerInWatts></gpxtpx:PowerExtension></extensions></trkpt>
<trkpt lat="38.5774785" lon="-121.4604920">
<ele>9</ele><time>2025-08-29T17:34:24.999Z</time><extensions><gpxtpx:TrackPointExtension><gpxtpx:hr>170</gpxtpx:hr><gpxtpx:cad>80</gpxtpx:cad></gpxtpx:TrackPointExtension></extensions><extensions><gpxtpx:PowerExtension><gpxtpx:PowerInWatts>231</gpxtpx:PowerInWatts></gpxtpx:PowerExtension></extensions></trkpt>
<trkpt lat="38.5775017" lon="-121.4605693">
<ele>9</ele><time>2025-08-29T17:34:27.999Z</time><extensions><gpxtpx:TrackPointExtension><gpxtpx:hr>170</gpxtpx:hr><gpxtpx:cad>80</gpxtpx:cad></gpxtpx:TrackPointExtension></extensions><extensions><gpxtpx:PowerExtension><gpxtpx:PowerInWatts>235</gpxtpx:PowerInWatts></gpxtpx:PowerExtension></extensions></trkpt>
<trkpt lat="38.5775108" lon="-121.4606338">
<ele>9</ele><time>2025-08-29T17:34:29.999Z</time><extensions><gpxtpx:TrackPointExtension><gpxtpx:hr>170</gpxtpx:hr><gpxtpx:cad>84</gpxtpx:cad></gpxtpx:TrackPointExtension></extensions><extensions><gpxtpx:PowerExtension><gpxtpx:PowerInWatts>229</gpxtpx:PowerInWatts></gpxtpx:PowerExtension></extensions></trkpt>
<trkpt lat="38.5775469" lon="-121.4607094">
<ele>9</ele><time>2025-08-29T17:34:31.999Z</time><extensions><gpxtpx:TrackPointExtension><gpxtpx:hr>170</gpxtpx:hr><gpxtpx:cad>84</gpxtpx:cad></gpxtpx:TrackPointExtension></extensions><extensions><gpxtpx:PowerExtension><gpxtpx:PowerInWatts>229</gpxtpx:PowerInWatts></gpxtpx:PowerExtension></extensions></trkpt>
<trkpt lat="38.5775643" lon="-121.4607875">
<ele>9</ele><time>2025-08-29T17:34:33.999Z</time><extensions><gpxtpx:TrackPointExtension><gpxtpx:hr>170</gpxtpx:hr><gpxtpx:cad>81</gpxtpx:cad></gpxtpx:TrackPointExtension></extensions><extensions><gpxtpx:PowerExtension><gpxtpx:PowerInWatts>229</gpxtpx:PowerInWatts></gpxtpx:PowerExtension></extensions></trkpt>
<trkpt lat="38.5775714" lon="-121.4608516">
<ele>9</ele><time>2025-08-29T17:34:35.999Z</time><extensions><gpxtpx:TrackPointExtension><gpxtpx:hr>170</gpxtpx:hr><gpxtpx:cad>77</gpxtpx:cad></gpxtpx:TrackPointExtension></extensions><extensions><gpxtpx:PowerExtension><gpxtpx:PowerInWatts>226</gpxtpx:PowerInWatts></gpxtpx:PowerExtension></extensions></trkpt>
<trkpt lat="38.5775947" lon="-121.4609382">
<ele>9</ele><time>2025-08-29T17:34:38.999Z</time><extensions><gpxtpx:TrackPointExtension><gpxtpx:hr>169</gpxtpx:hr><gpxtpx:cad>78</gpxtpx:cad></gpxtpx:TrackPointExtension></extensions><extensions><gpxtpx:PowerExtension><gpxtpx:PowerInWatts>229</gpxtpx:PowerInWatts></gpxtpx:PowerExtension></extensions></trkpt>
<trkpt lat="38.5776163" lon="-121.4609995">
<ele>9</ele><time>2025-08-29T17:34:40.999Z</time><extensions><gpxtpx:TrackPointExtension><gpxtpx:hr>170</gpxtpx:hr><gpxtpx:cad>82</gpxtpx:cad></gpxtpx:TrackPointExtension></extensions><extensions><gpxtpx:PowerExtension><gpxtpx:PowerInWatts>228</gpxtpx:PowerInWatts></gpxtpx:PowerExtension></extensions></trkpt>
<trkpt lat="38.5776481" lon="-121.4610573">
<ele>9</ele><time>2025-08-29T17:34:42.999Z</time><extensions><gpxtpx:TrackPointExtension><gpxtpx:hr>170</gpxtpx:hr><gpxtpx:cad>81</gpxtpx:cad></gpxtpx:TrackPointExtension></extensions><extensions><gpxtpx:PowerExtension><gpxtpx:PowerInWatts>228</gpxtpx:PowerInWatts></gpxtpx:PowerExtension></extensions></trkpt>
<trkpt lat="38.5776447" lon="-121.4611430">
<ele>9</ele><time>2025-08-29T17:34:44.999Z</time><extensions><gpxtpx:TrackPointExtension><gpxtpx:hr>170</gpxtpx:hr><gpxtpx:cad>81</gpxtpx:cad></gpxtpx:TrackPointExtension></extensions><extensions><gpxtpx:PowerExtension><gpxtpx:PowerInWatts>225</gpxtpx:PowerInWatts></gpxtpx:PowerExtension></extensions></trkpt>
<trkpt lat="38.5776354" lon="-121.4612068">
<ele>9</ele><time>2025-08-29T17:34:46.999Z</time><extensions><gpxtpx:TrackPointExtension><gpxtpx:hr>169</gpxtpx:hr><gpxtpx:cad>86</gpxtpx:cad></gpxtpx:TrackPointExtension></extensions><extensions><gpxtpx:PowerExtension><gpxtpx:PowerInWatts>225</gpxtpx:PowerInWatts></gpxtpx:PowerExtension></extensions></trkpt>
<trkpt lat="38.5776643" lon="-121.4612834">
<ele>9</ele><time>2025-08-29T17:34:48.999Z</time><extensions><gpxtpx:TrackPointExtension><gpxtpx:hr>169</gpxtpx:hr><gpxtpx:cad>83</gpxtpx:cad></gpxtpx:TrackPointExtension></extensions><extensions><gpxtpx:PowerExtension><gpxtpx:PowerInWatts>225</gpxtpx:PowerInWatts></gpxtpx:PowerExtension></extensions></trkpt>
<trkpt lat="38.5776839" lon="-121.4613506">
<ele>9</ele><time>2025-08-29T17:34:50.999Z</time><extensions><gpxtpx:TrackPointExtension><gpxtpx:hr>169</gpxtpx:hr><gpxtpx:cad>83</gpxtpx:cad></gpxtpx:TrackPointExtension></extensions><extensions><gpxtpx:PowerExtension><gpxtpx:PowerInWatts>228</gpxtpx:PowerInWatts></gpxtpx:PowerExtension></extensions></trkpt>
<trkpt lat="38.5777307" lon="-121.4613978">
<ele>9</ele><time>2025-08-29T17:34:52.999Z</time><extensions><gpxtpx:TrackPointExtension><gpxtpx:hr>169</gpxtpx:hr><gpxtpx:cad>83</gpxtpx:cad></gpxtpx:TrackPointExtension></extensions><extensions><gpxtpx:PowerExtension><gpxtpx:PowerInWatts>228</gpxtpx:PowerInWatts></gpxtpx:PowerExtension></extensions></trkpt>
<trkpt lat="38.5777716" lon="-121.4614333">
<ele>9</ele><time>2025-08-29T17:34:54.999Z</time><extensions><gpxtpx:TrackPointExtension><gpxtpx:hr>169</gpxtpx:hr><gpxtpx:cad>83</gpxtpx:cad></gpxtpx:TrackPointExtension></extensions><extensions><gpxtpx:PowerExtension><gpxtpx:PowerInWatts>228</gpxtpx:PowerInWatts></gpxtpx:PowerExtension></extensions></trkpt>
<trkpt lat="38.5777837" lon="-121.4615096">
<ele>9</ele><time>2025-08-29T17:34:57.999Z</time><extensions><gpxtpx:TrackPointExtension><gpxtpx:hr>169</gpxtpx:hr><gpxtpx:cad>81</gpxtpx:cad></gpxtpx:TrackPointExtension></extensions><extensions><gpxtpx:PowerExtension><gpxtpx:PowerInWatts>231</gpxtpx:PowerInWatts></gpxtpx:PowerExtension></extensions></trkpt>
<trkpt lat="38.5777816" lon="-121.4615891">
<ele>9</ele><time>2025-08-29T17:34:59.999Z</time><extensions><gpxtpx:TrackPointExtension><gpxtpx:hr>170</gpxtpx:hr><gpxtpx:cad>78</gpxtpx:cad></gpxtpx:TrackPointExtension></extensions><extensions><gpxtpx:PowerExtension><gpxtpx:PowerInWatts>237</gpxtpx:PowerInWatts></gpxtpx:PowerExtension></extensions></trkpt>
<trkpt lat="38.5778149" lon="-121.4616770">
<ele>9</ele><time>2025-08-29T17:35:02.999Z</time><extensions><gpxtpx:TrackPointExtension><gpxtpx:hr>170</gpxtpx:hr><gpxtpx:cad>83</gpxtpx:cad></gpxtpx:TrackPointExtension></extensions><extensions><gpxtpx:PowerExtension><gpxtpx:PowerInWatts>232</gpxtpx:PowerInWatts></gpxtpx:PowerExtension></extensions></trkpt>
<trkpt lat="38.5778203" lon="-121.4617570">
<ele>9</ele><time>2025-08-29T17:35:04.999Z</time><extensions><gpxtpx:TrackPointExtension><gpxtpx:hr>170</gpxtpx:hr><gpxtpx:cad>84</gpxtpx:cad></gpxtpx:TrackPointExtension></extensions><extensions><gpxtpx:PowerExtension><gpxtpx:PowerInWatts>225</gpxtpx:PowerInWatts></gpxtpx:PowerExtension></extensions></trkpt>
<trkpt lat="38.5778413" lon="-121.4618120">
<ele>9</ele><time>2025-08-29T17:35:05.999Z</time><extensions><gpxtpx:TrackPointExtension><gpxtpx:hr>169</gpxtpx:hr><gpxtpx:cad>79</gpxtpx:cad></gpxtpx:TrackPointExtension></extensions><extensions><gpxtpx:PowerExtension><gpxtpx:PowerInWatts>225</gpxtpx:PowerInWatts></gpxtpx:PowerExtension></extensions></trkpt>
<trkpt lat="38.5778829" lon="-121.4618937">
<ele>9</ele><time>2025-08-29T17:35:08.999Z</time><extensions><gpxtpx:TrackPointExtension><gpxtpx:hr>170</gpxtpx:hr><gpxtpx:cad>79</gpxtpx:cad></gpxtpx:TrackPointExtension></extensions><extensions><gpxtpx:PowerExtension><gpxtpx:PowerInWatts>224</gpxtpx:PowerInWatts></gpxtpx:PowerExtension></extensions></trkpt>
<trkpt lat="38.5779083" lon="-121.4619499">
<ele>9</ele><time>2025-08-29T17:35:10.999Z</time><extensions><gpxtpx:TrackPointExtension><gpxtpx:hr>170</gpxtpx:hr><gpxtpx:cad>78</gpxtpx:cad></gpxtpx:TrackPointExtension></extensions><extensions><gpxtpx:PowerExtension><gpxtpx:PowerInWatts>229</gpxtpx:PowerInWatts></gpxtpx:PowerExtension></extensions></trkpt>
<trkpt lat="38.5779316" lon="-121.4620325">
<ele>9</ele><time>2025-08-29T17:35:13.999Z</time><extensions><gpxtpx:TrackPointExtension><gpxtpx:hr>169</gpxtpx:hr><gpxtpx:cad>80</gpxtpx:cad></gpxtpx:TrackPointExtension></extensions><extensions><gpxtpx:PowerExtension><gpxtpx:PowerInWatts>230</gpxtpx:PowerInWatts></gpxtpx:PowerExtension></extensions></trkpt>
<trkpt lat="38.5779350" lon="-121.4621026">
<ele>9</ele><time>2025-08-29T17:35:15.999Z</time><extensions><gpxtpx:TrackPointExtension><gpxtpx:hr>169</gpxtpx:hr><gpxtpx:cad>74</gpxtpx:cad></gpxtpx:TrackPointExtension></extensions><extensions><gpxtpx:PowerExtension><gpxtpx:PowerInWatts>230</gpxtpx:PowerInWatts></gpxtpx:PowerExtension></extensions></trkpt>
<trkpt lat="38.5779638" lon="-121.4621661">
<ele>9</ele><time>2025-08-29T17:35:17.999Z</time><extensions><gpxtpx:TrackPointExtension><gpxtpx:hr>170</gpxtpx:hr><gpxtpx:cad>71</gpxtpx:cad></gpxtpx:TrackPointExtension></extensions><extensions><gpxtpx:PowerExtension><gpxtpx:PowerInWatts>230</gpxtpx:PowerInWatts></gpxtpx:PowerExtension></extensions></trkpt>
<trkpt lat="38.5779883" lon="-121.4622448">
<ele>9</ele><time>2025-08-29T17:35:20.999Z</time><extensions><gpxtpx:TrackPointExtension><gpxtpx:hr>170</gpxtpx:hr><gpxtpx:cad>67</gpxtpx:cad></gpxtpx:TrackPointExtension></extensions><extensions><gpxtpx:PowerExtension><gpxtpx:PowerInWatts>227</gpxtpx:PowerInWatts></gpxtpx:PowerExtension></extensions></trkpt>
<trkpt lat="38.5779960" lon="-121.4623246">
<ele>9</ele><time>2025-08-29T17:35:22.999Z</time><extensions><gpxtpx:TrackPointExtension><gpxtpx:hr>170</gpxtpx:hr><gpxtpx:cad>68</gpxtpx:cad></gpxtpx:TrackPointExtension></extensions><extensions><gpxtpx:PowerExtension><gpxtpx:PowerInWatts>227</gpxtpx:PowerInWatts></gpxtpx:PowerExtension></extensions></trkpt>
<trkpt lat="38.5780211" lon="-121.4623869">
<ele>9</ele><time>2025-08-29T17:35:24.999Z</time><extensions><gpxtpx:TrackPointExtension><gpxtpx:hr>169</gpxtpx:hr><gpxtpx:cad>64</gpxtpx:cad></gpxtpx:TrackPointExtension></extensions><extensions><gpxtpx:PowerExtension><gpxtpx:PowerInWatts>225</gpxtpx:PowerInWatts></gpxtpx:PowerExtension></extensions></trkpt>
<trkpt lat="38.5779885" lon="-121.4624374">
<ele>9</ele><time>2025-08-29T17:35:26.999Z</time><extensions><gpxtpx:TrackPointExtension><gpxtpx:hr>169</gpxtpx:hr><gpxtpx:cad>60</gpxtpx:cad></gpxtpx:TrackPointExtension></extensions><extensions><gpxtpx:PowerExtension><gpxtpx:PowerInWatts>231</gpxtpx:PowerInWatts></gpxtpx:PowerExtension></extensions></trkpt>
<trkpt lat="38.5779890" lon="-121.4625116">
<ele>9</ele><time>2025-08-29T17:35:30.999Z</time><extensions><gpxtpx:TrackPointExtension><gpxtpx:hr>169</gpxtpx:hr><gpxtpx:cad>56</gpxtpx:cad></gpxtpx:TrackPointExtension></extensions><extensions><gpxtpx:PowerExtension><gpxtpx:PowerInWatts>231</gpxtpx:PowerInWatts></gpxtpx:PowerExtension></extensions></trkpt>
<trkpt lat="38.5780036" lon="-121.4625894">
<ele>9</ele><time>2025-08-29T17:35:33.999Z</time><extensions><gpxtpx:TrackPointExtension><gpxtpx:hr>168</gpxtpx:hr><gpxtpx:cad>54</gpxtpx:cad></gpxtpx:TrackPointExtension></extensions><extensions><gpxtpx:PowerExtension><gpxtpx:PowerInWatts>154</gpxtpx:PowerInWatts></gpxtpx:PowerExtension></extensions></trkpt>
<trkpt lat="38.5779762" lon="-121.4626358">
<ele>9</ele><time>2025-08-29T17:35:37.999Z</time><extensions><gpxtpx:TrackPointExtension><gpxtpx:hr>168</gpxtpx:hr><gpxtpx:cad>54</gpxtpx:cad></gpxtpx:TrackPointExtension></extensions><extensions><gpxtpx:PowerExtension><gpxtpx:PowerInWatts>154</gpxtpx:PowerInWatts></gpxtpx:PowerExtension></extensions></trkpt>
<trkpt lat="38.5779752" lon="-121.4627032">
<ele>9</ele><time>2025-08-29T17:35:40.999Z</time><extensions><gpxtpx:TrackPointExtension><gpxtpx:hr>166</gpxtpx:hr><gpxtpx:cad>51</gpxtpx:cad></gpxtpx:TrackPointExtension></extensions><extensions><gpxtpx:PowerExtension><gpxtpx:PowerInWatts>109</gpxtpx:PowerInWatts></gpxtpx:PowerExtension></extensions></trkpt>
<trkpt lat="38.5779566" lon="-121.4627573">
<ele>9</ele><time>2025-08-29T17:35:43.999Z</time><extensions><gpxtpx:TrackPointExtension><gpxtpx:hr>166</gpxtpx:hr><gpxtpx:cad>50</gpxtpx:cad></gpxtpx:TrackPointExtension></extensions><extensions><gpxtpx:PowerExtension><gpxtpx:PowerInWatts>109</gpxtpx:PowerInWatts></gpxtpx:PowerExtension></extensions></trkpt>
<trkpt lat="38.5779219" lon="-121.4627956">
<ele>9</ele><time>2025-08-29T17:35:48.999Z</time><extensions><gpxtpx:TrackPointExtension><gpxtpx:hr>163</gpxtpx:hr><gpxtpx:cad>51</gpxtpx:cad></gpxtpx:TrackPointExtension></extensions><extensions><gpxtpx:PowerExtension><gpxtpx:PowerInWatts>95</gpxtpx:PowerInWatts></gpxtpx:PowerExtension></extensions></trkpt>
<trkpt lat="38.5778850" lon="-121.4628368">
<ele>9</ele><time>2025-08-29T17:35:54.999Z</time><extensions><gpxtpx:TrackPointExtension><gpxtpx:hr>162</gpxtpx:hr><gpxtpx:cad>49</gpxtpx:cad></gpxtpx:TrackPointExtension></extensions><extensions><gpxtpx:PowerExtension><gpxtpx:PowerInWatts>88</gpxtpx:PowerInWatts></gpxtpx:PowerExtension></extensions></trkpt>
<trkpt lat="38.5778392" lon="-121.4628581">
<ele>9</ele><time>2025-08-29T17:36:01.999Z</time><extensions><gpxtpx:TrackPointExtension><gpxtpx:hr>160</gpxtpx:hr><gpxtpx:cad>46</gpxtpx:cad></gpxtpx:TrackPointExtension></extensions><extensions><gpxtpx:PowerExtension><gpxtpx:PowerInWatts>81</gpxtpx:PowerInWatts></gpxtpx:PowerExtension></extensions></trkpt>
<trkpt lat="38.5777906" lon="-121.4628867">
<ele>9</ele><time>2025-08-29T17:36:05.999Z</time><extensions><gpxtpx:TrackPointExtension><gpxtpx:hr>160</gpxtpx:hr><gpxtpx:cad>47</gpxtpx:cad></gpxtpx:TrackPointExtension></extensions><extensions><gpxtpx:PowerExtension><gpxtpx:PowerInWatts>73</gpxtpx:PowerInWatts></gpxtpx:PowerExtension></extensions></trkpt>
<trkpt lat="38.5777432" lon="-121.4628916">
<ele>9</ele><time>2025-08-29T17:36:08.999Z</time><extensions><gpxtpx:TrackPointExtension><gpxtpx:hr>159</gpxtpx:hr><gpxtpx:cad>46</gpxtpx:cad></gpxtpx:TrackPointExtension></extensions><extensions><gpxtpx:PowerExtension><gpxtpx:PowerInWatts>73</gpxtpx:PowerInWatts></gpxtpx:PowerExtension></extensions></trkpt>
<trkpt lat="38.5776919" lon="-121.4629096">
<ele>9</ele><time>2025-08-29T17:36:12.999Z</time><extensions><gpxtpx:TrackPointExtension><gpxtpx:hr>157</gpxtpx:hr><gpxtpx:cad>47</gpxtpx:cad></gpxtpx:TrackPointExtension></extensions><extensions><gpxtpx:PowerExtension><gpxtpx:PowerInWatts>72</gpxtpx:PowerInWatts></gpxtpx:PowerExtension></extensions></trkpt>
<trkpt lat="38.5776500" lon="-121.4629373">
<ele>9</ele><time>2025-08-29T17:36:17.999Z</time><extensions><gpxtpx:TrackPointExtension><gpxtpx:hr>155</gpxtpx:hr><gpxtpx:cad>49</gpxtpx:cad></gpxtpx:TrackPointExtension></extensions><extensions><gpxtpx:PowerExtension><gpxtpx:PowerInWatts>80</gpxtpx:PowerInWatts></gpxtpx:PowerExtension></extensions></trkpt>
<trkpt lat="38.5775929" lon="-121.4629643">
<ele>9</ele><time>2025-08-29T17:36:21.999Z</time><extensions><gpxtpx:TrackPointExtension><gpxtpx:hr>153</gpxtpx:hr><gpxtpx:cad>46</gpxtpx:cad></gpxtpx:TrackPointExtension></extensions><extensions><gpxtpx:PowerExtension><gpxtpx:PowerInWatts>81</gpxtpx:PowerInWatts></gpxtpx:PowerExtension></extensions></trkpt>
<trkpt lat="38.5775367" lon="-121.4629687">
<ele>9</ele><time>2025-08-29T17:36:27.999Z</time><extensions><gpxtpx:TrackPointExtension><gpxtpx:hr>150</gpxtpx:hr><gpxtpx:cad>50</gpxtpx:cad></gpxtpx:TrackPointExtension></extensions><extensions><gpxtpx:PowerExtension><gpxtpx:PowerInWatts>81</gpxtpx:PowerInWatts></gpxtpx:PowerExtension></extensions></trkpt>
<trkpt lat="38.5774968" lon="-121.4629981">
<ele>8</ele><time>2025-08-29T17:36:31.999Z</time><extensions><gpxtpx:TrackPointExtension><gpxtpx:hr>148</gpxtpx:hr><gpxtpx:cad>51</gpxtpx:cad></gpxtpx:TrackPointExtension></extensions><extensions><gpxtpx:PowerExtension><gpxtpx:PowerInWatts>81</gpxtpx:PowerInWatts></gpxtpx:PowerExtension></extensions></trkpt>
<trkpt lat="38.5774635" lon="-121.4630511">
<ele>8</ele><time>2025-08-29T17:36:34.999Z</time><extensions><gpxtpx:TrackPointExtension><gpxtpx:hr>147</gpxtpx:hr><gpxtpx:cad>52</gpxtpx:cad></gpxtpx:TrackPointExtension></extensions><extensions><gpxtpx:PowerExtension><gpxtpx:PowerInWatts>76</gpxtpx:PowerInWatts></gpxtpx:PowerExtension></extensions></trkpt>
<trkpt lat="38.5774086" lon="-121.4630612">
<ele>8</ele><time>2025-08-29T17:36:39.999Z</time><extensions><gpxtpx:TrackPointExtension><gpxtpx:hr>146</gpxtpx:hr><gpxtpx:cad>53</gpxtpx:cad></gpxtpx:TrackPointExtension></extensions><extensions><gpxtpx:PowerExtension><gpxtpx:PowerInWatts>74</gpxtpx:PowerInWatts></gpxtpx:PowerExtension></extensions></trkpt>
<trkpt lat="38.5773615" lon="-121.4630770">
<ele>8</ele><time>2025-08-29T17:36:43.999Z</time><extensions><gpxtpx:TrackPointExtension><gpxtpx:hr>145</gpxtpx:hr><gpxtpx:cad>52</gpxtpx:cad></gpxtpx:TrackPointExtension></extensions><extensions><gpxtpx:PowerExtension><gpxtpx:PowerInWatts>79</gpxtpx:PowerInWatts></gpxtpx:PowerExtension></extensions></trkpt>
<trkpt lat="38.5773178" lon="-121.4630968">
<ele>8</ele><time>2025-08-29T17:36:47.999Z</time><extensions><gpxtpx:TrackPointExtension><gpxtpx:hr>143</gpxtpx:hr><gpxtpx:cad>54</gpxtpx:cad></gpxtpx:TrackPointExtension></extensions><extensions><gpxtpx:PowerExtension><gpxtpx:PowerInWatts>78</gpxtpx:PowerInWatts></gpxtpx:PowerExtension></extensions></trkpt>
<trkpt lat="38.5773252" lon="-121.4630297">
<ele>8</ele><time>2025-08-29T17:36:59.999Z</time><extensions><gpxtpx:TrackPointExtension><gpxtpx:hr>142</gpxtpx:hr><gpxtpx:cad>56</gpxtpx:cad></gpxtpx:TrackPointExtension></extensions><extensions><gpxtpx:PowerExtension><gpxtpx:PowerInWatts>82</gpxtpx:PowerInWatts></gpxtpx:PowerExtension></extensions></trkpt>
<trkpt lat="38.5773419" lon="-121.4629446">
<ele>8</ele><time>2025-08-29T17:37:02.999Z</time><extensions><gpxtpx:TrackPointExtension><gpxtpx:hr>144</gpxtpx:hr><gpxtpx:cad>54</gpxtpx:cad></gpxtpx:TrackPointExtension></extensions><extensions><gpxtpx:PowerExtension><gpxtpx:PowerInWatts>82</gpxtpx:PowerInWatts></gpxtpx:PowerExtension></extensions></trkpt>
<trkpt lat="38.5773487" lon="-121.4628331">
<ele>8</ele><time>2025-08-29T17:37:04.999Z</time><extensions><gpxtpx:TrackPointExtension><gpxtpx:hr>145</gpxtpx:hr><gpxtpx:cad>56</gpxtpx:cad></gpxtpx:TrackPointExtension></extensions><extensions><gpxtpx:PowerExtension><gpxtpx:PowerInWatts>123</gpxtpx:PowerInWatts></gpxtpx:PowerExtension></extensions></trkpt>
<trkpt lat="38.5773536" lon="-121.4627498">
<ele>8</ele><time>2025-08-29T17:37:06.999Z</time><extensions><gpxtpx:TrackPointExtension><gpxtpx:hr>146</gpxtpx:hr><gpxtpx:cad>62</gpxtpx:cad></gpxtpx:TrackPointExtension></extensions><extensions><gpxtpx:PowerExtension><gpxtpx:PowerInWatts>190</gpxtpx:PowerInWatts></gpxtpx:PowerExtension></extensions></trkpt>
<trkpt lat="38.5773471" lon="-121.4626782">
<ele>8</ele><time>2025-08-29T17:37:08.999Z</time><extensions><gpxtpx:TrackPointExtension><gpxtpx:hr>147</gpxtpx:hr><gpxtpx:cad>66</gpxtpx:cad></gpxtpx:TrackPointExtension></extensions><extensions><gpxtpx:PowerExtension><gpxtpx:PowerInWatts>190</gpxtpx:PowerInWatts></gpxtpx:PowerExtension></extensions></trkpt>
<trkpt lat="38.5773103" lon="-121.4626055">
<ele>8</ele><time>2025-08-29T17:37:10.999Z</time><extensions><gpxtpx:TrackPointExtension><gpxtpx:hr>148</gpxtpx:hr><gpxtpx:cad>64</gpxtpx:cad></gpxtpx:TrackPointExtension></extensions><extensions><gpxtpx:PowerExtension><gpxtpx:PowerInWatts>223</gpxtpx:PowerInWatts></gpxtpx:PowerExtension></extensions></trkpt>
<trkpt lat="38.5772830" lon="-121.4625325">
<ele>9</ele><time>2025-08-29T17:37:12.999Z</time><extensions><gpxtpx:TrackPointExtension><gpxtpx:hr>148</gpxtpx:hr><gpxtpx:cad>78</gpxtpx:cad></gpxtpx:TrackPointExtension></extensions><extensions><gpxtpx:PowerExtension><gpxtpx:PowerInWatts>223</gpxtpx:PowerInWatts></gpxtpx:PowerExtension></extensions></trkpt>
<trkpt lat="38.5772711" lon="-121.4624629">
<ele>9</ele><time>2025-08-29T17:37:14.999Z</time><extensions><gpxtpx:TrackPointExtension><gpxtpx:hr>149</gpxtpx:hr><gpxtpx:cad>83</gpxtpx:cad></gpxtpx:TrackPointExtension></extensions><extensions><gpxtpx:PowerExtension><gpxtpx:PowerInWatts>223</gpxtpx:PowerInWatts></gpxtpx:PowerExtension></extensions></trkpt>
<trkpt lat="38.5772300" lon="-121.4624255">
<ele>9</ele><time>2025-08-29T17:37:16.999Z</time><extensions><gpxtpx:TrackPointExtension><gpxtpx:hr>149</gpxtpx:hr><gpxtpx:cad>70</gpxtpx:cad></gpxtpx:TrackPointExtension></extensions><extensions><gpxtpx:PowerExtension><gpxtpx:PowerInWatts>239</gpxtpx:PowerInWatts></gpxtpx:PowerExtension></extensions></trkpt>
<trkpt lat="38.5771665" lon="-121.4623902">
<ele>9</ele><time>2025-08-29T17:37:18.999Z</time><extensions><gpxtpx:TrackPointExtension><gpxtpx:hr>149</gpxtpx:hr><gpxtpx:cad>71</gpxtpx:cad></gpxtpx:TrackPointExtension></extensions><extensions><gpxtpx:PowerExtension><gpxtpx:PowerInWatts>239</gpxtpx:PowerInWatts></gpxtpx:PowerExtension></extensions></trkpt>
<trkpt lat="38.5771310" lon="-121.4623524">
<ele>9</ele><time>2025-08-29T17:37:20.999Z</time><extensions><gpxtpx:TrackPointExtension><gpxtpx:hr>150</gpxtpx:hr><gpxtpx:cad>74</gpxtpx:cad></gpxtpx:TrackPointExtension></extensions><extensions><gpxtpx:PowerExtension><gpxtpx:PowerInWatts>242</gpxtpx:PowerInWatts></gpxtpx:PowerExtension></extensions></trkpt>
<trkpt lat="38.5770826" lon="-121.4623078">
<ele>9</ele><time>2025-08-29T17:37:22.999Z</time><extensions><gpxtpx:TrackPointExtension><gpxtpx:hr>150</gpxtpx:hr><gpxtpx:cad>75</gpxtpx:cad></gpxtpx:TrackPointExtension></extensions><extensions><gpxtpx:PowerExtension><gpxtpx:PowerInWatts>242</gpxtpx:PowerInWatts></gpxtpx:PowerExtension></extensions></trkpt>
<trkpt lat="38.5770421" lon="-121.4622698">
<ele>9</ele><time>2025-08-29T17:37:24.999Z</time><extensions><gpxtpx:TrackPointExtension><gpxtpx:hr>151</gpxtpx:hr><gpxtpx:cad>77</gpxtpx:cad></gpxtpx:TrackPointExtension></extensions><extensions><gpxtpx:PowerExtension><gpxtpx:PowerInWatts>242</gpxtpx:PowerInWatts></gpxtpx:PowerExtension></extensions></trkpt>
<trkpt lat="38.5769965" lon="-121.4622354">
<ele>9</ele><time>2025-08-29T17:37:26.999Z</time><extensions><gpxtpx:TrackPointExtension><gpxtpx:hr>151</gpxtpx:hr><gpxtpx:cad>78</gpxtpx:cad></gpxtpx:TrackPointExtension></extensions><extensions><gpxtpx:PowerExtension><gpxtpx:PowerInWatts>257</gpxtpx:PowerInWatts></gpxtpx:PowerExtension></extensions></trkpt>
<trkpt lat="38.5769801" lon="-121.4621699">
<ele>9</ele><time>2025-08-29T17:37:28.999Z</time><extensions><gpxtpx:TrackPointExtension><gpxtpx:hr>151</gpxtpx:hr><gpxtpx:cad>78</gpxtpx:cad></gpxtpx:TrackPointExtension></extensions><extensions><gpxtpx:PowerExtension><gpxtpx:PowerInWatts>257</gpxtpx:PowerInWatts></gpxtpx:PowerExtension></extensions></trkpt>
<trkpt lat="38.5769788" lon="-121.4621118">
<ele>9</ele><time>2025-08-29T17:37:30.999Z</time><extensions><gpxtpx:TrackPointExtension><gpxtpx:hr>151</gpxtpx:hr><gpxtpx:cad>75</gpxtpx:cad></gpxtpx:TrackPointExtension></extensions><extensions><gpxtpx:PowerExtension><gpxtpx:PowerInWatts>257</gpxtpx:PowerInWatts></gpxtpx:PowerExtension></extensions></trkpt>
<trkpt lat="38.5769506" lon="-121.4620470">
<ele>9</ele><time>2025-08-29T17:37:32.999Z</time><extensions><gpxtpx:TrackPointExtension><gpxtpx:hr>152</gpxtpx:hr><gpxtpx:cad>75</gpxtpx:cad></gpxtpx:TrackPointExtension></extensions><extensions><gpxtpx:PowerExtension><gpxtpx:PowerInWatts>240</gpxtpx:PowerInWatts></gpxtpx:PowerExtension></extensions></trkpt>
<trkpt lat="38.5769368" lon="-121.4619715">
<ele>9</ele><time>2025-08-29T17:37:34.999Z</time><extensions><gpxtpx:TrackPointExtension><gpxtpx:hr>152</gpxtpx:hr><gpxtpx:cad>75</gpxtpx:cad></gpxtpx:TrackPointExtension></extensions><extensions><gpxtpx:PowerExtension><gpxtpx:PowerInWatts>240</gpxtpx:PowerInWatts></gpxtpx:PowerExtension></extensions></trkpt>
<trkpt lat="38.5769230" lon="-121.4619043">
<ele>9</ele><time>2025-08-29T17:37:36.999Z</time><extensions><gpxtpx:TrackPointExtension><gpxtpx:hr>154</gpxtpx:hr><gpxtpx:cad>78</gpxtpx:cad></gpxtpx:TrackPointExtension></extensions><extensions><gpxtpx:PowerExtension><gpxtpx:PowerInWatts>240</gpxtpx:PowerInWatts></gpxtpx:PowerExtension></extensions></trkpt>
<trkpt lat="38.5769005" lon="-121.4618460">
<ele>9</ele><time>2025-08-29T17:37:38.999Z</time><extensions><gpxtpx:TrackPointExtension><gpxtpx:hr>155</gpxtpx:hr><gpxtpx:cad>79</gpxtpx:cad></gpxtpx:TrackPointExtension></extensions><extensions><gpxtpx:PowerExtension><gpxtpx:PowerInWatts>240</gpxtpx:PowerInWatts></gpxtpx:PowerExtension></extensions></trkpt>
<trkpt lat="38.5768876" lon="-121.4617677">
<ele>9</ele><time>2025-08-29T17:37:40.999Z</time><extensions><gpxtpx:TrackPointExtension><gpxtpx:hr>155</gpxtpx:hr><gpxtpx:cad>78</gpxtpx:cad></gpxtpx:TrackPointExtension></extensions><extensions><gpxtpx:PowerExtension><gpxtpx:PowerInWatts>236</gpxtpx:PowerInWatts></gpxtpx:PowerExtension></extensions></trkpt>
<trkpt lat="38.5768718" lon="-121.4617068">
<ele>9</ele><time>2025-08-29T17:37:42.999Z</time><extensions><gpxtpx:TrackPointExtension><gpxtpx:hr>156</gpxtpx:hr><gpxtpx:cad>77</gpxtpx:cad></gpxtpx:TrackPointExtension></extensions><extensions><gpxtpx:PowerExtension><gpxtpx:PowerInWatts>236</gpxtpx:PowerInWatts></gpxtpx:PowerExtension></extensions></trkpt>
<trkpt lat="38.5768357" lon="-121.4616315">
<ele>9</ele><time>2025-08-29T17:37:45.999Z</time><extensions><gpxtpx:TrackPointExtension><gpxtpx:hr>157</gpxtpx:hr><gpxtpx:cad>81</gpxtpx:cad></gpxtpx:TrackPointExtension></extensions><extensions><gpxtpx:PowerExtension><gpxtpx:PowerInWatts>237</gpxtpx:PowerInWatts></gpxtpx:PowerExtension></extensions></trkpt>
<trkpt lat="38.5768099" lon="-121.4615679">
<ele>9</ele><time>2025-08-29T17:37:47.999Z</time><extensions><gpxtpx:TrackPointExtension><gpxtpx:hr>157</gpxtpx:hr><gpxtpx:cad>82</gpxtpx:cad></gpxtpx:TrackPointExtension></extensions><extensions><gpxtpx:PowerExtension><gpxtpx:PowerInWatts>239</gpxtpx:PowerInWatts></gpxtpx:PowerExtension></extensions></trkpt>
<trkpt lat="38.5767878" lon="-121.4615051">
<ele>9</ele><time>2025-08-29T17:37:49.999Z</time><extensions><gpxtpx:TrackPointExtension><gpxtpx:hr>157</gpxtpx:hr><gpxtpx:cad>82</gpxtpx:cad></gpxtpx:TrackPointExtension></extensions><extensions><gpxtpx:PowerExtension><gpxtpx:PowerInWatts>238</gpxtpx:PowerInWatts></gpxtpx:PowerExtension></extensions></trkpt>
<trkpt lat="38.5767564" lon="-121.4614228">
<ele>9</ele><time>2025-08-29T17:37:52.999Z</time><extensions><gpxtpx:TrackPointExtension><gpxtpx:hr>157</gpxtpx:hr><gpxtpx:cad>78</gpxtpx:cad></gpxtpx:TrackPointExtension></extensions><extensions><gpxtpx:PowerExtension><gpxtpx:PowerInWatts>235</gpxtpx:PowerInWatts></gpxtpx:PowerExtension></extensions></trkpt>
<trkpt lat="38.5767431" lon="-121.4613330">
<ele>9</ele><time>2025-08-29T17:37:55.999Z</time><extensions><gpxtpx:TrackPointExtension><gpxtpx:hr>158</gpxtpx:hr><gpxtpx:cad>78</gpxtpx:cad></gpxtpx:TrackPointExtension></extensions><extensions><gpxtpx:PowerExtension><gpxtpx:PowerInWatts>234</gpxtpx:PowerInWatts></gpxtpx:PowerExtension></extensions></trkpt>
<trkpt lat="38.5767243" lon="-121.4612677">
<ele>9</ele><time>2025-08-29T17:37:57.999Z</time><extensions><gpxtpx:TrackPointExtension><gpxtpx:hr>158</gpxtpx:hr><gpxtpx:cad>81</gpxtpx:cad></gpxtpx:TrackPointExtension></extensions><extensions><gpxtpx:PowerExtension><gpxtpx:PowerInWatts>234</gpxtpx:PowerInWatts></gpxtpx:PowerExtension></extensions></trkpt>
<trkpt lat="38.5767101" lon="-121.4611971">
<ele>9</ele><time>2025-08-29T17:37:59.999Z</time><extensions><gpxtpx:TrackPointExtension><gpxtpx:hr>159</gpxtpx:hr><gpxtpx:cad>83</gpxtpx:cad></gpxtpx:TrackPointExtension></extensions><extensions><gpxtpx:PowerExtension><gpxtpx:PowerInWatts>234</gpxtpx:PowerInWatts></gpxtpx:PowerExtension></extensions></trkpt>
<trkpt lat="38.5766830" lon="-121.4611282">
<ele>9</ele><time>2025-08-29T17:38:02.999Z</time><extensions><gpxtpx:TrackPointExtension><gpxtpx:hr>160</gpxtpx:hr><gpxtpx:cad>82</gpxtpx:cad></gpxtpx:TrackPointExtension></extensions><extensions><gpxtpx:PowerExtension><gpxtpx:PowerInWatts>232</gpxtpx:PowerInWatts></gpxtpx:PowerExtension></extensions></trkpt>
<trkpt lat="38.5766398" lon="-121.4611091">
<ele>9</ele><time>2025-08-29T17:38:04.999Z</time><extensions><gpxtpx:TrackPointExtension><gpxtpx:hr>160</gpxtpx:hr><gpxtpx:cad>80</gpxtpx:cad></gpxtpx:TrackPointExtension></extensions><extensions><gpxtpx:PowerExtension><gpxtpx:PowerInWatts>233</gpxtpx:PowerInWatts></gpxtpx:PowerExtension></extensions></trkpt>
<trkpt lat="38.5765832" lon="-121.4610769">
<ele>9</ele><time>2025-08-29T17:38:06.999Z</time><extensions><gpxtpx:TrackPointExtension><gpxtpx:hr>160</gpxtpx:hr><gpxtpx:cad>79</gpxtpx:cad></gpxtpx:TrackPointExtension></extensions><extensions><gpxtpx:PowerExtension><gpxtpx:PowerInWatts>233</gpxtpx:PowerInWatts></gpxtpx:PowerExtension></extensions></trkpt>
<trkpt lat="38.5765107" lon="-121.4610406">
<ele>8</ele><time>2025-08-29T17:38:08.999Z</time><extensions><gpxtpx:TrackPointExtension><gpxtpx:hr>161</gpxtpx:hr><gpxtpx:cad>82</gpxtpx:cad></gpxtpx:TrackPointExtension></extensions><extensions><gpxtpx:PowerExtension><gpxtpx:PowerInWatts>236</gpxtpx:PowerInWatts></gpxtpx:PowerExtension></extensions></trkpt>
<trkpt lat="38.5764372" lon="-121.4610519">
<ele>8</ele><time>2025-08-29T17:38:09.999Z</time><extensions><gpxtpx:TrackPointExtension><gpxtpx:hr>161</gpxtpx:hr><gpxtpx:cad>81</gpxtpx:cad></gpxtpx:TrackPointExtension></extensions><extensions><gpxtpx:PowerExtension><gpxtpx:PowerInWatts>236</gpxtpx:PowerInWatts></gpxtpx:PowerExtension></extensions></trkpt>
<trkpt lat="38.5763944" lon="-121.4609955">
<ele>8</ele><time>2025-08-29T17:38:11.999Z</time><extensions><gpxtpx:TrackPointExtension><gpxtpx:hr>161</gpxtpx:hr><gpxtpx:cad>79</gpxtpx:cad></gpxtpx:TrackPointExtension></extensions><extensions><gpxtpx:PowerExtension><gpxtpx:PowerInWatts>236</gpxtpx:PowerInWatts></gpxtpx:PowerExtension></extensions></trkpt>
<trkpt lat="38.5763717" lon="-121.4609280">
<ele>8</ele><time>2025-08-29T17:38:14.999Z</time><extensions><gpxtpx:TrackPointExtension><gpxtpx:hr>160</gpxtpx:hr><gpxtpx:cad>78</gpxtpx:cad></gpxtpx:TrackPointExtension></extensions><extensions><gpxtpx:PowerExtension><gpxtpx:PowerInWatts>235</gpxtpx:PowerInWatts></gpxtpx:PowerExtension></extensions></trkpt>
<trkpt lat="38.5763447" lon="-121.4608416">
<ele>8</ele><time>2025-08-29T17:38:17.999Z</time><extensions><gpxtpx:TrackPointExtension><gpxtpx:hr>160</gpxtpx:hr><gpxtpx:cad>78</gpxtpx:cad></gpxtpx:TrackPointExtension></extensions><extensions><gpxtpx:PowerExtension><gpxtpx:PowerInWatts>234</gpxtpx:PowerInWatts></gpxtpx:PowerExtension></extensions></trkpt>
<trkpt lat="38.5763168" lon="-121.4607456">
<ele>8</ele><time>2025-08-29T17:38:20.999Z</time><extensions><gpxtpx:TrackPointExtension><gpxtpx:hr>160</gpxtpx:hr><gpxtpx:cad>82</gpxtpx:cad></gpxtpx:TrackPointExtension></extensions><extensions><gpxtpx:PowerExtension><gpxtpx:PowerInWatts>222</gpxtpx:PowerInWatts></gpxtpx:PowerExtension></extensions></trkpt>
<trkpt lat="38.5763136" lon="-121.4606799">
<ele>8</ele><time>2025-08-29T17:38:22.999Z</time><extensions><gpxtpx:TrackPointExtension><gpxtpx:hr>161</gpxtpx:hr><gpxtpx:cad>83</gpxtpx:cad></gpxtpx:TrackPointExtension></extensions><extensions><gpxtpx:PowerExtension><gpxtpx:PowerInWatts>222</gpxtpx:PowerInWatts></gpxtpx:PowerExtension></extensions></trkpt>
<trkpt lat="38.5763074" lon="-121.4606038">
<ele>8</ele><time>2025-08-29T17:38:25.999Z</time><extensions><gpxtpx:TrackPointExtension><gpxtpx:hr>161</gpxtpx:hr><gpxtpx:cad>79</gpxtpx:cad></gpxtpx:TrackPointExtension></extensions><extensions><gpxtpx:PowerExtension><gpxtpx:PowerInWatts>221</gpxtpx:PowerInWatts></gpxtpx:PowerExtension></extensions></trkpt>
<trkpt lat="38.5763091" lon="-121.4605318">
<ele>8</ele><time>2025-08-29T17:38:28.999Z</time><extensions><gpxtpx:TrackPointExtension><gpxtpx:hr>162</gpxtpx:hr><gpxtpx:cad>82</gpxtpx:cad></gpxtpx:TrackPointExtension></extensions><extensions><gpxtpx:PowerExtension><gpxtpx:PowerInWatts>221</gpxtpx:PowerInWatts></gpxtpx:PowerExtension></extensions></trkpt>
<trkpt lat="38.5762606" lon="-121.4604962">
<ele>8</ele><time>2025-08-29T17:38:33.999Z</time><extensions><gpxtpx:TrackPointExtension><gpxtpx:hr>161</gpxtpx:hr><gpxtpx:cad>79</gpxtpx:cad></gpxtpx:TrackPointExtension></extensions><extensions><gpxtpx:PowerExtension><gpxtpx:PowerInWatts>220</gpxtpx:PowerInWatts></gpxtpx:PowerExtension></extensions></trkpt>
<trkpt lat="38.5762260" lon="-121.4604120">
<ele>8</ele><time>2025-08-29T17:38:35.999Z</time><extensions><gpxtpx:TrackPointExtension><gpxtpx:hr>161</gpxtpx:hr><gpxtpx:cad>78</gpxtpx:cad></gpxtpx:TrackPointExtension></extensions><extensions><gpxtpx:PowerExtension><gpxtpx:PowerInWatts>217</gpxtpx:PowerInWatts></gpxtpx:PowerExtension></extensions></trkpt>
<trkpt lat="38.5761739" lon="-121.4603168">
<ele>8</ele><time>2025-08-29T17:38:37.999Z</time><extensions><gpxtpx:TrackPointExtension><gpxtpx:hr>161</gpxtpx:hr><gpxtpx:cad>79</gpxtpx:cad></gpxtpx:TrackPointExtension></extensions><extensions><gpxtpx:PowerExtension><gpxtpx:PowerInWatts>217</gpxtpx:PowerInWatts></gpxtpx:PowerExtension></extensions></trkpt>
<trkpt lat="38.5761344" lon="-121.4602679">
<ele>8</ele><time>2025-08-29T17:38:38.999Z</time><extensions><gpxtpx:TrackPointExtension><gpxtpx:hr>161</gpxtpx:hr><gpxtpx:cad>78</gpxtpx:cad></gpxtpx:TrackPointExtension></extensions><extensions><gpxtpx:PowerExtension><gpxtpx:PowerInWatts>217</gpxtpx:PowerInWatts></gpxtpx:PowerExtension></extensions></trkpt>
<trkpt lat="38.5760885" lon="-121.4602076">
<ele>8</ele><time>2025-08-29T17:38:40.999Z</time><extensions><gpxtpx:TrackPointExtension><gpxtpx:hr>162</gpxtpx:hr><gpxtpx:cad>78</gpxtpx:cad></gpxtpx:TrackPointExtension></extensions><extensions><gpxtpx:PowerExtension><gpxtpx:PowerInWatts>213</gpxtpx:PowerInWatts></gpxtpx:PowerExtension></extensions></trkpt>
<trkpt lat="38.5760927" lon="-121.4601265">
<ele>8</ele><time>2025-08-29T17:38:42.999Z</time><extensions><gpxtpx:TrackPointExtension><gpxtpx:hr>162</gpxtpx:hr><gpxtpx:cad>78</gpxtpx:cad></gpxtpx:TrackPointExtension></extensions><extensions><gpxtpx:PowerExtension><gpxtpx:PowerInWatts>213</gpxtpx:PowerInWatts></gpxtpx:PowerExtension></extensions></trkpt>
<trkpt lat="38.5760907" lon="-121.4600527">
<ele>8</ele><time>2025-08-29T17:38:44.999Z</time><extensions><gpxtpx:TrackPointExtension><gpxtpx:hr>162</gpxtpx:hr><gpxtpx:cad>78</gpxtpx:cad></gpxtpx:TrackPointExtension></extensions><extensions><gpxtpx:PowerExtension><gpxtpx:PowerInWatts>311</gpxtpx:PowerInWatts></gpxtpx:PowerExtension></extensions></trkpt>
<trkpt lat="38.5760710" lon="-121.4600000">
<ele>8</ele><time>2025-08-29T17:38:46.999Z</time><extensions><gpxtpx:TrackPointExtension><gpxtpx:hr>162</gpxtpx:hr><gpxtpx:cad>76</gpxtpx:cad></gpxtpx:TrackPointExtension></extensions><extensions><gpxtpx:PowerExtension><gpxtpx:PowerInWatts>235</gpxtpx:PowerInWatts></gpxtpx:PowerExtension></extensions></trkpt>
<trkpt lat="38.5760457" lon="-121.4599355">
<ele>8</ele><time>2025-08-29T17:38:49.999Z</time><extensions><gpxtpx:TrackPointExtension><gpxtpx:hr>163</gpxtpx:hr><gpxtpx:cad>69</gpxtpx:cad></gpxtpx:TrackPointExtension></extensions><extensions><gpxtpx:PowerExtension><gpxtpx:PowerInWatts>235</gpxtpx:PowerInWatts></gpxtpx:PowerExtension></extensions></trkpt>
<trkpt lat="38.5760198" lon="-121.4598655">
<ele>8</ele><time>2025-08-29T17:38:51.999Z</time><extensions><gpxtpx:TrackPointExtension><gpxtpx:hr>163</gpxtpx:hr><gpxtpx:cad>63</gpxtpx:cad></gpxtpx:TrackPointExtension></extensions><extensions><gpxtpx:PowerExtension><gpxtpx:PowerInWatts>235</gpxtpx:PowerInWatts></gpxtpx:PowerExtension></extensions></trkpt>
<trkpt lat="38.5760657" lon="-121.4598559">
<ele>8</ele><time>2025-08-29T17:38:54.999Z</time><extensions><gpxtpx:TrackPointExtension><gpxtpx:hr>163</gpxtpx:hr><gpxtpx:cad>55</gpxtpx:cad></gpxtpx:TrackPointExtension></extensions><extensions><gpxtpx:PowerExtension><gpxtpx:PowerInWatts>210</gpxtpx:PowerInWatts></gpxtpx:PowerExtension></extensions></trkpt>
<trkpt lat="38.5762194" lon="-121.4597942">
<ele>8</ele><time>2025-08-29T17:38:57.999Z</time><extensions><gpxtpx:TrackPointExtension><gpxtpx:hr>164</gpxtpx:hr><gpxtpx:cad>54</gpxtpx:cad></gpxtpx:TrackPointExtension></extensions><extensions><gpxtpx:PowerExtension><gpxtpx:PowerInWatts>210</gpxtpx:PowerInWatts></gpxtpx:PowerExtension></extensions></trkpt>
<trkpt lat="38.5762693" lon="-121.4597688">
<ele>8</ele><time>2025-08-29T17:39:01.999Z</time><extensions><gpxtpx:TrackPointExtension><gpxtpx:hr>164</gpxtpx:hr><gpxtpx:cad>51</gpxtpx:cad></gpxtpx:TrackPointExtension></extensions><extensions><gpxtpx:PowerExtension><gpxtpx:PowerInWatts>221</gpxtpx:PowerInWatts></gpxtpx:PowerExtension></extensions></trkpt>
<trkpt lat="38.5763078" lon="-121.4597373">
<ele>8</ele><time>2025-08-29T17:39:06.999Z</time><extensions><gpxtpx:TrackPointExtension><gpxtpx:hr>162</gpxtpx:hr><gpxtpx:cad>49</gpxtpx:cad></gpxtpx:TrackPointExtension></extensions><extensions><gpxtpx:PowerExtension><gpxtpx:PowerInWatts>86</gpxtpx:PowerInWatts></gpxtpx:PowerExtension></extensions></trkpt>
<trkpt lat="38.5763555" lon="-121.4597192">
<ele>8</ele><time>2025-08-29T17:39:11.999Z</time><extensions><gpxtpx:TrackPointExtension><gpxtpx:hr>161</gpxtpx:hr><gpxtpx:cad>47</gpxtpx:cad></gpxtpx:TrackPointExtension></extensions><extensions><gpxtpx:PowerExtension><gpxtpx:PowerInWatts>81</gpxtpx:PowerInWatts></gpxtpx:PowerExtension></extensions></trkpt>
<trkpt lat="38.5764007" lon="-121.4596921">
<ele>8</ele><time>2025-08-29T17:39:15.999Z</time><extensions><gpxtpx:TrackPointExtension><gpxtpx:hr>160</gpxtpx:hr><gpxtpx:cad>45</gpxtpx:cad></gpxtpx:TrackPointExtension></extensions><extensions><gpxtpx:PowerExtension><gpxtpx:PowerInWatts>80</gpxtpx:PowerInWatts></gpxtpx:PowerExtension></extensions></trkpt>
<trkpt lat="38.5764491" lon="-121.4596765">
<ele>8</ele><time>2025-08-29T17:39:19.999Z</time><extensions><gpxtpx:TrackPointExtension><gpxtpx:hr>159</gpxtpx:hr><gpxtpx:cad>45</gpxtpx:cad></gpxtpx:TrackPointExtension></extensions><extensions><gpxtpx:PowerExtension><gpxtpx:PowerInWatts>80</gpxtpx:PowerInWatts></gpxtpx:PowerExtension></extensions></trkpt>
<trkpt lat="38.5764386" lon="-121.4596019">
<ele>8</ele><time>2025-08-29T17:39:22.999Z</time><extensions><gpxtpx:TrackPointExtension><gpxtpx:hr>158</gpxtpx:hr><gpxtpx:cad>37</gpxtpx:cad></gpxtpx:TrackPointExtension></extensions><extensions><gpxtpx:PowerExtension><gpxtpx:PowerInWatts>87</gpxtpx:PowerInWatts></gpxtpx:PowerExtension></extensions></trkpt>
<trkpt lat="38.5764245" lon="-121.4595301">
<ele>8</ele><time>2025-08-29T17:39:26.999Z</time><extensions><gpxtpx:TrackPointExtension><gpxtpx:hr>157</gpxtpx:hr><gpxtpx:cad>37</gpxtpx:cad></gpxtpx:TrackPointExtension></extensions><extensions><gpxtpx:PowerExtension><gpxtpx:PowerInWatts>75</gpxtpx:PowerInWatts></gpxtpx:PowerExtension></extensions></trkpt>
</trkseg></trk>
</gpx>
