<gpx version="1.1" creator="Apple Watch" xsi:schemaLocation="http://www.topografix.com/GPX/1/1 http://www.topografix.com/GPX/1/1/gpx.xsd http://www.garmin.com/xmlschemas/GpxExtensions/v3 http://www.garmin.com/xmlschemas/GpxExtensionsv3.xsd http://www.garmin.com/xmlschemas/TrackPointExtension/v1 http://www.garmin.com/xmlschemas/TrackPointExtensionv1.xsd" xmlns="http://www.topografix.com/GPX/1/1" xmlns:gpxtpx="http://www.garmin.com/xmlschemas/TrackPointExtension/v1" xmlns:gpxx="http://www.garmin.com/xmlschemas/GpxExtensions/v3" xmlns:xsi="http://www.w3.org/2001/XMLSchema-instance"><metadata><name>Saturday Morning Run</name></metadata>
<trk><name>Saturday Morning Run</name><type>running</type>
<wpt lat="38.5760909" lon="-121.4583445">
<name>Start</name>
<ele>9</ele>
<time>2025-08-30T17:03:23.761Z</time>
<type>user</type>
</wpt>
<wpt lat="38.5797806" lon="-121.4509030">
<name>Lap 2</name>
<ele>10</ele>
<time>2025-08-30T17:13:13.000Z</time>
<type>user</type>
</wpt>
<wpt lat="38.5824045" lon="-121.4498022">
<name>Lap 3</name>
<ele>11</ele>
<time>2025-08-30T17:23:36.000Z</time>
<type>user</type>
</wpt>
<wpt lat="38.5788470" lon="-121.4445620">
<name>Lap 4</name>
<ele>11</ele>
<time>2025-08-30T17:32:51.000Z</time>
<type>user</type>
</wpt>
<wpt lat="38.5764197" lon="-121.4440100">
<name>Lap 5</name>
<ele>12</ele>
<time>2025-08-30T17:46:10.999Z</time>
<type>user</type>
</wpt>
<wpt lat="38.5725817" lon="-121.4455225">
<name>Lap 6</name>
<ele>13</ele>
<time>2025-08-30T17:57:43.999Z</time>
<type>user</type>
</wpt>
<wpt lat="38.5762067" lon="-121.4514347">
<name>Lap 7</name>
<ele>12</ele>
<time>2025-08-30T18:06:22.000Z</time>
<type>user</type>
</wpt>
<wpt lat="38.5765954" lon="-121.4588478">
<name>Lap 8</name>
<ele>11</ele>
<time>2025-08-30T18:18:52.000Z</time>
<type>user</type>
</wpt>
<trkseg>
<trkpt lat="38.5760909" lon="-121.4583445">
<ele>9</ele><time>2025-08-30T17:03:23.761Z</time><extensions><gpxtpx:TrackPointExtension><gpxtpx:hr>97</gpxtpx:hr><gpxtpx:cad>0</gpxtpx:cad></gpxtpx:TrackPointExtension></extensions><extensions><gpxtpx:PowerExtension><gpxtpx:PowerInWatts>0</gpxtpx:PowerInWatts></gpxtpx:PowerExtension></extensions></trkpt>
<trkpt lat="38.5761208" lon="-121.4582827">
<ele>9</ele><time>2025-08-30T17:03:30.002Z</time><extensions><gpxtpx:TrackPointExtension><gpxtpx:hr>97</gpxtpx:hr><gpxtpx:cad>34</gpxtpx:cad></gpxtpx:TrackPointExtension></extensions><extensions><gpxtpx:PowerExtension><gpxtpx:PowerInWatts>0</gpxtpx:PowerInWatts></gpxtpx:PowerExtension></extensions></trkpt>
<trkpt lat="38.5761140" lon="-121.4582134">
<ele>9</ele><time>2025-08-30T17:03:35.002Z</time><extensions><gpxtpx:TrackPointExtension><gpxtpx:hr>102</gpxtpx:hr><gpxtpx:cad>34</gpxtpx:cad></gpxtpx:TrackPointExtension></extensions><extensions><gpxtpx:PowerExtension><gpxtpx:PowerInWatts>0</gpxtpx:PowerInWatts></gpxtpx:PowerExtension></extensions></trkpt>
<trkpt lat="38.5760935" lon="-121.4581470">
<ele>9</ele><time>2025-08-30T17:03:40.001Z</time><extensions><gpxtpx:TrackPointExtension><gpxtpx:hr>103</gpxtpx:hr><gpxtpx:cad>35</gpxtpx:cad></gpxtpx:TrackPointExtension></extensions><extensions><gpxtpx:PowerExtension><gpxtpx:PowerInWatts>56</gpxtpx:PowerInWatts></gpxtpx:PowerExtension></extensions></trkpt>
<trkpt lat="38.5760745" lon="-121.4580810">
<ele>9</ele><time>2025-08-30T17:03:44.000Z</time><extensions><gpxtpx:TrackPointExtension><gpxtpx:hr>103</gpxtpx:hr><gpxtpx:cad>38</gpxtpx:cad></gpxtpx:TrackPointExtension></extensions><extensions><gpxtpx:PowerExtension><gpxtpx:PowerInWatts>57</gpxtpx:PowerInWatts></gpxtpx:PowerExtension></extensions></trkpt>
<trkpt lat="38.5760397" lon="-121.4580371">
<ele>9</ele><time>2025-08-30T17:03:47.000Z</time><extensions><gpxtpx:TrackPointExtension><gpxtpx:hr>103</gpxtpx:hr><gpxtpx:cad>39</gpxtpx:cad></gpxtpx:TrackPointExtension></extensions><extensions><gpxtpx:PowerExtension><gpxtpx:PowerInWatts>60</gpxtpx:PowerInWatts></gpxtpx:PowerExtension></extensions></trkpt>
<trkpt lat="38.5760089" lon="-121.4579873">
<ele>9</ele><time>2025-08-30T17:03:51.000Z</time><extensions><gpxtpx:TrackPointExtension><gpxtpx:hr>102</gpxtpx:hr><gpxtpx:cad>41</gpxtpx:cad></gpxtpx:TrackPointExtension></extensions><extensions><gpxtpx:PowerExtension><gpxtpx:PowerInWatts>60</gpxtpx:PowerInWatts></gpxtpx:PowerExtension></extensions></trkpt>
<trkpt lat="38.5759983" lon="-121.4579137">
<ele>9</ele><time>2025-08-30T17:03:55.999Z</time><extensions><gpxtpx:TrackPointExtension><gpxtpx:hr>102</gpxtpx:hr><gpxtpx:cad>41</gpxtpx:cad></gpxtpx:TrackPointExtension></extensions><extensions><gpxtpx:PowerExtension><gpxtpx:PowerInWatts>60</gpxtpx:PowerInWatts></gpxtpx:PowerExtension></extensions></trkpt>
<trkpt lat="38.5760070" lon="-121.4578466">
<ele>9</ele><time>2025-08-30T17:03:59.999Z</time><extensions><gpxtpx:TrackPointExtension><gpxtpx:hr>101</gpxtpx:hr><gpxtpx:cad>42</gpxtpx:cad></gpxtpx:TrackPointExtension></extensions><extensions><gpxtpx:PowerExtension><gpxtpx:PowerInWatts>79</gpxtpx:PowerInWatts></gpxtpx:PowerExtension></extensions></trkpt>
<trkpt lat="38.5759795" lon="-121.4577942">
<ele>9</ele><time>2025-08-30T17:04:03.999Z</time><extensions><gpxtpx:TrackPointExtension><gpxtpx:hr>101</gpxtpx:hr><gpxtpx:cad>44</gpxtpx:cad></gpxtpx:TrackPointExtension></extensions><extensions><gpxtpx:PowerExtension><gpxtpx:PowerInWatts>79</gpxtpx:PowerInWatts></gpxtpx:PowerExtension></extensions></trkpt>
<trkpt lat="38.5759525" lon="-121.4577470">
<ele>9</ele><time>2025-08-30T17:04:06.999Z</time><extensions><gpxtpx:TrackPointExtension><gpxtpx:hr>103</gpxtpx:hr><gpxtpx:cad>45</gpxtpx:cad></gpxtpx:TrackPointExtension></extensions><extensions><gpxtpx:PowerExtension><gpxtpx:PowerInWatts>89</gpxtpx:PowerInWatts></gpxtpx:PowerExtension></extensions></trkpt>
<trkpt lat="38.5759602" lon="-121.4576750">
<ele>9</ele><time>2025-08-30T17:04:13.999Z</time><extensions><gpxtpx:TrackPointExtension><gpxtpx:hr>105</gpxtpx:hr><gpxtpx:cad>48</gpxtpx:cad></gpxtpx:TrackPointExtension></extensions><extensions><gpxtpx:PowerExtension><gpxtpx:PowerInWatts>88</gpxtpx:PowerInWatts></gpxtpx:PowerExtension></extensions></trkpt>
<trkpt lat="38.5759412" lon="-121.4576085">
<ele>9</ele><time>2025-08-30T17:04:18.999Z</time><extensions><gpxtpx:TrackPointExtension><gpxtpx:hr>105</gpxtpx:hr><gpxtpx:cad>52</gpxtpx:cad></gpxtpx:TrackPointExtension></extensions><extensions><gpxtpx:PowerExtension><gpxtpx:PowerInWatts>85</gpxtpx:PowerInWatts></gpxtpx:PowerExtension></extensions></trkpt>
<trkpt lat="38.5759882" lon="-121.4575742">
<ele>9</ele><time>2025-08-30T17:04:22.999Z</time><extensions><gpxtpx:TrackPointExtension><gpxtpx:hr>106</gpxtpx:hr><gpxtpx:cad>56</gpxtpx:cad></gpxtpx:TrackPointExtension></extensions><extensions><gpxtpx:PowerExtension><gpxtpx:PowerInWatts>94</gpxtpx:PowerInWatts></gpxtpx:PowerExtension></extensions></trkpt>
<trkpt lat="38.5760448" lon="-121.4575546">
<ele>9</ele><time>2025-08-30T17:04:24.999Z</time><extensions><gpxtpx:TrackPointExtension><gpxtpx:hr>109</gpxtpx:hr><gpxtpx:cad>60</gpxtpx:cad></gpxtpx:TrackPointExtension></extensions><extensions><gpxtpx:PowerExtension><gpxtpx:PowerInWatts>94</gpxtpx:PowerInWatts></gpxtpx:PowerExtension></extensions></trkpt>
<trkpt lat="38.5762099" lon="-121.4574680">
<ele>9</ele><time>2025-08-30T17:04:26.999Z</time><extensions><gpxtpx:TrackPointExtension><gpxtpx:hr>110</gpxtpx:hr><gpxtpx:cad>61</gpxtpx:cad></gpxtpx:TrackPointExtension></extensions><extensions><gpxtpx:PowerExtension><gpxtpx:PowerInWatts>363</gpxtpx:PowerInWatts></gpxtpx:PowerExtension></extensions></trkpt>
<trkpt lat="38.5762594" lon="-121.4574401">
<ele>9</ele><time>2025-08-30T17:04:28.999Z</time><extensions><gpxtpx:TrackPointExtension><gpxtpx:hr>113</gpxtpx:hr><gpxtpx:cad>65</gpxtpx:cad></gpxtpx:TrackPointExtension></extensions><extensions><gpxtpx:PowerExtension><gpxtpx:PowerInWatts>363</gpxtpx:PowerInWatts></gpxtpx:PowerExtension></extensions></trkpt>
<trkpt lat="38.5763111" lon="-121.4574166">
<ele>9</ele><time>2025-08-30T17:04:30.999Z</time><extensions><gpxtpx:TrackPointExtension><gpxtpx:hr>114</gpxtpx:hr><gpxtpx:cad>75</gpxtpx:cad></gpxtpx:TrackPointExtension></extensions><extensions><gpxtpx:PowerExtension><gpxtpx:PowerInWatts>145</gpxtpx:PowerInWatts></gpxtpx:PowerExtension></extensions></trkpt>
<trkpt lat="38.5763780" lon="-121.4573862">
<ele>9</ele><time>2025-08-30T17:04:33.999Z</time><extensions><gpxtpx:TrackPointExtension><gpxtpx:hr>116</gpxtpx:hr><gpxtpx:cad>79</gpxtpx:cad></gpxtpx:TrackPointExtension></extensions><extensions><gpxtpx:PowerExtension><gpxtpx:PowerInWatts>145</gpxtpx:PowerInWatts></gpxtpx:PowerExtension></extensions></trkpt>
<trkpt lat="38.5764276" lon="-121.4573650">
<ele>9</ele><time>2025-08-30T17:04:35.999Z</time><extensions><gpxtpx:TrackPointExtension><gpxtpx:hr>119</gpxtpx:hr><gpxtpx:cad>84</gpxtpx:cad></gpxtpx:TrackPointExtension></extensions><extensions><gpxtpx:PowerExtension><gpxtpx:PowerInWatts>208</gpxtpx:PowerInWatts></gpxtpx:PowerExtension></extensions></trkpt>
<trkpt lat="38.5764812" lon="-121.4573421">
<ele>9</ele><time>2025-08-30T17:04:37.999Z</time><extensions><gpxtpx:TrackPointExtension><gpxtpx:hr>121</gpxtpx:hr><gpxtpx:cad>81</gpxtpx:cad></gpxtpx:TrackPointExtension></extensions><extensions><gpxtpx:PowerExtension><gpxtpx:PowerInWatts>208</gpxtpx:PowerInWatts></gpxtpx:PowerExtension></extensions></trkpt>
<trkpt lat="38.5765286" lon="-121.4573217">
<ele>9</ele><time>2025-08-30T17:04:39.999Z</time><extensions><gpxtpx:TrackPointExtension><gpxtpx:hr>123</gpxtpx:hr><gpxtpx:cad>79</gpxtpx:cad></gpxtpx:TrackPointExtension></extensions><extensions><gpxtpx:PowerExtension><gpxtpx:PowerInWatts>208</gpxtpx:PowerInWatts></gpxtpx:PowerExtension></extensions></trkpt>
<trkpt lat="38.5765813" lon="-121.4572992">
<ele>9</ele><time>2025-08-30T17:04:41.999Z</time><extensions><gpxtpx:TrackPointExtension><gpxtpx:hr>124</gpxtpx:hr><gpxtpx:cad>81</gpxtpx:cad></gpxtpx:TrackPointExtension></extensions><extensions><gpxtpx:PowerExtension><gpxtpx:PowerInWatts>212</gpxtpx:PowerInWatts></gpxtpx:PowerExtension></extensions></trkpt>
<trkpt lat="38.5766262" lon="-121.4572800">
<ele>9</ele><time>2025-08-30T17:04:43.999Z</time><extensions><gpxtpx:TrackPointExtension><gpxtpx:hr>126</gpxtpx:hr><gpxtpx:cad>80</gpxtpx:cad></gpxtpx:TrackPointExtension></extensions><extensions><gpxtpx:PowerExtension><gpxtpx:PowerInWatts>212</gpxtpx:PowerInWatts></gpxtpx:PowerExtension></extensions></trkpt>
<trkpt lat="38.5766787" lon="-121.4572576">
<ele>9</ele><time>2025-08-30T17:04:45.999Z</time><extensions><gpxtpx:TrackPointExtension><gpxtpx:hr>126</gpxtpx:hr><gpxtpx:cad>77</gpxtpx:cad></gpxtpx:TrackPointExtension></extensions><extensions><gpxtpx:PowerExtension><gpxtpx:PowerInWatts>212</gpxtpx:PowerInWatts></gpxtpx:PowerExtension></extensions></trkpt>
<trkpt lat="38.5767545" lon="-121.4572251">
<ele>9</ele><time>2025-08-30T17:04:47.999Z</time><extensions><gpxtpx:TrackPointExtension><gpxtpx:hr>127</gpxtpx:hr><gpxtpx:cad>77</gpxtpx:cad></gpxtpx:TrackPointExtension></extensions><extensions><gpxtpx:PowerExtension><gpxtpx:PowerInWatts>218</gpxtpx:PowerInWatts></gpxtpx:PowerExtension></extensions></trkpt>
<trkpt lat="38.5768064" lon="-121.4572039">
<ele>9</ele><time>2025-08-30T17:04:49.999Z</time><extensions><gpxtpx:TrackPointExtension><gpxtpx:hr>128</gpxtpx:hr><gpxtpx:cad>79</gpxtpx:cad></gpxtpx:TrackPointExtension></extensions><extensions><gpxtpx:PowerExtension><gpxtpx:PowerInWatts>218</gpxtpx:PowerInWatts></gpxtpx:PowerExtension></extensions></trkpt>
<trkpt lat="38.5768632" lon="-121.4571656">
<ele>10</ele><time>2025-08-30T17:04:52.999Z</time><extensions><gpxtpx:TrackPointExtension><gpxtpx:hr>129</gpxtpx:hr><gpxtpx:cad>77</gpxtpx:cad></gpxtpx:TrackPointExtension></extensions><extensions><gpxtpx:PowerExtension><gpxtpx:PowerInWatts>234</gpxtpx:PowerInWatts></gpxtpx:PowerExtension></extensions></trkpt>
<trkpt lat="38.5769189" lon="-121.4571554">
<ele>10</ele><time>2025-08-30T17:04:54.999Z</time><extensions><gpxtpx:TrackPointExtension><gpxtpx:hr>130</gpxtpx:hr><gpxtpx:cad>81</gpxtpx:cad></gpxtpx:TrackPointExtension></extensions><extensions><gpxtpx:PowerExtension><gpxtpx:PowerInWatts>242</gpxtpx:PowerInWatts></gpxtpx:PowerExtension></extensions></trkpt>
<trkpt lat="38.5769653" lon="-121.4571357">
<ele>10</ele><time>2025-08-30T17:04:56.999Z</time><extensions><gpxtpx:TrackPointExtension><gpxtpx:hr>131</gpxtpx:hr><gpxtpx:cad>78</gpxtpx:cad></gpxtpx:TrackPointExtension></extensions><extensions><gpxtpx:PowerExtension><gpxtpx:PowerInWatts>242</gpxtpx:PowerInWatts></gpxtpx:PowerExtension></extensions></trkpt>
<trkpt lat="38.5770263" lon="-121.4571098">
<ele>10</ele><time>2025-08-30T17:04:59.999Z</time><extensions><gpxtpx:TrackPointExtension><gpxtpx:hr>131</gpxtpx:hr><gpxtpx:cad>79</gpxtpx:cad></gpxtpx:TrackPointExtension></extensions><extensions><gpxtpx:PowerExtension><gpxtpx:PowerInWatts>216</gpxtpx:PowerInWatts></gpxtpx:PowerExtension></extensions></trkpt>
<trkpt lat="38.5770799" lon="-121.4570497">
<ele>10</ele><time>2025-08-30T17:05:02.999Z</time><extensions><gpxtpx:TrackPointExtension><gpxtpx:hr>131</gpxtpx:hr><gpxtpx:cad>79</gpxtpx:cad></gpxtpx:TrackPointExtension></extensions><extensions><gpxtpx:PowerExtension><gpxtpx:PowerInWatts>214</gpxtpx:PowerInWatts></gpxtpx:PowerExtension></extensions></trkpt>
<trkpt lat="38.5771346" lon="-121.4570208">
<ele>10</ele><time>2025-08-30T17:05:04.999Z</time><extensions><gpxtpx:TrackPointExtension><gpxtpx:hr>132</gpxtpx:hr><gpxtpx:cad>76</gpxtpx:cad></gpxtpx:TrackPointExtension></extensions><extensions><gpxtpx:PowerExtension><gpxtpx:PowerInWatts>214</gpxtpx:PowerInWatts></gpxtpx:PowerExtension></extensions></trkpt>
<trkpt lat="38.5771954" lon="-121.4570212">
<ele>10</ele><time>2025-08-30T17:05:06.999Z</time><extensions><gpxtpx:TrackPointExtension><gpxtpx:hr>132</gpxtpx:hr><gpxtpx:cad>74</gpxtpx:cad></gpxtpx:TrackPointExtension></extensions><extensions><gpxtpx:PowerExtension><gpxtpx:PowerInWatts>205</gpxtpx:PowerInWatts></gpxtpx:PowerExtension></extensions></trkpt>
<trkpt lat="38.5772425" lon="-121.4570027">
<ele>10</ele><time>2025-08-30T17:05:08.999Z</time><extensions><gpxtpx:TrackPointExtension><gpxtpx:hr>132</gpxtpx:hr><gpxtpx:cad>79</gpxtpx:cad></gpxtpx:TrackPointExtension></extensions><extensions><gpxtpx:PowerExtension><gpxtpx:PowerInWatts>206</gpxtpx:PowerInWatts></gpxtpx:PowerExtension></extensions></trkpt>
<trkpt lat="38.5772906" lon="-121.4569720">
<ele>10</ele><time>2025-08-30T17:05:10.999Z</time><extensions><gpxtpx:TrackPointExtension><gpxtpx:hr>132</gpxtpx:hr><gpxtpx:cad>76</gpxtpx:cad></gpxtpx:TrackPointExtension></extensions><extensions><gpxtpx:PowerExtension><gpxtpx:PowerInWatts>206</gpxtpx:PowerInWatts></gpxtpx:PowerExtension></extensions></trkpt>
<trkpt lat="38.5772998" lon="-121.4569108">
<ele>10</ele><time>2025-08-30T17:05:12.999Z</time><extensions><gpxtpx:TrackPointExtension><gpxtpx:hr>132</gpxtpx:hr><gpxtpx:cad>78</gpxtpx:cad></gpxtpx:TrackPointExtension></extensions><extensions><gpxtpx:PowerExtension><gpxtpx:PowerInWatts>213</gpxtpx:PowerInWatts></gpxtpx:PowerExtension></extensions></trkpt>
<trkpt lat="38.5773260" lon="-121.4568480">
<ele>10</ele><time>2025-08-30T17:05:14.999Z</time><extensions><gpxtpx:TrackPointExtension><gpxtpx:hr>131</gpxtpx:hr><gpxtpx:cad>80</gpxtpx:cad></gpxtpx:TrackPointExtension></extensions><extensions><gpxtpx:PowerExtension><gpxtpx:PowerInWatts>211</gpxtpx:PowerInWatts></gpxtpx:PowerExtension></extensions></trkpt>
<trkpt lat="38.5773935" lon="-121.4568447">
<ele>10</ele><time>2025-08-30T17:05:16.999Z</time><extensions><gpxtpx:TrackPointExtension><gpxtpx:hr>131</gpxtpx:hr><gpxtpx:cad>84</gpxtpx:cad></gpxtpx:TrackPointExtension></extensions><extensions><gpxtpx:PowerExtension><gpxtpx:PowerInWatts>211</gpxtpx:PowerInWatts></gpxtpx:PowerExtension></extensions></trkpt>
<trkpt lat="38.5774403" lon="-121.4568390">
<ele>9</ele><time>2025-08-30T17:05:18.999Z</time><extensions><gpxtpx:TrackPointExtension><gpxtpx:hr>132</gpxtpx:hr><gpxtpx:cad>81</gpxtpx:cad></gpxtpx:TrackPointExtension></extensions><extensions><gpxtpx:PowerExtension><gpxtpx:PowerInWatts>210</gpxtpx:PowerInWatts></gpxtpx:PowerExtension></extensions></trkpt>
<trkpt lat="38.5774875" lon="-121.4568178">
<ele>9</ele><time>2025-08-30T17:05:20.999Z</time><extensions><gpxtpx:TrackPointExtension><gpxtpx:hr>132</gpxtpx:hr><gpxtpx:cad>77</gpxtpx:cad></gpxtpx:TrackPointExtension></extensions><extensions><gpxtpx:PowerExtension><gpxtpx:PowerInWatts>210</gpxtpx:PowerInWatts></gpxtpx:PowerExtension></extensions></trkpt>
<trkpt lat="38.5775267" lon="-121.4567847">
<ele>9</ele><time>2025-08-30T17:05:22.999Z</time><extensions><gpxtpx:TrackPointExtension><gpxtpx:hr>132</gpxtpx:hr><gpxtpx:cad>77</gpxtpx:cad></gpxtpx:TrackPointExtension></extensions><extensions><gpxtpx:PowerExtension><gpxtpx:PowerInWatts>206</gpxtpx:PowerInWatts></gpxtpx:PowerExtension></extensions></trkpt>
<trkpt lat="38.5775886" lon="-121.4567459">
<ele>9</ele><time>2025-08-30T17:05:25.999Z</time><extensions><gpxtpx:TrackPointExtension><gpxtpx:hr>133</gpxtpx:hr><gpxtpx:cad>79</gpxtpx:cad></gpxtpx:TrackPointExtension></extensions><extensions><gpxtpx:PowerExtension><gpxtpx:PowerInWatts>210</gpxtpx:PowerInWatts></gpxtpx:PowerExtension></extensions></trkpt>
<trkpt lat="38.5776458" lon="-121.4567450">
<ele>9</ele><time>2025-08-30T17:05:27.999Z</time><extensions><gpxtpx:TrackPointExtension><gpxtpx:hr>135</gpxtpx:hr><gpxtpx:cad>81</gpxtpx:cad></gpxtpx:TrackPointExtension></extensions><extensions><gpxtpx:PowerExtension><gpxtpx:PowerInWatts>207</gpxtpx:PowerInWatts></gpxtpx:PowerExtension></extensions></trkpt>
<trkpt lat="38.5777052" lon="-121.4567202">
<ele>9</ele><time>2025-08-30T17:05:29.999Z</time><extensions><gpxtpx:TrackPointExtension><gpxtpx:hr>135</gpxtpx:hr><gpxtpx:cad>81</gpxtpx:cad></gpxtpx:TrackPointExtension></extensions><extensions><gpxtpx:PowerExtension><gpxtpx:PowerInWatts>207</gpxtpx:PowerInWatts></gpxtpx:PowerExtension></extensions></trkpt>
<trkpt lat="38.5777580" lon="-121.4567011">
<ele>9</ele><time>2025-08-30T17:05:31.999Z</time><extensions><gpxtpx:TrackPointExtension><gpxtpx:hr>136</gpxtpx:hr><gpxtpx:cad>78</gpxtpx:cad></gpxtpx:TrackPointExtension></extensions><extensions><gpxtpx:PowerExtension><gpxtpx:PowerInWatts>206</gpxtpx:PowerInWatts></gpxtpx:PowerExtension></extensions></trkpt>
<trkpt lat="38.5778065" lon="-121.4566561">
<ele>9</ele><time>2025-08-30T17:05:34.999Z</time><extensions><gpxtpx:TrackPointExtension><gpxtpx:hr>137</gpxtpx:hr><gpxtpx:cad>76</gpxtpx:cad></gpxtpx:TrackPointExtension></extensions><extensions><gpxtpx:PowerExtension><gpxtpx:PowerInWatts>206</gpxtpx:PowerInWatts></gpxtpx:PowerExtension></extensions></trkpt>
<trkpt lat="38.5778635" lon="-121.4566238">
<ele>9</ele><time>2025-08-30T17:05:37.999Z</time><extensions><gpxtpx:TrackPointExtension><gpxtpx:hr>137</gpxtpx:hr><gpxtpx:cad>79</gpxtpx:cad></gpxtpx:TrackPointExtension></extensions><extensions><gpxtpx:PowerExtension><gpxtpx:PowerInWatts>212</gpxtpx:PowerInWatts></gpxtpx:PowerExtension></extensions></trkpt>
<trkpt lat="38.5779088" lon="-121.4565997">
<ele>9</ele><time>2025-08-30T17:05:39.999Z</time><extensions><gpxtpx:TrackPointExtension><gpxtpx:hr>138</gpxtpx:hr><gpxtpx:cad>81</gpxtpx:cad></gpxtpx:TrackPointExtension></extensions><extensions><gpxtpx:PowerExtension><gpxtpx:PowerInWatts>209</gpxtpx:PowerInWatts></gpxtpx:PowerExtension></extensions></trkpt>
<trkpt lat="38.5779626" lon="-121.4565583">
<ele>9</ele><time>2025-08-30T17:05:42.999Z</time><extensions><gpxtpx:TrackPointExtension><gpxtpx:hr>138</gpxtpx:hr><gpxtpx:cad>80</gpxtpx:cad></gpxtpx:TrackPointExtension></extensions><extensions><gpxtpx:PowerExtension><gpxtpx:PowerInWatts>202</gpxtpx:PowerInWatts></gpxtpx:PowerExtension></extensions></trkpt>
<trkpt lat="38.5780070" lon="-121.4565406">
<ele>10</ele><time>2025-08-30T17:05:44.999Z</time><extensions><gpxtpx:TrackPointExtension><gpxtpx:hr>139</gpxtpx:hr><gpxtpx:cad>81</gpxtpx:cad></gpxtpx:TrackPointExtension></extensions><extensions><gpxtpx:PowerExtension><gpxtpx:PowerInWatts>202</gpxtpx:PowerInWatts></gpxtpx:PowerExtension></extensions></trkpt>
<trkpt lat="38.5780550" lon="-121.4565309">
<ele>10</ele><time>2025-08-30T17:05:46.999Z</time><extensions><gpxtpx:TrackPointExtension><gpxtpx:hr>139</gpxtpx:hr><gpxtpx:cad>80</gpxtpx:cad></gpxtpx:TrackPointExtension></extensions><extensions><gpxtpx:PowerExtension><gpxtpx:PowerInWatts>202</gpxtpx:PowerInWatts></gpxtpx:PowerExtension></extensions></trkpt>
<trkpt lat="38.5781108" lon="-121.4565048">
<ele>10</ele><time>2025-08-30T17:05:48.999Z</time><extensions><gpxtpx:TrackPointExtension><gpxtpx:hr>139</gpxtpx:hr><gpxtpx:cad>79</gpxtpx:cad></gpxtpx:TrackPointExtension></extensions><extensions><gpxtpx:PowerExtension><gpxtpx:PowerInWatts>196</gpxtpx:PowerInWatts></gpxtpx:PowerExtension></extensions></trkpt>
<trkpt lat="38.5781584" lon="-121.4565139">
<ele>10</ele><time>2025-08-30T17:05:50.999Z</time><extensions><gpxtpx:TrackPointExtension><gpxtpx:hr>140</gpxtpx:hr><gpxtpx:cad>79</gpxtpx:cad></gpxtpx:TrackPointExtension></extensions><extensions><gpxtpx:PowerExtension><gpxtpx:PowerInWatts>195</gpxtpx:PowerInWatts></gpxtpx:PowerExtension></extensions></trkpt>
<trkpt lat="38.5782242" lon="-121.4565116">
<ele>10</ele><time>2025-08-30T17:05:52.999Z</time><extensions><gpxtpx:TrackPointExtension><gpxtpx:hr>141</gpxtpx:hr><gpxtpx:cad>82</gpxtpx:cad></gpxtpx:TrackPointExtension></extensions><extensions><gpxtpx:PowerExtension><gpxtpx:PowerInWatts>200</gpxtpx:PowerInWatts></gpxtpx:PowerExtension></extensions></trkpt>
<trkpt lat="38.5782709" lon="-121.4564851">
<ele>10</ele><time>2025-08-30T17:05:54.999Z</time><extensions><gpxtpx:TrackPointExtension><gpxtpx:hr>141</gpxtpx:hr><gpxtpx:cad>78</gpxtpx:cad></gpxtpx:TrackPointExtension></extensions><extensions><gpxtpx:PowerExtension><gpxtpx:PowerInWatts>202</gpxtpx:PowerInWatts></gpxtpx:PowerExtension></extensions></trkpt>
<trkpt lat="38.5783271" lon="-121.4564546">
<ele>10</ele><time>2025-08-30T17:05:57.999Z</time><extensions><gpxtpx:TrackPointExtension><gpxtpx:hr>141</gpxtpx:hr><gpxtpx:cad>77</gpxtpx:cad></gpxtpx:TrackPointExtension></extensions><extensions><gpxtpx:PowerExtension><gpxtpx:PowerInWatts>206</gpxtpx:PowerInWatts></gpxtpx:PowerExtension></extensions></trkpt>
<trkpt lat="38.5783698" lon="-121.4564297">
<ele>10</ele><time>2025-08-30T17:05:59.999Z</time><extensions><gpxtpx:TrackPointExtension><gpxtpx:hr>141</gpxtpx:hr><gpxtpx:cad>76</gpxtpx:cad></gpxtpx:TrackPointExtension></extensions><extensions><gpxtpx:PowerExtension><gpxtpx:PowerInWatts>209</gpxtpx:PowerInWatts></gpxtpx:PowerExtension></extensions></trkpt>
<trkpt lat="38.5784253" lon="-121.4563855">
<ele>10</ele><time>2025-08-30T17:06:01.999Z</time><extensions><gpxtpx:TrackPointExtension><gpxtpx:hr>142</gpxtpx:hr><gpxtpx:cad>72</gpxtpx:cad></gpxtpx:TrackPointExtension></extensions><extensions><gpxtpx:PowerExtension><gpxtpx:PowerInWatts>209</gpxtpx:PowerInWatts></gpxtpx:PowerExtension></extensions></trkpt>
<trkpt lat="38.5784819" lon="-121.4563505">
<ele>10</ele><time>2025-08-30T17:06:04.999Z</time><extensions><gpxtpx:TrackPointExtension><gpxtpx:hr>142</gpxtpx:hr><gpxtpx:cad>76</gpxtpx:cad></gpxtpx:TrackPointExtension></extensions><extensions><gpxtpx:PowerExtension><gpxtpx:PowerInWatts>210</gpxtpx:PowerInWatts></gpxtpx:PowerExtension></extensions></trkpt>
<trkpt lat="38.5785425" lon="-121.4563407">
<ele>10</ele><time>2025-08-30T17:06:07.999Z</time><extensions><gpxtpx:TrackPointExtension><gpxtpx:hr>143</gpxtpx:hr><gpxtpx:cad>78</gpxtpx:cad></gpxtpx:TrackPointExtension></extensions><extensions><gpxtpx:PowerExtension><gpxtpx:PowerInWatts>210</gpxtpx:PowerInWatts></gpxtpx:PowerExtension></extensions></trkpt>
<trkpt lat="38.5785933" lon="-121.4563207">
<ele>10</ele><time>2025-08-30T17:06:09.999Z</time><extensions><gpxtpx:TrackPointExtension><gpxtpx:hr>143</gpxtpx:hr><gpxtpx:cad>76</gpxtpx:cad></gpxtpx:TrackPointExtension></extensions><extensions><gpxtpx:PowerExtension><gpxtpx:PowerInWatts>210</gpxtpx:PowerInWatts></gpxtpx:PowerExtension></extensions></trkpt>
<trkpt lat="38.5786552" lon="-121.4563034">
<ele>10</ele><time>2025-08-30T17:06:11.999Z</time><extensions><gpxtpx:TrackPointExtension><gpxtpx:hr>143</gpxtpx:hr><gpxtpx:cad>77</gpxtpx:cad></gpxtpx:TrackPointExtension></extensions><extensions><gpxtpx:PowerExtension><gpxtpx:PowerInWatts>201</gpxtpx:PowerInWatts></gpxtpx:PowerExtension></extensions></trkpt>
<trkpt lat="38.5787032" lon="-121.4562858">
<ele>10</ele><time>2025-08-30T17:06:13.999Z</time><extensions><gpxtpx:TrackPointExtension><gpxtpx:hr>143</gpxtpx:hr><gpxtpx:cad>80</gpxtpx:cad></gpxtpx:TrackPointExtension></extensions><extensions><gpxtpx:PowerExtension><gpxtpx:PowerInWatts>201</gpxtpx:PowerInWatts></gpxtpx:PowerExtension></extensions></trkpt>
<trkpt lat="38.5787608" lon="-121.4562711">
<ele>10</ele><time>2025-08-30T17:06:16.999Z</time><extensions><gpxtpx:TrackPointExtension><gpxtpx:hr>143</gpxtpx:hr><gpxtpx:cad>76</gpxtpx:cad></gpxtpx:TrackPointExtension></extensions><extensions><gpxtpx:PowerExtension><gpxtpx:PowerInWatts>207</gpxtpx:PowerInWatts></gpxtpx:PowerExtension></extensions></trkpt>
<trkpt lat="38.5788231" lon="-121.4562414">
<ele>10</ele><time>2025-08-30T17:06:19.999Z</time><extensions><gpxtpx:TrackPointExtension><gpxtpx:hr>144</gpxtpx:hr><gpxtpx:cad>74</gpxtpx:cad></gpxtpx:TrackPointExtension></extensions><extensions><gpxtpx:PowerExtension><gpxtpx:PowerInWatts>207</gpxtpx:PowerInWatts></gpxtpx:PowerExtension></extensions></trkpt>
<trkpt lat="38.5788325" lon="-121.4561240">
<ele>10</ele><time>2025-08-30T17:06:21.999Z</time><extensions><gpxtpx:TrackPointExtension><gpxtpx:hr>144</gpxtpx:hr><gpxtpx:cad>75</gpxtpx:cad></gpxtpx:TrackPointExtension></extensions><extensions><gpxtpx:PowerExtension><gpxtpx:PowerInWatts>201</gpxtpx:PowerInWatts></gpxtpx:PowerExtension></extensions></trkpt>
<trkpt lat="38.5788405" lon="-121.4560528">
<ele>10</ele><time>2025-08-30T17:06:23.999Z</time><extensions><gpxtpx:TrackPointExtension><gpxtpx:hr>144</gpxtpx:hr><gpxtpx:cad>76</gpxtpx:cad></gpxtpx:TrackPointExtension></extensions><extensions><gpxtpx:PowerExtension><gpxtpx:PowerInWatts>201</gpxtpx:PowerInWatts></gpxtpx:PowerExtension></extensions></trkpt>
<trkpt lat="38.5788415" lon="-121.4559729">
<ele>10</ele><time>2025-08-30T17:06:25.999Z</time><extensions><gpxtpx:TrackPointExtension><gpxtpx:hr>144</gpxtpx:hr><gpxtpx:cad>75</gpxtpx:cad></gpxtpx:TrackPointExtension></extensions><extensions><gpxtpx:PowerExtension><gpxtpx:PowerInWatts>209</gpxtpx:PowerInWatts></gpxtpx:PowerExtension></extensions></trkpt>
<trkpt lat="38.5788541" lon="-121.4558955">
<ele>10</ele><time>2025-08-30T17:06:27.999Z</time><extensions><gpxtpx:TrackPointExtension><gpxtpx:hr>144</gpxtpx:hr><gpxtpx:cad>78</gpxtpx:cad></gpxtpx:TrackPointExtension></extensions><extensions><gpxtpx:PowerExtension><gpxtpx:PowerInWatts>209</gpxtpx:PowerInWatts></gpxtpx:PowerExtension></extensions></trkpt>
<trkpt lat="38.5788648" lon="-121.4558345">
<ele>10</ele><time>2025-08-30T17:06:29.999Z</time><extensions><gpxtpx:TrackPointExtension><gpxtpx:hr>144</gpxtpx:hr><gpxtpx:cad>78</gpxtpx:cad></gpxtpx:TrackPointExtension></extensions><extensions><gpxtpx:PowerExtension><gpxtpx:PowerInWatts>209</gpxtpx:PowerInWatts></gpxtpx:PowerExtension></extensions></trkpt>
<trkpt lat="38.5788843" lon="-121.4557800">
<ele>10</ele><time>2025-08-30T17:06:31.999Z</time><extensions><gpxtpx:TrackPointExtension><gpxtpx:hr>144</gpxtpx:hr><gpxtpx:cad>82</gpxtpx:cad></gpxtpx:TrackPointExtension></extensions><extensions><gpxtpx:PowerExtension><gpxtpx:PowerInWatts>213</gpxtpx:PowerInWatts></gpxtpx:PowerExtension></extensions></trkpt>
<trkpt lat="38.5788812" lon="-121.4557084">
<ele>10</ele><time>2025-08-30T17:06:33.999Z</time><extensions><gpxtpx:TrackPointExtension><gpxtpx:hr>144</gpxtpx:hr><gpxtpx:cad>82</gpxtpx:cad></gpxtpx:TrackPointExtension></extensions><extensions><gpxtpx:PowerExtension><gpxtpx:PowerInWatts>213</gpxtpx:PowerInWatts></gpxtpx:PowerExtension></extensions></trkpt>
<trkpt lat="38.5788932" lon="-121.4556417">
<ele>10</ele><time>2025-08-30T17:06:36.000Z</time><extensions><gpxtpx:TrackPointExtension><gpxtpx:hr>144</gpxtpx:hr><gpxtpx:cad>82</gpxtpx:cad></gpxtpx:TrackPointExtension></extensions><extensions><gpxtpx:PowerExtension><gpxtpx:PowerInWatts>213</gpxtpx:PowerInWatts></gpxtpx:PowerExtension></extensions></trkpt>
<trkpt lat="38.5789110" lon="-121.4555750">
<ele>10</ele><time>2025-08-30T17:06:38.000Z</time><extensions><gpxtpx:TrackPointExtension><gpxtpx:hr>144</gpxtpx:hr><gpxtpx:cad>81</gpxtpx:cad></gpxtpx:TrackPointExtension></extensions><extensions><gpxtpx:PowerExtension><gpxtpx:PowerInWatts>214</gpxtpx:PowerInWatts></gpxtpx:PowerExtension></extensions></trkpt>
<trkpt lat="38.5789415" lon="-121.4555287">
<ele>10</ele><time>2025-08-30T17:06:40.000Z</time><extensions><gpxtpx:TrackPointExtension><gpxtpx:hr>144</gpxtpx:hr><gpxtpx:cad>81</gpxtpx:cad></gpxtpx:TrackPointExtension></extensions><extensions><gpxtpx:PowerExtension><gpxtpx:PowerInWatts>212</gpxtpx:PowerInWatts></gpxtpx:PowerExtension></extensions></trkpt>
<trkpt lat="38.5789652" lon="-121.4554630">
<ele>10</ele><time>2025-08-30T17:06:42.000Z</time><extensions><gpxtpx:TrackPointExtension><gpxtpx:hr>144</gpxtpx:hr><gpxtpx:cad>77</gpxtpx:cad></gpxtpx:TrackPointExtension></extensions><extensions><gpxtpx:PowerExtension><gpxtpx:PowerInWatts>214</gpxtpx:PowerInWatts></gpxtpx:PowerExtension></extensions></trkpt>
<trkpt lat="38.5790092" lon="-121.4553866">
<ele>10</ele><time>2025-08-30T17:06:45.000Z</time><extensions><gpxtpx:TrackPointExtension><gpxtpx:hr>144</gpxtpx:hr><gpxtpx:cad>77</gpxtpx:cad></gpxtpx:TrackPointExtension></extensions><extensions><gpxtpx:PowerExtension><gpxtpx:PowerInWatts>214</gpxtpx:PowerInWatts></gpxtpx:PowerExtension></extensions></trkpt>
<trkpt lat="38.5790474" lon="-121.4553378">
<ele>10</ele><time>2025-08-30T17:06:47.000Z</time><extensions><gpxtpx:TrackPointExtension><gpxtpx:hr>144</gpxtpx:hr><gpxtpx:cad>78</gpxtpx:cad></gpxtpx:TrackPointExtension></extensions><extensions><gpxtpx:PowerExtension><gpxtpx:PowerInWatts>214</gpxtpx:PowerInWatts></gpxtpx:PowerExtension></extensions></trkpt>
<trkpt lat="38.5790725" lon="-121.4552826">
<ele>10</ele><time>2025-08-30T17:06:49.000Z</time><extensions><gpxtpx:TrackPointExtension><gpxtpx:hr>144</gpxtpx:hr><gpxtpx:cad>78</gpxtpx:cad></gpxtpx:TrackPointExtension></extensions><extensions><gpxtpx:PowerExtension><gpxtpx:PowerInWatts>213</gpxtpx:PowerInWatts></gpxtpx:PowerExtension></extensions></trkpt>
<trkpt lat="38.5790936" lon="-121.4552247">
<ele>10</ele><time>2025-08-30T17:06:51.000Z</time><extensions><gpxtpx:TrackPointExtension><gpxtpx:hr>144</gpxtpx:hr><gpxtpx:cad>77</gpxtpx:cad></gpxtpx:TrackPointExtension></extensions><extensions><gpxtpx:PowerExtension><gpxtpx:PowerInWatts>213</gpxtpx:PowerInWatts></gpxtpx:PowerExtension></extensions></trkpt>
<trkpt lat="38.5791310" lon="-121.4551683">
<ele>10</ele><time>2025-08-30T17:06:54.000Z</time><extensions><gpxtpx:TrackPointExtension><gpxtpx:hr>144</gpxtpx:hr><gpxtpx:cad>81</gpxtpx:cad></gpxtpx:TrackPointExtension></extensions><extensions><gpxtpx:PowerExtension><gpxtpx:PowerInWatts>213</gpxtpx:PowerInWatts></gpxtpx:PowerExtension></extensions></trkpt>
<trkpt lat="38.5791674" lon="-121.4551306">
<ele>10</ele><time>2025-08-30T17:06:56.000Z</time><extensions><gpxtpx:TrackPointExtension><gpxtpx:hr>144</gpxtpx:hr><gpxtpx:cad>80</gpxtpx:cad></gpxtpx:TrackPointExtension></extensions><extensions><gpxtpx:PowerExtension><gpxtpx:PowerInWatts>217</gpxtpx:PowerInWatts></gpxtpx:PowerExtension></extensions></trkpt>
<trkpt lat="38.5792037" lon="-121.4550681">
<ele>10</ele><time>2025-08-30T17:06:58.000Z</time><extensions><gpxtpx:TrackPointExtension><gpxtpx:hr>144</gpxtpx:hr><gpxtpx:cad>78</gpxtpx:cad></gpxtpx:TrackPointExtension></extensions><extensions><gpxtpx:PowerExtension><gpxtpx:PowerInWatts>214</gpxtpx:PowerInWatts></gpxtpx:PowerExtension></extensions></trkpt>
<trkpt lat="38.5792452" lon="-121.4550346">
<ele>10</ele><time>2025-08-30T17:07:00.000Z</time><extensions><gpxtpx:TrackPointExtension><gpxtpx:hr>144</gpxtpx:hr><gpxtpx:cad>80</gpxtpx:cad></gpxtpx:TrackPointExtension></extensions><extensions><gpxtpx:PowerExtension><gpxtpx:PowerInWatts>210</gpxtpx:PowerInWatts></gpxtpx:PowerExtension></extensions></trkpt>
<trkpt lat="38.5792885" lon="-121.4549660">
<ele>10</ele><time>2025-08-30T17:07:03.000Z</time><extensions><gpxtpx:TrackPointExtension><gpxtpx:hr>144</gpxtpx:hr><gpxtpx:cad>80</gpxtpx:cad></gpxtpx:TrackPointExtension></extensions><extensions><gpxtpx:PowerExtension><gpxtpx:PowerInWatts>210</gpxtpx:PowerInWatts></gpxtpx:PowerExtension></extensions></trkpt>
<trkpt lat="38.5793248" lon="-121.4548948">
<ele>10</ele><time>2025-08-30T17:07:05.000Z</time><extensions><gpxtpx:TrackPointExtension><gpxtpx:hr>145</gpxtpx:hr><gpxtpx:cad>76</gpxtpx:cad></gpxtpx:TrackPointExtension></extensions><extensions><gpxtpx:PowerExtension><gpxtpx:PowerInWatts>214</gpxtpx:PowerInWatts></gpxtpx:PowerExtension></extensions></trkpt>
<trkpt lat="38.5793376" lon="-121.4548244">
<ele>10</ele><time>2025-08-30T17:07:07.000Z</time><extensions><gpxtpx:TrackPointExtension><gpxtpx:hr>145</gpxtpx:hr><gpxtpx:cad>74</gpxtpx:cad></gpxtpx:TrackPointExtension></extensions><extensions><gpxtpx:PowerExtension><gpxtpx:PowerInWatts>217</gpxtpx:PowerInWatts></gpxtpx:PowerExtension></extensions></trkpt>
<trkpt lat="38.5793502" lon="-121.4547649">
<ele>10</ele><time>2025-08-30T17:07:09.000Z</time><extensions><gpxtpx:TrackPointExtension><gpxtpx:hr>145</gpxtpx:hr><gpxtpx:cad>75</gpxtpx:cad></gpxtpx:TrackPointExtension></extensions><extensions><gpxtpx:PowerExtension><gpxtpx:PowerInWatts>217</gpxtpx:PowerInWatts></gpxtpx:PowerExtension></extensions></trkpt>
<trkpt lat="38.5793776" lon="-121.4547189">
<ele>10</ele><time>2025-08-30T17:07:11.000Z</time><extensions><gpxtpx:TrackPointExtension><gpxtpx:hr>145</gpxtpx:hr><gpxtpx:cad>73</gpxtpx:cad></gpxtpx:TrackPointExtension></extensions><extensions><gpxtpx:PowerExtension><gpxtpx:PowerInWatts>216</gpxtpx:PowerInWatts></gpxtpx:PowerExtension></extensions></trkpt>
<trkpt lat="38.5794211" lon="-121.4546748">
<ele>10</ele><time>2025-08-30T17:07:13.000Z</time><extensions><gpxtpx:TrackPointExtension><gpxtpx:hr>145</gpxtpx:hr><gpxtpx:cad>77</gpxtpx:cad></gpxtpx:TrackPointExtension></extensions><extensions><gpxtpx:PowerExtension><gpxtpx:PowerInWatts>217</gpxtpx:PowerInWatts></gpxtpx:PowerExtension></extensions></trkpt>
<trkpt lat="38.5794530" lon="-121.4546164">
<ele>10</ele><time>2025-08-30T17:07:15.000Z</time><extensions><gpxtpx:TrackPointExtension><gpxtpx:hr>146</gpxtpx:hr><gpxtpx:cad>81</gpxtpx:cad></gpxtpx:TrackPointExtension></extensions><extensions><gpxtpx:PowerExtension><gpxtpx:PowerInWatts>222</gpxtpx:PowerInWatts></gpxtpx:PowerExtension></extensions></trkpt>
<trkpt lat="38.5794715" lon="-121.4545415">
<ele>9</ele><time>2025-08-30T17:07:17.000Z</time><extensions><gpxtpx:TrackPointExtension><gpxtpx:hr>146</gpxtpx:hr><gpxtpx:cad>83</gpxtpx:cad></gpxtpx:TrackPointExtension></extensions><extensions><gpxtpx:PowerExtension><gpxtpx:PowerInWatts>219</gpxtpx:PowerInWatts></gpxtpx:PowerExtension></extensions></trkpt>
<trkpt lat="38.5795107" lon="-121.4544936">
<ele>9</ele><time>2025-08-30T17:07:19.000Z</time><extensions><gpxtpx:TrackPointExtension><gpxtpx:hr>147</gpxtpx:hr><gpxtpx:cad>80</gpxtpx:cad></gpxtpx:TrackPointExtension></extensions><extensions><gpxtpx:PowerExtension><gpxtpx:PowerInWatts>219</gpxtpx:PowerInWatts></gpxtpx:PowerExtension></extensions></trkpt>
<trkpt lat="38.5795332" lon="-121.4544304">
<ele>9</ele><time>2025-08-30T17:07:21.000Z</time><extensions><gpxtpx:TrackPointExtension><gpxtpx:hr>147</gpxtpx:hr><gpxtpx:cad>81</gpxtpx:cad></gpxtpx:TrackPointExtension></extensions><extensions><gpxtpx:PowerExtension><gpxtpx:PowerInWatts>222</gpxtpx:PowerInWatts></gpxtpx:PowerExtension></extensions></trkpt>
<trkpt lat="38.5795553" lon="-121.4543600">
<ele>9</ele><time>2025-08-30T17:07:23.000Z</time><extensions><gpxtpx:TrackPointExtension><gpxtpx:hr>147</gpxtpx:hr><gpxtpx:cad>76</gpxtpx:cad></gpxtpx:TrackPointExtension></extensions><extensions><gpxtpx:PowerExtension><gpxtpx:PowerInWatts>222</gpxtpx:PowerInWatts></gpxtpx:PowerExtension></extensions></trkpt>
<trkpt lat="38.5795924" lon="-121.4542896">
<ele>9</ele><time>2025-08-30T17:07:26.000Z</time><extensions><gpxtpx:TrackPointExtension><gpxtpx:hr>148</gpxtpx:hr><gpxtpx:cad>75</gpxtpx:cad></gpxtpx:TrackPointExtension></extensions><extensions><gpxtpx:PowerExtension><gpxtpx:PowerInWatts>222</gpxtpx:PowerInWatts></gpxtpx:PowerExtension></extensions></trkpt>
<trkpt lat="38.5796165" lon="-121.4542319">
<ele>9</ele><time>2025-08-30T17:07:28.000Z</time><extensions><gpxtpx:TrackPointExtension><gpxtpx:hr>148</gpxtpx:hr><gpxtpx:cad>84</gpxtpx:cad></gpxtpx:TrackPointExtension></extensions><extensions><gpxtpx:PowerExtension><gpxtpx:PowerInWatts>222</gpxtpx:PowerInWatts></gpxtpx:PowerExtension></extensions></trkpt>
<trkpt lat="38.5796465" lon="-121.4541607">
<ele>9</ele><time>2025-08-30T17:07:30.000Z</time><extensions><gpxtpx:TrackPointExtension><gpxtpx:hr>148</gpxtpx:hr><gpxtpx:cad>84</gpxtpx:cad></gpxtpx:TrackPointExtension></extensions><extensions><gpxtpx:PowerExtension><gpxtpx:PowerInWatts>222</gpxtpx:PowerInWatts></gpxtpx:PowerExtension></extensions></trkpt>
<trkpt lat="38.5796897" lon="-121.4541065">
<ele>9</ele><time>2025-08-30T17:07:32.000Z</time><extensions><gpxtpx:TrackPointExtension><gpxtpx:hr>148</gpxtpx:hr><gpxtpx:cad>76</gpxtpx:cad></gpxtpx:TrackPointExtension></extensions><extensions><gpxtpx:PowerExtension><gpxtpx:PowerInWatts>222</gpxtpx:PowerInWatts></gpxtpx:PowerExtension></extensions></trkpt>
<trkpt lat="38.5797151" lon="-121.4540516">
<ele>9</ele><time>2025-08-30T17:07:34.000Z</time><extensions><gpxtpx:TrackPointExtension><gpxtpx:hr>148</gpxtpx:hr><gpxtpx:cad>78</gpxtpx:cad></gpxtpx:TrackPointExtension></extensions><extensions><gpxtpx:PowerExtension><gpxtpx:PowerInWatts>218</gpxtpx:PowerInWatts></gpxtpx:PowerExtension></extensions></trkpt>
<trkpt lat="38.5797670" lon="-121.4539989">
<ele>9</ele><time>2025-08-30T17:07:37.000Z</time><extensions><gpxtpx:TrackPointExtension><gpxtpx:hr>148</gpxtpx:hr><gpxtpx:cad>81</gpxtpx:cad></gpxtpx:TrackPointExtension></extensions><extensions><gpxtpx:PowerExtension><gpxtpx:PowerInWatts>218</gpxtpx:PowerInWatts></gpxtpx:PowerExtension></extensions></trkpt>
<trkpt lat="38.5797999" lon="-121.4539358">
<ele>9</ele><time>2025-08-30T17:07:39.000Z</time><extensions><gpxtpx:TrackPointExtension><gpxtpx:hr>149</gpxtpx:hr><gpxtpx:cad>82</gpxtpx:cad></gpxtpx:TrackPointExtension></extensions><extensions><gpxtpx:PowerExtension><gpxtpx:PowerInWatts>215</gpxtpx:PowerInWatts></gpxtpx:PowerExtension></extensions></trkpt>
<trkpt lat="38.5798149" lon="-121.4538532">
<ele>9</ele><time>2025-08-30T17:07:42.000Z</time><extensions><gpxtpx:TrackPointExtension><gpxtpx:hr>149</gpxtpx:hr><gpxtpx:cad>81</gpxtpx:cad></gpxtpx:TrackPointExtension></extensions><extensions><gpxtpx:PowerExtension><gpxtpx:PowerInWatts>215</gpxtpx:PowerInWatts></gpxtpx:PowerExtension></extensions></trkpt>
<trkpt lat="38.5798561" lon="-121.4538033">
<ele>9</ele><time>2025-08-30T17:07:44.000Z</time><extensions><gpxtpx:TrackPointExtension><gpxtpx:hr>149</gpxtpx:hr><gpxtpx:cad>81</gpxtpx:cad></gpxtpx:TrackPointExtension></extensions><extensions><gpxtpx:PowerExtension><gpxtpx:PowerInWatts>215</gpxtpx:PowerInWatts></gpxtpx:PowerExtension></extensions></trkpt>
<trkpt lat="38.5798963" lon="-121.4537333">
<ele>9</ele><time>2025-08-30T17:07:47.000Z</time><extensions><gpxtpx:TrackPointExtension><gpxtpx:hr>149</gpxtpx:hr><gpxtpx:cad>78</gpxtpx:cad></gpxtpx:TrackPointExtension></extensions><extensions><gpxtpx:PowerExtension><gpxtpx:PowerInWatts>210</gpxtpx:PowerInWatts></gpxtpx:PowerExtension></extensions></trkpt>
<trkpt lat="38.5799211" lon="-121.4536768">
<ele>9</ele><time>2025-08-30T17:07:49.000Z</time><extensions><gpxtpx:TrackPointExtension><gpxtpx:hr>149</gpxtpx:hr><gpxtpx:cad>77</gpxtpx:cad></gpxtpx:TrackPointExtension></extensions><extensions><gpxtpx:PowerExtension><gpxtpx:PowerInWatts>210</gpxtpx:PowerInWatts></gpxtpx:PowerExtension></extensions></trkpt>
<trkpt lat="38.5799718" lon="-121.4536158">
<ele>9</ele><time>2025-08-30T17:07:51.000Z</time><extensions><gpxtpx:TrackPointExtension><gpxtpx:hr>149</gpxtpx:hr><gpxtpx:cad>76</gpxtpx:cad></gpxtpx:TrackPointExtension></extensions><extensions><gpxtpx:PowerExtension><gpxtpx:PowerInWatts>210</gpxtpx:PowerInWatts></gpxtpx:PowerExtension></extensions></trkpt>
<trkpt lat="38.5800086" lon="-121.4535659">
<ele>9</ele><time>2025-08-30T17:07:53.000Z</time><extensions><gpxtpx:TrackPointExtension><gpxtpx:hr>149</gpxtpx:hr><gpxtpx:cad>79</gpxtpx:cad></gpxtpx:TrackPointExtension></extensions><extensions><gpxtpx:PowerExtension><gpxtpx:PowerInWatts>209</gpxtpx:PowerInWatts></gpxtpx:PowerExtension></extensions></trkpt>
<trkpt lat="38.5800444" lon="-121.4535012">
<ele>9</ele><time>2025-08-30T17:07:56.000Z</time><extensions><gpxtpx:TrackPointExtension><gpxtpx:hr>150</gpxtpx:hr><gpxtpx:cad>81</gpxtpx:cad></gpxtpx:TrackPointExtension></extensions><extensions><gpxtpx:PowerExtension><gpxtpx:PowerInWatts>212</gpxtpx:PowerInWatts></gpxtpx:PowerExtension></extensions></trkpt>
<trkpt lat="38.5800598" lon="-121.4534372">
<ele>9</ele><time>2025-08-30T17:07:58.000Z</time><extensions><gpxtpx:TrackPointExtension><gpxtpx:hr>150</gpxtpx:hr><gpxtpx:cad>71</gpxtpx:cad></gpxtpx:TrackPointExtension></extensions><extensions><gpxtpx:PowerExtension><gpxtpx:PowerInWatts>214</gpxtpx:PowerInWatts></gpxtpx:PowerExtension></extensions></trkpt>
<trkpt lat="38.5800842" lon="-121.4533537">
<ele>10</ele><time>2025-08-30T17:08:01.000Z</time><extensions><gpxtpx:TrackPointExtension><gpxtpx:hr>150</gpxtpx:hr><gpxtpx:cad>77</gpxtpx:cad></gpxtpx:TrackPointExtension></extensions><extensions><gpxtpx:PowerExtension><gpxtpx:PowerInWatts>212</gpxtpx:PowerInWatts></gpxtpx:PowerExtension></extensions></trkpt>
<trkpt lat="38.5801190" lon="-121.4532944">
<ele>10</ele><time>2025-08-30T17:08:03.000Z</time><extensions><gpxtpx:TrackPointExtension><gpxtpx:hr>150</gpxtpx:hr><gpxtpx:cad>79</gpxtpx:cad></gpxtpx:TrackPointExtension></extensions><extensions><gpxtpx:PowerExtension><gpxtpx:PowerInWatts>212</gpxtpx:PowerInWatts></gpxtpx:PowerExtension></extensions></trkpt>
<trkpt lat="38.5801605" lon="-121.4532167">
<ele>10</ele><time>2025-08-30T17:08:06.000Z</time><extensions><gpxtpx:TrackPointExtension><gpxtpx:hr>150</gpxtpx:hr><gpxtpx:cad>82</gpxtpx:cad></gpxtpx:TrackPointExtension></extensions><extensions><gpxtpx:PowerExtension><gpxtpx:PowerInWatts>209</gpxtpx:PowerInWatts></gpxtpx:PowerExtension></extensions></trkpt>
<trkpt lat="38.5802019" lon="-121.4531375">
<ele>10</ele><time>2025-08-30T17:08:09.000Z</time><extensions><gpxtpx:TrackPointExtension><gpxtpx:hr>150</gpxtpx:hr><gpxtpx:cad>77</gpxtpx:cad></gpxtpx:TrackPointExtension></extensions><extensions><gpxtpx:PowerExtension><gpxtpx:PowerInWatts>210</gpxtpx:PowerInWatts></gpxtpx:PowerExtension></extensions></trkpt>
<trkpt lat="38.5802170" lon="-121.4530548">
<ele>10</ele><time>2025-08-30T17:08:12.000Z</time><extensions><gpxtpx:TrackPointExtension><gpxtpx:hr>150</gpxtpx:hr><gpxtpx:cad>81</gpxtpx:cad></gpxtpx:TrackPointExtension></extensions><extensions><gpxtpx:PowerExtension><gpxtpx:PowerInWatts>208</gpxtpx:PowerInWatts></gpxtpx:PowerExtension></extensions></trkpt>
<trkpt lat="38.5802591" lon="-121.4529742">
<ele>10</ele><time>2025-08-30T17:08:15.000Z</time><extensions><gpxtpx:TrackPointExtension><gpxtpx:hr>150</gpxtpx:hr><gpxtpx:cad>75</gpxtpx:cad></gpxtpx:TrackPointExtension></extensions><extensions><gpxtpx:PowerExtension><gpxtpx:PowerInWatts>210</gpxtpx:PowerInWatts></gpxtpx:PowerExtension></extensions></trkpt>
<trkpt lat="38.5802846" lon="-121.4529262">
<ele>10</ele><time>2025-08-30T17:08:17.000Z</time><extensions><gpxtpx:TrackPointExtension><gpxtpx:hr>150</gpxtpx:hr><gpxtpx:cad>77</gpxtpx:cad></gpxtpx:TrackPointExtension></extensions><extensions><gpxtpx:PowerExtension><gpxtpx:PowerInWatts>210</gpxtpx:PowerInWatts></gpxtpx:PowerExtension></extensions></trkpt>
<trkpt lat="38.5803132" lon="-121.4528670">
<ele>10</ele><time>2025-08-30T17:08:19.000Z</time><extensions><gpxtpx:TrackPointExtension><gpxtpx:hr>150</gpxtpx:hr><gpxtpx:cad>78</gpxtpx:cad></gpxtpx:TrackPointExtension></extensions><extensions><gpxtpx:PowerExtension><gpxtpx:PowerInWatts>209</gpxtpx:PowerInWatts></gpxtpx:PowerExtension></extensions></trkpt>
<trkpt lat="38.5803499" lon="-121.4528151">
<ele>10</ele><time>2025-08-30T17:08:21.000Z</time><extensions><gpxtpx:TrackPointExtension><gpxtpx:hr>150</gpxtpx:hr><gpxtpx:cad>80</gpxtpx:cad></gpxtpx:TrackPointExtension></extensions><extensions><gpxtpx:PowerExtension><gpxtpx:PowerInWatts>209</gpxtpx:PowerInWatts></gpxtpx:PowerExtension></extensions></trkpt>
<trkpt lat="38.5803845" lon="-121.4527351">
<ele>10</ele><time>2025-08-30T17:08:24.000Z</time><extensions><gpxtpx:TrackPointExtension><gpxtpx:hr>150</gpxtpx:hr><gpxtpx:cad>80</gpxtpx:cad></gpxtpx:TrackPointExtension></extensions><extensions><gpxtpx:PowerExtension><gpxtpx:PowerInWatts>209</gpxtpx:PowerInWatts></gpxtpx:PowerExtension></extensions></trkpt>
<trkpt lat="38.5803507" lon="-121.4526783">
<ele>10</ele><time>2025-08-30T17:08:26.000Z</time><extensions><gpxtpx:TrackPointExtension><gpxtpx:hr>150</gpxtpx:hr><gpxtpx:cad>83</gpxtpx:cad></gpxtpx:TrackPointExtension></extensions><extensions><gpxtpx:PowerExtension><gpxtpx:PowerInWatts>210</gpxtpx:PowerInWatts></gpxtpx:PowerExtension></extensions></trkpt>
<trkpt lat="38.5802934" lon="-121.4526609">
<ele>10</ele><time>2025-08-30T17:08:28.000Z</time><extensions><gpxtpx:TrackPointExtension><gpxtpx:hr>150</gpxtpx:hr><gpxtpx:cad>81</gpxtpx:cad></gpxtpx:TrackPointExtension></extensions><extensions><gpxtpx:PowerExtension><gpxtpx:PowerInWatts>210</gpxtpx:PowerInWatts></gpxtpx:PowerExtension></extensions></trkpt>
<trkpt lat="38.5802628" lon="-121.4526004">
<ele>10</ele><time>2025-08-30T17:08:30.000Z</time><extensions><gpxtpx:TrackPointExtension><gpxtpx:hr>149</gpxtpx:hr><gpxtpx:cad>78</gpxtpx:cad></gpxtpx:TrackPointExtension></extensions><extensions><gpxtpx:PowerExtension><gpxtpx:PowerInWatts>210</gpxtpx:PowerInWatts></gpxtpx:PowerExtension></extensions></trkpt>
<trkpt lat="38.5802235" lon="-121.4525433">
<ele>10</ele><time>2025-08-30T17:08:32.000Z</time><extensions><gpxtpx:TrackPointExtension><gpxtpx:hr>148</gpxtpx:hr><gpxtpx:cad>77</gpxtpx:cad></gpxtpx:TrackPointExtension></extensions><extensions><gpxtpx:PowerExtension><gpxtpx:PowerInWatts>210</gpxtpx:PowerInWatts></gpxtpx:PowerExtension></extensions></trkpt>
<trkpt lat="38.5802240" lon="-121.4524772">
<ele>10</ele><time>2025-08-30T17:08:34.000Z</time><extensions><gpxtpx:TrackPointExtension><gpxtpx:hr>147</gpxtpx:hr><gpxtpx:cad>77</gpxtpx:cad></gpxtpx:TrackPointExtension></extensions><extensions><gpxtpx:PowerExtension><gpxtpx:PowerInWatts>205</gpxtpx:PowerInWatts></gpxtpx:PowerExtension></extensions></trkpt>
<trkpt lat="38.5801776" lon="-121.4524262">
<ele>10</ele><time>2025-08-30T17:08:36.000Z</time><extensions><gpxtpx:TrackPointExtension><gpxtpx:hr>145</gpxtpx:hr><gpxtpx:cad>75</gpxtpx:cad></gpxtpx:TrackPointExtension></extensions><extensions><gpxtpx:PowerExtension><gpxtpx:PowerInWatts>207</gpxtpx:PowerInWatts></gpxtpx:PowerExtension></extensions></trkpt>
<trkpt lat="38.5801585" lon="-121.4523727">
<ele>10</ele><time>2025-08-30T17:08:38.000Z</time><extensions><gpxtpx:TrackPointExtension><gpxtpx:hr>145</gpxtpx:hr><gpxtpx:cad>79</gpxtpx:cad></gpxtpx:TrackPointExtension></extensions><extensions><gpxtpx:PowerExtension><gpxtpx:PowerInWatts>207</gpxtpx:PowerInWatts></gpxtpx:PowerExtension></extensions></trkpt>
<trkpt lat="38.5801131" lon="-121.4523261">
<ele>10</ele><time>2025-08-30T17:08:41.000Z</time><extensions><gpxtpx:TrackPointExtension><gpxtpx:hr>144</gpxtpx:hr><gpxtpx:cad>78</gpxtpx:cad></gpxtpx:TrackPointExtension></extensions><extensions><gpxtpx:PowerExtension><gpxtpx:PowerInWatts>209</gpxtpx:PowerInWatts></gpxtpx:PowerExtension></extensions></trkpt>
<trkpt lat="38.5800703" lon="-121.4522585">
<ele>10</ele><time>2025-08-30T17:08:43.000Z</time><extensions><gpxtpx:TrackPointExtension><gpxtpx:hr>143</gpxtpx:hr><gpxtpx:cad>81</gpxtpx:cad></gpxtpx:TrackPointExtension></extensions><extensions><gpxtpx:PowerExtension><gpxtpx:PowerInWatts>211</gpxtpx:PowerInWatts></gpxtpx:PowerExtension></extensions></trkpt>
<trkpt lat="38.5800205" lon="-121.4522001">
<ele>10</ele><time>2025-08-30T17:08:46.000Z</time><extensions><gpxtpx:TrackPointExtension><gpxtpx:hr>144</gpxtpx:hr><gpxtpx:cad>84</gpxtpx:cad></gpxtpx:TrackPointExtension></extensions><extensions><gpxtpx:PowerExtension><gpxtpx:PowerInWatts>204</gpxtpx:PowerInWatts></gpxtpx:PowerExtension></extensions></trkpt>
<trkpt lat="38.5799560" lon="-121.4521672">
<ele>10</ele><time>2025-08-30T17:08:48.000Z</time><extensions><gpxtpx:TrackPointExtension><gpxtpx:hr>145</gpxtpx:hr><gpxtpx:cad>79</gpxtpx:cad></gpxtpx:TrackPointExtension></extensions><extensions><gpxtpx:PowerExtension><gpxtpx:PowerInWatts>211</gpxtpx:PowerInWatts></gpxtpx:PowerExtension></extensions></trkpt>
<trkpt lat="38.5799017" lon="-121.4521324">
<ele>10</ele><time>2025-08-30T17:08:50.000Z</time><extensions><gpxtpx:TrackPointExtension><gpxtpx:hr>146</gpxtpx:hr><gpxtpx:cad>78</gpxtpx:cad></gpxtpx:TrackPointExtension></extensions><extensions><gpxtpx:PowerExtension><gpxtpx:PowerInWatts>211</gpxtpx:PowerInWatts></gpxtpx:PowerExtension></extensions></trkpt>
<trkpt lat="38.5798627" lon="-121.4520960">
<ele>10</ele><time>2025-08-30T17:08:52.000Z</time><extensions><gpxtpx:TrackPointExtension><gpxtpx:hr>146</gpxtpx:hr><gpxtpx:cad>78</gpxtpx:cad></gpxtpx:TrackPointExtension></extensions><extensions><gpxtpx:PowerExtension><gpxtpx:PowerInWatts>211</gpxtpx:PowerInWatts></gpxtpx:PowerExtension></extensions></trkpt>
<trkpt lat="38.5798142" lon="-121.4520545">
<ele>10</ele><time>2025-08-30T17:08:54.000Z</time><extensions><gpxtpx:TrackPointExtension><gpxtpx:hr>148</gpxtpx:hr><gpxtpx:cad>78</gpxtpx:cad></gpxtpx:TrackPointExtension></extensions><extensions><gpxtpx:PowerExtension><gpxtpx:PowerInWatts>211</gpxtpx:PowerInWatts></gpxtpx:PowerExtension></extensions></trkpt>
<trkpt lat="38.5797602" lon="-121.4520130">
<ele>10</ele><time>2025-08-30T17:08:56.000Z</time><extensions><gpxtpx:TrackPointExtension><gpxtpx:hr>149</gpxtpx:hr><gpxtpx:cad>83</gpxtpx:cad></gpxtpx:TrackPointExtension></extensions><extensions><gpxtpx:PowerExtension><gpxtpx:PowerInWatts>208</gpxtpx:PowerInWatts></gpxtpx:PowerExtension></extensions></trkpt>
<trkpt lat="38.5797012" lon="-121.4519729">
<ele>10</ele><time>2025-08-30T17:08:59.000Z</time><extensions><gpxtpx:TrackPointExtension><gpxtpx:hr>150</gpxtpx:hr><gpxtpx:cad>85</gpxtpx:cad></gpxtpx:TrackPointExtension></extensions><extensions><gpxtpx:PowerExtension><gpxtpx:PowerInWatts>213</gpxtpx:PowerInWatts></gpxtpx:PowerExtension></extensions></trkpt>
<trkpt lat="38.5796535" lon="-121.4519294">
<ele>10</ele><time>2025-08-30T17:09:01.000Z</time><extensions><gpxtpx:TrackPointExtension><gpxtpx:hr>151</gpxtpx:hr><gpxtpx:cad>83</gpxtpx:cad></gpxtpx:TrackPointExtension></extensions><extensions><gpxtpx:PowerExtension><gpxtpx:PowerInWatts>210</gpxtpx:PowerInWatts></gpxtpx:PowerExtension></extensions></trkpt>
<trkpt lat="38.5795916" lon="-121.4518944">
<ele>10</ele><time>2025-08-30T17:09:03.000Z</time><extensions><gpxtpx:TrackPointExtension><gpxtpx:hr>151</gpxtpx:hr><gpxtpx:cad>83</gpxtpx:cad></gpxtpx:TrackPointExtension></extensions><extensions><gpxtpx:PowerExtension><gpxtpx:PowerInWatts>209</gpxtpx:PowerInWatts></gpxtpx:PowerExtension></extensions></trkpt>
<trkpt lat="38.5795465" lon="-121.4518489">
<ele>10</ele><time>2025-08-30T17:09:05.000Z</time><extensions><gpxtpx:TrackPointExtension><gpxtpx:hr>152</gpxtpx:hr><gpxtpx:cad>80</gpxtpx:cad></gpxtpx:TrackPointExtension></extensions><extensions><gpxtpx:PowerExtension><gpxtpx:PowerInWatts>208</gpxtpx:PowerInWatts></gpxtpx:PowerExtension></extensions></trkpt>
<trkpt lat="38.5795077" lon="-121.4518084">
<ele>10</ele><time>2025-08-30T17:09:07.000Z</time><extensions><gpxtpx:TrackPointExtension><gpxtpx:hr>152</gpxtpx:hr><gpxtpx:cad>75</gpxtpx:cad></gpxtpx:TrackPointExtension></extensions><extensions><gpxtpx:PowerExtension><gpxtpx:PowerInWatts>208</gpxtpx:PowerInWatts></gpxtpx:PowerExtension></extensions></trkpt>
<trkpt lat="38.5794552" lon="-121.4517753">
<ele>10</ele><time>2025-08-30T17:09:09.000Z</time><extensions><gpxtpx:TrackPointExtension><gpxtpx:hr>152</gpxtpx:hr><gpxtpx:cad>75</gpxtpx:cad></gpxtpx:TrackPointExtension></extensions><extensions><gpxtpx:PowerExtension><gpxtpx:PowerInWatts>208</gpxtpx:PowerInWatts></gpxtpx:PowerExtension></extensions></trkpt>
<trkpt lat="38.5794128" lon="-121.4517471">
<ele>10</ele><time>2025-08-30T17:09:11.000Z</time><extensions><gpxtpx:TrackPointExtension><gpxtpx:hr>153</gpxtpx:hr><gpxtpx:cad>75</gpxtpx:cad></gpxtpx:TrackPointExtension></extensions><extensions><gpxtpx:PowerExtension><gpxtpx:PowerInWatts>208</gpxtpx:PowerInWatts></gpxtpx:PowerExtension></extensions></trkpt>
<trkpt lat="38.5793757" lon="-121.4517083">
<ele>10</ele><time>2025-08-30T17:09:13.000Z</time><extensions><gpxtpx:TrackPointExtension><gpxtpx:hr>153</gpxtpx:hr><gpxtpx:cad>79</gpxtpx:cad></gpxtpx:TrackPointExtension></extensions><extensions><gpxtpx:PowerExtension><gpxtpx:PowerInWatts>208</gpxtpx:PowerInWatts></gpxtpx:PowerExtension></extensions></trkpt>
<trkpt lat="38.5793274" lon="-121.4516823">
<ele>10</ele><time>2025-08-30T17:09:15.000Z</time><extensions><gpxtpx:TrackPointExtension><gpxtpx:hr>152</gpxtpx:hr><gpxtpx:cad>81</gpxtpx:cad></gpxtpx:TrackPointExtension></extensions><extensions><gpxtpx:PowerExtension><gpxtpx:PowerInWatts>208</gpxtpx:PowerInWatts></gpxtpx:PowerExtension></extensions></trkpt>
<trkpt lat="38.5792806" lon="-121.4516413">
<ele>10</ele><time>2025-08-30T17:09:17.000Z</time><extensions><gpxtpx:TrackPointExtension><gpxtpx:hr>152</gpxtpx:hr><gpxtpx:cad>80</gpxtpx:cad></gpxtpx:TrackPointExtension></extensions><extensions><gpxtpx:PowerExtension><gpxtpx:PowerInWatts>208</gpxtpx:PowerInWatts></gpxtpx:PowerExtension></extensions></trkpt>
<trkpt lat="38.5792399" lon="-121.4516035">
<ele>10</ele><time>2025-08-30T17:09:19.000Z</time><extensions><gpxtpx:TrackPointExtension><gpxtpx:hr>152</gpxtpx:hr><gpxtpx:cad>76</gpxtpx:cad></gpxtpx:TrackPointExtension></extensions><extensions><gpxtpx:PowerExtension><gpxtpx:PowerInWatts>207</gpxtpx:PowerInWatts></gpxtpx:PowerExtension></extensions></trkpt>
<trkpt lat="38.5791995" lon="-121.4515725">
<ele>10</ele><time>2025-08-30T17:09:21.000Z</time><extensions><gpxtpx:TrackPointExtension><gpxtpx:hr>152</gpxtpx:hr><gpxtpx:cad>78</gpxtpx:cad></gpxtpx:TrackPointExtension></extensions><extensions><gpxtpx:PowerExtension><gpxtpx:PowerInWatts>207</gpxtpx:PowerInWatts></gpxtpx:PowerExtension></extensions></trkpt>
<trkpt lat="38.5791574" lon="-121.4515220">
<ele>10</ele><time>2025-08-30T17:09:24.000Z</time><extensions><gpxtpx:TrackPointExtension><gpxtpx:hr>151</gpxtpx:hr><gpxtpx:cad>77</gpxtpx:cad></gpxtpx:TrackPointExtension></extensions><extensions><gpxtpx:PowerExtension><gpxtpx:PowerInWatts>208</gpxtpx:PowerInWatts></gpxtpx:PowerExtension></extensions></trkpt>
<trkpt lat="38.5791253" lon="-121.4514780">
<ele>10</ele><time>2025-08-30T17:09:26.000Z</time><extensions><gpxtpx:TrackPointExtension><gpxtpx:hr>151</gpxtpx:hr><gpxtpx:cad>76</gpxtpx:cad></gpxtpx:TrackPointExtension></extensions><extensions><gpxtpx:PowerExtension><gpxtpx:PowerInWatts>209</gpxtpx:PowerInWatts></gpxtpx:PowerExtension></extensions></trkpt>
<trkpt lat="38.5790790" lon="-121.4514501">
<ele>10</ele><time>2025-08-30T17:09:28.000Z</time><extensions><gpxtpx:TrackPointExtension><gpxtpx:hr>152</gpxtpx:hr><gpxtpx:cad>78</gpxtpx:cad></gpxtpx:TrackPointExtension></extensions><extensions><gpxtpx:PowerExtension><gpxtpx:PowerInWatts>207</gpxtpx:PowerInWatts></gpxtpx:PowerExtension></extensions></trkpt>
<trkpt lat="38.5790265" lon="-121.4514220">
<ele>10</ele><time>2025-08-30T17:09:30.000Z</time><extensions><gpxtpx:TrackPointExtension><gpxtpx:hr>152</gpxtpx:hr><gpxtpx:cad>79</gpxtpx:cad></gpxtpx:TrackPointExtension></extensions><extensions><gpxtpx:PowerExtension><gpxtpx:PowerInWatts>204</gpxtpx:PowerInWatts></gpxtpx:PowerExtension></extensions></trkpt>
<trkpt lat="38.5789841" lon="-121.4513877">
<ele>10</ele><time>2025-08-30T17:09:32.000Z</time><extensions><gpxtpx:TrackPointExtension><gpxtpx:hr>152</gpxtpx:hr><gpxtpx:cad>77</gpxtpx:cad></gpxtpx:TrackPointExtension></extensions><extensions><gpxtpx:PowerExtension><gpxtpx:PowerInWatts>204</gpxtpx:PowerInWatts></gpxtpx:PowerExtension></extensions></trkpt>
<trkpt lat="38.5789465" lon="-121.4513522">
<ele>10</ele><time>2025-08-30T17:09:34.000Z</time><extensions><gpxtpx:TrackPointExtension><gpxtpx:hr>152</gpxtpx:hr><gpxtpx:cad>81</gpxtpx:cad></gpxtpx:TrackPointExtension></extensions><extensions><gpxtpx:PowerExtension><gpxtpx:PowerInWatts>204</gpxtpx:PowerInWatts></gpxtpx:PowerExtension></extensions></trkpt>
<trkpt lat="38.5789055" lon="-121.4513051">
<ele>10</ele><time>2025-08-30T17:09:36.000Z</time><extensions><gpxtpx:TrackPointExtension><gpxtpx:hr>152</gpxtpx:hr><gpxtpx:cad>81</gpxtpx:cad></gpxtpx:TrackPointExtension></extensions><extensions><gpxtpx:PowerExtension><gpxtpx:PowerInWatts>205</gpxtpx:PowerInWatts></gpxtpx:PowerExtension></extensions></trkpt>
<trkpt lat="38.5788871" lon="-121.4512457">
<ele>10</ele><time>2025-08-30T17:09:38.000Z</time><extensions><gpxtpx:TrackPointExtension><gpxtpx:hr>153</gpxtpx:hr><gpxtpx:cad>80</gpxtpx:cad></gpxtpx:TrackPointExtension></extensions><extensions><gpxtpx:PowerExtension><gpxtpx:PowerInWatts>206</gpxtpx:PowerInWatts></gpxtpx:PowerExtension></extensions></trkpt>
<trkpt lat="38.5788312" lon="-121.4512219">
<ele>10</ele><time>2025-08-30T17:09:40.000Z</time><extensions><gpxtpx:TrackPointExtension><gpxtpx:hr>153</gpxtpx:hr><gpxtpx:cad>81</gpxtpx:cad></gpxtpx:TrackPointExtension></extensions><extensions><gpxtpx:PowerExtension><gpxtpx:PowerInWatts>206</gpxtpx:PowerInWatts></gpxtpx:PowerExtension></extensions></trkpt>
<trkpt lat="38.5787835" lon="-121.4511876">
<ele>10</ele><time>2025-08-30T17:09:42.000Z</time><extensions><gpxtpx:TrackPointExtension><gpxtpx:hr>153</gpxtpx:hr><gpxtpx:cad>81</gpxtpx:cad></gpxtpx:TrackPointExtension></extensions><extensions><gpxtpx:PowerExtension><gpxtpx:PowerInWatts>206</gpxtpx:PowerInWatts></gpxtpx:PowerExtension></extensions></trkpt>
<trkpt lat="38.5787434" lon="-121.4511207">
<ele>10</ele><time>2025-08-30T17:09:45.000Z</time><extensions><gpxtpx:TrackPointExtension><gpxtpx:hr>153</gpxtpx:hr><gpxtpx:cad>78</gpxtpx:cad></gpxtpx:TrackPointExtension></extensions><extensions><gpxtpx:PowerExtension><gpxtpx:PowerInWatts>208</gpxtpx:PowerInWatts></gpxtpx:PowerExtension></extensions></trkpt>
<trkpt lat="38.5786919" lon="-121.4510809">
<ele>10</ele><time>2025-08-30T17:09:48.000Z</time><extensions><gpxtpx:TrackPointExtension><gpxtpx:hr>152</gpxtpx:hr><gpxtpx:cad>77</gpxtpx:cad></gpxtpx:TrackPointExtension></extensions><extensions><gpxtpx:PowerExtension><gpxtpx:PowerInWatts>211</gpxtpx:PowerInWatts></gpxtpx:PowerExtension></extensions></trkpt>
<trkpt lat="38.5786489" lon="-121.4510450">
<ele>10</ele><time>2025-08-30T17:09:50.000Z</time><extensions><gpxtpx:TrackPointExtension><gpxtpx:hr>152</gpxtpx:hr><gpxtpx:cad>81</gpxtpx:cad></gpxtpx:TrackPointExtension></extensions><extensions><gpxtpx:PowerExtension><gpxtpx:PowerInWatts>211</gpxtpx:PowerInWatts></gpxtpx:PowerExtension></extensions></trkpt>
<trkpt lat="38.5786128" lon="-121.4509800">
<ele>10</ele><time>2025-08-30T17:09:52.000Z</time><extensions><gpxtpx:TrackPointExtension><gpxtpx:hr>152</gpxtpx:hr><gpxtpx:cad>81</gpxtpx:cad></gpxtpx:TrackPointExtension></extensions><extensions><gpxtpx:PowerExtension><gpxtpx:PowerInWatts>211</gpxtpx:PowerInWatts></gpxtpx:PowerExtension></extensions></trkpt>
<trkpt lat="38.5785538" lon="-121.4509472">
<ele>10</ele><time>2025-08-30T17:09:54.000Z</time><extensions><gpxtpx:TrackPointExtension><gpxtpx:hr>153</gpxtpx:hr><gpxtpx:cad>80</gpxtpx:cad></gpxtpx:TrackPointExtension></extensions><extensions><gpxtpx:PowerExtension><gpxtpx:PowerInWatts>203</gpxtpx:PowerInWatts></gpxtpx:PowerExtension></extensions></trkpt>
<trkpt lat="38.5785069" lon="-121.4509055">
<ele>10</ele><time>2025-08-30T17:09:56.000Z</time><extensions><gpxtpx:TrackPointExtension><gpxtpx:hr>153</gpxtpx:hr><gpxtpx:cad>79</gpxtpx:cad></gpxtpx:TrackPointExtension></extensions><extensions><gpxtpx:PowerExtension><gpxtpx:PowerInWatts>204</gpxtpx:PowerInWatts></gpxtpx:PowerExtension></extensions></trkpt>
<trkpt lat="38.5784637" lon="-121.4508884">
<ele>10</ele><time>2025-08-30T17:09:58.000Z</time><extensions><gpxtpx:TrackPointExtension><gpxtpx:hr>153</gpxtpx:hr><gpxtpx:cad>79</gpxtpx:cad></gpxtpx:TrackPointExtension></extensions><extensions><gpxtpx:PowerExtension><gpxtpx:PowerInWatts>204</gpxtpx:PowerInWatts></gpxtpx:PowerExtension></extensions></trkpt>
<trkpt lat="38.5784253" lon="-121.4508568">
<ele>10</ele><time>2025-08-30T17:10:00.000Z</time><extensions><gpxtpx:TrackPointExtension><gpxtpx:hr>153</gpxtpx:hr><gpxtpx:cad>80</gpxtpx:cad></gpxtpx:TrackPointExtension></extensions><extensions><gpxtpx:PowerExtension><gpxtpx:PowerInWatts>204</gpxtpx:PowerInWatts></gpxtpx:PowerExtension></extensions></trkpt>
<trkpt lat="38.5783719" lon="-121.4508339">
<ele>10</ele><time>2025-08-30T17:10:02.000Z</time><extensions><gpxtpx:TrackPointExtension><gpxtpx:hr>153</gpxtpx:hr><gpxtpx:cad>78</gpxtpx:cad></gpxtpx:TrackPointExtension></extensions><extensions><gpxtpx:PowerExtension><gpxtpx:PowerInWatts>213</gpxtpx:PowerInWatts></gpxtpx:PowerExtension></extensions></trkpt>
<trkpt lat="38.5783383" lon="-121.4507905">
<ele>10</ele><time>2025-08-30T17:10:04.000Z</time><extensions><gpxtpx:TrackPointExtension><gpxtpx:hr>153</gpxtpx:hr><gpxtpx:cad>75</gpxtpx:cad></gpxtpx:TrackPointExtension></extensions><extensions><gpxtpx:PowerExtension><gpxtpx:PowerInWatts>213</gpxtpx:PowerInWatts></gpxtpx:PowerExtension></extensions></trkpt>
<trkpt lat="38.5783062" lon="-121.4507380">
<ele>10</ele><time>2025-08-30T17:10:06.000Z</time><extensions><gpxtpx:TrackPointExtension><gpxtpx:hr>153</gpxtpx:hr><gpxtpx:cad>78</gpxtpx:cad></gpxtpx:TrackPointExtension></extensions><extensions><gpxtpx:PowerExtension><gpxtpx:PowerInWatts>210</gpxtpx:PowerInWatts></gpxtpx:PowerExtension></extensions></trkpt>
<trkpt lat="38.5782565" lon="-121.4507031">
<ele>10</ele><time>2025-08-30T17:10:08.000Z</time><extensions><gpxtpx:TrackPointExtension><gpxtpx:hr>153</gpxtpx:hr><gpxtpx:cad>81</gpxtpx:cad></gpxtpx:TrackPointExtension></extensions><extensions><gpxtpx:PowerExtension><gpxtpx:PowerInWatts>210</gpxtpx:PowerInWatts></gpxtpx:PowerExtension></extensions></trkpt>
<trkpt lat="38.5782202" lon="-121.4506686">
<ele>10</ele><time>2025-08-30T17:10:10.000Z</time><extensions><gpxtpx:TrackPointExtension><gpxtpx:hr>153</gpxtpx:hr><gpxtpx:cad>81</gpxtpx:cad></gpxtpx:TrackPointExtension></extensions><extensions><gpxtpx:PowerExtension><gpxtpx:PowerInWatts>209</gpxtpx:PowerInWatts></gpxtpx:PowerExtension></extensions></trkpt>
<trkpt lat="38.5781759" lon="-121.4506063">
<ele>10</ele><time>2025-08-30T17:10:13.000Z</time><extensions><gpxtpx:TrackPointExtension><gpxtpx:hr>153</gpxtpx:hr><gpxtpx:cad>80</gpxtpx:cad></gpxtpx:TrackPointExtension></extensions><extensions><gpxtpx:PowerExtension><gpxtpx:PowerInWatts>212</gpxtpx:PowerInWatts></gpxtpx:PowerExtension></extensions></trkpt>
<trkpt lat="38.5781188" lon="-121.4505684">
<ele>10</ele><time>2025-08-30T17:10:16.000Z</time><extensions><gpxtpx:TrackPointExtension><gpxtpx:hr>153</gpxtpx:hr><gpxtpx:cad>80</gpxtpx:cad></gpxtpx:TrackPointExtension></extensions><extensions><gpxtpx:PowerExtension><gpxtpx:PowerInWatts>212</gpxtpx:PowerInWatts></gpxtpx:PowerExtension></extensions></trkpt>
<trkpt lat="38.5780792" lon="-121.4505328">
<ele>10</ele><time>2025-08-30T17:10:18.000Z</time><extensions><gpxtpx:TrackPointExtension><gpxtpx:hr>153</gpxtpx:hr><gpxtpx:cad>81</gpxtpx:cad></gpxtpx:TrackPointExtension></extensions><extensions><gpxtpx:PowerExtension><gpxtpx:PowerInWatts>212</gpxtpx:PowerInWatts></gpxtpx:PowerExtension></extensions></trkpt>
<trkpt lat="38.5780368" lon="-121.4504944">
<ele>10</ele><time>2025-08-30T17:10:20.000Z</time><extensions><gpxtpx:TrackPointExtension><gpxtpx:hr>153</gpxtpx:hr><gpxtpx:cad>79</gpxtpx:cad></gpxtpx:TrackPointExtension></extensions><extensions><gpxtpx:PowerExtension><gpxtpx:PowerInWatts>209</gpxtpx:PowerInWatts></gpxtpx:PowerExtension></extensions></trkpt>
<trkpt lat="38.5779965" lon="-121.4504374">
<ele>10</ele><time>2025-08-30T17:10:22.000Z</time><extensions><gpxtpx:TrackPointExtension><gpxtpx:hr>153</gpxtpx:hr><gpxtpx:cad>76</gpxtpx:cad></gpxtpx:TrackPointExtension></extensions><extensions><gpxtpx:PowerExtension><gpxtpx:PowerInWatts>206</gpxtpx:PowerInWatts></gpxtpx:PowerExtension></extensions></trkpt>
<trkpt lat="38.5779360" lon="-121.4504091">
<ele>10</ele><time>2025-08-30T17:10:24.000Z</time><extensions><gpxtpx:TrackPointExtension><gpxtpx:hr>153</gpxtpx:hr><gpxtpx:cad>78</gpxtpx:cad></gpxtpx:TrackPointExtension></extensions><extensions><gpxtpx:PowerExtension><gpxtpx:PowerInWatts>206</gpxtpx:PowerInWatts></gpxtpx:PowerExtension></extensions></trkpt>
<trkpt lat="38.5778887" lon="-121.4503813">
<ele>10</ele><time>2025-08-30T17:10:26.000Z</time><extensions><gpxtpx:TrackPointExtension><gpxtpx:hr>154</gpxtpx:hr><gpxtpx:cad>79</gpxtpx:cad></gpxtpx:TrackPointExtension></extensions><extensions><gpxtpx:PowerExtension><gpxtpx:PowerInWatts>207</gpxtpx:PowerInWatts></gpxtpx:PowerExtension></extensions></trkpt>
<trkpt lat="38.5778335" lon="-121.4503534">
<ele>10</ele><time>2025-08-30T17:10:28.000Z</time><extensions><gpxtpx:TrackPointExtension><gpxtpx:hr>154</gpxtpx:hr><gpxtpx:cad>76</gpxtpx:cad></gpxtpx:TrackPointExtension></extensions><extensions><gpxtpx:PowerExtension><gpxtpx:PowerInWatts>207</gpxtpx:PowerInWatts></gpxtpx:PowerExtension></extensions></trkpt>
<trkpt lat="38.5777776" lon="-121.4502914">
<ele>10</ele><time>2025-08-30T17:10:31.000Z</time><extensions><gpxtpx:TrackPointExtension><gpxtpx:hr>155</gpxtpx:hr><gpxtpx:cad>79</gpxtpx:cad></gpxtpx:TrackPointExtension></extensions><extensions><gpxtpx:PowerExtension><gpxtpx:PowerInWatts>207</gpxtpx:PowerInWatts></gpxtpx:PowerExtension></extensions></trkpt>
<trkpt lat="38.5777331" lon="-121.4502431">
<ele>10</ele><time>2025-08-30T17:10:33.000Z</time><extensions><gpxtpx:TrackPointExtension><gpxtpx:hr>155</gpxtpx:hr><gpxtpx:cad>78</gpxtpx:cad></gpxtpx:TrackPointExtension></extensions><extensions><gpxtpx:PowerExtension><gpxtpx:PowerInWatts>210</gpxtpx:PowerInWatts></gpxtpx:PowerExtension></extensions></trkpt>
<trkpt lat="38.5776948" lon="-121.4502087">
<ele>10</ele><time>2025-08-30T17:10:35.000Z</time><extensions><gpxtpx:TrackPointExtension><gpxtpx:hr>155</gpxtpx:hr><gpxtpx:cad>79</gpxtpx:cad></gpxtpx:TrackPointExtension></extensions><extensions><gpxtpx:PowerExtension><gpxtpx:PowerInWatts>210</gpxtpx:PowerInWatts></gpxtpx:PowerExtension></extensions></trkpt>
<trkpt lat="38.5776363" lon="-121.4501576">
<ele>10</ele><time>2025-08-30T17:10:38.000Z</time><extensions><gpxtpx:TrackPointExtension><gpxtpx:hr>154</gpxtpx:hr><gpxtpx:cad>77</gpxtpx:cad></gpxtpx:TrackPointExtension></extensions><extensions><gpxtpx:PowerExtension><gpxtpx:PowerInWatts>212</gpxtpx:PowerInWatts></gpxtpx:PowerExtension></extensions></trkpt>
<trkpt lat="38.5775997" lon="-121.4501041">
<ele>10</ele><time>2025-08-30T17:10:40.000Z</time><extensions><gpxtpx:TrackPointExtension><gpxtpx:hr>154</gpxtpx:hr><gpxtpx:cad>78</gpxtpx:cad></gpxtpx:TrackPointExtension></extensions><extensions><gpxtpx:PowerExtension><gpxtpx:PowerInWatts>210</gpxtpx:PowerInWatts></gpxtpx:PowerExtension></extensions></trkpt>
<trkpt lat="38.5775406" lon="-121.4500746">
<ele>10</ele><time>2025-08-30T17:10:42.000Z</time><extensions><gpxtpx:TrackPointExtension><gpxtpx:hr>154</gpxtpx:hr><gpxtpx:cad>78</gpxtpx:cad></gpxtpx:TrackPointExtension></extensions><extensions><gpxtpx:PowerExtension><gpxtpx:PowerInWatts>210</gpxtpx:PowerInWatts></gpxtpx:PowerExtension></extensions></trkpt>
<trkpt lat="38.5774873" lon="-121.4500339">
<ele>10</ele><time>2025-08-30T17:10:44.000Z</time><extensions><gpxtpx:TrackPointExtension><gpxtpx:hr>154</gpxtpx:hr><gpxtpx:cad>79</gpxtpx:cad></gpxtpx:TrackPointExtension></extensions><extensions><gpxtpx:PowerExtension><gpxtpx:PowerInWatts>210</gpxtpx:PowerInWatts></gpxtpx:PowerExtension></extensions></trkpt>
<trkpt lat="38.5774477" lon="-121.4499990">
<ele>10</ele><time>2025-08-30T17:10:46.000Z</time><extensions><gpxtpx:TrackPointExtension><gpxtpx:hr>155</gpxtpx:hr><gpxtpx:cad>83</gpxtpx:cad></gpxtpx:TrackPointExtension></extensions><extensions><gpxtpx:PowerExtension><gpxtpx:PowerInWatts>210</gpxtpx:PowerInWatts></gpxtpx:PowerExtension></extensions></trkpt>
<trkpt lat="38.5774026" lon="-121.4499453">
<ele>10</ele><time>2025-08-30T17:10:48.000Z</time><extensions><gpxtpx:TrackPointExtension><gpxtpx:hr>156</gpxtpx:hr><gpxtpx:cad>80</gpxtpx:cad></gpxtpx:TrackPointExtension></extensions><extensions><gpxtpx:PowerExtension><gpxtpx:PowerInWatts>216</gpxtpx:PowerInWatts></gpxtpx:PowerExtension></extensions></trkpt>
<trkpt lat="38.5773602" lon="-121.4498939">
<ele>10</ele><time>2025-08-30T17:10:50.000Z</time><extensions><gpxtpx:TrackPointExtension><gpxtpx:hr>156</gpxtpx:hr><gpxtpx:cad>78</gpxtpx:cad></gpxtpx:TrackPointExtension></extensions><extensions><gpxtpx:PowerExtension><gpxtpx:PowerInWatts>216</gpxtpx:PowerInWatts></gpxtpx:PowerExtension></extensions></trkpt>
<trkpt lat="38.5773114" lon="-121.4498468">
<ele>10</ele><time>2025-08-30T17:10:52.000Z</time><extensions><gpxtpx:TrackPointExtension><gpxtpx:hr>155</gpxtpx:hr><gpxtpx:cad>75</gpxtpx:cad></gpxtpx:TrackPointExtension></extensions><extensions><gpxtpx:PowerExtension><gpxtpx:PowerInWatts>216</gpxtpx:PowerInWatts></gpxtpx:PowerExtension></extensions></trkpt>
<trkpt lat="38.5772642" lon="-121.4497943">
<ele>10</ele><time>2025-08-30T17:10:55.000Z</time><extensions><gpxtpx:TrackPointExtension><gpxtpx:hr>155</gpxtpx:hr><gpxtpx:cad>77</gpxtpx:cad></gpxtpx:TrackPointExtension></extensions><extensions><gpxtpx:PowerExtension><gpxtpx:PowerInWatts>208</gpxtpx:PowerInWatts></gpxtpx:PowerExtension></extensions></trkpt>
<trkpt lat="38.5772073" lon="-121.4497631">
<ele>10</ele><time>2025-08-30T17:10:57.000Z</time><extensions><gpxtpx:TrackPointExtension><gpxtpx:hr>155</gpxtpx:hr><gpxtpx:cad>80</gpxtpx:cad></gpxtpx:TrackPointExtension></extensions><extensions><gpxtpx:PowerExtension><gpxtpx:PowerInWatts>208</gpxtpx:PowerInWatts></gpxtpx:PowerExtension></extensions></trkpt>
<trkpt lat="38.5771622" lon="-121.4497271">
<ele>10</ele><time>2025-08-30T17:10:59.000Z</time><extensions><gpxtpx:TrackPointExtension><gpxtpx:hr>155</gpxtpx:hr><gpxtpx:cad>78</gpxtpx:cad></gpxtpx:TrackPointExtension></extensions><extensions><gpxtpx:PowerExtension><gpxtpx:PowerInWatts>208</gpxtpx:PowerInWatts></gpxtpx:PowerExtension></extensions></trkpt>
<trkpt lat="38.5771516" lon="-121.4496495">
<ele>10</ele><time>2025-08-30T17:11:01.000Z</time><extensions><gpxtpx:TrackPointExtension><gpxtpx:hr>155</gpxtpx:hr><gpxtpx:cad>78</gpxtpx:cad></gpxtpx:TrackPointExtension></extensions><extensions><gpxtpx:PowerExtension><gpxtpx:PowerInWatts>209</gpxtpx:PowerInWatts></gpxtpx:PowerExtension></extensions></trkpt>
<trkpt lat="38.5772072" lon="-121.4495993">
<ele>10</ele><time>2025-08-30T17:11:03.000Z</time><extensions><gpxtpx:TrackPointExtension><gpxtpx:hr>155</gpxtpx:hr><gpxtpx:cad>81</gpxtpx:cad></gpxtpx:TrackPointExtension></extensions><extensions><gpxtpx:PowerExtension><gpxtpx:PowerInWatts>212</gpxtpx:PowerInWatts></gpxtpx:PowerExtension></extensions></trkpt>
<trkpt lat="38.5771979" lon="-121.4495089">
<ele>10</ele><time>2025-08-30T17:11:06.000Z</time><extensions><gpxtpx:TrackPointExtension><gpxtpx:hr>155</gpxtpx:hr><gpxtpx:cad>79</gpxtpx:cad></gpxtpx:TrackPointExtension></extensions><extensions><gpxtpx:PowerExtension><gpxtpx:PowerInWatts>212</gpxtpx:PowerInWatts></gpxtpx:PowerExtension></extensions></trkpt>
<trkpt lat="38.5772163" lon="-121.4494499">
<ele>10</ele><time>2025-08-30T17:11:08.000Z</time><extensions><gpxtpx:TrackPointExtension><gpxtpx:hr>156</gpxtpx:hr><gpxtpx:cad>80</gpxtpx:cad></gpxtpx:TrackPointExtension></extensions><extensions><gpxtpx:PowerExtension><gpxtpx:PowerInWatts>214</gpxtpx:PowerInWatts></gpxtpx:PowerExtension></extensions></trkpt>
<trkpt lat="38.5772395" lon="-121.4493905">
<ele>10</ele><time>2025-08-30T17:11:10.000Z</time><extensions><gpxtpx:TrackPointExtension><gpxtpx:hr>155</gpxtpx:hr><gpxtpx:cad>79</gpxtpx:cad></gpxtpx:TrackPointExtension></extensions><extensions><gpxtpx:PowerExtension><gpxtpx:PowerInWatts>211</gpxtpx:PowerInWatts></gpxtpx:PowerExtension></extensions></trkpt>
<trkpt lat="38.5772642" lon="-121.4493299">
<ele>10</ele><time>2025-08-30T17:11:12.000Z</time><extensions><gpxtpx:TrackPointExtension><gpxtpx:hr>155</gpxtpx:hr><gpxtpx:cad>78</gpxtpx:cad></gpxtpx:TrackPointExtension></extensions><extensions><gpxtpx:PowerExtension><gpxtpx:PowerInWatts>211</gpxtpx:PowerInWatts></gpxtpx:PowerExtension></extensions></trkpt>
<trkpt lat="38.5772971" lon="-121.4492796">
<ele>10</ele><time>2025-08-30T17:11:14.000Z</time><extensions><gpxtpx:TrackPointExtension><gpxtpx:hr>155</gpxtpx:hr><gpxtpx:cad>76</gpxtpx:cad></gpxtpx:TrackPointExtension></extensions><extensions><gpxtpx:PowerExtension><gpxtpx:PowerInWatts>210</gpxtpx:PowerInWatts></gpxtpx:PowerExtension></extensions></trkpt>
<trkpt lat="38.5773352" lon="-121.4492104">
<ele>10</ele><time>2025-08-30T17:11:16.000Z</time><extensions><gpxtpx:TrackPointExtension><gpxtpx:hr>156</gpxtpx:hr><gpxtpx:cad>73</gpxtpx:cad></gpxtpx:TrackPointExtension></extensions><extensions><gpxtpx:PowerExtension><gpxtpx:PowerInWatts>210</gpxtpx:PowerInWatts></gpxtpx:PowerExtension></extensions></trkpt>
<trkpt lat="38.5773421" lon="-121.4491284">
<ele>10</ele><time>2025-08-30T17:11:18.000Z</time><extensions><gpxtpx:TrackPointExtension><gpxtpx:hr>156</gpxtpx:hr><gpxtpx:cad>78</gpxtpx:cad></gpxtpx:TrackPointExtension></extensions><extensions><gpxtpx:PowerExtension><gpxtpx:PowerInWatts>211</gpxtpx:PowerInWatts></gpxtpx:PowerExtension></extensions></trkpt>
<trkpt lat="38.5773720" lon="-121.4490471">
<ele>10</ele><time>2025-08-30T17:11:21.000Z</time><extensions><gpxtpx:TrackPointExtension><gpxtpx:hr>157</gpxtpx:hr><gpxtpx:cad>82</gpxtpx:cad></gpxtpx:TrackPointExtension></extensions><extensions><gpxtpx:PowerExtension><gpxtpx:PowerInWatts>211</gpxtpx:PowerInWatts></gpxtpx:PowerExtension></extensions></trkpt>
<trkpt lat="38.5774128" lon="-121.4490001">
<ele>10</ele><time>2025-08-30T17:11:23.000Z</time><extensions><gpxtpx:TrackPointExtension><gpxtpx:hr>156</gpxtpx:hr><gpxtpx:cad>82</gpxtpx:cad></gpxtpx:TrackPointExtension></extensions><extensions><gpxtpx:PowerExtension><gpxtpx:PowerInWatts>211</gpxtpx:PowerInWatts></gpxtpx:PowerExtension></extensions></trkpt>
<trkpt lat="38.5774643" lon="-121.4489521">
<ele>10</ele><time>2025-08-30T17:11:25.000Z</time><extensions><gpxtpx:TrackPointExtension><gpxtpx:hr>156</gpxtpx:hr><gpxtpx:cad>80</gpxtpx:cad></gpxtpx:TrackPointExtension></extensions><extensions><gpxtpx:PowerExtension><gpxtpx:PowerInWatts>218</gpxtpx:PowerInWatts></gpxtpx:PowerExtension></extensions></trkpt>
<trkpt lat="38.5775228" lon="-121.4490090">
<ele>10</ele><time>2025-08-30T17:11:27.000Z</time><extensions><gpxtpx:TrackPointExtension><gpxtpx:hr>156</gpxtpx:hr><gpxtpx:cad>82</gpxtpx:cad></gpxtpx:TrackPointExtension></extensions><extensions><gpxtpx:PowerExtension><gpxtpx:PowerInWatts>218</gpxtpx:PowerInWatts></gpxtpx:PowerExtension></extensions></trkpt>
<trkpt lat="38.5775262" lon="-121.4490964">
<ele>10</ele><time>2025-08-30T17:11:29.000Z</time><extensions><gpxtpx:TrackPointExtension><gpxtpx:hr>156</gpxtpx:hr><gpxtpx:cad>82</gpxtpx:cad></gpxtpx:TrackPointExtension></extensions><extensions><gpxtpx:PowerExtension><gpxtpx:PowerInWatts>218</gpxtpx:PowerInWatts></gpxtpx:PowerExtension></extensions></trkpt>
<trkpt lat="38.5775729" lon="-121.4491369">
<ele>10</ele><time>2025-08-30T17:11:31.000Z</time><extensions><gpxtpx:TrackPointExtension><gpxtpx:hr>156</gpxtpx:hr><gpxtpx:cad>79</gpxtpx:cad></gpxtpx:TrackPointExtension></extensions><extensions><gpxtpx:PowerExtension><gpxtpx:PowerInWatts>221</gpxtpx:PowerInWatts></gpxtpx:PowerExtension></extensions></trkpt>
<trkpt lat="38.5776344" lon="-121.4491275">
<ele>10</ele><time>2025-08-30T17:11:33.000Z</time><extensions><gpxtpx:TrackPointExtension><gpxtpx:hr>156</gpxtpx:hr><gpxtpx:cad>82</gpxtpx:cad></gpxtpx:TrackPointExtension></extensions><extensions><gpxtpx:PowerExtension><gpxtpx:PowerInWatts>216</gpxtpx:PowerInWatts></gpxtpx:PowerExtension></extensions></trkpt>
<trkpt lat="38.5777019" lon="-121.4490916">
<ele>10</ele><time>2025-08-30T17:11:35.000Z</time><extensions><gpxtpx:TrackPointExtension><gpxtpx:hr>156</gpxtpx:hr><gpxtpx:cad>76</gpxtpx:cad></gpxtpx:TrackPointExtension></extensions><extensions><gpxtpx:PowerExtension><gpxtpx:PowerInWatts>216</gpxtpx:PowerInWatts></gpxtpx:PowerExtension></extensions></trkpt>
<trkpt lat="38.5777513" lon="-121.4491056">
<ele>10</ele><time>2025-08-30T17:11:37.000Z</time><extensions><gpxtpx:TrackPointExtension><gpxtpx:hr>156</gpxtpx:hr><gpxtpx:cad>74</gpxtpx:cad></gpxtpx:TrackPointExtension></extensions><extensions><gpxtpx:PowerExtension><gpxtpx:PowerInWatts>222</gpxtpx:PowerInWatts></gpxtpx:PowerExtension></extensions></trkpt>
<trkpt lat="38.5778001" lon="-121.4491326">
<ele>10</ele><time>2025-08-30T17:11:40.000Z</time><extensions><gpxtpx:TrackPointExtension><gpxtpx:hr>155</gpxtpx:hr><gpxtpx:cad>79</gpxtpx:cad></gpxtpx:TrackPointExtension></extensions><extensions><gpxtpx:PowerExtension><gpxtpx:PowerInWatts>222</gpxtpx:PowerInWatts></gpxtpx:PowerExtension></extensions></trkpt>
<trkpt lat="38.5778395" lon="-121.4491628">
<ele>10</ele><time>2025-08-30T17:11:42.000Z</time><extensions><gpxtpx:TrackPointExtension><gpxtpx:hr>156</gpxtpx:hr><gpxtpx:cad>82</gpxtpx:cad></gpxtpx:TrackPointExtension></extensions><extensions><gpxtpx:PowerExtension><gpxtpx:PowerInWatts>226</gpxtpx:PowerInWatts></gpxtpx:PowerExtension></extensions></trkpt>
<trkpt lat="38.5778893" lon="-121.4491764">
<ele>10</ele><time>2025-08-30T17:11:44.000Z</time><extensions><gpxtpx:TrackPointExtension><gpxtpx:hr>156</gpxtpx:hr><gpxtpx:cad>79</gpxtpx:cad></gpxtpx:TrackPointExtension></extensions><extensions><gpxtpx:PowerExtension><gpxtpx:PowerInWatts>223</gpxtpx:PowerInWatts></gpxtpx:PowerExtension></extensions></trkpt>
<trkpt lat="38.5779263" lon="-121.4492274">
<ele>10</ele><time>2025-08-30T17:11:46.000Z</time><extensions><gpxtpx:TrackPointExtension><gpxtpx:hr>156</gpxtpx:hr><gpxtpx:cad>81</gpxtpx:cad></gpxtpx:TrackPointExtension></extensions><extensions><gpxtpx:PowerExtension><gpxtpx:PowerInWatts>216</gpxtpx:PowerInWatts></gpxtpx:PowerExtension></extensions></trkpt>
<trkpt lat="38.5779675" lon="-121.4492782">
<ele>10</ele><time>2025-08-30T17:11:48.000Z</time><extensions><gpxtpx:TrackPointExtension><gpxtpx:hr>156</gpxtpx:hr><gpxtpx:cad>79</gpxtpx:cad></gpxtpx:TrackPointExtension></extensions><extensions><gpxtpx:PowerExtension><gpxtpx:PowerInWatts>216</gpxtpx:PowerInWatts></gpxtpx:PowerExtension></extensions></trkpt>
<trkpt lat="38.5780080" lon="-121.4493253">
<ele>10</ele><time>2025-08-30T17:11:50.000Z</time><extensions><gpxtpx:TrackPointExtension><gpxtpx:hr>156</gpxtpx:hr><gpxtpx:cad>78</gpxtpx:cad></gpxtpx:TrackPointExtension></extensions><extensions><gpxtpx:PowerExtension><gpxtpx:PowerInWatts>216</gpxtpx:PowerInWatts></gpxtpx:PowerExtension></extensions></trkpt>
<trkpt lat="38.5780482" lon="-121.4493514">
<ele>10</ele><time>2025-08-30T17:11:52.000Z</time><extensions><gpxtpx:TrackPointExtension><gpxtpx:hr>157</gpxtpx:hr><gpxtpx:cad>76</gpxtpx:cad></gpxtpx:TrackPointExtension></extensions><extensions><gpxtpx:PowerExtension><gpxtpx:PowerInWatts>214</gpxtpx:PowerInWatts></gpxtpx:PowerExtension></extensions></trkpt>
<trkpt lat="38.5780882" lon="-121.4493982">
<ele>10</ele><time>2025-08-30T17:11:54.000Z</time><extensions><gpxtpx:TrackPointExtension><gpxtpx:hr>157</gpxtpx:hr><gpxtpx:cad>74</gpxtpx:cad></gpxtpx:TrackPointExtension></extensions><extensions><gpxtpx:PowerExtension><gpxtpx:PowerInWatts>213</gpxtpx:PowerInWatts></gpxtpx:PowerExtension></extensions></trkpt>
<trkpt lat="38.5781482" lon="-121.4494420">
<ele>10</ele><time>2025-08-30T17:11:56.000Z</time><extensions><gpxtpx:TrackPointExtension><gpxtpx:hr>157</gpxtpx:hr><gpxtpx:cad>76</gpxtpx:cad></gpxtpx:TrackPointExtension></extensions><extensions><gpxtpx:PowerExtension><gpxtpx:PowerInWatts>215</gpxtpx:PowerInWatts></gpxtpx:PowerExtension></extensions></trkpt>
<trkpt lat="38.5782053" lon="-121.4494992">
<ele>11</ele><time>2025-08-30T17:11:59.000Z</time><extensions><gpxtpx:TrackPointExtension><gpxtpx:hr>157</gpxtpx:hr><gpxtpx:cad>82</gpxtpx:cad></gpxtpx:TrackPointExtension></extensions><extensions><gpxtpx:PowerExtension><gpxtpx:PowerInWatts>214</gpxtpx:PowerInWatts></gpxtpx:PowerExtension></extensions></trkpt>
<trkpt lat="38.5782512" lon="-121.4495505">
<ele>11</ele><time>2025-08-30T17:12:01.000Z</time><extensions><gpxtpx:TrackPointExtension><gpxtpx:hr>156</gpxtpx:hr><gpxtpx:cad>82</gpxtpx:cad></gpxtpx:TrackPointExtension></extensions><extensions><gpxtpx:PowerExtension><gpxtpx:PowerInWatts>216</gpxtpx:PowerInWatts></gpxtpx:PowerExtension></extensions></trkpt>
<trkpt lat="38.5782845" lon="-121.4496052">
<ele>11</ele><time>2025-08-30T17:12:04.000Z</time><extensions><gpxtpx:TrackPointExtension><gpxtpx:hr>155</gpxtpx:hr><gpxtpx:cad>77</gpxtpx:cad></gpxtpx:TrackPointExtension></extensions><extensions><gpxtpx:PowerExtension><gpxtpx:PowerInWatts>221</gpxtpx:PowerInWatts></gpxtpx:PowerExtension></extensions></trkpt>
<trkpt lat="38.5783293" lon="-121.4496259">
<ele>11</ele><time>2025-08-30T17:12:06.000Z</time><extensions><gpxtpx:TrackPointExtension><gpxtpx:hr>155</gpxtpx:hr><gpxtpx:cad>79</gpxtpx:cad></gpxtpx:TrackPointExtension></extensions><extensions><gpxtpx:PowerExtension><gpxtpx:PowerInWatts>221</gpxtpx:PowerInWatts></gpxtpx:PowerExtension></extensions></trkpt>
<trkpt lat="38.5783868" lon="-121.4496613">
<ele>10</ele><time>2025-08-30T17:12:08.000Z</time><extensions><gpxtpx:TrackPointExtension><gpxtpx:hr>156</gpxtpx:hr><gpxtpx:cad>80</gpxtpx:cad></gpxtpx:TrackPointExtension></extensions><extensions><gpxtpx:PowerExtension><gpxtpx:PowerInWatts>221</gpxtpx:PowerInWatts></gpxtpx:PowerExtension></extensions></trkpt>
<trkpt lat="38.5784301" lon="-121.4496994">
<ele>10</ele><time>2025-08-30T17:12:10.000Z</time><extensions><gpxtpx:TrackPointExtension><gpxtpx:hr>156</gpxtpx:hr><gpxtpx:cad>82</gpxtpx:cad></gpxtpx:TrackPointExtension></extensions><extensions><gpxtpx:PowerExtension><gpxtpx:PowerInWatts>217</gpxtpx:PowerInWatts></gpxtpx:PowerExtension></extensions></trkpt>
<trkpt lat="38.5784772" lon="-121.4497320">
<ele>10</ele><time>2025-08-30T17:12:12.000Z</time><extensions><gpxtpx:TrackPointExtension><gpxtpx:hr>156</gpxtpx:hr><gpxtpx:cad>81</gpxtpx:cad></gpxtpx:TrackPointExtension></extensions><extensions><gpxtpx:PowerExtension><gpxtpx:PowerInWatts>215</gpxtpx:PowerInWatts></gpxtpx:PowerExtension></extensions></trkpt>
<trkpt lat="38.5785249" lon="-121.4497831">
<ele>10</ele><time>2025-08-30T17:12:14.000Z</time><extensions><gpxtpx:TrackPointExtension><gpxtpx:hr>156</gpxtpx:hr><gpxtpx:cad>85</gpxtpx:cad></gpxtpx:TrackPointExtension></extensions><extensions><gpxtpx:PowerExtension><gpxtpx:PowerInWatts>218</gpxtpx:PowerInWatts></gpxtpx:PowerExtension></extensions></trkpt>
<trkpt lat="38.5785641" lon="-121.4498327">
<ele>10</ele><time>2025-08-30T17:12:16.000Z</time><extensions><gpxtpx:TrackPointExtension><gpxtpx:hr>156</gpxtpx:hr><gpxtpx:cad>79</gpxtpx:cad></gpxtpx:TrackPointExtension></extensions><extensions><gpxtpx:PowerExtension><gpxtpx:PowerInWatts>218</gpxtpx:PowerInWatts></gpxtpx:PowerExtension></extensions></trkpt>
<trkpt lat="38.5786085" lon="-121.4499083">
<ele>10</ele><time>2025-08-30T17:12:18.000Z</time><extensions><gpxtpx:TrackPointExtension><gpxtpx:hr>156</gpxtpx:hr><gpxtpx:cad>79</gpxtpx:cad></gpxtpx:TrackPointExtension></extensions><extensions><gpxtpx:PowerExtension><gpxtpx:PowerInWatts>218</gpxtpx:PowerInWatts></gpxtpx:PowerExtension></extensions></trkpt>
<trkpt lat="38.5786531" lon="-121.4499598">
<ele>10</ele><time>2025-08-30T17:12:20.000Z</time><extensions><gpxtpx:TrackPointExtension><gpxtpx:hr>156</gpxtpx:hr><gpxtpx:cad>80</gpxtpx:cad></gpxtpx:TrackPointExtension></extensions><extensions><gpxtpx:PowerExtension><gpxtpx:PowerInWatts>221</gpxtpx:PowerInWatts></gpxtpx:PowerExtension></extensions></trkpt>
<trkpt lat="38.5787063" lon="-121.4499995">
<ele>10</ele><time>2025-08-30T17:12:22.000Z</time><extensions><gpxtpx:TrackPointExtension><gpxtpx:hr>156</gpxtpx:hr><gpxtpx:cad>82</gpxtpx:cad></gpxtpx:TrackPointExtension></extensions><extensions><gpxtpx:PowerExtension><gpxtpx:PowerInWatts>222</gpxtpx:PowerInWatts></gpxtpx:PowerExtension></extensions></trkpt>
<trkpt lat="38.5787470" lon="-121.4500276">
<ele>10</ele><time>2025-08-30T17:12:24.000Z</time><extensions><gpxtpx:TrackPointExtension><gpxtpx:hr>157</gpxtpx:hr><gpxtpx:cad>80</gpxtpx:cad></gpxtpx:TrackPointExtension></extensions><extensions><gpxtpx:PowerExtension><gpxtpx:PowerInWatts>228</gpxtpx:PowerInWatts></gpxtpx:PowerExtension></extensions></trkpt>
<trkpt lat="38.5787980" lon="-121.4500500">
<ele>10</ele><time>2025-08-30T17:12:26.000Z</time><extensions><gpxtpx:TrackPointExtension><gpxtpx:hr>157</gpxtpx:hr><gpxtpx:cad>78</gpxtpx:cad></gpxtpx:TrackPointExtension></extensions><extensions><gpxtpx:PowerExtension><gpxtpx:PowerInWatts>228</gpxtpx:PowerInWatts></gpxtpx:PowerExtension></extensions></trkpt>
<trkpt lat="38.5788281" lon="-121.4500964">
<ele>10</ele><time>2025-08-30T17:12:28.000Z</time><extensions><gpxtpx:TrackPointExtension><gpxtpx:hr>157</gpxtpx:hr><gpxtpx:cad>80</gpxtpx:cad></gpxtpx:TrackPointExtension></extensions><extensions><gpxtpx:PowerExtension><gpxtpx:PowerInWatts>229</gpxtpx:PowerInWatts></gpxtpx:PowerExtension></extensions></trkpt>
<trkpt lat="38.5788818" lon="-121.4501340">
<ele>10</ele><time>2025-08-30T17:12:30.000Z</time><extensions><gpxtpx:TrackPointExtension><gpxtpx:hr>157</gpxtpx:hr><gpxtpx:cad>80</gpxtpx:cad></gpxtpx:TrackPointExtension></extensions><extensions><gpxtpx:PowerExtension><gpxtpx:PowerInWatts>229</gpxtpx:PowerInWatts></gpxtpx:PowerExtension></extensions></trkpt>
<trkpt lat="38.5789167" lon="-121.4501824">
<ele>10</ele><time>2025-08-30T17:12:32.000Z</time><extensions><gpxtpx:TrackPointExtension><gpxtpx:hr>157</gpxtpx:hr><gpxtpx:cad>81</gpxtpx:cad></gpxtpx:TrackPointExtension></extensions><extensions><gpxtpx:PowerExtension><gpxtpx:PowerInWatts>223</gpxtpx:PowerInWatts></gpxtpx:PowerExtension></extensions></trkpt>
<trkpt lat="38.5789679" lon="-121.4502456">
<ele>10</ele><time>2025-08-30T17:12:34.000Z</time><extensions><gpxtpx:TrackPointExtension><gpxtpx:hr>157</gpxtpx:hr><gpxtpx:cad>80</gpxtpx:cad></gpxtpx:TrackPointExtension></extensions><extensions><gpxtpx:PowerExtension><gpxtpx:PowerInWatts>223</gpxtpx:PowerInWatts></gpxtpx:PowerExtension></extensions></trkpt>
<trkpt lat="38.5790071" lon="-121.4502905">
<ele>10</ele><time>2025-08-30T17:12:36.000Z</time><extensions><gpxtpx:TrackPointExtension><gpxtpx:hr>156</gpxtpx:hr><gpxtpx:cad>82</gpxtpx:cad></gpxtpx:TrackPointExtension></extensions><extensions><gpxtpx:PowerExtension><gpxtpx:PowerInWatts>223</gpxtpx:PowerInWatts></gpxtpx:PowerExtension></extensions></trkpt>
<trkpt lat="38.5790560" lon="-121.4503093">
<ele>10</ele><time>2025-08-30T17:12:38.000Z</time><extensions><gpxtpx:TrackPointExtension><gpxtpx:hr>156</gpxtpx:hr><gpxtpx:cad>78</gpxtpx:cad></gpxtpx:TrackPointExtension></extensions><extensions><gpxtpx:PowerExtension><gpxtpx:PowerInWatts>224</gpxtpx:PowerInWatts></gpxtpx:PowerExtension></extensions></trkpt>
<trkpt lat="38.5791059" lon="-121.4503490">
<ele>10</ele><time>2025-08-30T17:12:40.000Z</time><extensions><gpxtpx:TrackPointExtension><gpxtpx:hr>156</gpxtpx:hr><gpxtpx:cad>76</gpxtpx:cad></gpxtpx:TrackPointExtension></extensions><extensions><gpxtpx:PowerExtension><gpxtpx:PowerInWatts>229</gpxtpx:PowerInWatts></gpxtpx:PowerExtension></extensions></trkpt>
<trkpt lat="38.5791511" lon="-121.4503725">
<ele>10</ele><time>2025-08-30T17:12:42.000Z</time><extensions><gpxtpx:TrackPointExtension><gpxtpx:hr>156</gpxtpx:hr><gpxtpx:cad>74</gpxtpx:cad></gpxtpx:TrackPointExtension></extensions><extensions><gpxtpx:PowerExtension><gpxtpx:PowerInWatts>229</gpxtpx:PowerInWatts></gpxtpx:PowerExtension></extensions></trkpt>
<trkpt lat="38.5791983" lon="-121.4504033">
<ele>10</ele><time>2025-08-30T17:12:44.000Z</time><extensions><gpxtpx:TrackPointExtension><gpxtpx:hr>156</gpxtpx:hr><gpxtpx:cad>79</gpxtpx:cad></gpxtpx:TrackPointExtension></extensions><extensions><gpxtpx:PowerExtension><gpxtpx:PowerInWatts>229</gpxtpx:PowerInWatts></gpxtpx:PowerExtension></extensions></trkpt>
<trkpt lat="38.5792322" lon="-121.4504432">
<ele>10</ele><time>2025-08-30T17:12:46.000Z</time><extensions><gpxtpx:TrackPointExtension><gpxtpx:hr>156</gpxtpx:hr><gpxtpx:cad>79</gpxtpx:cad></gpxtpx:TrackPointExtension></extensions><extensions><gpxtpx:PowerExtension><gpxtpx:PowerInWatts>230</gpxtpx:PowerInWatts></gpxtpx:PowerExtension></extensions></trkpt>
<trkpt lat="38.5792702" lon="-121.4504795">
<ele>10</ele><time>2025-08-30T17:12:48.000Z</time><extensions><gpxtpx:TrackPointExtension><gpxtpx:hr>155</gpxtpx:hr><gpxtpx:cad>77</gpxtpx:cad></gpxtpx:TrackPointExtension></extensions><extensions><gpxtpx:PowerExtension><gpxtpx:PowerInWatts>231</gpxtpx:PowerInWatts></gpxtpx:PowerExtension></extensions></trkpt>
<trkpt lat="38.5793121" lon="-121.4505175">
<ele>10</ele><time>2025-08-30T17:12:50.000Z</time><extensions><gpxtpx:TrackPointExtension><gpxtpx:hr>155</gpxtpx:hr><gpxtpx:cad>79</gpxtpx:cad></gpxtpx:TrackPointExtension></extensions><extensions><gpxtpx:PowerExtension><gpxtpx:PowerInWatts>226</gpxtpx:PowerInWatts></gpxtpx:PowerExtension></extensions></trkpt>
<trkpt lat="38.5793544" lon="-121.4505427">
<ele>10</ele><time>2025-08-30T17:12:52.000Z</time><extensions><gpxtpx:TrackPointExtension><gpxtpx:hr>155</gpxtpx:hr><gpxtpx:cad>77</gpxtpx:cad></gpxtpx:TrackPointExtension></extensions><extensions><gpxtpx:PowerExtension><gpxtpx:PowerInWatts>226</gpxtpx:PowerInWatts></gpxtpx:PowerExtension></extensions></trkpt>
<trkpt lat="38.5794064" lon="-121.4505735">
<ele>10</ele><time>2025-08-30T17:12:54.000Z</time><extensions><gpxtpx:TrackPointExtension><gpxtpx:hr>155</gpxtpx:hr><gpxtpx:cad>80</gpxtpx:cad></gpxtpx:TrackPointExtension></extensions><extensions><gpxtpx:PowerExtension><gpxtpx:PowerInWatts>226</gpxtpx:PowerInWatts></gpxtpx:PowerExtension></extensions></trkpt>
<trkpt lat="38.5794550" lon="-121.4506060">
<ele>10</ele><time>2025-08-30T17:12:56.000Z</time><extensions><gpxtpx:TrackPointExtension><gpxtpx:hr>155</gpxtpx:hr><gpxtpx:cad>80</gpxtpx:cad></gpxtpx:TrackPointExtension></extensions><extensions><gpxtpx:PowerExtension><gpxtpx:PowerInWatts>226</gpxtpx:PowerInWatts></gpxtpx:PowerExtension></extensions></trkpt>
<trkpt lat="38.5794893" lon="-121.4506449">
<ele>10</ele><time>2025-08-30T17:12:58.000Z</time><extensions><gpxtpx:TrackPointExtension><gpxtpx:hr>155</gpxtpx:hr><gpxtpx:cad>80</gpxtpx:cad></gpxtpx:TrackPointExtension></extensions><extensions><gpxtpx:PowerExtension><gpxtpx:PowerInWatts>226</gpxtpx:PowerInWatts></gpxtpx:PowerExtension></extensions></trkpt>
<trkpt lat="38.5795418" lon="-121.4506581">
<ele>10</ele><time>2025-08-30T17:13:00.000Z</time><extensions><gpxtpx:TrackPointExtension><gpxtpx:hr>156</gpxtpx:hr><gpxtpx:cad>78</gpxtpx:cad></gpxtpx:TrackPointExtension></extensions><extensions><gpxtpx:PowerExtension><gpxtpx:PowerInWatts>224</gpxtpx:PowerInWatts></gpxtpx:PowerExtension></extensions></trkpt>
<trkpt lat="38.5795876" lon="-121.4507003">
<ele>10</ele><time>2025-08-30T17:13:03.000Z</time><extensions><gpxtpx:TrackPointExtension><gpxtpx:hr>156</gpxtpx:hr><gpxtpx:cad>78</gpxtpx:cad></gpxtpx:TrackPointExtension></extensions><extensions><gpxtpx:PowerExtension><gpxtpx:PowerInWatts>224</gpxtpx:PowerInWatts></gpxtpx:PowerExtension></extensions></trkpt>
<trkpt lat="38.5796380" lon="-121.4507526">
<ele>10</ele><time>2025-08-30T17:13:06.000Z</time><extensions><gpxtpx:TrackPointExtension><gpxtpx:hr>157</gpxtpx:hr><gpxtpx:cad>79</gpxtpx:cad></gpxtpx:TrackPointExtension></extensions><extensions><gpxtpx:PowerExtension><gpxtpx:PowerInWatts>215</gpxtpx:PowerInWatts></gpxtpx:PowerExtension></extensions></trkpt>
<trkpt lat="38.5796962" lon="-121.4508029">
<ele>10</ele><time>2025-08-30T17:13:09.000Z</time><extensions><gpxtpx:TrackPointExtension><gpxtpx:hr>157</gpxtpx:hr><gpxtpx:cad>76</gpxtpx:cad></gpxtpx:TrackPointExtension></extensions><extensions><gpxtpx:PowerExtension><gpxtpx:PowerInWatts>215</gpxtpx:PowerInWatts></gpxtpx:PowerExtension></extensions></trkpt>
<trkpt lat="38.5797439" lon="-121.4508500">
<ele>10</ele><time>2025-08-30T17:13:11.000Z</time><extensions><gpxtpx:TrackPointExtension><gpxtpx:hr>157</gpxtpx:hr><gpxtpx:cad>81</gpxtpx:cad></gpxtpx:TrackPointExtension></extensions><extensions><gpxtpx:PowerExtension><gpxtpx:PowerInWatts>215</gpxtpx:PowerInWatts></gpxtpx:PowerExtension></extensions></trkpt>
<trkpt lat="38.5797806" lon="-121.4509030">
<ele>10</ele><time>2025-08-30T17:13:13.000Z</time><extensions><gpxtpx:TrackPointExtension><gpxtpx:hr>157</gpxtpx:hr><gpxtpx:cad>79</gpxtpx:cad></gpxtpx:TrackPointExtension></extensions><extensions><gpxtpx:PowerExtension><gpxtpx:PowerInWatts>215</gpxtpx:PowerInWatts></gpxtpx:PowerExtension></extensions></trkpt>
<trkpt lat="38.5798259" lon="-121.4509445">
<ele>10</ele><time>2025-08-30T17:13:15.000Z</time><extensions><gpxtpx:TrackPointExtension><gpxtpx:hr>157</gpxtpx:hr><gpxtpx:cad>76</gpxtpx:cad></gpxtpx:TrackPointExtension></extensions><extensions><gpxtpx:PowerExtension><gpxtpx:PowerInWatts>215</gpxtpx:PowerInWatts></gpxtpx:PowerExtension></extensions></trkpt>
<trkpt lat="38.5798726" lon="-121.4509800">
<ele>10</ele><time>2025-08-30T17:13:17.000Z</time><extensions><gpxtpx:TrackPointExtension><gpxtpx:hr>157</gpxtpx:hr><gpxtpx:cad>75</gpxtpx:cad></gpxtpx:TrackPointExtension></extensions><extensions><gpxtpx:PowerExtension><gpxtpx:PowerInWatts>215</gpxtpx:PowerInWatts></gpxtpx:PowerExtension></extensions></trkpt>
<trkpt lat="38.5799293" lon="-121.4510381">
<ele>10</ele><time>2025-08-30T17:13:19.000Z</time><extensions><gpxtpx:TrackPointExtension><gpxtpx:hr>157</gpxtpx:hr><gpxtpx:cad>78</gpxtpx:cad></gpxtpx:TrackPointExtension></extensions><extensions><gpxtpx:PowerExtension><gpxtpx:PowerInWatts>215</gpxtpx:PowerInWatts></gpxtpx:PowerExtension></extensions></trkpt>
<trkpt lat="38.5799672" lon="-121.4510831">
<ele>10</ele><time>2025-08-30T17:13:21.000Z</time><extensions><gpxtpx:TrackPointExtension><gpxtpx:hr>157</gpxtpx:hr><gpxtpx:cad>82</gpxtpx:cad></gpxtpx:TrackPointExtension></extensions><extensions><gpxtpx:PowerExtension><gpxtpx:PowerInWatts>215</gpxtpx:PowerInWatts></gpxtpx:PowerExtension></extensions></trkpt>
<trkpt lat="38.5799982" lon="-121.4511276">
<ele>10</ele><time>2025-08-30T17:13:23.000Z</time><extensions><gpxtpx:TrackPointExtension><gpxtpx:hr>157</gpxtpx:hr><gpxtpx:cad>82</gpxtpx:cad></gpxtpx:TrackPointExtension></extensions><extensions><gpxtpx:PowerExtension><gpxtpx:PowerInWatts>215</gpxtpx:PowerInWatts></gpxtpx:PowerExtension></extensions></trkpt>
<trkpt lat="38.5800473" lon="-121.4511489">
<ele>10</ele><time>2025-08-30T17:13:25.000Z</time><extensions><gpxtpx:TrackPointExtension><gpxtpx:hr>157</gpxtpx:hr><gpxtpx:cad>78</gpxtpx:cad></gpxtpx:TrackPointExtension></extensions><extensions><gpxtpx:PowerExtension><gpxtpx:PowerInWatts>215</gpxtpx:PowerInWatts></gpxtpx:PowerExtension></extensions></trkpt>
<trkpt lat="38.5801010" lon="-121.4511836">
<ele>10</ele><time>2025-08-30T17:13:27.000Z</time><extensions><gpxtpx:TrackPointExtension><gpxtpx:hr>157</gpxtpx:hr><gpxtpx:cad>76</gpxtpx:cad></gpxtpx:TrackPointExtension></extensions><extensions><gpxtpx:PowerExtension><gpxtpx:PowerInWatts>207</gpxtpx:PowerInWatts></gpxtpx:PowerExtension></extensions></trkpt>
<trkpt lat="38.5801417" lon="-121.4512434">
<ele>10</ele><time>2025-08-30T17:13:30.000Z</time><extensions><gpxtpx:TrackPointExtension><gpxtpx:hr>157</gpxtpx:hr><gpxtpx:cad>75</gpxtpx:cad></gpxtpx:TrackPointExtension></extensions><extensions><gpxtpx:PowerExtension><gpxtpx:PowerInWatts>207</gpxtpx:PowerInWatts></gpxtpx:PowerExtension></extensions></trkpt>
<trkpt lat="38.5801856" lon="-121.4512782">
<ele>10</ele><time>2025-08-30T17:13:32.000Z</time><extensions><gpxtpx:TrackPointExtension><gpxtpx:hr>157</gpxtpx:hr><gpxtpx:cad>79</gpxtpx:cad></gpxtpx:TrackPointExtension></extensions><extensions><gpxtpx:PowerExtension><gpxtpx:PowerInWatts>207</gpxtpx:PowerInWatts></gpxtpx:PowerExtension></extensions></trkpt>
<trkpt lat="38.5802363" lon="-121.4513247">
<ele>10</ele><time>2025-08-30T17:13:34.000Z</time><extensions><gpxtpx:TrackPointExtension><gpxtpx:hr>157</gpxtpx:hr><gpxtpx:cad>83</gpxtpx:cad></gpxtpx:TrackPointExtension></extensions><extensions><gpxtpx:PowerExtension><gpxtpx:PowerInWatts>207</gpxtpx:PowerInWatts></gpxtpx:PowerExtension></extensions></trkpt>
<trkpt lat="38.5802663" lon="-121.4513706">
<ele>10</ele><time>2025-08-30T17:13:36.000Z</time><extensions><gpxtpx:TrackPointExtension><gpxtpx:hr>157</gpxtpx:hr><gpxtpx:cad>79</gpxtpx:cad></gpxtpx:TrackPointExtension></extensions><extensions><gpxtpx:PowerExtension><gpxtpx:PowerInWatts>208</gpxtpx:PowerInWatts></gpxtpx:PowerExtension></extensions></trkpt>
<trkpt lat="38.5803370" lon="-121.4514162">
<ele>10</ele><time>2025-08-30T17:13:38.000Z</time><extensions><gpxtpx:TrackPointExtension><gpxtpx:hr>157</gpxtpx:hr><gpxtpx:cad>77</gpxtpx:cad></gpxtpx:TrackPointExtension></extensions><extensions><gpxtpx:PowerExtension><gpxtpx:PowerInWatts>208</gpxtpx:PowerInWatts></gpxtpx:PowerExtension></extensions></trkpt>
<trkpt lat="38.5803789" lon="-121.4514462">
<ele>10</ele><time>2025-08-30T17:13:40.000Z</time><extensions><gpxtpx:TrackPointExtension><gpxtpx:hr>157</gpxtpx:hr><gpxtpx:cad>85</gpxtpx:cad></gpxtpx:TrackPointExtension></extensions><extensions><gpxtpx:PowerExtension><gpxtpx:PowerInWatts>207</gpxtpx:PowerInWatts></gpxtpx:PowerExtension></extensions></trkpt>
<trkpt lat="38.5804175" lon="-121.4514890">
<ele>10</ele><time>2025-08-30T17:13:42.000Z</time><extensions><gpxtpx:TrackPointExtension><gpxtpx:hr>157</gpxtpx:hr><gpxtpx:cad>89</gpxtpx:cad></gpxtpx:TrackPointExtension></extensions><extensions><gpxtpx:PowerExtension><gpxtpx:PowerInWatts>207</gpxtpx:PowerInWatts></gpxtpx:PowerExtension></extensions></trkpt>
<trkpt lat="38.5804705" lon="-121.4515189">
<ele>10</ele><time>2025-08-30T17:13:44.000Z</time><extensions><gpxtpx:TrackPointExtension><gpxtpx:hr>157</gpxtpx:hr><gpxtpx:cad>84</gpxtpx:cad></gpxtpx:TrackPointExtension></extensions><extensions><gpxtpx:PowerExtension><gpxtpx:PowerInWatts>207</gpxtpx:PowerInWatts></gpxtpx:PowerExtension></extensions></trkpt>
<trkpt lat="38.5805218" lon="-121.4515564">
<ele>10</ele><time>2025-08-30T17:13:46.000Z</time><extensions><gpxtpx:TrackPointExtension><gpxtpx:hr>158</gpxtpx:hr><gpxtpx:cad>80</gpxtpx:cad></gpxtpx:TrackPointExtension></extensions><extensions><gpxtpx:PowerExtension><gpxtpx:PowerInWatts>207</gpxtpx:PowerInWatts></gpxtpx:PowerExtension></extensions></trkpt>
<trkpt lat="38.5805684" lon="-121.4515907">
<ele>10</ele><time>2025-08-30T17:13:48.000Z</time><extensions><gpxtpx:TrackPointExtension><gpxtpx:hr>158</gpxtpx:hr><gpxtpx:cad>77</gpxtpx:cad></gpxtpx:TrackPointExtension></extensions><extensions><gpxtpx:PowerExtension><gpxtpx:PowerInWatts>207</gpxtpx:PowerInWatts></gpxtpx:PowerExtension></extensions></trkpt>
<trkpt lat="38.5806172" lon="-121.4516267">
<ele>10</ele><time>2025-08-30T17:13:50.000Z</time><extensions><gpxtpx:TrackPointExtension><gpxtpx:hr>157</gpxtpx:hr><gpxtpx:cad>81</gpxtpx:cad></gpxtpx:TrackPointExtension></extensions><extensions><gpxtpx:PowerExtension><gpxtpx:PowerInWatts>210</gpxtpx:PowerInWatts></gpxtpx:PowerExtension></extensions></trkpt>
<trkpt lat="38.5806642" lon="-121.4516782">
<ele>10</ele><time>2025-08-30T17:13:52.000Z</time><extensions><gpxtpx:TrackPointExtension><gpxtpx:hr>157</gpxtpx:hr><gpxtpx:cad>77</gpxtpx:cad></gpxtpx:TrackPointExtension></extensions><extensions><gpxtpx:PowerExtension><gpxtpx:PowerInWatts>210</gpxtpx:PowerInWatts></gpxtpx:PowerExtension></extensions></trkpt>
<trkpt lat="38.5807108" lon="-121.4517120">
<ele>10</ele><time>2025-08-30T17:13:54.000Z</time><extensions><gpxtpx:TrackPointExtension><gpxtpx:hr>157</gpxtpx:hr><gpxtpx:cad>80</gpxtpx:cad></gpxtpx:TrackPointExtension></extensions><extensions><gpxtpx:PowerExtension><gpxtpx:PowerInWatts>210</gpxtpx:PowerInWatts></gpxtpx:PowerExtension></extensions></trkpt>
<trkpt lat="38.5807466" lon="-121.4517536">
<ele>10</ele><time>2025-08-30T17:13:56.000Z</time><extensions><gpxtpx:TrackPointExtension><gpxtpx:hr>157</gpxtpx:hr><gpxtpx:cad>80</gpxtpx:cad></gpxtpx:TrackPointExtension></extensions><extensions><gpxtpx:PowerExtension><gpxtpx:PowerInWatts>217</gpxtpx:PowerInWatts></gpxtpx:PowerExtension></extensions></trkpt>
<trkpt lat="38.5807950" lon="-121.4518133">
<ele>10</ele><time>2025-08-30T17:13:58.000Z</time><extensions><gpxtpx:TrackPointExtension><gpxtpx:hr>157</gpxtpx:hr><gpxtpx:cad>78</gpxtpx:cad></gpxtpx:TrackPointExtension></extensions><extensions><gpxtpx:PowerExtension><gpxtpx:PowerInWatts>217</gpxtpx:PowerInWatts></gpxtpx:PowerExtension></extensions></trkpt>
<trkpt lat="38.5808602" lon="-121.4518182">
<ele>10</ele><time>2025-08-30T17:14:00.000Z</time><extensions><gpxtpx:TrackPointExtension><gpxtpx:hr>157</gpxtpx:hr><gpxtpx:cad>80</gpxtpx:cad></gpxtpx:TrackPointExtension></extensions><extensions><gpxtpx:PowerExtension><gpxtpx:PowerInWatts>217</gpxtpx:PowerInWatts></gpxtpx:PowerExtension></extensions></trkpt>
<trkpt lat="38.5808754" lon="-121.4517567">
<ele>10</ele><time>2025-08-30T17:14:03.000Z</time><extensions><gpxtpx:TrackPointExtension><gpxtpx:hr>157</gpxtpx:hr><gpxtpx:cad>78</gpxtpx:cad></gpxtpx:TrackPointExtension></extensions><extensions><gpxtpx:PowerExtension><gpxtpx:PowerInWatts>217</gpxtpx:PowerInWatts></gpxtpx:PowerExtension></extensions></trkpt>
<trkpt lat="38.5809531" lon="-121.4516403">
<ele>10</ele><time>2025-08-30T17:14:06.000Z</time><extensions><gpxtpx:TrackPointExtension><gpxtpx:hr>157</gpxtpx:hr><gpxtpx:cad>80</gpxtpx:cad></gpxtpx:TrackPointExtension></extensions><extensions><gpxtpx:PowerExtension><gpxtpx:PowerInWatts>218</gpxtpx:PowerInWatts></gpxtpx:PowerExtension></extensions></trkpt>
<trkpt lat="38.5809889" lon="-121.4515820">
<ele>10</ele><time>2025-08-30T17:14:08.000Z</time><extensions><gpxtpx:TrackPointExtension><gpxtpx:hr>157</gpxtpx:hr><gpxtpx:cad>77</gpxtpx:cad></gpxtpx:TrackPointExtension></extensions><extensions><gpxtpx:PowerExtension><gpxtpx:PowerInWatts>218</gpxtpx:PowerInWatts></gpxtpx:PowerExtension></extensions></trkpt>
<trkpt lat="38.5810449" lon="-121.4515454">
<ele>10</ele><time>2025-08-30T17:14:10.000Z</time><extensions><gpxtpx:TrackPointExtension><gpxtpx:hr>157</gpxtpx:hr><gpxtpx:cad>71</gpxtpx:cad></gpxtpx:TrackPointExtension></extensions><extensions><gpxtpx:PowerExtension><gpxtpx:PowerInWatts>218</gpxtpx:PowerInWatts></gpxtpx:PowerExtension></extensions></trkpt>
<trkpt lat="38.5810707" lon="-121.4514784">
<ele>10</ele><time>2025-08-30T17:14:12.000Z</time><extensions><gpxtpx:TrackPointExtension><gpxtpx:hr>157</gpxtpx:hr><gpxtpx:cad>79</gpxtpx:cad></gpxtpx:TrackPointExtension></extensions><extensions><gpxtpx:PowerExtension><gpxtpx:PowerInWatts>218</gpxtpx:PowerInWatts></gpxtpx:PowerExtension></extensions></trkpt>
<trkpt lat="38.5810941" lon="-121.4514132">
<ele>10</ele><time>2025-08-30T17:14:13.999Z</time><extensions><gpxtpx:TrackPointExtension><gpxtpx:hr>157</gpxtpx:hr><gpxtpx:cad>78</gpxtpx:cad></gpxtpx:TrackPointExtension></extensions><extensions><gpxtpx:PowerExtension><gpxtpx:PowerInWatts>218</gpxtpx:PowerInWatts></gpxtpx:PowerExtension></extensions></trkpt>
<trkpt lat="38.5811179" lon="-121.4513513">
<ele>10</ele><time>2025-08-30T17:14:15.998Z</time><extensions><gpxtpx:TrackPointExtension><gpxtpx:hr>157</gpxtpx:hr><gpxtpx:cad>80</gpxtpx:cad></gpxtpx:TrackPointExtension></extensions><extensions><gpxtpx:PowerExtension><gpxtpx:PowerInWatts>218</gpxtpx:PowerInWatts></gpxtpx:PowerExtension></extensions></trkpt>
<trkpt lat="38.5811421" lon="-121.4512677">
<ele>10</ele><time>2025-08-30T17:14:18.997Z</time><extensions><gpxtpx:TrackPointExtension><gpxtpx:hr>158</gpxtpx:hr><gpxtpx:cad>73</gpxtpx:cad></gpxtpx:TrackPointExtension></extensions><extensions><gpxtpx:PowerExtension><gpxtpx:PowerInWatts>222</gpxtpx:PowerInWatts></gpxtpx:PowerExtension></extensions></trkpt>
<trkpt lat="38.5811806" lon="-121.4511920">
<ele>10</ele><time>2025-08-30T17:14:21.997Z</time><extensions><gpxtpx:TrackPointExtension><gpxtpx:hr>157</gpxtpx:hr><gpxtpx:cad>75</gpxtpx:cad></gpxtpx:TrackPointExtension></extensions><extensions><gpxtpx:PowerExtension><gpxtpx:PowerInWatts>222</gpxtpx:PowerInWatts></gpxtpx:PowerExtension></extensions></trkpt>
<trkpt lat="38.5812152" lon="-121.4511022">
<ele>10</ele><time>2025-08-30T17:14:24.996Z</time><extensions><gpxtpx:TrackPointExtension><gpxtpx:hr>157</gpxtpx:hr><gpxtpx:cad>75</gpxtpx:cad></gpxtpx:TrackPointExtension></extensions><extensions><gpxtpx:PowerExtension><gpxtpx:PowerInWatts>222</gpxtpx:PowerInWatts></gpxtpx:PowerExtension></extensions></trkpt>
<trkpt lat="38.5812078" lon="-121.4510377">
<ele>10</ele><time>2025-08-30T17:14:26.996Z</time><extensions><gpxtpx:TrackPointExtension><gpxtpx:hr>157</gpxtpx:hr><gpxtpx:cad>76</gpxtpx:cad></gpxtpx:TrackPointExtension></extensions><extensions><gpxtpx:PowerExtension><gpxtpx:PowerInWatts>208</gpxtpx:PowerInWatts></gpxtpx:PowerExtension></extensions></trkpt>
<trkpt lat="38.5811854" lon="-121.4509834">
<ele>10</ele><time>2025-08-30T17:14:29.995Z</time><extensions><gpxtpx:TrackPointExtension><gpxtpx:hr>158</gpxtpx:hr><gpxtpx:cad>73</gpxtpx:cad></gpxtpx:TrackPointExtension></extensions><extensions><gpxtpx:PowerExtension><gpxtpx:PowerInWatts>217</gpxtpx:PowerInWatts></gpxtpx:PowerExtension></extensions></trkpt>
<trkpt lat="38.5811452" lon="-121.4509273">
<ele>10</ele><time>2025-08-30T17:14:31.995Z</time><extensions><gpxtpx:TrackPointExtension><gpxtpx:hr>158</gpxtpx:hr><gpxtpx:cad>75</gpxtpx:cad></gpxtpx:TrackPointExtension></extensions><extensions><gpxtpx:PowerExtension><gpxtpx:PowerInWatts>223</gpxtpx:PowerInWatts></gpxtpx:PowerExtension></extensions></trkpt>
<trkpt lat="38.5810665" lon="-121.4508617">
<ele>10</ele><time>2025-08-30T17:14:32.995Z</time><extensions><gpxtpx:TrackPointExtension><gpxtpx:hr>158</gpxtpx:hr><gpxtpx:cad>73</gpxtpx:cad></gpxtpx:TrackPointExtension></extensions><extensions><gpxtpx:PowerExtension><gpxtpx:PowerInWatts>223</gpxtpx:PowerInWatts></gpxtpx:PowerExtension></extensions></trkpt>
<trkpt lat="38.5810216" lon="-121.4508377">
<ele>10</ele><time>2025-08-30T17:14:34.995Z</time><extensions><gpxtpx:TrackPointExtension><gpxtpx:hr>158</gpxtpx:hr><gpxtpx:cad>76</gpxtpx:cad></gpxtpx:TrackPointExtension></extensions><extensions><gpxtpx:PowerExtension><gpxtpx:PowerInWatts>227</gpxtpx:PowerInWatts></gpxtpx:PowerExtension></extensions></trkpt>
<trkpt lat="38.5809765" lon="-121.4507719">
<ele>10</ele><time>2025-08-30T17:14:37.994Z</time><extensions><gpxtpx:TrackPointExtension><gpxtpx:hr>158</gpxtpx:hr><gpxtpx:cad>79</gpxtpx:cad></gpxtpx:TrackPointExtension></extensions><extensions><gpxtpx:PowerExtension><gpxtpx:PowerInWatts>226</gpxtpx:PowerInWatts></gpxtpx:PowerExtension></extensions></trkpt>
<trkpt lat="38.5809286" lon="-121.4507378">
<ele>10</ele><time>2025-08-30T17:14:39.994Z</time><extensions><gpxtpx:TrackPointExtension><gpxtpx:hr>158</gpxtpx:hr><gpxtpx:cad>79</gpxtpx:cad></gpxtpx:TrackPointExtension></extensions><extensions><gpxtpx:PowerExtension><gpxtpx:PowerInWatts>226</gpxtpx:PowerInWatts></gpxtpx:PowerExtension></extensions></trkpt>
<trkpt lat="38.5808662" lon="-121.4506871">
<ele>10</ele><time>2025-08-30T17:14:42.994Z</time><extensions><gpxtpx:TrackPointExtension><gpxtpx:hr>158</gpxtpx:hr><gpxtpx:cad>78</gpxtpx:cad></gpxtpx:TrackPointExtension></extensions><extensions><gpxtpx:PowerExtension><gpxtpx:PowerInWatts>221</gpxtpx:PowerInWatts></gpxtpx:PowerExtension></extensions></trkpt>
<trkpt lat="38.5808125" lon="-121.4506531">
<ele>10</ele><time>2025-08-30T17:14:44.994Z</time><extensions><gpxtpx:TrackPointExtension><gpxtpx:hr>158</gpxtpx:hr><gpxtpx:cad>74</gpxtpx:cad></gpxtpx:TrackPointExtension></extensions><extensions><gpxtpx:PowerExtension><gpxtpx:PowerInWatts>221</gpxtpx:PowerInWatts></gpxtpx:PowerExtension></extensions></trkpt>
<trkpt lat="38.5807629" lon="-121.4505914">
<ele>10</ele><time>2025-08-30T17:14:47.994Z</time><extensions><gpxtpx:TrackPointExtension><gpxtpx:hr>158</gpxtpx:hr><gpxtpx:cad>80</gpxtpx:cad></gpxtpx:TrackPointExtension></extensions><extensions><gpxtpx:PowerExtension><gpxtpx:PowerInWatts>220</gpxtpx:PowerInWatts></gpxtpx:PowerExtension></extensions></trkpt>
<trkpt lat="38.5807032" lon="-121.4505451">
<ele>10</ele><time>2025-08-30T17:14:50.994Z</time><extensions><gpxtpx:TrackPointExtension><gpxtpx:hr>158</gpxtpx:hr><gpxtpx:cad>82</gpxtpx:cad></gpxtpx:TrackPointExtension></extensions><extensions><gpxtpx:PowerExtension><gpxtpx:PowerInWatts>221</gpxtpx:PowerInWatts></gpxtpx:PowerExtension></extensions></trkpt>
<trkpt lat="38.5806506" lon="-121.4505117">
<ele>10</ele><time>2025-08-30T17:14:52.994Z</time><extensions><gpxtpx:TrackPointExtension><gpxtpx:hr>157</gpxtpx:hr><gpxtpx:cad>79</gpxtpx:cad></gpxtpx:TrackPointExtension></extensions><extensions><gpxtpx:PowerExtension><gpxtpx:PowerInWatts>221</gpxtpx:PowerInWatts></gpxtpx:PowerExtension></extensions></trkpt>
<trkpt lat="38.5806080" lon="-121.4504625">
<ele>10</ele><time>2025-08-30T17:14:54.994Z</time><extensions><gpxtpx:TrackPointExtension><gpxtpx:hr>157</gpxtpx:hr><gpxtpx:cad>76</gpxtpx:cad></gpxtpx:TrackPointExtension></extensions><extensions><gpxtpx:PowerExtension><gpxtpx:PowerInWatts>216</gpxtpx:PowerInWatts></gpxtpx:PowerExtension></extensions></trkpt>
<trkpt lat="38.5805664" lon="-121.4504327">
<ele>10</ele><time>2025-08-30T17:14:56.993Z</time><extensions><gpxtpx:TrackPointExtension><gpxtpx:hr>157</gpxtpx:hr><gpxtpx:cad>79</gpxtpx:cad></gpxtpx:TrackPointExtension></extensions><extensions><gpxtpx:PowerExtension><gpxtpx:PowerInWatts>216</gpxtpx:PowerInWatts></gpxtpx:PowerExtension></extensions></trkpt>
<trkpt lat="38.5805291" lon="-121.4503962">
<ele>10</ele><time>2025-08-30T17:14:58.993Z</time><extensions><gpxtpx:TrackPointExtension><gpxtpx:hr>157</gpxtpx:hr><gpxtpx:cad>79</gpxtpx:cad></gpxtpx:TrackPointExtension></extensions><extensions><gpxtpx:PowerExtension><gpxtpx:PowerInWatts>217</gpxtpx:PowerInWatts></gpxtpx:PowerExtension></extensions></trkpt>
<trkpt lat="38.5804910" lon="-121.4503445">
<ele>10</ele><time>2025-08-30T17:15:00.993Z</time><extensions><gpxtpx:TrackPointExtension><gpxtpx:hr>157</gpxtpx:hr><gpxtpx:cad>82</gpxtpx:cad></gpxtpx:TrackPointExtension></extensions><extensions><gpxtpx:PowerExtension><gpxtpx:PowerInWatts>217</gpxtpx:PowerInWatts></gpxtpx:PowerExtension></extensions></trkpt>
<trkpt lat="38.5804389" lon="-121.4503111">
<ele>10</ele><time>2025-08-30T17:15:02.993Z</time><extensions><gpxtpx:TrackPointExtension><gpxtpx:hr>157</gpxtpx:hr><gpxtpx:cad>79</gpxtpx:cad></gpxtpx:TrackPointExtension></extensions><extensions><gpxtpx:PowerExtension><gpxtpx:PowerInWatts>218</gpxtpx:PowerInWatts></gpxtpx:PowerExtension></extensions></trkpt>
<trkpt lat="38.5803833" lon="-121.4502681">
<ele>10</ele><time>2025-08-30T17:15:04.993Z</time><extensions><gpxtpx:TrackPointExtension><gpxtpx:hr>157</gpxtpx:hr><gpxtpx:cad>79</gpxtpx:cad></gpxtpx:TrackPointExtension></extensions><extensions><gpxtpx:PowerExtension><gpxtpx:PowerInWatts>215</gpxtpx:PowerInWatts></gpxtpx:PowerExtension></extensions></trkpt>
<trkpt lat="38.5803340" lon="-121.4502447">
<ele>10</ele><time>2025-08-30T17:15:06.993Z</time><extensions><gpxtpx:TrackPointExtension><gpxtpx:hr>157</gpxtpx:hr><gpxtpx:cad>85</gpxtpx:cad></gpxtpx:TrackPointExtension></extensions><extensions><gpxtpx:PowerExtension><gpxtpx:PowerInWatts>215</gpxtpx:PowerInWatts></gpxtpx:PowerExtension></extensions></trkpt>
<trkpt lat="38.5802778" lon="-121.4502367">
<ele>10</ele><time>2025-08-30T17:15:08.993Z</time><extensions><gpxtpx:TrackPointExtension><gpxtpx:hr>157</gpxtpx:hr><gpxtpx:cad>85</gpxtpx:cad></gpxtpx:TrackPointExtension></extensions><extensions><gpxtpx:PowerExtension><gpxtpx:PowerInWatts>214</gpxtpx:PowerInWatts></gpxtpx:PowerExtension></extensions></trkpt>
<trkpt lat="38.5802349" lon="-121.4501929">
<ele>10</ele><time>2025-08-30T17:15:10.993Z</time><extensions><gpxtpx:TrackPointExtension><gpxtpx:hr>156</gpxtpx:hr><gpxtpx:cad>83</gpxtpx:cad></gpxtpx:TrackPointExtension></extensions><extensions><gpxtpx:PowerExtension><gpxtpx:PowerInWatts>218</gpxtpx:PowerInWatts></gpxtpx:PowerExtension></extensions></trkpt>
<trkpt lat="38.5801927" lon="-121.4501542">
<ele>10</ele><time>2025-08-30T17:15:12.993Z</time><extensions><gpxtpx:TrackPointExtension><gpxtpx:hr>156</gpxtpx:hr><gpxtpx:cad>82</gpxtpx:cad></gpxtpx:TrackPointExtension></extensions><extensions><gpxtpx:PowerExtension><gpxtpx:PowerInWatts>221</gpxtpx:PowerInWatts></gpxtpx:PowerExtension></extensions></trkpt>
<trkpt lat="38.5801592" lon="-121.4500812">
<ele>10</ele><time>2025-08-30T17:15:14.993Z</time><extensions><gpxtpx:TrackPointExtension><gpxtpx:hr>156</gpxtpx:hr><gpxtpx:cad>82</gpxtpx:cad></gpxtpx:TrackPointExtension></extensions><extensions><gpxtpx:PowerExtension><gpxtpx:PowerInWatts>221</gpxtpx:PowerInWatts></gpxtpx:PowerExtension></extensions></trkpt>
<trkpt lat="38.5801233" lon="-121.4500145">
<ele>10</ele><time>2025-08-30T17:15:16.993Z</time><extensions><gpxtpx:TrackPointExtension><gpxtpx:hr>156</gpxtpx:hr><gpxtpx:cad>78</gpxtpx:cad></gpxtpx:TrackPointExtension></extensions><extensions><gpxtpx:PowerExtension><gpxtpx:PowerInWatts>222</gpxtpx:PowerInWatts></gpxtpx:PowerExtension></extensions></trkpt>
<trkpt lat="38.5800619" lon="-121.4499749">
<ele>10</ele><time>2025-08-30T17:15:18.993Z</time><extensions><gpxtpx:TrackPointExtension><gpxtpx:hr>156</gpxtpx:hr><gpxtpx:cad>74</gpxtpx:cad></gpxtpx:TrackPointExtension></extensions><extensions><gpxtpx:PowerExtension><gpxtpx:PowerInWatts>222</gpxtpx:PowerInWatts></gpxtpx:PowerExtension></extensions></trkpt>
<trkpt lat="38.5800109" lon="-121.4499360">
<ele>10</ele><time>2025-08-30T17:15:20.993Z</time><extensions><gpxtpx:TrackPointExtension><gpxtpx:hr>156</gpxtpx:hr><gpxtpx:cad>78</gpxtpx:cad></gpxtpx:TrackPointExtension></extensions><extensions><gpxtpx:PowerExtension><gpxtpx:PowerInWatts>224</gpxtpx:PowerInWatts></gpxtpx:PowerExtension></extensions></trkpt>
<trkpt lat="38.5799595" lon="-121.4498777">
<ele>10</ele><time>2025-08-30T17:15:23.993Z</time><extensions><gpxtpx:TrackPointExtension><gpxtpx:hr>155</gpxtpx:hr><gpxtpx:cad>79</gpxtpx:cad></gpxtpx:TrackPointExtension></extensions><extensions><gpxtpx:PowerExtension><gpxtpx:PowerInWatts>227</gpxtpx:PowerInWatts></gpxtpx:PowerExtension></extensions></trkpt>
<trkpt lat="38.5799103" lon="-121.4498464">
<ele>10</ele><time>2025-08-30T17:15:25.993Z</time><extensions><gpxtpx:TrackPointExtension><gpxtpx:hr>155</gpxtpx:hr><gpxtpx:cad>79</gpxtpx:cad></gpxtpx:TrackPointExtension></extensions><extensions><gpxtpx:PowerExtension><gpxtpx:PowerInWatts>227</gpxtpx:PowerInWatts></gpxtpx:PowerExtension></extensions></trkpt>
<trkpt lat="38.5798678" lon="-121.4498068">
<ele>10</ele><time>2025-08-30T17:15:27.993Z</time><extensions><gpxtpx:TrackPointExtension><gpxtpx:hr>155</gpxtpx:hr><gpxtpx:cad>75</gpxtpx:cad></gpxtpx:TrackPointExtension></extensions><extensions><gpxtpx:PowerExtension><gpxtpx:PowerInWatts>226</gpxtpx:PowerInWatts></gpxtpx:PowerExtension></extensions></trkpt>
<trkpt lat="38.5798165" lon="-121.4497809">
<ele>10</ele><time>2025-08-30T17:15:29.993Z</time><extensions><gpxtpx:TrackPointExtension><gpxtpx:hr>156</gpxtpx:hr><gpxtpx:cad>76</gpxtpx:cad></gpxtpx:TrackPointExtension></extensions><extensions><gpxtpx:PowerExtension><gpxtpx:PowerInWatts>226</gpxtpx:PowerInWatts></gpxtpx:PowerExtension></extensions></trkpt>
<trkpt lat="38.5797851" lon="-121.4497387">
<ele>10</ele><time>2025-08-30T17:15:31.993Z</time><extensions><gpxtpx:TrackPointExtension><gpxtpx:hr>156</gpxtpx:hr><gpxtpx:cad>79</gpxtpx:cad></gpxtpx:TrackPointExtension></extensions><extensions><gpxtpx:PowerExtension><gpxtpx:PowerInWatts>225</gpxtpx:PowerInWatts></gpxtpx:PowerExtension></extensions></trkpt>
<trkpt lat="38.5797334" lon="-121.4496947">
<ele>10</ele><time>2025-08-30T17:15:34.993Z</time><extensions><gpxtpx:TrackPointExtension><gpxtpx:hr>157</gpxtpx:hr><gpxtpx:cad>81</gpxtpx:cad></gpxtpx:TrackPointExtension></extensions><extensions><gpxtpx:PowerExtension><gpxtpx:PowerInWatts>224</gpxtpx:PowerInWatts></gpxtpx:PowerExtension></extensions></trkpt>
<trkpt lat="38.5796767" lon="-121.4496483">
<ele>10</ele><time>2025-08-30T17:15:36.993Z</time><extensions><gpxtpx:TrackPointExtension><gpxtpx:hr>157</gpxtpx:hr><gpxtpx:cad>73</gpxtpx:cad></gpxtpx:TrackPointExtension></extensions><extensions><gpxtpx:PowerExtension><gpxtpx:PowerInWatts>223</gpxtpx:PowerInWatts></gpxtpx:PowerExtension></extensions></trkpt>
<trkpt lat="38.5796259" lon="-121.4495976">
<ele>10</ele><time>2025-08-30T17:15:38.993Z</time><extensions><gpxtpx:TrackPointExtension><gpxtpx:hr>157</gpxtpx:hr><gpxtpx:cad>76</gpxtpx:cad></gpxtpx:TrackPointExtension></extensions><extensions><gpxtpx:PowerExtension><gpxtpx:PowerInWatts>223</gpxtpx:PowerInWatts></gpxtpx:PowerExtension></extensions></trkpt>
<trkpt lat="38.5795886" lon="-121.4495643">
<ele>10</ele><time>2025-08-30T17:15:40.993Z</time><extensions><gpxtpx:TrackPointExtension><gpxtpx:hr>157</gpxtpx:hr><gpxtpx:cad>77</gpxtpx:cad></gpxtpx:TrackPointExtension></extensions><extensions><gpxtpx:PowerExtension><gpxtpx:PowerInWatts>225</gpxtpx:PowerInWatts></gpxtpx:PowerExtension></extensions></trkpt>
<trkpt lat="38.5795426" lon="-121.4495286">
<ele>10</ele><time>2025-08-30T17:15:42.993Z</time><extensions><gpxtpx:TrackPointExtension><gpxtpx:hr>158</gpxtpx:hr><gpxtpx:cad>77</gpxtpx:cad></gpxtpx:TrackPointExtension></extensions><extensions><gpxtpx:PowerExtension><gpxtpx:PowerInWatts>225</gpxtpx:PowerInWatts></gpxtpx:PowerExtension></extensions></trkpt>
<trkpt lat="38.5794820" lon="-121.4494964">
<ele>10</ele><time>2025-08-30T17:15:44.993Z</time><extensions><gpxtpx:TrackPointExtension><gpxtpx:hr>158</gpxtpx:hr><gpxtpx:cad>80</gpxtpx:cad></gpxtpx:TrackPointExtension></extensions><extensions><gpxtpx:PowerExtension><gpxtpx:PowerInWatts>225</gpxtpx:PowerInWatts></gpxtpx:PowerExtension></extensions></trkpt>
<trkpt lat="38.5794322" lon="-121.4494453">
<ele>10</ele><time>2025-08-30T17:15:46.993Z</time><extensions><gpxtpx:TrackPointExtension><gpxtpx:hr>159</gpxtpx:hr><gpxtpx:cad>84</gpxtpx:cad></gpxtpx:TrackPointExtension></extensions><extensions><gpxtpx:PowerExtension><gpxtpx:PowerInWatts>226</gpxtpx:PowerInWatts></gpxtpx:PowerExtension></extensions></trkpt>
<trkpt lat="38.5793855" lon="-121.4494011">
<ele>10</ele><time>2025-08-30T17:15:48.993Z</time><extensions><gpxtpx:TrackPointExtension><gpxtpx:hr>159</gpxtpx:hr><gpxtpx:cad>82</gpxtpx:cad></gpxtpx:TrackPointExtension></extensions><extensions><gpxtpx:PowerExtension><gpxtpx:PowerInWatts>226</gpxtpx:PowerInWatts></gpxtpx:PowerExtension></extensions></trkpt>
<trkpt lat="38.5793398" lon="-121.4493684">
<ele>10</ele><time>2025-08-30T17:15:50.993Z</time><extensions><gpxtpx:TrackPointExtension><gpxtpx:hr>159</gpxtpx:hr><gpxtpx:cad>78</gpxtpx:cad></gpxtpx:TrackPointExtension></extensions><extensions><gpxtpx:PowerExtension><gpxtpx:PowerInWatts>226</gpxtpx:PowerInWatts></gpxtpx:PowerExtension></extensions></trkpt>
<trkpt lat="38.5792968" lon="-121.4493192">
<ele>10</ele><time>2025-08-30T17:15:52.993Z</time><extensions><gpxtpx:TrackPointExtension><gpxtpx:hr>159</gpxtpx:hr><gpxtpx:cad>80</gpxtpx:cad></gpxtpx:TrackPointExtension></extensions><extensions><gpxtpx:PowerExtension><gpxtpx:PowerInWatts>230</gpxtpx:PowerInWatts></gpxtpx:PowerExtension></extensions></trkpt>
<trkpt lat="38.5792521" lon="-121.4492885">
<ele>10</ele><time>2025-08-30T17:15:54.993Z</time><extensions><gpxtpx:TrackPointExtension><gpxtpx:hr>159</gpxtpx:hr><gpxtpx:cad>80</gpxtpx:cad></gpxtpx:TrackPointExtension></extensions><extensions><gpxtpx:PowerExtension><gpxtpx:PowerInWatts>234</gpxtpx:PowerInWatts></gpxtpx:PowerExtension></extensions></trkpt>
<trkpt lat="38.5791975" lon="-121.4492590">
<ele>10</ele><time>2025-08-30T17:15:56.992Z</time><extensions><gpxtpx:TrackPointExtension><gpxtpx:hr>159</gpxtpx:hr><gpxtpx:cad>81</gpxtpx:cad></gpxtpx:TrackPointExtension></extensions><extensions><gpxtpx:PowerExtension><gpxtpx:PowerInWatts>229</gpxtpx:PowerInWatts></gpxtpx:PowerExtension></extensions></trkpt>
<trkpt lat="38.5791584" lon="-121.4492123">
<ele>10</ele><time>2025-08-30T17:15:58.992Z</time><extensions><gpxtpx:TrackPointExtension><gpxtpx:hr>159</gpxtpx:hr><gpxtpx:cad>81</gpxtpx:cad></gpxtpx:TrackPointExtension></extensions><extensions><gpxtpx:PowerExtension><gpxtpx:PowerInWatts>229</gpxtpx:PowerInWatts></gpxtpx:PowerExtension></extensions></trkpt>
<trkpt lat="38.5791158" lon="-121.4491651">
<ele>10</ele><time>2025-08-30T17:16:00.992Z</time><extensions><gpxtpx:TrackPointExtension><gpxtpx:hr>159</gpxtpx:hr><gpxtpx:cad>81</gpxtpx:cad></gpxtpx:TrackPointExtension></extensions><extensions><gpxtpx:PowerExtension><gpxtpx:PowerInWatts>229</gpxtpx:PowerInWatts></gpxtpx:PowerExtension></extensions></trkpt>
<trkpt lat="38.5790750" lon="-121.4491349">
<ele>10</ele><time>2025-08-30T17:16:02.992Z</time><extensions><gpxtpx:TrackPointExtension><gpxtpx:hr>159</gpxtpx:hr><gpxtpx:cad>81</gpxtpx:cad></gpxtpx:TrackPointExtension></extensions><extensions><gpxtpx:PowerExtension><gpxtpx:PowerInWatts>231</gpxtpx:PowerInWatts></gpxtpx:PowerExtension></extensions></trkpt>
<trkpt lat="38.5790387" lon="-121.4490984">
<ele>10</ele><time>2025-08-30T17:16:04.992Z</time><extensions><gpxtpx:TrackPointExtension><gpxtpx:hr>158</gpxtpx:hr><gpxtpx:cad>80</gpxtpx:cad></gpxtpx:TrackPointExtension></extensions><extensions><gpxtpx:PowerExtension><gpxtpx:PowerInWatts>231</gpxtpx:PowerInWatts></gpxtpx:PowerExtension></extensions></trkpt>
<trkpt lat="38.5789938" lon="-121.4490540">
<ele>10</ele><time>2025-08-30T17:16:06.993Z</time><extensions><gpxtpx:TrackPointExtension><gpxtpx:hr>157</gpxtpx:hr><gpxtpx:cad>80</gpxtpx:cad></gpxtpx:TrackPointExtension></extensions><extensions><gpxtpx:PowerExtension><gpxtpx:PowerInWatts>229</gpxtpx:PowerInWatts></gpxtpx:PowerExtension></extensions></trkpt>
<trkpt lat="38.5789427" lon="-121.4490098">
<ele>10</ele><time>2025-08-30T17:16:08.994Z</time><extensions><gpxtpx:TrackPointExtension><gpxtpx:hr>158</gpxtpx:hr><gpxtpx:cad>80</gpxtpx:cad></gpxtpx:TrackPointExtension></extensions><extensions><gpxtpx:PowerExtension><gpxtpx:PowerInWatts>229</gpxtpx:PowerInWatts></gpxtpx:PowerExtension></extensions></trkpt>
<trkpt lat="38.5789036" lon="-121.4489666">
<ele>10</ele><time>2025-08-30T17:16:10.995Z</time><extensions><gpxtpx:TrackPointExtension><gpxtpx:hr>158</gpxtpx:hr><gpxtpx:cad>77</gpxtpx:cad></gpxtpx:TrackPointExtension></extensions><extensions><gpxtpx:PowerExtension><gpxtpx:PowerInWatts>229</gpxtpx:PowerInWatts></gpxtpx:PowerExtension></extensions></trkpt>
<trkpt lat="38.5788596" lon="-121.4489170">
<ele>11</ele><time>2025-08-30T17:16:12.995Z</time><extensions><gpxtpx:TrackPointExtension><gpxtpx:hr>158</gpxtpx:hr><gpxtpx:cad>78</gpxtpx:cad></gpxtpx:TrackPointExtension></extensions><extensions><gpxtpx:PowerExtension><gpxtpx:PowerInWatts>228</gpxtpx:PowerInWatts></gpxtpx:PowerExtension></extensions></trkpt>
<trkpt lat="38.5788242" lon="-121.4488744">
<ele>11</ele><time>2025-08-30T17:16:14.995Z</time><extensions><gpxtpx:TrackPointExtension><gpxtpx:hr>159</gpxtpx:hr><gpxtpx:cad>78</gpxtpx:cad></gpxtpx:TrackPointExtension></extensions><extensions><gpxtpx:PowerExtension><gpxtpx:PowerInWatts>229</gpxtpx:PowerInWatts></gpxtpx:PowerExtension></extensions></trkpt>
<trkpt lat="38.5787815" lon="-121.4488143">
<ele>11</ele><time>2025-08-30T17:16:16.996Z</time><extensions><gpxtpx:TrackPointExtension><gpxtpx:hr>159</gpxtpx:hr><gpxtpx:cad>82</gpxtpx:cad></gpxtpx:TrackPointExtension></extensions><extensions><gpxtpx:PowerExtension><gpxtpx:PowerInWatts>229</gpxtpx:PowerInWatts></gpxtpx:PowerExtension></extensions></trkpt>
<trkpt lat="38.5787357" lon="-121.4487589">
<ele>11</ele><time>2025-08-30T17:16:18.996Z</time><extensions><gpxtpx:TrackPointExtension><gpxtpx:hr>159</gpxtpx:hr><gpxtpx:cad>81</gpxtpx:cad></gpxtpx:TrackPointExtension></extensions><extensions><gpxtpx:PowerExtension><gpxtpx:PowerInWatts>229</gpxtpx:PowerInWatts></gpxtpx:PowerExtension></extensions></trkpt>
<trkpt lat="38.5786828" lon="-121.4487316">
<ele>11</ele><time>2025-08-30T17:16:20.997Z</time><extensions><gpxtpx:TrackPointExtension><gpxtpx:hr>159</gpxtpx:hr><gpxtpx:cad>78</gpxtpx:cad></gpxtpx:TrackPointExtension></extensions><extensions><gpxtpx:PowerExtension><gpxtpx:PowerInWatts>230</gpxtpx:PowerInWatts></gpxtpx:PowerExtension></extensions></trkpt>
<trkpt lat="38.5786403" lon="-121.4487107">
<ele>11</ele><time>2025-08-30T17:16:22.997Z</time><extensions><gpxtpx:TrackPointExtension><gpxtpx:hr>160</gpxtpx:hr><gpxtpx:cad>77</gpxtpx:cad></gpxtpx:TrackPointExtension></extensions><extensions><gpxtpx:PowerExtension><gpxtpx:PowerInWatts>226</gpxtpx:PowerInWatts></gpxtpx:PowerExtension></extensions></trkpt>
<trkpt lat="38.5785912" lon="-121.4486910">
<ele>11</ele><time>2025-08-30T17:16:25.997Z</time><extensions><gpxtpx:TrackPointExtension><gpxtpx:hr>160</gpxtpx:hr><gpxtpx:cad>81</gpxtpx:cad></gpxtpx:TrackPointExtension></extensions><extensions><gpxtpx:PowerExtension><gpxtpx:PowerInWatts>235</gpxtpx:PowerInWatts></gpxtpx:PowerExtension></extensions></trkpt>
<trkpt lat="38.5785510" lon="-121.4486525">
<ele>11</ele><time>2025-08-30T17:16:27.998Z</time><extensions><gpxtpx:TrackPointExtension><gpxtpx:hr>160</gpxtpx:hr><gpxtpx:cad>85</gpxtpx:cad></gpxtpx:TrackPointExtension></extensions><extensions><gpxtpx:PowerExtension><gpxtpx:PowerInWatts>230</gpxtpx:PowerInWatts></gpxtpx:PowerExtension></extensions></trkpt>
<trkpt lat="38.5784966" lon="-121.4486281">
<ele>11</ele><time>2025-08-30T17:16:29.998Z</time><extensions><gpxtpx:TrackPointExtension><gpxtpx:hr>160</gpxtpx:hr><gpxtpx:cad>82</gpxtpx:cad></gpxtpx:TrackPointExtension></extensions><extensions><gpxtpx:PowerExtension><gpxtpx:PowerInWatts>230</gpxtpx:PowerInWatts></gpxtpx:PowerExtension></extensions></trkpt>
<trkpt lat="38.5784596" lon="-121.4485862">
<ele>11</ele><time>2025-08-30T17:16:31.998Z</time><extensions><gpxtpx:TrackPointExtension><gpxtpx:hr>160</gpxtpx:hr><gpxtpx:cad>82</gpxtpx:cad></gpxtpx:TrackPointExtension></extensions><extensions><gpxtpx:PowerExtension><gpxtpx:PowerInWatts>224</gpxtpx:PowerInWatts></gpxtpx:PowerExtension></extensions></trkpt>
<trkpt lat="38.5784248" lon="-121.4485250">
<ele>11</ele><time>2025-08-30T17:16:33.998Z</time><extensions><gpxtpx:TrackPointExtension><gpxtpx:hr>159</gpxtpx:hr><gpxtpx:cad>83</gpxtpx:cad></gpxtpx:TrackPointExtension></extensions><extensions><gpxtpx:PowerExtension><gpxtpx:PowerInWatts>224</gpxtpx:PowerInWatts></gpxtpx:PowerExtension></extensions></trkpt>
<trkpt lat="38.5783776" lon="-121.4484750">
<ele>11</ele><time>2025-08-30T17:16:35.998Z</time><extensions><gpxtpx:TrackPointExtension><gpxtpx:hr>159</gpxtpx:hr><gpxtpx:cad>83</gpxtpx:cad></gpxtpx:TrackPointExtension></extensions><extensions><gpxtpx:PowerExtension><gpxtpx:PowerInWatts>226</gpxtpx:PowerInWatts></gpxtpx:PowerExtension></extensions></trkpt>
<trkpt lat="38.5783239" lon="-121.4484397">
<ele>10</ele><time>2025-08-30T17:16:37.999Z</time><extensions><gpxtpx:TrackPointExtension><gpxtpx:hr>159</gpxtpx:hr><gpxtpx:cad>83</gpxtpx:cad></gpxtpx:TrackPointExtension></extensions><extensions><gpxtpx:PowerExtension><gpxtpx:PowerInWatts>225</gpxtpx:PowerInWatts></gpxtpx:PowerExtension></extensions></trkpt>
<trkpt lat="38.5782787" lon="-121.4483958">
<ele>10</ele><time>2025-08-30T17:16:39.999Z</time><extensions><gpxtpx:TrackPointExtension><gpxtpx:hr>159</gpxtpx:hr><gpxtpx:cad>86</gpxtpx:cad></gpxtpx:TrackPointExtension></extensions><extensions><gpxtpx:PowerExtension><gpxtpx:PowerInWatts>226</gpxtpx:PowerInWatts></gpxtpx:PowerExtension></extensions></trkpt>
<trkpt lat="38.5782375" lon="-121.4483613">
<ele>10</ele><time>2025-08-30T17:16:41.999Z</time><extensions><gpxtpx:TrackPointExtension><gpxtpx:hr>159</gpxtpx:hr><gpxtpx:cad>81</gpxtpx:cad></gpxtpx:TrackPointExtension></extensions><extensions><gpxtpx:PowerExtension><gpxtpx:PowerInWatts>226</gpxtpx:PowerInWatts></gpxtpx:PowerExtension></extensions></trkpt>
<trkpt lat="38.5781996" lon="-121.4482990">
<ele>10</ele><time>2025-08-30T17:16:44.999Z</time><extensions><gpxtpx:TrackPointExtension><gpxtpx:hr>160</gpxtpx:hr><gpxtpx:cad>78</gpxtpx:cad></gpxtpx:TrackPointExtension></extensions><extensions><gpxtpx:PowerExtension><gpxtpx:PowerInWatts>229</gpxtpx:PowerInWatts></gpxtpx:PowerExtension></extensions></trkpt>
<trkpt lat="38.5781454" lon="-121.4482576">
<ele>10</ele><time>2025-08-30T17:16:46.999Z</time><extensions><gpxtpx:TrackPointExtension><gpxtpx:hr>160</gpxtpx:hr><gpxtpx:cad>78</gpxtpx:cad></gpxtpx:TrackPointExtension></extensions><extensions><gpxtpx:PowerExtension><gpxtpx:PowerInWatts>229</gpxtpx:PowerInWatts></gpxtpx:PowerExtension></extensions></trkpt>
<trkpt lat="38.5780904" lon="-121.4482152">
<ele>10</ele><time>2025-08-30T17:16:48.999Z</time><extensions><gpxtpx:TrackPointExtension><gpxtpx:hr>160</gpxtpx:hr><gpxtpx:cad>81</gpxtpx:cad></gpxtpx:TrackPointExtension></extensions><extensions><gpxtpx:PowerExtension><gpxtpx:PowerInWatts>227</gpxtpx:PowerInWatts></gpxtpx:PowerExtension></extensions></trkpt>
<trkpt lat="38.5780531" lon="-121.4481715">
<ele>10</ele><time>2025-08-30T17:16:50.999Z</time><extensions><gpxtpx:TrackPointExtension><gpxtpx:hr>160</gpxtpx:hr><gpxtpx:cad>85</gpxtpx:cad></gpxtpx:TrackPointExtension></extensions><extensions><gpxtpx:PowerExtension><gpxtpx:PowerInWatts>223</gpxtpx:PowerInWatts></gpxtpx:PowerExtension></extensions></trkpt>
<trkpt lat="38.5780070" lon="-121.4481347">
<ele>10</ele><time>2025-08-30T17:16:52.999Z</time><extensions><gpxtpx:TrackPointExtension><gpxtpx:hr>161</gpxtpx:hr><gpxtpx:cad>81</gpxtpx:cad></gpxtpx:TrackPointExtension></extensions><extensions><gpxtpx:PowerExtension><gpxtpx:PowerInWatts>223</gpxtpx:PowerInWatts></gpxtpx:PowerExtension></extensions></trkpt>
<trkpt lat="38.5779604" lon="-121.4480801">
<ele>10</ele><time>2025-08-30T17:16:54.999Z</time><extensions><gpxtpx:TrackPointExtension><gpxtpx:hr>161</gpxtpx:hr><gpxtpx:cad>78</gpxtpx:cad></gpxtpx:TrackPointExtension></extensions><extensions><gpxtpx:PowerExtension><gpxtpx:PowerInWatts>223</gpxtpx:PowerInWatts></gpxtpx:PowerExtension></extensions></trkpt>
<trkpt lat="38.5779396" lon="-121.4480210">
<ele>10</ele><time>2025-08-30T17:16:56.999Z</time><extensions><gpxtpx:TrackPointExtension><gpxtpx:hr>160</gpxtpx:hr><gpxtpx:cad>78</gpxtpx:cad></gpxtpx:TrackPointExtension></extensions><extensions><gpxtpx:PowerExtension><gpxtpx:PowerInWatts>223</gpxtpx:PowerInWatts></gpxtpx:PowerExtension></extensions></trkpt>
<trkpt lat="38.5780023" lon="-121.4479868">
<ele>10</ele><time>2025-08-30T17:16:58.999Z</time><extensions><gpxtpx:TrackPointExtension><gpxtpx:hr>160</gpxtpx:hr><gpxtpx:cad>81</gpxtpx:cad></gpxtpx:TrackPointExtension></extensions><extensions><gpxtpx:PowerExtension><gpxtpx:PowerInWatts>231</gpxtpx:PowerInWatts></gpxtpx:PowerExtension></extensions></trkpt>
<trkpt lat="38.5780359" lon="-121.4479478">
<ele>10</ele><time>2025-08-30T17:17:00.999Z</time><extensions><gpxtpx:TrackPointExtension><gpxtpx:hr>160</gpxtpx:hr><gpxtpx:cad>77</gpxtpx:cad></gpxtpx:TrackPointExtension></extensions><extensions><gpxtpx:PowerExtension><gpxtpx:PowerInWatts>231</gpxtpx:PowerInWatts></gpxtpx:PowerExtension></extensions></trkpt>
<trkpt lat="38.5780800" lon="-121.4479107">
<ele>10</ele><time>2025-08-30T17:17:02.999Z</time><extensions><gpxtpx:TrackPointExtension><gpxtpx:hr>160</gpxtpx:hr><gpxtpx:cad>74</gpxtpx:cad></gpxtpx:TrackPointExtension></extensions><extensions><gpxtpx:PowerExtension><gpxtpx:PowerInWatts>231</gpxtpx:PowerInWatts></gpxtpx:PowerExtension></extensions></trkpt>
<trkpt lat="38.5781292" lon="-121.4478728">
<ele>10</ele><time>2025-08-30T17:17:04.999Z</time><extensions><gpxtpx:TrackPointExtension><gpxtpx:hr>160</gpxtpx:hr><gpxtpx:cad>77</gpxtpx:cad></gpxtpx:TrackPointExtension></extensions><extensions><gpxtpx:PowerExtension><gpxtpx:PowerInWatts>231</gpxtpx:PowerInWatts></gpxtpx:PowerExtension></extensions></trkpt>
<trkpt lat="38.5781768" lon="-121.4478314">
<ele>10</ele><time>2025-08-30T17:17:06.999Z</time><extensions><gpxtpx:TrackPointExtension><gpxtpx:hr>160</gpxtpx:hr><gpxtpx:cad>77</gpxtpx:cad></gpxtpx:TrackPointExtension></extensions><extensions><gpxtpx:PowerExtension><gpxtpx:PowerInWatts>218</gpxtpx:PowerInWatts></gpxtpx:PowerExtension></extensions></trkpt>
<trkpt lat="38.5782160" lon="-121.4478019">
<ele>10</ele><time>2025-08-30T17:17:08.999Z</time><extensions><gpxtpx:TrackPointExtension><gpxtpx:hr>160</gpxtpx:hr><gpxtpx:cad>77</gpxtpx:cad></gpxtpx:TrackPointExtension></extensions><extensions><gpxtpx:PowerExtension><gpxtpx:PowerInWatts>218</gpxtpx:PowerInWatts></gpxtpx:PowerExtension></extensions></trkpt>
<trkpt lat="38.5782583" lon="-121.4477522">
<ele>11</ele><time>2025-08-30T17:17:10.999Z</time><extensions><gpxtpx:TrackPointExtension><gpxtpx:hr>160</gpxtpx:hr><gpxtpx:cad>81</gpxtpx:cad></gpxtpx:TrackPointExtension></extensions><extensions><gpxtpx:PowerExtension><gpxtpx:PowerInWatts>218</gpxtpx:PowerInWatts></gpxtpx:PowerExtension></extensions></trkpt>
<trkpt lat="38.5782929" lon="-121.4477107">
<ele>11</ele><time>2025-08-30T17:17:12.999Z</time><extensions><gpxtpx:TrackPointExtension><gpxtpx:hr>160</gpxtpx:hr><gpxtpx:cad>84</gpxtpx:cad></gpxtpx:TrackPointExtension></extensions><extensions><gpxtpx:PowerExtension><gpxtpx:PowerInWatts>221</gpxtpx:PowerInWatts></gpxtpx:PowerExtension></extensions></trkpt>
<trkpt lat="38.5783385" lon="-121.4476753">
<ele>11</ele><time>2025-08-30T17:17:14.999Z</time><extensions><gpxtpx:TrackPointExtension><gpxtpx:hr>160</gpxtpx:hr><gpxtpx:cad>81</gpxtpx:cad></gpxtpx:TrackPointExtension></extensions><extensions><gpxtpx:PowerExtension><gpxtpx:PowerInWatts>221</gpxtpx:PowerInWatts></gpxtpx:PowerExtension></extensions></trkpt>
<trkpt lat="38.5783881" lon="-121.4476374">
<ele>11</ele><time>2025-08-30T17:17:16.999Z</time><extensions><gpxtpx:TrackPointExtension><gpxtpx:hr>160</gpxtpx:hr><gpxtpx:cad>80</gpxtpx:cad></gpxtpx:TrackPointExtension></extensions><extensions><gpxtpx:PowerExtension><gpxtpx:PowerInWatts>222</gpxtpx:PowerInWatts></gpxtpx:PowerExtension></extensions></trkpt>
<trkpt lat="38.5784268" lon="-121.4475903">
<ele>11</ele><time>2025-08-30T17:17:18.999Z</time><extensions><gpxtpx:TrackPointExtension><gpxtpx:hr>160</gpxtpx:hr><gpxtpx:cad>75</gpxtpx:cad></gpxtpx:TrackPointExtension></extensions><extensions><gpxtpx:PowerExtension><gpxtpx:PowerInWatts>217</gpxtpx:PowerInWatts></gpxtpx:PowerExtension></extensions></trkpt>
<trkpt lat="38.5784817" lon="-121.4475282">
<ele>10</ele><time>2025-08-30T17:17:22.000Z</time><extensions><gpxtpx:TrackPointExtension><gpxtpx:hr>160</gpxtpx:hr><gpxtpx:cad>76</gpxtpx:cad></gpxtpx:TrackPointExtension></extensions><extensions><gpxtpx:PowerExtension><gpxtpx:PowerInWatts>218</gpxtpx:PowerInWatts></gpxtpx:PowerExtension></extensions></trkpt>
<trkpt lat="38.5785251" lon="-121.4474853">
<ele>10</ele><time>2025-08-30T17:17:24.000Z</time><extensions><gpxtpx:TrackPointExtension><gpxtpx:hr>159</gpxtpx:hr><gpxtpx:cad>78</gpxtpx:cad></gpxtpx:TrackPointExtension></extensions><extensions><gpxtpx:PowerExtension><gpxtpx:PowerInWatts>218</gpxtpx:PowerInWatts></gpxtpx:PowerExtension></extensions></trkpt>
<trkpt lat="38.5785853" lon="-121.4474931">
<ele>10</ele><time>2025-08-30T17:17:26.000Z</time><extensions><gpxtpx:TrackPointExtension><gpxtpx:hr>159</gpxtpx:hr><gpxtpx:cad>78</gpxtpx:cad></gpxtpx:TrackPointExtension></extensions><extensions><gpxtpx:PowerExtension><gpxtpx:PowerInWatts>218</gpxtpx:PowerInWatts></gpxtpx:PowerExtension></extensions></trkpt>
<trkpt lat="38.5786455" lon="-121.4474919">
<ele>10</ele><time>2025-08-30T17:17:28.000Z</time><extensions><gpxtpx:TrackPointExtension><gpxtpx:hr>158</gpxtpx:hr><gpxtpx:cad>78</gpxtpx:cad></gpxtpx:TrackPointExtension></extensions><extensions><gpxtpx:PowerExtension><gpxtpx:PowerInWatts>218</gpxtpx:PowerInWatts></gpxtpx:PowerExtension></extensions></trkpt>
<trkpt lat="38.5786997" lon="-121.4474681">
<ele>10</ele><time>2025-08-30T17:17:31.000Z</time><extensions><gpxtpx:TrackPointExtension><gpxtpx:hr>158</gpxtpx:hr><gpxtpx:cad>82</gpxtpx:cad></gpxtpx:TrackPointExtension></extensions><extensions><gpxtpx:PowerExtension><gpxtpx:PowerInWatts>218</gpxtpx:PowerInWatts></gpxtpx:PowerExtension></extensions></trkpt>
<trkpt lat="38.5787471" lon="-121.4474805">
<ele>10</ele><time>2025-08-30T17:17:33.000Z</time><extensions><gpxtpx:TrackPointExtension><gpxtpx:hr>158</gpxtpx:hr><gpxtpx:cad>80</gpxtpx:cad></gpxtpx:TrackPointExtension></extensions><extensions><gpxtpx:PowerExtension><gpxtpx:PowerInWatts>219</gpxtpx:PowerInWatts></gpxtpx:PowerExtension></extensions></trkpt>
<trkpt lat="38.5787628" lon="-121.4475477">
<ele>10</ele><time>2025-08-30T17:17:35.000Z</time><extensions><gpxtpx:TrackPointExtension><gpxtpx:hr>158</gpxtpx:hr><gpxtpx:cad>78</gpxtpx:cad></gpxtpx:TrackPointExtension></extensions><extensions><gpxtpx:PowerExtension><gpxtpx:PowerInWatts>219</gpxtpx:PowerInWatts></gpxtpx:PowerExtension></extensions></trkpt>
<trkpt lat="38.5787942" lon="-121.4476304">
<ele>11</ele><time>2025-08-30T17:17:38.000Z</time><extensions><gpxtpx:TrackPointExtension><gpxtpx:hr>158</gpxtpx:hr><gpxtpx:cad>78</gpxtpx:cad></gpxtpx:TrackPointExtension></extensions><extensions><gpxtpx:PowerExtension><gpxtpx:PowerInWatts>213</gpxtpx:PowerInWatts></gpxtpx:PowerExtension></extensions></trkpt>
<trkpt lat="38.5788364" lon="-121.4476836">
<ele>11</ele><time>2025-08-30T17:17:40.000Z</time><extensions><gpxtpx:TrackPointExtension><gpxtpx:hr>158</gpxtpx:hr><gpxtpx:cad>76</gpxtpx:cad></gpxtpx:TrackPointExtension></extensions><extensions><gpxtpx:PowerExtension><gpxtpx:PowerInWatts>213</gpxtpx:PowerInWatts></gpxtpx:PowerExtension></extensions></trkpt>
<trkpt lat="38.5788556" lon="-121.4477489">
<ele>11</ele><time>2025-08-30T17:17:42.000Z</time><extensions><gpxtpx:TrackPointExtension><gpxtpx:hr>158</gpxtpx:hr><gpxtpx:cad>79</gpxtpx:cad></gpxtpx:TrackPointExtension></extensions><extensions><gpxtpx:PowerExtension><gpxtpx:PowerInWatts>205</gpxtpx:PowerInWatts></gpxtpx:PowerExtension></extensions></trkpt>
<trkpt lat="38.5788939" lon="-121.4478051">
<ele>11</ele><time>2025-08-30T17:17:44.000Z</time><extensions><gpxtpx:TrackPointExtension><gpxtpx:hr>159</gpxtpx:hr><gpxtpx:cad>76</gpxtpx:cad></gpxtpx:TrackPointExtension></extensions><extensions><gpxtpx:PowerExtension><gpxtpx:PowerInWatts>206</gpxtpx:PowerInWatts></gpxtpx:PowerExtension></extensions></trkpt>
<trkpt lat="38.5789264" lon="-121.4478533">
<ele>11</ele><time>2025-08-30T17:17:46.000Z</time><extensions><gpxtpx:TrackPointExtension><gpxtpx:hr>159</gpxtpx:hr><gpxtpx:cad>77</gpxtpx:cad></gpxtpx:TrackPointExtension></extensions><extensions><gpxtpx:PowerExtension><gpxtpx:PowerInWatts>206</gpxtpx:PowerInWatts></gpxtpx:PowerExtension></extensions></trkpt>
<trkpt lat="38.5789589" lon="-121.4479183">
<ele>11</ele><time>2025-08-30T17:17:48.000Z</time><extensions><gpxtpx:TrackPointExtension><gpxtpx:hr>159</gpxtpx:hr><gpxtpx:cad>78</gpxtpx:cad></gpxtpx:TrackPointExtension></extensions><extensions><gpxtpx:PowerExtension><gpxtpx:PowerInWatts>209</gpxtpx:PowerInWatts></gpxtpx:PowerExtension></extensions></trkpt>
<trkpt lat="38.5789901" lon="-121.4479681">
<ele>11</ele><time>2025-08-30T17:17:50.000Z</time><extensions><gpxtpx:TrackPointExtension><gpxtpx:hr>159</gpxtpx:hr><gpxtpx:cad>81</gpxtpx:cad></gpxtpx:TrackPointExtension></extensions><extensions><gpxtpx:PowerExtension><gpxtpx:PowerInWatts>211</gpxtpx:PowerInWatts></gpxtpx:PowerExtension></extensions></trkpt>
<trkpt lat="38.5790382" lon="-121.4480331">
<ele>11</ele><time>2025-08-30T17:17:53.000Z</time><extensions><gpxtpx:TrackPointExtension><gpxtpx:hr>159</gpxtpx:hr><gpxtpx:cad>84</gpxtpx:cad></gpxtpx:TrackPointExtension></extensions><extensions><gpxtpx:PowerExtension><gpxtpx:PowerInWatts>211</gpxtpx:PowerInWatts></gpxtpx:PowerExtension></extensions></trkpt>
<trkpt lat="38.5790826" lon="-121.4481010">
<ele>11</ele><time>2025-08-30T17:17:56.000Z</time><extensions><gpxtpx:TrackPointExtension><gpxtpx:hr>159</gpxtpx:hr><gpxtpx:cad>82</gpxtpx:cad></gpxtpx:TrackPointExtension></extensions><extensions><gpxtpx:PowerExtension><gpxtpx:PowerInWatts>214</gpxtpx:PowerInWatts></gpxtpx:PowerExtension></extensions></trkpt>
<trkpt lat="38.5791336" lon="-121.4481645">
<ele>10</ele><time>2025-08-30T17:17:59.000Z</time><extensions><gpxtpx:TrackPointExtension><gpxtpx:hr>159</gpxtpx:hr><gpxtpx:cad>82</gpxtpx:cad></gpxtpx:TrackPointExtension></extensions><extensions><gpxtpx:PowerExtension><gpxtpx:PowerInWatts>214</gpxtpx:PowerInWatts></gpxtpx:PowerExtension></extensions></trkpt>
<trkpt lat="38.5791640" lon="-121.4482153">
<ele>10</ele><time>2025-08-30T17:18:01.000Z</time><extensions><gpxtpx:TrackPointExtension><gpxtpx:hr>159</gpxtpx:hr><gpxtpx:cad>82</gpxtpx:cad></gpxtpx:TrackPointExtension></extensions><extensions><gpxtpx:PowerExtension><gpxtpx:PowerInWatts>211</gpxtpx:PowerInWatts></gpxtpx:PowerExtension></extensions></trkpt>
<trkpt lat="38.5792125" lon="-121.4482500">
<ele>10</ele><time>2025-08-30T17:18:03.000Z</time><extensions><gpxtpx:TrackPointExtension><gpxtpx:hr>159</gpxtpx:hr><gpxtpx:cad>80</gpxtpx:cad></gpxtpx:TrackPointExtension></extensions><extensions><gpxtpx:PowerExtension><gpxtpx:PowerInWatts>209</gpxtpx:PowerInWatts></gpxtpx:PowerExtension></extensions></trkpt>
<trkpt lat="38.5792507" lon="-121.4482910">
<ele>10</ele><time>2025-08-30T17:18:05.000Z</time><extensions><gpxtpx:TrackPointExtension><gpxtpx:hr>159</gpxtpx:hr><gpxtpx:cad>81</gpxtpx:cad></gpxtpx:TrackPointExtension></extensions><extensions><gpxtpx:PowerExtension><gpxtpx:PowerInWatts>210</gpxtpx:PowerInWatts></gpxtpx:PowerExtension></extensions></trkpt>
<trkpt lat="38.5792971" lon="-121.4483356">
<ele>10</ele><time>2025-08-30T17:18:07.000Z</time><extensions><gpxtpx:TrackPointExtension><gpxtpx:hr>158</gpxtpx:hr><gpxtpx:cad>82</gpxtpx:cad></gpxtpx:TrackPointExtension></extensions><extensions><gpxtpx:PowerExtension><gpxtpx:PowerInWatts>210</gpxtpx:PowerInWatts></gpxtpx:PowerExtension></extensions></trkpt>
<trkpt lat="38.5793432" lon="-121.4483708">
<ele>10</ele><time>2025-08-30T17:18:09.000Z</time><extensions><gpxtpx:TrackPointExtension><gpxtpx:hr>158</gpxtpx:hr><gpxtpx:cad>82</gpxtpx:cad></gpxtpx:TrackPointExtension></extensions><extensions><gpxtpx:PowerExtension><gpxtpx:PowerInWatts>210</gpxtpx:PowerInWatts></gpxtpx:PowerExtension></extensions></trkpt>
<trkpt lat="38.5794048" lon="-121.4484205">
<ele>10</ele><time>2025-08-30T17:18:12.000Z</time><extensions><gpxtpx:TrackPointExtension><gpxtpx:hr>158</gpxtpx:hr><gpxtpx:cad>82</gpxtpx:cad></gpxtpx:TrackPointExtension></extensions><extensions><gpxtpx:PowerExtension><gpxtpx:PowerInWatts>214</gpxtpx:PowerInWatts></gpxtpx:PowerExtension></extensions></trkpt>
<trkpt lat="38.5794481" lon="-121.4484648">
<ele>10</ele><time>2025-08-30T17:18:14.000Z</time><extensions><gpxtpx:TrackPointExtension><gpxtpx:hr>158</gpxtpx:hr><gpxtpx:cad>77</gpxtpx:cad></gpxtpx:TrackPointExtension></extensions><extensions><gpxtpx:PowerExtension><gpxtpx:PowerInWatts>214</gpxtpx:PowerInWatts></gpxtpx:PowerExtension></extensions></trkpt>
<trkpt lat="38.5795122" lon="-121.4484992">
<ele>10</ele><time>2025-08-30T17:18:16.000Z</time><extensions><gpxtpx:TrackPointExtension><gpxtpx:hr>158</gpxtpx:hr><gpxtpx:cad>81</gpxtpx:cad></gpxtpx:TrackPointExtension></extensions><extensions><gpxtpx:PowerExtension><gpxtpx:PowerInWatts>214</gpxtpx:PowerInWatts></gpxtpx:PowerExtension></extensions></trkpt>
<trkpt lat="38.5795630" lon="-121.4485327">
<ele>10</ele><time>2025-08-30T17:18:18.000Z</time><extensions><gpxtpx:TrackPointExtension><gpxtpx:hr>159</gpxtpx:hr><gpxtpx:cad>85</gpxtpx:cad></gpxtpx:TrackPointExtension></extensions><extensions><gpxtpx:PowerExtension><gpxtpx:PowerInWatts>215</gpxtpx:PowerInWatts></gpxtpx:PowerExtension></extensions></trkpt>
<trkpt lat="38.5795997" lon="-121.4485757">
<ele>10</ele><time>2025-08-30T17:18:20.000Z</time><extensions><gpxtpx:TrackPointExtension><gpxtpx:hr>158</gpxtpx:hr><gpxtpx:cad>80</gpxtpx:cad></gpxtpx:TrackPointExtension></extensions><extensions><gpxtpx:PowerExtension><gpxtpx:PowerInWatts>215</gpxtpx:PowerInWatts></gpxtpx:PowerExtension></extensions></trkpt>
<trkpt lat="38.5796459" lon="-121.4486177">
<ele>10</ele><time>2025-08-30T17:18:21.999Z</time><extensions><gpxtpx:TrackPointExtension><gpxtpx:hr>159</gpxtpx:hr><gpxtpx:cad>75</gpxtpx:cad></gpxtpx:TrackPointExtension></extensions><extensions><gpxtpx:PowerExtension><gpxtpx:PowerInWatts>215</gpxtpx:PowerInWatts></gpxtpx:PowerExtension></extensions></trkpt>
<trkpt lat="38.5796933" lon="-121.4486476">
<ele>10</ele><time>2025-08-30T17:18:23.999Z</time><extensions><gpxtpx:TrackPointExtension><gpxtpx:hr>159</gpxtpx:hr><gpxtpx:cad>77</gpxtpx:cad></gpxtpx:TrackPointExtension></extensions><extensions><gpxtpx:PowerExtension><gpxtpx:PowerInWatts>222</gpxtpx:PowerInWatts></gpxtpx:PowerExtension></extensions></trkpt>
<trkpt lat="38.5797263" lon="-121.4486976">
<ele>10</ele><time>2025-08-30T17:18:25.999Z</time><extensions><gpxtpx:TrackPointExtension><gpxtpx:hr>159</gpxtpx:hr><gpxtpx:cad>79</gpxtpx:cad></gpxtpx:TrackPointExtension></extensions><extensions><gpxtpx:PowerExtension><gpxtpx:PowerInWatts>222</gpxtpx:PowerInWatts></gpxtpx:PowerExtension></extensions></trkpt>
<trkpt lat="38.5797705" lon="-121.4487346">
<ele>10</ele><time>2025-08-30T17:18:27.999Z</time><extensions><gpxtpx:TrackPointExtension><gpxtpx:hr>159</gpxtpx:hr><gpxtpx:cad>76</gpxtpx:cad></gpxtpx:TrackPointExtension></extensions><extensions><gpxtpx:PowerExtension><gpxtpx:PowerInWatts>221</gpxtpx:PowerInWatts></gpxtpx:PowerExtension></extensions></trkpt>
<trkpt lat="38.5798272" lon="-121.4487799">
<ele>10</ele><time>2025-08-30T17:18:29.999Z</time><extensions><gpxtpx:TrackPointExtension><gpxtpx:hr>159</gpxtpx:hr><gpxtpx:cad>73</gpxtpx:cad></gpxtpx:TrackPointExtension></extensions><extensions><gpxtpx:PowerExtension><gpxtpx:PowerInWatts>221</gpxtpx:PowerInWatts></gpxtpx:PowerExtension></extensions></trkpt>
<trkpt lat="38.5798735" lon="-121.4488124">
<ele>10</ele><time>2025-08-30T17:18:31.999Z</time><extensions><gpxtpx:TrackPointExtension><gpxtpx:hr>158</gpxtpx:hr><gpxtpx:cad>78</gpxtpx:cad></gpxtpx:TrackPointExtension></extensions><extensions><gpxtpx:PowerExtension><gpxtpx:PowerInWatts>221</gpxtpx:PowerInWatts></gpxtpx:PowerExtension></extensions></trkpt>
<trkpt lat="38.5799130" lon="-121.4488417">
<ele>10</ele><time>2025-08-30T17:18:33.999Z</time><extensions><gpxtpx:TrackPointExtension><gpxtpx:hr>158</gpxtpx:hr><gpxtpx:cad>81</gpxtpx:cad></gpxtpx:TrackPointExtension></extensions><extensions><gpxtpx:PowerExtension><gpxtpx:PowerInWatts>219</gpxtpx:PowerInWatts></gpxtpx:PowerExtension></extensions></trkpt>
<trkpt lat="38.5799755" lon="-121.4488777">
<ele>10</ele><time>2025-08-30T17:18:35.999Z</time><extensions><gpxtpx:TrackPointExtension><gpxtpx:hr>157</gpxtpx:hr><gpxtpx:cad>81</gpxtpx:cad></gpxtpx:TrackPointExtension></extensions><extensions><gpxtpx:PowerExtension><gpxtpx:PowerInWatts>221</gpxtpx:PowerInWatts></gpxtpx:PowerExtension></extensions></trkpt>
<trkpt lat="38.5800232" lon="-121.4489268">
<ele>10</ele><time>2025-08-30T17:18:37.999Z</time><extensions><gpxtpx:TrackPointExtension><gpxtpx:hr>157</gpxtpx:hr><gpxtpx:cad>83</gpxtpx:cad></gpxtpx:TrackPointExtension></extensions><extensions><gpxtpx:PowerExtension><gpxtpx:PowerInWatts>227</gpxtpx:PowerInWatts></gpxtpx:PowerExtension></extensions></trkpt>
<trkpt lat="38.5800599" lon="-121.4489607">
<ele>10</ele><time>2025-08-30T17:18:39.999Z</time><extensions><gpxtpx:TrackPointExtension><gpxtpx:hr>157</gpxtpx:hr><gpxtpx:cad>86</gpxtpx:cad></gpxtpx:TrackPointExtension></extensions><extensions><gpxtpx:PowerExtension><gpxtpx:PowerInWatts>227</gpxtpx:PowerInWatts></gpxtpx:PowerExtension></extensions></trkpt>
<trkpt lat="38.5801166" lon="-121.4489976">
<ele>10</ele><time>2025-08-30T17:18:41.999Z</time><extensions><gpxtpx:TrackPointExtension><gpxtpx:hr>158</gpxtpx:hr><gpxtpx:cad>84</gpxtpx:cad></gpxtpx:TrackPointExtension></extensions><extensions><gpxtpx:PowerExtension><gpxtpx:PowerInWatts>216</gpxtpx:PowerInWatts></gpxtpx:PowerExtension></extensions></trkpt>
<trkpt lat="38.5801640" lon="-121.4490461">
<ele>10</ele><time>2025-08-30T17:18:43.999Z</time><extensions><gpxtpx:TrackPointExtension><gpxtpx:hr>158</gpxtpx:hr><gpxtpx:cad>80</gpxtpx:cad></gpxtpx:TrackPointExtension></extensions><extensions><gpxtpx:PowerExtension><gpxtpx:PowerInWatts>232</gpxtpx:PowerInWatts></gpxtpx:PowerExtension></extensions></trkpt>
<trkpt lat="38.5802049" lon="-121.4490950">
<ele>10</ele><time>2025-08-30T17:18:45.999Z</time><extensions><gpxtpx:TrackPointExtension><gpxtpx:hr>158</gpxtpx:hr><gpxtpx:cad>76</gpxtpx:cad></gpxtpx:TrackPointExtension></extensions><extensions><gpxtpx:PowerExtension><gpxtpx:PowerInWatts>231</gpxtpx:PowerInWatts></gpxtpx:PowerExtension></extensions></trkpt>
<trkpt lat="38.5802574" lon="-121.4491287">
<ele>10</ele><time>2025-08-30T17:18:47.999Z</time><extensions><gpxtpx:TrackPointExtension><gpxtpx:hr>158</gpxtpx:hr><gpxtpx:cad>80</gpxtpx:cad></gpxtpx:TrackPointExtension></extensions><extensions><gpxtpx:PowerExtension><gpxtpx:PowerInWatts>231</gpxtpx:PowerInWatts></gpxtpx:PowerExtension></extensions></trkpt>
<trkpt lat="38.5803058" lon="-121.4491771">
<ele>10</ele><time>2025-08-30T17:18:49.999Z</time><extensions><gpxtpx:TrackPointExtension><gpxtpx:hr>157</gpxtpx:hr><gpxtpx:cad>83</gpxtpx:cad></gpxtpx:TrackPointExtension></extensions><extensions><gpxtpx:PowerExtension><gpxtpx:PowerInWatts>228</gpxtpx:PowerInWatts></gpxtpx:PowerExtension></extensions></trkpt>
<trkpt lat="38.5803638" lon="-121.4492307">
<ele>10</ele><time>2025-08-30T17:18:52.999Z</time><extensions><gpxtpx:TrackPointExtension><gpxtpx:hr>157</gpxtpx:hr><gpxtpx:cad>82</gpxtpx:cad></gpxtpx:TrackPointExtension></extensions><extensions><gpxtpx:PowerExtension><gpxtpx:PowerInWatts>230</gpxtpx:PowerInWatts></gpxtpx:PowerExtension></extensions></trkpt>
<trkpt lat="38.5804121" lon="-121.4492763">
<ele>10</ele><time>2025-08-30T17:18:54.999Z</time><extensions><gpxtpx:TrackPointExtension><gpxtpx:hr>157</gpxtpx:hr><gpxtpx:cad>78</gpxtpx:cad></gpxtpx:TrackPointExtension></extensions><extensions><gpxtpx:PowerExtension><gpxtpx:PowerInWatts>231</gpxtpx:PowerInWatts></gpxtpx:PowerExtension></extensions></trkpt>
<trkpt lat="38.5804660" lon="-121.4493122">
<ele>10</ele><time>2025-08-30T17:18:56.999Z</time><extensions><gpxtpx:TrackPointExtension><gpxtpx:hr>157</gpxtpx:hr><gpxtpx:cad>81</gpxtpx:cad></gpxtpx:TrackPointExtension></extensions><extensions><gpxtpx:PowerExtension><gpxtpx:PowerInWatts>233</gpxtpx:PowerInWatts></gpxtpx:PowerExtension></extensions></trkpt>
<trkpt lat="38.5805120" lon="-121.4493500">
<ele>10</ele><time>2025-08-30T17:18:58.999Z</time><extensions><gpxtpx:TrackPointExtension><gpxtpx:hr>158</gpxtpx:hr><gpxtpx:cad>81</gpxtpx:cad></gpxtpx:TrackPointExtension></extensions><extensions><gpxtpx:PowerExtension><gpxtpx:PowerInWatts>230</gpxtpx:PowerInWatts></gpxtpx:PowerExtension></extensions></trkpt>
<trkpt lat="38.5805494" lon="-121.4493929">
<ele>10</ele><time>2025-08-30T17:19:00.999Z</time><extensions><gpxtpx:TrackPointExtension><gpxtpx:hr>159</gpxtpx:hr><gpxtpx:cad>81</gpxtpx:cad></gpxtpx:TrackPointExtension></extensions><extensions><gpxtpx:PowerExtension><gpxtpx:PowerInWatts>233</gpxtpx:PowerInWatts></gpxtpx:PowerExtension></extensions></trkpt>
<trkpt lat="38.5805904" lon="-121.4494405">
<ele>10</ele><time>2025-08-30T17:19:02.999Z</time><extensions><gpxtpx:TrackPointExtension><gpxtpx:hr>159</gpxtpx:hr><gpxtpx:cad>79</gpxtpx:cad></gpxtpx:TrackPointExtension></extensions><extensions><gpxtpx:PowerExtension><gpxtpx:PowerInWatts>233</gpxtpx:PowerInWatts></gpxtpx:PowerExtension></extensions></trkpt>
<trkpt lat="38.5806349" lon="-121.4494981">
<ele>10</ele><time>2025-08-30T17:19:04.999Z</time><extensions><gpxtpx:TrackPointExtension><gpxtpx:hr>159</gpxtpx:hr><gpxtpx:cad>78</gpxtpx:cad></gpxtpx:TrackPointExtension></extensions><extensions><gpxtpx:PowerExtension><gpxtpx:PowerInWatts>233</gpxtpx:PowerInWatts></gpxtpx:PowerExtension></extensions></trkpt>
<trkpt lat="38.5806995" lon="-121.4495380">
<ele>10</ele><time>2025-08-30T17:19:07.999Z</time><extensions><gpxtpx:TrackPointExtension><gpxtpx:hr>159</gpxtpx:hr><gpxtpx:cad>78</gpxtpx:cad></gpxtpx:TrackPointExtension></extensions><extensions><gpxtpx:PowerExtension><gpxtpx:PowerInWatts>233</gpxtpx:PowerInWatts></gpxtpx:PowerExtension></extensions></trkpt>
<trkpt lat="38.5807312" lon="-121.4495825">
<ele>10</ele><time>2025-08-30T17:19:09.999Z</time><extensions><gpxtpx:TrackPointExtension><gpxtpx:hr>158</gpxtpx:hr><gpxtpx:cad>77</gpxtpx:cad></gpxtpx:TrackPointExtension></extensions><extensions><gpxtpx:PowerExtension><gpxtpx:PowerInWatts>233</gpxtpx:PowerInWatts></gpxtpx:PowerExtension></extensions></trkpt>
<trkpt lat="38.5807851" lon="-121.4496136">
<ele>10</ele><time>2025-08-30T17:19:11.999Z</time><extensions><gpxtpx:TrackPointExtension><gpxtpx:hr>158</gpxtpx:hr><gpxtpx:cad>83</gpxtpx:cad></gpxtpx:TrackPointExtension></extensions><extensions><gpxtpx:PowerExtension><gpxtpx:PowerInWatts>235</gpxtpx:PowerInWatts></gpxtpx:PowerExtension></extensions></trkpt>
<trkpt lat="38.5808378" lon="-121.4496650">
<ele>11</ele><time>2025-08-30T17:19:13.999Z</time><extensions><gpxtpx:TrackPointExtension><gpxtpx:hr>157</gpxtpx:hr><gpxtpx:cad>81</gpxtpx:cad></gpxtpx:TrackPointExtension></extensions><extensions><gpxtpx:PowerExtension><gpxtpx:PowerInWatts>231</gpxtpx:PowerInWatts></gpxtpx:PowerExtension></extensions></trkpt>
<trkpt lat="38.5808771" lon="-121.4497104">
<ele>11</ele><time>2025-08-30T17:19:15.999Z</time><extensions><gpxtpx:TrackPointExtension><gpxtpx:hr>157</gpxtpx:hr><gpxtpx:cad>78</gpxtpx:cad></gpxtpx:TrackPointExtension></extensions><extensions><gpxtpx:PowerExtension><gpxtpx:PowerInWatts>231</gpxtpx:PowerInWatts></gpxtpx:PowerExtension></extensions></trkpt>
<trkpt lat="38.5809524" lon="-121.4497565">
<ele>11</ele><time>2025-08-30T17:19:18.999Z</time><extensions><gpxtpx:TrackPointExtension><gpxtpx:hr>158</gpxtpx:hr><gpxtpx:cad>79</gpxtpx:cad></gpxtpx:TrackPointExtension></extensions><extensions><gpxtpx:PowerExtension><gpxtpx:PowerInWatts>233</gpxtpx:PowerInWatts></gpxtpx:PowerExtension></extensions></trkpt>
<trkpt lat="38.5810127" lon="-121.4498031">
<ele>11</ele><time>2025-08-30T17:19:21.999Z</time><extensions><gpxtpx:TrackPointExtension><gpxtpx:hr>159</gpxtpx:hr><gpxtpx:cad>78</gpxtpx:cad></gpxtpx:TrackPointExtension></extensions><extensions><gpxtpx:PowerExtension><gpxtpx:PowerInWatts>233</gpxtpx:PowerInWatts></gpxtpx:PowerExtension></extensions></trkpt>
<trkpt lat="38.5810528" lon="-121.4498431">
<ele>11</ele><time>2025-08-30T17:19:23.999Z</time><extensions><gpxtpx:TrackPointExtension><gpxtpx:hr>158</gpxtpx:hr><gpxtpx:cad>83</gpxtpx:cad></gpxtpx:TrackPointExtension></extensions><extensions><gpxtpx:PowerExtension><gpxtpx:PowerInWatts>230</gpxtpx:PowerInWatts></gpxtpx:PowerExtension></extensions></trkpt>
<trkpt lat="38.5811001" lon="-121.4498880">
<ele>11</ele><time>2025-08-30T17:19:25.999Z</time><extensions><gpxtpx:TrackPointExtension><gpxtpx:hr>158</gpxtpx:hr><gpxtpx:cad>84</gpxtpx:cad></gpxtpx:TrackPointExtension></extensions><extensions><gpxtpx:PowerExtension><gpxtpx:PowerInWatts>230</gpxtpx:PowerInWatts></gpxtpx:PowerExtension></extensions></trkpt>
<trkpt lat="38.5811498" lon="-121.4499342">
<ele>11</ele><time>2025-08-30T17:19:27.999Z</time><extensions><gpxtpx:TrackPointExtension><gpxtpx:hr>158</gpxtpx:hr><gpxtpx:cad>82</gpxtpx:cad></gpxtpx:TrackPointExtension></extensions><extensions><gpxtpx:PowerExtension><gpxtpx:PowerInWatts>235</gpxtpx:PowerInWatts></gpxtpx:PowerExtension></extensions></trkpt>
<trkpt lat="38.5811865" lon="-121.4499837">
<ele>11</ele><time>2025-08-30T17:19:29.999Z</time><extensions><gpxtpx:TrackPointExtension><gpxtpx:hr>159</gpxtpx:hr><gpxtpx:cad>80</gpxtpx:cad></gpxtpx:TrackPointExtension></extensions><extensions><gpxtpx:PowerExtension><gpxtpx:PowerInWatts>231</gpxtpx:PowerInWatts></gpxtpx:PowerExtension></extensions></trkpt>
<trkpt lat="38.5812290" lon="-121.4500306">
<ele>11</ele><time>2025-08-30T17:19:31.999Z</time><extensions><gpxtpx:TrackPointExtension><gpxtpx:hr>159</gpxtpx:hr><gpxtpx:cad>79</gpxtpx:cad></gpxtpx:TrackPointExtension></extensions><extensions><gpxtpx:PowerExtension><gpxtpx:PowerInWatts>233</gpxtpx:PowerInWatts></gpxtpx:PowerExtension></extensions></trkpt>
<trkpt lat="38.5812842" lon="-121.4500729">
<ele>11</ele><time>2025-08-30T17:19:34.999Z</time><extensions><gpxtpx:TrackPointExtension><gpxtpx:hr>159</gpxtpx:hr><gpxtpx:cad>78</gpxtpx:cad></gpxtpx:TrackPointExtension></extensions><extensions><gpxtpx:PowerExtension><gpxtpx:PowerInWatts>235</gpxtpx:PowerInWatts></gpxtpx:PowerExtension></extensions></trkpt>
<trkpt lat="38.5813418" lon="-121.4501214">
<ele>11</ele><time>2025-08-30T17:19:36.999Z</time><extensions><gpxtpx:TrackPointExtension><gpxtpx:hr>159</gpxtpx:hr><gpxtpx:cad>82</gpxtpx:cad></gpxtpx:TrackPointExtension></extensions><extensions><gpxtpx:PowerExtension><gpxtpx:PowerInWatts>235</gpxtpx:PowerInWatts></gpxtpx:PowerExtension></extensions></trkpt>
<trkpt lat="38.5813914" lon="-121.4501669">
<ele>11</ele><time>2025-08-30T17:19:38.999Z</time><extensions><gpxtpx:TrackPointExtension><gpxtpx:hr>160</gpxtpx:hr><gpxtpx:cad>82</gpxtpx:cad></gpxtpx:TrackPointExtension></extensions><extensions><gpxtpx:PowerExtension><gpxtpx:PowerInWatts>235</gpxtpx:PowerInWatts></gpxtpx:PowerExtension></extensions></trkpt>
<trkpt lat="38.5814420" lon="-121.4502022">
<ele>11</ele><time>2025-08-30T17:19:40.999Z</time><extensions><gpxtpx:TrackPointExtension><gpxtpx:hr>160</gpxtpx:hr><gpxtpx:cad>81</gpxtpx:cad></gpxtpx:TrackPointExtension></extensions><extensions><gpxtpx:PowerExtension><gpxtpx:PowerInWatts>231</gpxtpx:PowerInWatts></gpxtpx:PowerExtension></extensions></trkpt>
<trkpt lat="38.5814883" lon="-121.4502547">
<ele>11</ele><time>2025-08-30T17:19:43.999Z</time><extensions><gpxtpx:TrackPointExtension><gpxtpx:hr>160</gpxtpx:hr><gpxtpx:cad>85</gpxtpx:cad></gpxtpx:TrackPointExtension></extensions><extensions><gpxtpx:PowerExtension><gpxtpx:PowerInWatts>230</gpxtpx:PowerInWatts></gpxtpx:PowerExtension></extensions></trkpt>
<trkpt lat="38.5815257" lon="-121.4502914">
<ele>11</ele><time>2025-08-30T17:19:45.999Z</time><extensions><gpxtpx:TrackPointExtension><gpxtpx:hr>159</gpxtpx:hr><gpxtpx:cad>80</gpxtpx:cad></gpxtpx:TrackPointExtension></extensions><extensions><gpxtpx:PowerExtension><gpxtpx:PowerInWatts>230</gpxtpx:PowerInWatts></gpxtpx:PowerExtension></extensions></trkpt>
<trkpt lat="38.5815741" lon="-121.4503310">
<ele>11</ele><time>2025-08-30T17:19:47.999Z</time><extensions><gpxtpx:TrackPointExtension><gpxtpx:hr>159</gpxtpx:hr><gpxtpx:cad>82</gpxtpx:cad></gpxtpx:TrackPointExtension></extensions><extensions><gpxtpx:PowerExtension><gpxtpx:PowerInWatts>228</gpxtpx:PowerInWatts></gpxtpx:PowerExtension></extensions></trkpt>
<trkpt lat="38.5816359" lon="-121.4503015">
<ele>11</ele><time>2025-08-30T17:19:49.999Z</time><extensions><gpxtpx:TrackPointExtension><gpxtpx:hr>159</gpxtpx:hr><gpxtpx:cad>78</gpxtpx:cad></gpxtpx:TrackPointExtension></extensions><extensions><gpxtpx:PowerExtension><gpxtpx:PowerInWatts>228</gpxtpx:PowerInWatts></gpxtpx:PowerExtension></extensions></trkpt>
<trkpt lat="38.5816949" lon="-121.4502687">
<ele>11</ele><time>2025-08-30T17:19:51.999Z</time><extensions><gpxtpx:TrackPointExtension><gpxtpx:hr>159</gpxtpx:hr><gpxtpx:cad>81</gpxtpx:cad></gpxtpx:TrackPointExtension></extensions><extensions><gpxtpx:PowerExtension><gpxtpx:PowerInWatts>228</gpxtpx:PowerInWatts></gpxtpx:PowerExtension></extensions></trkpt>
<trkpt lat="38.5817338" lon="-121.4502308">
<ele>11</ele><time>2025-08-30T17:19:53.999Z</time><extensions><gpxtpx:TrackPointExtension><gpxtpx:hr>159</gpxtpx:hr><gpxtpx:cad>77</gpxtpx:cad></gpxtpx:TrackPointExtension></extensions><extensions><gpxtpx:PowerExtension><gpxtpx:PowerInWatts>224</gpxtpx:PowerInWatts></gpxtpx:PowerExtension></extensions></trkpt>
<trkpt lat="38.5817651" lon="-121.4501717">
<ele>11</ele><time>2025-08-30T17:19:55.999Z</time><extensions><gpxtpx:TrackPointExtension><gpxtpx:hr>159</gpxtpx:hr><gpxtpx:cad>76</gpxtpx:cad></gpxtpx:TrackPointExtension></extensions><extensions><gpxtpx:PowerExtension><gpxtpx:PowerInWatts>224</gpxtpx:PowerInWatts></gpxtpx:PowerExtension></extensions></trkpt>
<trkpt lat="38.5818183" lon="-121.4501126">
<ele>11</ele><time>2025-08-30T17:19:58.999Z</time><extensions><gpxtpx:TrackPointExtension><gpxtpx:hr>160</gpxtpx:hr><gpxtpx:cad>77</gpxtpx:cad></gpxtpx:TrackPointExtension></extensions><extensions><gpxtpx:PowerExtension><gpxtpx:PowerInWatts>227</gpxtpx:PowerInWatts></gpxtpx:PowerExtension></extensions></trkpt>
<trkpt lat="38.5818580" lon="-121.4500564">
<ele>11</ele><time>2025-08-30T17:20:00.999Z</time><extensions><gpxtpx:TrackPointExtension><gpxtpx:hr>160</gpxtpx:hr><gpxtpx:cad>80</gpxtpx:cad></gpxtpx:TrackPointExtension></extensions><extensions><gpxtpx:PowerExtension><gpxtpx:PowerInWatts>227</gpxtpx:PowerInWatts></gpxtpx:PowerExtension></extensions></trkpt>
<trkpt lat="38.5819068" lon="-121.4500365">
<ele>11</ele><time>2025-08-30T17:20:02.999Z</time><extensions><gpxtpx:TrackPointExtension><gpxtpx:hr>160</gpxtpx:hr><gpxtpx:cad>80</gpxtpx:cad></gpxtpx:TrackPointExtension></extensions><extensions><gpxtpx:PowerExtension><gpxtpx:PowerInWatts>225</gpxtpx:PowerInWatts></gpxtpx:PowerExtension></extensions></trkpt>
<trkpt lat="38.5819470" lon="-121.4499788">
<ele>11</ele><time>2025-08-30T17:20:04.999Z</time><extensions><gpxtpx:TrackPointExtension><gpxtpx:hr>160</gpxtpx:hr><gpxtpx:cad>80</gpxtpx:cad></gpxtpx:TrackPointExtension></extensions><extensions><gpxtpx:PowerExtension><gpxtpx:PowerInWatts>222</gpxtpx:PowerInWatts></gpxtpx:PowerExtension></extensions></trkpt>
<trkpt lat="38.5819940" lon="-121.4499426">
<ele>11</ele><time>2025-08-30T17:20:06.999Z</time><extensions><gpxtpx:TrackPointExtension><gpxtpx:hr>160</gpxtpx:hr><gpxtpx:cad>78</gpxtpx:cad></gpxtpx:TrackPointExtension></extensions><extensions><gpxtpx:PowerExtension><gpxtpx:PowerInWatts>222</gpxtpx:PowerInWatts></gpxtpx:PowerExtension></extensions></trkpt>
<trkpt lat="38.5820513" lon="-121.4499638">
<ele>11</ele><time>2025-08-30T17:20:08.999Z</time><extensions><gpxtpx:TrackPointExtension><gpxtpx:hr>160</gpxtpx:hr><gpxtpx:cad>75</gpxtpx:cad></gpxtpx:TrackPointExtension></extensions><extensions><gpxtpx:PowerExtension><gpxtpx:PowerInWatts>223</gpxtpx:PowerInWatts></gpxtpx:PowerExtension></extensions></trkpt>
<trkpt lat="38.5821279" lon="-121.4499857">
<ele>11</ele><time>2025-08-30T17:20:10.999Z</time><extensions><gpxtpx:TrackPointExtension><gpxtpx:hr>160</gpxtpx:hr><gpxtpx:cad>78</gpxtpx:cad></gpxtpx:TrackPointExtension></extensions><extensions><gpxtpx:PowerExtension><gpxtpx:PowerInWatts>223</gpxtpx:PowerInWatts></gpxtpx:PowerExtension></extensions></trkpt>
<trkpt lat="38.5821852" lon="-121.4499885">
<ele>11</ele><time>2025-08-30T17:20:12.999Z</time><extensions><gpxtpx:TrackPointExtension><gpxtpx:hr>160</gpxtpx:hr><gpxtpx:cad>75</gpxtpx:cad></gpxtpx:TrackPointExtension></extensions><extensions><gpxtpx:PowerExtension><gpxtpx:PowerInWatts>222</gpxtpx:PowerInWatts></gpxtpx:PowerExtension></extensions></trkpt>
<trkpt lat="38.5822419" lon="-121.4499539">
<ele>11</ele><time>2025-08-30T17:20:14.999Z</time><extensions><gpxtpx:TrackPointExtension><gpxtpx:hr>161</gpxtpx:hr><gpxtpx:cad>77</gpxtpx:cad></gpxtpx:TrackPointExtension></extensions><extensions><gpxtpx:PowerExtension><gpxtpx:PowerInWatts>219</gpxtpx:PowerInWatts></gpxtpx:PowerExtension></extensions></trkpt>
<trkpt lat="38.5823132" lon="-121.4499322">
<ele>11</ele><time>2025-08-30T17:20:16.999Z</time><extensions><gpxtpx:TrackPointExtension><gpxtpx:hr>162</gpxtpx:hr><gpxtpx:cad>77</gpxtpx:cad></gpxtpx:TrackPointExtension></extensions><extensions><gpxtpx:PowerExtension><gpxtpx:PowerInWatts>219</gpxtpx:PowerInWatts></gpxtpx:PowerExtension></extensions></trkpt>
<trkpt lat="38.5823697" lon="-121.4499499">
<ele>11</ele><time>2025-08-30T17:20:18.999Z</time><extensions><gpxtpx:TrackPointExtension><gpxtpx:hr>163</gpxtpx:hr><gpxtpx:cad>78</gpxtpx:cad></gpxtpx:TrackPointExtension></extensions><extensions><gpxtpx:PowerExtension><gpxtpx:PowerInWatts>221</gpxtpx:PowerInWatts></gpxtpx:PowerExtension></extensions></trkpt>
<trkpt lat="38.5824181" lon="-121.4499734">
<ele>11</ele><time>2025-08-30T17:20:20.999Z</time><extensions><gpxtpx:TrackPointExtension><gpxtpx:hr>162</gpxtpx:hr><gpxtpx:cad>83</gpxtpx:cad></gpxtpx:TrackPointExtension></extensions><extensions><gpxtpx:PowerExtension><gpxtpx:PowerInWatts>226</gpxtpx:PowerInWatts></gpxtpx:PowerExtension></extensions></trkpt>
<trkpt lat="38.5824647" lon="-121.4500085">
<ele>11</ele><time>2025-08-30T17:20:22.999Z</time><extensions><gpxtpx:TrackPointExtension><gpxtpx:hr>162</gpxtpx:hr><gpxtpx:cad>82</gpxtpx:cad></gpxtpx:TrackPointExtension></extensions><extensions><gpxtpx:PowerExtension><gpxtpx:PowerInWatts>226</gpxtpx:PowerInWatts></gpxtpx:PowerExtension></extensions></trkpt>
<trkpt lat="38.5824984" lon="-121.4500628">
<ele>11</ele><time>2025-08-30T17:20:24.999Z</time><extensions><gpxtpx:TrackPointExtension><gpxtpx:hr>160</gpxtpx:hr><gpxtpx:cad>77</gpxtpx:cad></gpxtpx:TrackPointExtension></extensions><extensions><gpxtpx:PowerExtension><gpxtpx:PowerInWatts>225</gpxtpx:PowerInWatts></gpxtpx:PowerExtension></extensions></trkpt>
<trkpt lat="38.5825256" lon="-121.4501088">
<ele>11</ele><time>2025-08-30T17:20:26.999Z</time><extensions><gpxtpx:TrackPointExtension><gpxtpx:hr>160</gpxtpx:hr><gpxtpx:cad>78</gpxtpx:cad></gpxtpx:TrackPointExtension></extensions><extensions><gpxtpx:PowerExtension><gpxtpx:PowerInWatts>225</gpxtpx:PowerInWatts></gpxtpx:PowerExtension></extensions></trkpt>
<trkpt lat="38.5825217" lon="-121.4501812">
<ele>11</ele><time>2025-08-30T17:20:28.999Z</time><extensions><gpxtpx:TrackPointExtension><gpxtpx:hr>160</gpxtpx:hr><gpxtpx:cad>77</gpxtpx:cad></gpxtpx:TrackPointExtension></extensions><extensions><gpxtpx:PowerExtension><gpxtpx:PowerInWatts>225</gpxtpx:PowerInWatts></gpxtpx:PowerExtension></extensions></trkpt>
<trkpt lat="38.5825349" lon="-121.4502536">
<ele>11</ele><time>2025-08-30T17:20:30.999Z</time><extensions><gpxtpx:TrackPointExtension><gpxtpx:hr>160</gpxtpx:hr><gpxtpx:cad>77</gpxtpx:cad></gpxtpx:TrackPointExtension></extensions><extensions><gpxtpx:PowerExtension><gpxtpx:PowerInWatts>223</gpxtpx:PowerInWatts></gpxtpx:PowerExtension></extensions></trkpt>
<trkpt lat="38.5825509" lon="-121.4503111">
<ele>11</ele><time>2025-08-30T17:20:32.999Z</time><extensions><gpxtpx:TrackPointExtension><gpxtpx:hr>160</gpxtpx:hr><gpxtpx:cad>81</gpxtpx:cad></gpxtpx:TrackPointExtension></extensions><extensions><gpxtpx:PowerExtension><gpxtpx:PowerInWatts>219</gpxtpx:PowerInWatts></gpxtpx:PowerExtension></extensions></trkpt>
<trkpt lat="38.5825637" lon="-121.4503668">
<ele>11</ele><time>2025-08-30T17:20:34.999Z</time><extensions><gpxtpx:TrackPointExtension><gpxtpx:hr>160</gpxtpx:hr><gpxtpx:cad>83</gpxtpx:cad></gpxtpx:TrackPointExtension></extensions><extensions><gpxtpx:PowerExtension><gpxtpx:PowerInWatts>219</gpxtpx:PowerInWatts></gpxtpx:PowerExtension></extensions></trkpt>
<trkpt lat="38.5825700" lon="-121.4504321">
<ele>11</ele><time>2025-08-30T17:20:36.999Z</time><extensions><gpxtpx:TrackPointExtension><gpxtpx:hr>160</gpxtpx:hr><gpxtpx:cad>82</gpxtpx:cad></gpxtpx:TrackPointExtension></extensions><extensions><gpxtpx:PowerExtension><gpxtpx:PowerInWatts>219</gpxtpx:PowerInWatts></gpxtpx:PowerExtension></extensions></trkpt>
<trkpt lat="38.5825772" lon="-121.4504933">
<ele>11</ele><time>2025-08-30T17:20:38.999Z</time><extensions><gpxtpx:TrackPointExtension><gpxtpx:hr>160</gpxtpx:hr><gpxtpx:cad>80</gpxtpx:cad></gpxtpx:TrackPointExtension></extensions><extensions><gpxtpx:PowerExtension><gpxtpx:PowerInWatts>218</gpxtpx:PowerInWatts></gpxtpx:PowerExtension></extensions></trkpt>
<trkpt lat="38.5826122" lon="-121.4505885">
<ele>11</ele><time>2025-08-30T17:20:41.999Z</time><extensions><gpxtpx:TrackPointExtension><gpxtpx:hr>160</gpxtpx:hr><gpxtpx:cad>77</gpxtpx:cad></gpxtpx:TrackPointExtension></extensions><extensions><gpxtpx:PowerExtension><gpxtpx:PowerInWatts>218</gpxtpx:PowerInWatts></gpxtpx:PowerExtension></extensions></trkpt>
<trkpt lat="38.5826112" lon="-121.4506749">
<ele>11</ele><time>2025-08-30T17:20:43.999Z</time><extensions><gpxtpx:TrackPointExtension><gpxtpx:hr>160</gpxtpx:hr><gpxtpx:cad>78</gpxtpx:cad></gpxtpx:TrackPointExtension></extensions><extensions><gpxtpx:PowerExtension><gpxtpx:PowerInWatts>217</gpxtpx:PowerInWatts></gpxtpx:PowerExtension></extensions></trkpt>
<trkpt lat="38.5826056" lon="-121.4507505">
<ele>11</ele><time>2025-08-30T17:20:45.999Z</time><extensions><gpxtpx:TrackPointExtension><gpxtpx:hr>160</gpxtpx:hr><gpxtpx:cad>79</gpxtpx:cad></gpxtpx:TrackPointExtension></extensions><extensions><gpxtpx:PowerExtension><gpxtpx:PowerInWatts>218</gpxtpx:PowerInWatts></gpxtpx:PowerExtension></extensions></trkpt>
<trkpt lat="38.5826210" lon="-121.4508084">
<ele>11</ele><time>2025-08-30T17:20:47.999Z</time><extensions><gpxtpx:TrackPointExtension><gpxtpx:hr>160</gpxtpx:hr><gpxtpx:cad>79</gpxtpx:cad></gpxtpx:TrackPointExtension></extensions><extensions><gpxtpx:PowerExtension><gpxtpx:PowerInWatts>218</gpxtpx:PowerInWatts></gpxtpx:PowerExtension></extensions></trkpt>
<trkpt lat="38.5826283" lon="-121.4508867">
<ele>11</ele><time>2025-08-30T17:20:49.999Z</time><extensions><gpxtpx:TrackPointExtension><gpxtpx:hr>160</gpxtpx:hr><gpxtpx:cad>76</gpxtpx:cad></gpxtpx:TrackPointExtension></extensions><extensions><gpxtpx:PowerExtension><gpxtpx:PowerInWatts>225</gpxtpx:PowerInWatts></gpxtpx:PowerExtension></extensions></trkpt>
<trkpt lat="38.5826339" lon="-121.4509832">
<ele>11</ele><time>2025-08-30T17:20:52.999Z</time><extensions><gpxtpx:TrackPointExtension><gpxtpx:hr>161</gpxtpx:hr><gpxtpx:cad>86</gpxtpx:cad></gpxtpx:TrackPointExtension></extensions><extensions><gpxtpx:PowerExtension><gpxtpx:PowerInWatts>224</gpxtpx:PowerInWatts></gpxtpx:PowerExtension></extensions></trkpt>
<trkpt lat="38.5826280" lon="-121.4510414">
<ele>11</ele><time>2025-08-30T17:20:54.999Z</time><extensions><gpxtpx:TrackPointExtension><gpxtpx:hr>161</gpxtpx:hr><gpxtpx:cad>86</gpxtpx:cad></gpxtpx:TrackPointExtension></extensions><extensions><gpxtpx:PowerExtension><gpxtpx:PowerInWatts>224</gpxtpx:PowerInWatts></gpxtpx:PowerExtension></extensions></trkpt>
<trkpt lat="38.5826282" lon="-121.4511024">
<ele>11</ele><time>2025-08-30T17:20:56.999Z</time><extensions><gpxtpx:TrackPointExtension><gpxtpx:hr>162</gpxtpx:hr><gpxtpx:cad>81</gpxtpx:cad></gpxtpx:TrackPointExtension></extensions><extensions><gpxtpx:PowerExtension><gpxtpx:PowerInWatts>225</gpxtpx:PowerInWatts></gpxtpx:PowerExtension></extensions></trkpt>
<trkpt lat="38.5826320" lon="-121.4511827">
<ele>11</ele><time>2025-08-30T17:20:59.999Z</time><extensions><gpxtpx:TrackPointExtension><gpxtpx:hr>162</gpxtpx:hr><gpxtpx:cad>79</gpxtpx:cad></gpxtpx:TrackPointExtension></extensions><extensions><gpxtpx:PowerExtension><gpxtpx:PowerInWatts>221</gpxtpx:PowerInWatts></gpxtpx:PowerExtension></extensions></trkpt>
<trkpt lat="38.5826442" lon="-121.4512421">
<ele>11</ele><time>2025-08-30T17:21:01.999Z</time><extensions><gpxtpx:TrackPointExtension><gpxtpx:hr>161</gpxtpx:hr><gpxtpx:cad>77</gpxtpx:cad></gpxtpx:TrackPointExtension></extensions><extensions><gpxtpx:PowerExtension><gpxtpx:PowerInWatts>220</gpxtpx:PowerInWatts></gpxtpx:PowerExtension></extensions></trkpt>
<trkpt lat="38.5826673" lon="-121.4513051">
<ele>11</ele><time>2025-08-30T17:21:03.999Z</time><extensions><gpxtpx:TrackPointExtension><gpxtpx:hr>160</gpxtpx:hr><gpxtpx:cad>76</gpxtpx:cad></gpxtpx:TrackPointExtension></extensions><extensions><gpxtpx:PowerExtension><gpxtpx:PowerInWatts>218</gpxtpx:PowerInWatts></gpxtpx:PowerExtension></extensions></trkpt>
<trkpt lat="38.5826978" lon="-121.4513851">
<ele>11</ele><time>2025-08-30T17:21:06.999Z</time><extensions><gpxtpx:TrackPointExtension><gpxtpx:hr>160</gpxtpx:hr><gpxtpx:cad>78</gpxtpx:cad></gpxtpx:TrackPointExtension></extensions><extensions><gpxtpx:PowerExtension><gpxtpx:PowerInWatts>214</gpxtpx:PowerInWatts></gpxtpx:PowerExtension></extensions></trkpt>
<trkpt lat="38.5827231" lon="-121.4514435">
<ele>11</ele><time>2025-08-30T17:21:08.999Z</time><extensions><gpxtpx:TrackPointExtension><gpxtpx:hr>160</gpxtpx:hr><gpxtpx:cad>72</gpxtpx:cad></gpxtpx:TrackPointExtension></extensions><extensions><gpxtpx:PowerExtension><gpxtpx:PowerInWatts>215</gpxtpx:PowerInWatts></gpxtpx:PowerExtension></extensions></trkpt>
<trkpt lat="38.5827578" lon="-121.4515097">
<ele>11</ele><time>2025-08-30T17:21:10.999Z</time><extensions><gpxtpx:TrackPointExtension><gpxtpx:hr>160</gpxtpx:hr><gpxtpx:cad>71</gpxtpx:cad></gpxtpx:TrackPointExtension></extensions><extensions><gpxtpx:PowerExtension><gpxtpx:PowerInWatts>217</gpxtpx:PowerInWatts></gpxtpx:PowerExtension></extensions></trkpt>
<trkpt lat="38.5827892" lon="-121.4515539">
<ele>11</ele><time>2025-08-30T17:21:12.999Z</time><extensions><gpxtpx:TrackPointExtension><gpxtpx:hr>160</gpxtpx:hr><gpxtpx:cad>69</gpxtpx:cad></gpxtpx:TrackPointExtension></extensions><extensions><gpxtpx:PowerExtension><gpxtpx:PowerInWatts>217</gpxtpx:PowerInWatts></gpxtpx:PowerExtension></extensions></trkpt>
<trkpt lat="38.5828288" lon="-121.4516061">
<ele>11</ele><time>2025-08-30T17:21:14.999Z</time><extensions><gpxtpx:TrackPointExtension><gpxtpx:hr>160</gpxtpx:hr><gpxtpx:cad>69</gpxtpx:cad></gpxtpx:TrackPointExtension></extensions><extensions><gpxtpx:PowerExtension><gpxtpx:PowerInWatts>217</gpxtpx:PowerInWatts></gpxtpx:PowerExtension></extensions></trkpt>
<trkpt lat="38.5828666" lon="-121.4516421">
<ele>11</ele><time>2025-08-30T17:21:17.999Z</time><extensions><gpxtpx:TrackPointExtension><gpxtpx:hr>160</gpxtpx:hr><gpxtpx:cad>64</gpxtpx:cad></gpxtpx:TrackPointExtension></extensions><extensions><gpxtpx:PowerExtension><gpxtpx:PowerInWatts>219</gpxtpx:PowerInWatts></gpxtpx:PowerExtension></extensions></trkpt>
<trkpt lat="38.5829086" lon="-121.4516074">
<ele>11</ele><time>2025-08-30T17:21:23.999Z</time><extensions><gpxtpx:TrackPointExtension><gpxtpx:hr>159</gpxtpx:hr><gpxtpx:cad>62</gpxtpx:cad></gpxtpx:TrackPointExtension></extensions><extensions><gpxtpx:PowerExtension><gpxtpx:PowerInWatts>202</gpxtpx:PowerInWatts></gpxtpx:PowerExtension></extensions></trkpt>
<trkpt lat="38.5828695" lon="-121.4515748">
<ele>12</ele><time>2025-08-30T17:21:25.999Z</time><extensions><gpxtpx:TrackPointExtension><gpxtpx:hr>158</gpxtpx:hr><gpxtpx:cad>63</gpxtpx:cad></gpxtpx:TrackPointExtension></extensions><extensions><gpxtpx:PowerExtension><gpxtpx:PowerInWatts>202</gpxtpx:PowerInWatts></gpxtpx:PowerExtension></extensions></trkpt>
<trkpt lat="38.5828223" lon="-121.4515422">
<ele>12</ele><time>2025-08-30T17:21:29.999Z</time><extensions><gpxtpx:TrackPointExtension><gpxtpx:hr>156</gpxtpx:hr><gpxtpx:cad>55</gpxtpx:cad></gpxtpx:TrackPointExtension></extensions><extensions><gpxtpx:PowerExtension><gpxtpx:PowerInWatts>115</gpxtpx:PowerInWatts></gpxtpx:PowerExtension></extensions></trkpt>
<trkpt lat="38.5827760" lon="-121.4515195">
<ele>12</ele><time>2025-08-30T17:21:32.999Z</time><extensions><gpxtpx:TrackPointExtension><gpxtpx:hr>155</gpxtpx:hr><gpxtpx:cad>55</gpxtpx:cad></gpxtpx:TrackPointExtension></extensions><extensions><gpxtpx:PowerExtension><gpxtpx:PowerInWatts>115</gpxtpx:PowerInWatts></gpxtpx:PowerExtension></extensions></trkpt>
<trkpt lat="38.5827911" lon="-121.4514600">
<ele>12</ele><time>2025-08-30T17:21:34.999Z</time><extensions><gpxtpx:TrackPointExtension><gpxtpx:hr>155</gpxtpx:hr><gpxtpx:cad>54</gpxtpx:cad></gpxtpx:TrackPointExtension></extensions><extensions><gpxtpx:PowerExtension><gpxtpx:PowerInWatts>102</gpxtpx:PowerInWatts></gpxtpx:PowerExtension></extensions></trkpt>
<trkpt lat="38.5827952" lon="-121.4513862">
<ele>11</ele><time>2025-08-30T17:21:39.999Z</time><extensions><gpxtpx:TrackPointExtension><gpxtpx:hr>152</gpxtpx:hr><gpxtpx:cad>55</gpxtpx:cad></gpxtpx:TrackPointExtension></extensions><extensions><gpxtpx:PowerExtension><gpxtpx:PowerInWatts>102</gpxtpx:PowerInWatts></gpxtpx:PowerExtension></extensions></trkpt>
<trkpt lat="38.5828133" lon="-121.4513200">
<ele>11</ele><time>2025-08-30T17:21:43.999Z</time><extensions><gpxtpx:TrackPointExtension><gpxtpx:hr>150</gpxtpx:hr><gpxtpx:cad>53</gpxtpx:cad></gpxtpx:TrackPointExtension></extensions><extensions><gpxtpx:PowerExtension><gpxtpx:PowerInWatts>92</gpxtpx:PowerInWatts></gpxtpx:PowerExtension></extensions></trkpt>
<trkpt lat="38.5827929" lon="-121.4512526">
<ele>11</ele><time>2025-08-30T17:21:47.999Z</time><extensions><gpxtpx:TrackPointExtension><gpxtpx:hr>148</gpxtpx:hr><gpxtpx:cad>46</gpxtpx:cad></gpxtpx:TrackPointExtension></extensions><extensions><gpxtpx:PowerExtension><gpxtpx:PowerInWatts>90</gpxtpx:PowerInWatts></gpxtpx:PowerExtension></extensions></trkpt>
<trkpt lat="38.5827713" lon="-121.4511847">
<ele>11</ele><time>2025-08-30T17:21:51.999Z</time><extensions><gpxtpx:TrackPointExtension><gpxtpx:hr>144</gpxtpx:hr><gpxtpx:cad>43</gpxtpx:cad></gpxtpx:TrackPointExtension></extensions><extensions><gpxtpx:PowerExtension><gpxtpx:PowerInWatts>94</gpxtpx:PowerInWatts></gpxtpx:PowerExtension></extensions></trkpt>
<trkpt lat="38.5827802" lon="-121.4511127">
<ele>11</ele><time>2025-08-30T17:21:55.999Z</time><extensions><gpxtpx:TrackPointExtension><gpxtpx:hr>140</gpxtpx:hr><gpxtpx:cad>44</gpxtpx:cad></gpxtpx:TrackPointExtension></extensions><extensions><gpxtpx:PowerExtension><gpxtpx:PowerInWatts>95</gpxtpx:PowerInWatts></gpxtpx:PowerExtension></extensions></trkpt>
<trkpt lat="38.5827812" lon="-121.4510414">
<ele>11</ele><time>2025-08-30T17:21:59.999Z</time><extensions><gpxtpx:TrackPointExtension><gpxtpx:hr>138</gpxtpx:hr><gpxtpx:cad>45</gpxtpx:cad></gpxtpx:TrackPointExtension></extensions><extensions><gpxtpx:PowerExtension><gpxtpx:PowerInWatts>95</gpxtpx:PowerInWatts></gpxtpx:PowerExtension></extensions></trkpt>
<trkpt lat="38.5827781" lon="-121.4509733">
<ele>11</ele><time>2025-08-30T17:22:03.999Z</time><extensions><gpxtpx:TrackPointExtension><gpxtpx:hr>137</gpxtpx:hr><gpxtpx:cad>45</gpxtpx:cad></gpxtpx:TrackPointExtension></extensions><extensions><gpxtpx:PowerExtension><gpxtpx:PowerInWatts>85</gpxtpx:PowerInWatts></gpxtpx:PowerExtension></extensions></trkpt>
<trkpt lat="38.5827599" lon="-121.4509085">
<ele>11</ele><time>2025-08-30T17:22:07.999Z</time><extensions><gpxtpx:TrackPointExtension><gpxtpx:hr>136</gpxtpx:hr><gpxtpx:cad>45</gpxtpx:cad></gpxtpx:TrackPointExtension></extensions><extensions><gpxtpx:PowerExtension><gpxtpx:PowerInWatts>97</gpxtpx:PowerInWatts></gpxtpx:PowerExtension></extensions></trkpt>
</trkseg><trkseg>
<trkpt lat="38.5827514" lon="-121.4509105">
<ele>11</ele><time>2025-08-30T17:22:58.000Z</time><extensions><gpxtpx:TrackPointExtension><gpxtpx:hr>133</gpxtpx:hr><gpxtpx:cad>48</gpxtpx:cad></gpxtpx:TrackPointExtension></extensions><extensions><gpxtpx:PowerExtension><gpxtpx:PowerInWatts>83</gpxtpx:PowerInWatts></gpxtpx:PowerExtension></extensions></trkpt>
<trkpt lat="38.5827477" lon="-121.4508527">
<ele>11</ele><time>2025-08-30T17:23:00.000Z</time><extensions><gpxtpx:TrackPointExtension><gpxtpx:hr>133</gpxtpx:hr><gpxtpx:cad>46</gpxtpx:cad></gpxtpx:TrackPointExtension></extensions><extensions><gpxtpx:PowerExtension><gpxtpx:PowerInWatts>83</gpxtpx:PowerInWatts></gpxtpx:PowerExtension></extensions></trkpt>
<trkpt lat="38.5827349" lon="-121.4507881">
<ele>11</ele><time>2025-08-30T17:23:04.000Z</time><extensions><gpxtpx:TrackPointExtension><gpxtpx:hr>131</gpxtpx:hr><gpxtpx:cad>47</gpxtpx:cad></gpxtpx:TrackPointExtension></extensions><extensions><gpxtpx:PowerExtension><gpxtpx:PowerInWatts>83</gpxtpx:PowerInWatts></gpxtpx:PowerExtension></extensions></trkpt>
<trkpt lat="38.5827218" lon="-121.4507175">
<ele>11</ele><time>2025-08-30T17:23:07.000Z</time><extensions><gpxtpx:TrackPointExtension><gpxtpx:hr>131</gpxtpx:hr><gpxtpx:cad>47</gpxtpx:cad></gpxtpx:TrackPointExtension></extensions><extensions><gpxtpx:PowerExtension><gpxtpx:PowerInWatts>83</gpxtpx:PowerInWatts></gpxtpx:PowerExtension></extensions></trkpt>
<trkpt lat="38.5826830" lon="-121.4506573">
<ele>11</ele><time>2025-08-30T17:23:10.000Z</time><extensions><gpxtpx:TrackPointExtension><gpxtpx:hr>129</gpxtpx:hr><gpxtpx:cad>50</gpxtpx:cad></gpxtpx:TrackPointExtension></extensions><extensions><gpxtpx:PowerExtension><gpxtpx:PowerInWatts>82</gpxtpx:PowerInWatts></gpxtpx:PowerExtension></extensions></trkpt>
<trkpt lat="38.5826415" lon="-121.4505851">
<ele>11</ele><time>2025-08-30T17:23:13.000Z</time><extensions><gpxtpx:TrackPointExtension><gpxtpx:hr>129</gpxtpx:hr><gpxtpx:cad>51</gpxtpx:cad></gpxtpx:TrackPointExtension></extensions><extensions><gpxtpx:PowerExtension><gpxtpx:PowerInWatts>87</gpxtpx:PowerInWatts></gpxtpx:PowerExtension></extensions></trkpt>
<trkpt lat="38.5826150" lon="-121.4505319">
<ele>11</ele><time>2025-08-30T17:23:14.000Z</time><extensions><gpxtpx:TrackPointExtension><gpxtpx:hr>130</gpxtpx:hr><gpxtpx:cad>51</gpxtpx:cad></gpxtpx:TrackPointExtension></extensions><extensions><gpxtpx:PowerExtension><gpxtpx:PowerInWatts>101</gpxtpx:PowerInWatts></gpxtpx:PowerExtension></extensions></trkpt>
<trkpt lat="38.5825843" lon="-121.4504583">
<ele>11</ele><time>2025-08-30T17:23:16.000Z</time><extensions><gpxtpx:TrackPointExtension><gpxtpx:hr>130</gpxtpx:hr><gpxtpx:cad>72</gpxtpx:cad></gpxtpx:TrackPointExtension></extensions><extensions><gpxtpx:PowerExtension><gpxtpx:PowerInWatts>101</gpxtpx:PowerInWatts></gpxtpx:PowerExtension></extensions></trkpt>
<trkpt lat="38.5825680" lon="-121.4503831">
<ele>11</ele><time>2025-08-30T17:23:18.000Z</time><extensions><gpxtpx:TrackPointExtension><gpxtpx:hr>131</gpxtpx:hr><gpxtpx:cad>73</gpxtpx:cad></gpxtpx:TrackPointExtension></extensions><extensions><gpxtpx:PowerExtension><gpxtpx:PowerInWatts>217</gpxtpx:PowerInWatts></gpxtpx:PowerExtension></extensions></trkpt>
<trkpt lat="38.5825742" lon="-121.4503235">
<ele>11</ele><time>2025-08-30T17:23:20.000Z</time><extensions><gpxtpx:TrackPointExtension><gpxtpx:hr>132</gpxtpx:hr><gpxtpx:cad>78</gpxtpx:cad></gpxtpx:TrackPointExtension></extensions><extensions><gpxtpx:PowerExtension><gpxtpx:PowerInWatts>237</gpxtpx:PowerInWatts></gpxtpx:PowerExtension></extensions></trkpt>
<trkpt lat="38.5825461" lon="-121.4502474">
<ele>11</ele><time>2025-08-30T17:23:22.000Z</time><extensions><gpxtpx:TrackPointExtension><gpxtpx:hr>133</gpxtpx:hr><gpxtpx:cad>83</gpxtpx:cad></gpxtpx:TrackPointExtension></extensions><extensions><gpxtpx:PowerExtension><gpxtpx:PowerInWatts>233</gpxtpx:PowerInWatts></gpxtpx:PowerExtension></extensions></trkpt>
<trkpt lat="38.5825253" lon="-121.4501787">
<ele>11</ele><time>2025-08-30T17:23:24.000Z</time><extensions><gpxtpx:TrackPointExtension><gpxtpx:hr>135</gpxtpx:hr><gpxtpx:cad>81</gpxtpx:cad></gpxtpx:TrackPointExtension></extensions><extensions><gpxtpx:PowerExtension><gpxtpx:PowerInWatts>233</gpxtpx:PowerInWatts></gpxtpx:PowerExtension></extensions></trkpt>
<trkpt lat="38.5825054" lon="-121.4501174">
<ele>11</ele><time>2025-08-30T17:23:26.000Z</time><extensions><gpxtpx:TrackPointExtension><gpxtpx:hr>136</gpxtpx:hr><gpxtpx:cad>83</gpxtpx:cad></gpxtpx:TrackPointExtension></extensions><extensions><gpxtpx:PowerExtension><gpxtpx:PowerInWatts>233</gpxtpx:PowerInWatts></gpxtpx:PowerExtension></extensions></trkpt>
<trkpt lat="38.5824803" lon="-121.4500506">
<ele>11</ele><time>2025-08-30T17:23:28.000Z</time><extensions><gpxtpx:TrackPointExtension><gpxtpx:hr>137</gpxtpx:hr><gpxtpx:cad>80</gpxtpx:cad></gpxtpx:TrackPointExtension></extensions><extensions><gpxtpx:PowerExtension><gpxtpx:PowerInWatts>235</gpxtpx:PowerInWatts></gpxtpx:PowerExtension></extensions></trkpt>
<trkpt lat="38.5824557" lon="-121.4499839">
<ele>11</ele><time>2025-08-30T17:23:30.000Z</time><extensions><gpxtpx:TrackPointExtension><gpxtpx:hr>139</gpxtpx:hr><gpxtpx:cad>76</gpxtpx:cad></gpxtpx:TrackPointExtension></extensions><extensions><gpxtpx:PowerExtension><gpxtpx:PowerInWatts>239</gpxtpx:PowerInWatts></gpxtpx:PowerExtension></extensions></trkpt>
<trkpt lat="38.5824402" lon="-121.4499216">
<ele>11</ele><time>2025-08-30T17:23:32.000Z</time><extensions><gpxtpx:TrackPointExtension><gpxtpx:hr>139</gpxtpx:hr><gpxtpx:cad>79</gpxtpx:cad></gpxtpx:TrackPointExtension></extensions><extensions><gpxtpx:PowerExtension><gpxtpx:PowerInWatts>239</gpxtpx:PowerInWatts></gpxtpx:PowerExtension></extensions></trkpt>
<trkpt lat="38.5824190" lon="-121.4498627">
<ele>11</ele><time>2025-08-30T17:23:34.000Z</time><extensions><gpxtpx:TrackPointExtension><gpxtpx:hr>141</gpxtpx:hr><gpxtpx:cad>82</gpxtpx:cad></gpxtpx:TrackPointExtension></extensions><extensions><gpxtpx:PowerExtension><gpxtpx:PowerInWatts>239</gpxtpx:PowerInWatts></gpxtpx:PowerExtension></extensions></trkpt>
<trkpt lat="38.5824045" lon="-121.4498022">
<ele>11</ele><time>2025-08-30T17:23:36.000Z</time><extensions><gpxtpx:TrackPointExtension><gpxtpx:hr>142</gpxtpx:hr><gpxtpx:cad>81</gpxtpx:cad></gpxtpx:TrackPointExtension></extensions><extensions><gpxtpx:PowerExtension><gpxtpx:PowerInWatts>239</gpxtpx:PowerInWatts></gpxtpx:PowerExtension></extensions></trkpt>
<trkpt lat="38.5823744" lon="-121.4497467">
<ele>11</ele><time>2025-08-30T17:23:38.000Z</time><extensions><gpxtpx:TrackPointExtension><gpxtpx:hr>142</gpxtpx:hr><gpxtpx:cad>80</gpxtpx:cad></gpxtpx:TrackPointExtension></extensions><extensions><gpxtpx:PowerExtension><gpxtpx:PowerInWatts>229</gpxtpx:PowerInWatts></gpxtpx:PowerExtension></extensions></trkpt>
<trkpt lat="38.5823249" lon="-121.4497117">
<ele>11</ele><time>2025-08-30T17:23:40.000Z</time><extensions><gpxtpx:TrackPointExtension><gpxtpx:hr>143</gpxtpx:hr><gpxtpx:cad>80</gpxtpx:cad></gpxtpx:TrackPointExtension></extensions><extensions><gpxtpx:PowerExtension><gpxtpx:PowerInWatts>229</gpxtpx:PowerInWatts></gpxtpx:PowerExtension></extensions></trkpt>
<trkpt lat="38.5822868" lon="-121.4496738">
<ele>11</ele><time>2025-08-30T17:23:42.000Z</time><extensions><gpxtpx:TrackPointExtension><gpxtpx:hr>142</gpxtpx:hr><gpxtpx:cad>78</gpxtpx:cad></gpxtpx:TrackPointExtension></extensions><extensions><gpxtpx:PowerExtension><gpxtpx:PowerInWatts>229</gpxtpx:PowerInWatts></gpxtpx:PowerExtension></extensions></trkpt>
<trkpt lat="38.5822464" lon="-121.4496349">
<ele>11</ele><time>2025-08-30T17:23:44.000Z</time><extensions><gpxtpx:TrackPointExtension><gpxtpx:hr>142</gpxtpx:hr><gpxtpx:cad>76</gpxtpx:cad></gpxtpx:TrackPointExtension></extensions><extensions><gpxtpx:PowerExtension><gpxtpx:PowerInWatts>231</gpxtpx:PowerInWatts></gpxtpx:PowerExtension></extensions></trkpt>
<trkpt lat="38.5822169" lon="-121.4495872">
<ele>11</ele><time>2025-08-30T17:23:46.000Z</time><extensions><gpxtpx:TrackPointExtension><gpxtpx:hr>142</gpxtpx:hr><gpxtpx:cad>74</gpxtpx:cad></gpxtpx:TrackPointExtension></extensions><extensions><gpxtpx:PowerExtension><gpxtpx:PowerInWatts>231</gpxtpx:PowerInWatts></gpxtpx:PowerExtension></extensions></trkpt>
<trkpt lat="38.5821870" lon="-121.4495211">
<ele>11</ele><time>2025-08-30T17:23:48.000Z</time><extensions><gpxtpx:TrackPointExtension><gpxtpx:hr>142</gpxtpx:hr><gpxtpx:cad>81</gpxtpx:cad></gpxtpx:TrackPointExtension></extensions><extensions><gpxtpx:PowerExtension><gpxtpx:PowerInWatts>228</gpxtpx:PowerInWatts></gpxtpx:PowerExtension></extensions></trkpt>
<trkpt lat="38.5821750" lon="-121.4494653">
<ele>11</ele><time>2025-08-30T17:23:50.000Z</time><extensions><gpxtpx:TrackPointExtension><gpxtpx:hr>142</gpxtpx:hr><gpxtpx:cad>78</gpxtpx:cad></gpxtpx:TrackPointExtension></extensions><extensions><gpxtpx:PowerExtension><gpxtpx:PowerInWatts>227</gpxtpx:PowerInWatts></gpxtpx:PowerExtension></extensions></trkpt>
<trkpt lat="38.5821489" lon="-121.4494001">
<ele>11</ele><time>2025-08-30T17:23:52.000Z</time><extensions><gpxtpx:TrackPointExtension><gpxtpx:hr>143</gpxtpx:hr><gpxtpx:cad>80</gpxtpx:cad></gpxtpx:TrackPointExtension></extensions><extensions><gpxtpx:PowerExtension><gpxtpx:PowerInWatts>227</gpxtpx:PowerInWatts></gpxtpx:PowerExtension></extensions></trkpt>
<trkpt lat="38.5821406" lon="-121.4493413">
<ele>11</ele><time>2025-08-30T17:23:54.000Z</time><extensions><gpxtpx:TrackPointExtension><gpxtpx:hr>144</gpxtpx:hr><gpxtpx:cad>81</gpxtpx:cad></gpxtpx:TrackPointExtension></extensions><extensions><gpxtpx:PowerExtension><gpxtpx:PowerInWatts>227</gpxtpx:PowerInWatts></gpxtpx:PowerExtension></extensions></trkpt>
<trkpt lat="38.5821313" lon="-121.4492667">
<ele>11</ele><time>2025-08-30T17:23:56.000Z</time><extensions><gpxtpx:TrackPointExtension><gpxtpx:hr>146</gpxtpx:hr><gpxtpx:cad>77</gpxtpx:cad></gpxtpx:TrackPointExtension></extensions><extensions><gpxtpx:PowerExtension><gpxtpx:PowerInWatts>227</gpxtpx:PowerInWatts></gpxtpx:PowerExtension></extensions></trkpt>
<trkpt lat="38.5821167" lon="-121.4491866">
<ele>11</ele><time>2025-08-30T17:23:59.000Z</time><extensions><gpxtpx:TrackPointExtension><gpxtpx:hr>147</gpxtpx:hr><gpxtpx:cad>76</gpxtpx:cad></gpxtpx:TrackPointExtension></extensions><extensions><gpxtpx:PowerExtension><gpxtpx:PowerInWatts>224</gpxtpx:PowerInWatts></gpxtpx:PowerExtension></extensions></trkpt>
<trkpt lat="38.5820976" lon="-121.4491089">
<ele>11</ele><time>2025-08-30T17:24:02.000Z</time><extensions><gpxtpx:TrackPointExtension><gpxtpx:hr>149</gpxtpx:hr><gpxtpx:cad>77</gpxtpx:cad></gpxtpx:TrackPointExtension></extensions><extensions><gpxtpx:PowerExtension><gpxtpx:PowerInWatts>220</gpxtpx:PowerInWatts></gpxtpx:PowerExtension></extensions></trkpt>
<trkpt lat="38.5820955" lon="-121.4490375">
<ele>11</ele><time>2025-08-30T17:24:04.000Z</time><extensions><gpxtpx:TrackPointExtension><gpxtpx:hr>149</gpxtpx:hr><gpxtpx:cad>77</gpxtpx:cad></gpxtpx:TrackPointExtension></extensions><extensions><gpxtpx:PowerExtension><gpxtpx:PowerInWatts>217</gpxtpx:PowerInWatts></gpxtpx:PowerExtension></extensions></trkpt>
<trkpt lat="38.5820802" lon="-121.4489662">
<ele>11</ele><time>2025-08-30T17:24:06.000Z</time><extensions><gpxtpx:TrackPointExtension><gpxtpx:hr>150</gpxtpx:hr><gpxtpx:cad>77</gpxtpx:cad></gpxtpx:TrackPointExtension></extensions><extensions><gpxtpx:PowerExtension><gpxtpx:PowerInWatts>195</gpxtpx:PowerInWatts></gpxtpx:PowerExtension></extensions></trkpt>
<trkpt lat="38.5820763" lon="-121.4489005">
<ele>11</ele><time>2025-08-30T17:24:08.000Z</time><extensions><gpxtpx:TrackPointExtension><gpxtpx:hr>151</gpxtpx:hr><gpxtpx:cad>76</gpxtpx:cad></gpxtpx:TrackPointExtension></extensions><extensions><gpxtpx:PowerExtension><gpxtpx:PowerInWatts>195</gpxtpx:PowerInWatts></gpxtpx:PowerExtension></extensions></trkpt>
<trkpt lat="38.5820598" lon="-121.4488433">
<ele>11</ele><time>2025-08-30T17:24:10.000Z</time><extensions><gpxtpx:TrackPointExtension><gpxtpx:hr>153</gpxtpx:hr><gpxtpx:cad>78</gpxtpx:cad></gpxtpx:TrackPointExtension></extensions><extensions><gpxtpx:PowerExtension><gpxtpx:PowerInWatts>212</gpxtpx:PowerInWatts></gpxtpx:PowerExtension></extensions></trkpt>
<trkpt lat="38.5820512" lon="-121.4487756">
<ele>11</ele><time>2025-08-30T17:24:12.000Z</time><extensions><gpxtpx:TrackPointExtension><gpxtpx:hr>154</gpxtpx:hr><gpxtpx:cad>81</gpxtpx:cad></gpxtpx:TrackPointExtension></extensions><extensions><gpxtpx:PowerExtension><gpxtpx:PowerInWatts>212</gpxtpx:PowerInWatts></gpxtpx:PowerExtension></extensions></trkpt>
<trkpt lat="38.5820365" lon="-121.4487157">
<ele>11</ele><time>2025-08-30T17:24:14.000Z</time><extensions><gpxtpx:TrackPointExtension><gpxtpx:hr>154</gpxtpx:hr><gpxtpx:cad>81</gpxtpx:cad></gpxtpx:TrackPointExtension></extensions><extensions><gpxtpx:PowerExtension><gpxtpx:PowerInWatts>212</gpxtpx:PowerInWatts></gpxtpx:PowerExtension></extensions></trkpt>
<trkpt lat="38.5820150" lon="-121.4486334">
<ele>11</ele><time>2025-08-30T17:24:17.000Z</time><extensions><gpxtpx:TrackPointExtension><gpxtpx:hr>154</gpxtpx:hr><gpxtpx:cad>81</gpxtpx:cad></gpxtpx:TrackPointExtension></extensions><extensions><gpxtpx:PowerExtension><gpxtpx:PowerInWatts>221</gpxtpx:PowerInWatts></gpxtpx:PowerExtension></extensions></trkpt>
<trkpt lat="38.5820203" lon="-121.4485751">
<ele>11</ele><time>2025-08-30T17:24:19.000Z</time><extensions><gpxtpx:TrackPointExtension><gpxtpx:hr>155</gpxtpx:hr><gpxtpx:cad>75</gpxtpx:cad></gpxtpx:TrackPointExtension></extensions><extensions><gpxtpx:PowerExtension><gpxtpx:PowerInWatts>221</gpxtpx:PowerInWatts></gpxtpx:PowerExtension></extensions></trkpt>
<trkpt lat="38.5820371" lon="-121.4485182">
<ele>11</ele><time>2025-08-30T17:24:21.000Z</time><extensions><gpxtpx:TrackPointExtension><gpxtpx:hr>156</gpxtpx:hr><gpxtpx:cad>78</gpxtpx:cad></gpxtpx:TrackPointExtension></extensions><extensions><gpxtpx:PowerExtension><gpxtpx:PowerInWatts>218</gpxtpx:PowerInWatts></gpxtpx:PowerExtension></extensions></trkpt>
<trkpt lat="38.5820338" lon="-121.4484314">
<ele>11</ele><time>2025-08-30T17:24:24.000Z</time><extensions><gpxtpx:TrackPointExtension><gpxtpx:hr>157</gpxtpx:hr><gpxtpx:cad>81</gpxtpx:cad></gpxtpx:TrackPointExtension></extensions><extensions><gpxtpx:PowerExtension><gpxtpx:PowerInWatts>216</gpxtpx:PowerInWatts></gpxtpx:PowerExtension></extensions></trkpt>
<trkpt lat="38.5820562" lon="-121.4483749">
<ele>11</ele><time>2025-08-30T17:24:26.000Z</time><extensions><gpxtpx:TrackPointExtension><gpxtpx:hr>156</gpxtpx:hr><gpxtpx:cad>77</gpxtpx:cad></gpxtpx:TrackPointExtension></extensions><extensions><gpxtpx:PowerExtension><gpxtpx:PowerInWatts>211</gpxtpx:PowerInWatts></gpxtpx:PowerExtension></extensions></trkpt>
<trkpt lat="38.5820610" lon="-121.4483177">
<ele>11</ele><time>2025-08-30T17:24:28.000Z</time><extensions><gpxtpx:TrackPointExtension><gpxtpx:hr>155</gpxtpx:hr><gpxtpx:cad>78</gpxtpx:cad></gpxtpx:TrackPointExtension></extensions><extensions><gpxtpx:PowerExtension><gpxtpx:PowerInWatts>211</gpxtpx:PowerInWatts></gpxtpx:PowerExtension></extensions></trkpt>
<trkpt lat="38.5820744" lon="-121.4482537">
<ele>11</ele><time>2025-08-30T17:24:30.000Z</time><extensions><gpxtpx:TrackPointExtension><gpxtpx:hr>155</gpxtpx:hr><gpxtpx:cad>79</gpxtpx:cad></gpxtpx:TrackPointExtension></extensions><extensions><gpxtpx:PowerExtension><gpxtpx:PowerInWatts>211</gpxtpx:PowerInWatts></gpxtpx:PowerExtension></extensions></trkpt>
<trkpt lat="38.5820949" lon="-121.4481900">
<ele>11</ele><time>2025-08-30T17:24:32.000Z</time><extensions><gpxtpx:TrackPointExtension><gpxtpx:hr>155</gpxtpx:hr><gpxtpx:cad>82</gpxtpx:cad></gpxtpx:TrackPointExtension></extensions><extensions><gpxtpx:PowerExtension><gpxtpx:PowerInWatts>208</gpxtpx:PowerInWatts></gpxtpx:PowerExtension></extensions></trkpt>
<trkpt lat="38.5820736" lon="-121.4481192">
<ele>11</ele><time>2025-08-30T17:24:34.000Z</time><extensions><gpxtpx:TrackPointExtension><gpxtpx:hr>155</gpxtpx:hr><gpxtpx:cad>83</gpxtpx:cad></gpxtpx:TrackPointExtension></extensions><extensions><gpxtpx:PowerExtension><gpxtpx:PowerInWatts>208</gpxtpx:PowerInWatts></gpxtpx:PowerExtension></extensions></trkpt>
<trkpt lat="38.5819932" lon="-121.4480929">
<ele>11</ele><time>2025-08-30T17:24:36.000Z</time><extensions><gpxtpx:TrackPointExtension><gpxtpx:hr>156</gpxtpx:hr><gpxtpx:cad>79</gpxtpx:cad></gpxtpx:TrackPointExtension></extensions><extensions><gpxtpx:PowerExtension><gpxtpx:PowerInWatts>209</gpxtpx:PowerInWatts></gpxtpx:PowerExtension></extensions></trkpt>
<trkpt lat="38.5819301" lon="-121.4480810">
<ele>11</ele><time>2025-08-30T17:24:38.000Z</time><extensions><gpxtpx:TrackPointExtension><gpxtpx:hr>156</gpxtpx:hr><gpxtpx:cad>79</gpxtpx:cad></gpxtpx:TrackPointExtension></extensions><extensions><gpxtpx:PowerExtension><gpxtpx:PowerInWatts>209</gpxtpx:PowerInWatts></gpxtpx:PowerExtension></extensions></trkpt>
<trkpt lat="38.5818687" lon="-121.4480993">
<ele>11</ele><time>2025-08-30T17:24:40.000Z</time><extensions><gpxtpx:TrackPointExtension><gpxtpx:hr>156</gpxtpx:hr><gpxtpx:cad>77</gpxtpx:cad></gpxtpx:TrackPointExtension></extensions><extensions><gpxtpx:PowerExtension><gpxtpx:PowerInWatts>209</gpxtpx:PowerInWatts></gpxtpx:PowerExtension></extensions></trkpt>
<trkpt lat="38.5818231" lon="-121.4481181">
<ele>11</ele><time>2025-08-30T17:24:42.000Z</time><extensions><gpxtpx:TrackPointExtension><gpxtpx:hr>157</gpxtpx:hr><gpxtpx:cad>75</gpxtpx:cad></gpxtpx:TrackPointExtension></extensions><extensions><gpxtpx:PowerExtension><gpxtpx:PowerInWatts>213</gpxtpx:PowerInWatts></gpxtpx:PowerExtension></extensions></trkpt>
<trkpt lat="38.5817707" lon="-121.4481472">
<ele>11</ele><time>2025-08-30T17:24:44.000Z</time><extensions><gpxtpx:TrackPointExtension><gpxtpx:hr>157</gpxtpx:hr><gpxtpx:cad>80</gpxtpx:cad></gpxtpx:TrackPointExtension></extensions><extensions><gpxtpx:PowerExtension><gpxtpx:PowerInWatts>217</gpxtpx:PowerInWatts></gpxtpx:PowerExtension></extensions></trkpt>
<trkpt lat="38.5817261" lon="-121.4481827">
<ele>11</ele><time>2025-08-30T17:24:46.000Z</time><extensions><gpxtpx:TrackPointExtension><gpxtpx:hr>157</gpxtpx:hr><gpxtpx:cad>80</gpxtpx:cad></gpxtpx:TrackPointExtension></extensions><extensions><gpxtpx:PowerExtension><gpxtpx:PowerInWatts>220</gpxtpx:PowerInWatts></gpxtpx:PowerExtension></extensions></trkpt>
<trkpt lat="38.5816586" lon="-121.4482084">
<ele>11</ele><time>2025-08-30T17:24:49.000Z</time><extensions><gpxtpx:TrackPointExtension><gpxtpx:hr>157</gpxtpx:hr><gpxtpx:cad>81</gpxtpx:cad></gpxtpx:TrackPointExtension></extensions><extensions><gpxtpx:PowerExtension><gpxtpx:PowerInWatts>218</gpxtpx:PowerInWatts></gpxtpx:PowerExtension></extensions></trkpt>
<trkpt lat="38.5816108" lon="-121.4482399">
<ele>11</ele><time>2025-08-30T17:24:51.000Z</time><extensions><gpxtpx:TrackPointExtension><gpxtpx:hr>157</gpxtpx:hr><gpxtpx:cad>76</gpxtpx:cad></gpxtpx:TrackPointExtension></extensions><extensions><gpxtpx:PowerExtension><gpxtpx:PowerInWatts>218</gpxtpx:PowerInWatts></gpxtpx:PowerExtension></extensions></trkpt>
<trkpt lat="38.5815673" lon="-121.4482847">
<ele>11</ele><time>2025-08-30T17:24:53.000Z</time><extensions><gpxtpx:TrackPointExtension><gpxtpx:hr>157</gpxtpx:hr><gpxtpx:cad>75</gpxtpx:cad></gpxtpx:TrackPointExtension></extensions><extensions><gpxtpx:PowerExtension><gpxtpx:PowerInWatts>218</gpxtpx:PowerInWatts></gpxtpx:PowerExtension></extensions></trkpt>
<trkpt lat="38.5815174" lon="-121.4483021">
<ele>11</ele><time>2025-08-30T17:24:55.000Z</time><extensions><gpxtpx:TrackPointExtension><gpxtpx:hr>157</gpxtpx:hr><gpxtpx:cad>79</gpxtpx:cad></gpxtpx:TrackPointExtension></extensions><extensions><gpxtpx:PowerExtension><gpxtpx:PowerInWatts>213</gpxtpx:PowerInWatts></gpxtpx:PowerExtension></extensions></trkpt>
<trkpt lat="38.5814584" lon="-121.4483471">
<ele>11</ele><time>2025-08-30T17:24:58.000Z</time><extensions><gpxtpx:TrackPointExtension><gpxtpx:hr>158</gpxtpx:hr><gpxtpx:cad>82</gpxtpx:cad></gpxtpx:TrackPointExtension></extensions><extensions><gpxtpx:PowerExtension><gpxtpx:PowerInWatts>216</gpxtpx:PowerInWatts></gpxtpx:PowerExtension></extensions></trkpt>
<trkpt lat="38.5814177" lon="-121.4483755">
<ele>11</ele><time>2025-08-30T17:25:00.000Z</time><extensions><gpxtpx:TrackPointExtension><gpxtpx:hr>158</gpxtpx:hr><gpxtpx:cad>83</gpxtpx:cad></gpxtpx:TrackPointExtension></extensions><extensions><gpxtpx:PowerExtension><gpxtpx:PowerInWatts>218</gpxtpx:PowerInWatts></gpxtpx:PowerExtension></extensions></trkpt>
<trkpt lat="38.5813685" lon="-121.4484172">
<ele>11</ele><time>2025-08-30T17:25:02.000Z</time><extensions><gpxtpx:TrackPointExtension><gpxtpx:hr>158</gpxtpx:hr><gpxtpx:cad>80</gpxtpx:cad></gpxtpx:TrackPointExtension></extensions><extensions><gpxtpx:PowerExtension><gpxtpx:PowerInWatts>217</gpxtpx:PowerInWatts></gpxtpx:PowerExtension></extensions></trkpt>
<trkpt lat="38.5813211" lon="-121.4484499">
<ele>11</ele><time>2025-08-30T17:25:04.000Z</time><extensions><gpxtpx:TrackPointExtension><gpxtpx:hr>158</gpxtpx:hr><gpxtpx:cad>81</gpxtpx:cad></gpxtpx:TrackPointExtension></extensions><extensions><gpxtpx:PowerExtension><gpxtpx:PowerInWatts>214</gpxtpx:PowerInWatts></gpxtpx:PowerExtension></extensions></trkpt>
<trkpt lat="38.5812733" lon="-121.4484788">
<ele>11</ele><time>2025-08-30T17:25:06.000Z</time><extensions><gpxtpx:TrackPointExtension><gpxtpx:hr>157</gpxtpx:hr><gpxtpx:cad>79</gpxtpx:cad></gpxtpx:TrackPointExtension></extensions><extensions><gpxtpx:PowerExtension><gpxtpx:PowerInWatts>214</gpxtpx:PowerInWatts></gpxtpx:PowerExtension></extensions></trkpt>
<trkpt lat="38.5812318" lon="-121.4485088">
<ele>11</ele><time>2025-08-30T17:25:08.000Z</time><extensions><gpxtpx:TrackPointExtension><gpxtpx:hr>157</gpxtpx:hr><gpxtpx:cad>83</gpxtpx:cad></gpxtpx:TrackPointExtension></extensions><extensions><gpxtpx:PowerExtension><gpxtpx:PowerInWatts>215</gpxtpx:PowerInWatts></gpxtpx:PowerExtension></extensions></trkpt>
<trkpt lat="38.5811899" lon="-121.4485351">
<ele>11</ele><time>2025-08-30T17:25:10.000Z</time><extensions><gpxtpx:TrackPointExtension><gpxtpx:hr>156</gpxtpx:hr><gpxtpx:cad>82</gpxtpx:cad></gpxtpx:TrackPointExtension></extensions><extensions><gpxtpx:PowerExtension><gpxtpx:PowerInWatts>215</gpxtpx:PowerInWatts></gpxtpx:PowerExtension></extensions></trkpt>
<trkpt lat="38.5811519" lon="-121.4485843">
<ele>11</ele><time>2025-08-30T17:25:12.000Z</time><extensions><gpxtpx:TrackPointExtension><gpxtpx:hr>156</gpxtpx:hr><gpxtpx:cad>82</gpxtpx:cad></gpxtpx:TrackPointExtension></extensions><extensions><gpxtpx:PowerExtension><gpxtpx:PowerInWatts>214</gpxtpx:PowerInWatts></gpxtpx:PowerExtension></extensions></trkpt>
<trkpt lat="38.5811135" lon="-121.4486256">
<ele>11</ele><time>2025-08-30T17:25:14.000Z</time><extensions><gpxtpx:TrackPointExtension><gpxtpx:hr>156</gpxtpx:hr><gpxtpx:cad>82</gpxtpx:cad></gpxtpx:TrackPointExtension></extensions><extensions><gpxtpx:PowerExtension><gpxtpx:PowerInWatts>214</gpxtpx:PowerInWatts></gpxtpx:PowerExtension></extensions></trkpt>
<trkpt lat="38.5810768" lon="-121.4486766">
<ele>11</ele><time>2025-08-30T17:25:16.000Z</time><extensions><gpxtpx:TrackPointExtension><gpxtpx:hr>156</gpxtpx:hr><gpxtpx:cad>82</gpxtpx:cad></gpxtpx:TrackPointExtension></extensions><extensions><gpxtpx:PowerExtension><gpxtpx:PowerInWatts>214</gpxtpx:PowerInWatts></gpxtpx:PowerExtension></extensions></trkpt>
<trkpt lat="38.5810289" lon="-121.4487306">
<ele>11</ele><time>2025-08-30T17:25:19.000Z</time><extensions><gpxtpx:TrackPointExtension><gpxtpx:hr>156</gpxtpx:hr><gpxtpx:cad>80</gpxtpx:cad></gpxtpx:TrackPointExtension></extensions><extensions><gpxtpx:PowerExtension><gpxtpx:PowerInWatts>211</gpxtpx:PowerInWatts></gpxtpx:PowerExtension></extensions></trkpt>
<trkpt lat="38.5809701" lon="-121.4487574">
<ele>11</ele><time>2025-08-30T17:25:22.000Z</time><extensions><gpxtpx:TrackPointExtension><gpxtpx:hr>155</gpxtpx:hr><gpxtpx:cad>80</gpxtpx:cad></gpxtpx:TrackPointExtension></extensions><extensions><gpxtpx:PowerExtension><gpxtpx:PowerInWatts>212</gpxtpx:PowerInWatts></gpxtpx:PowerExtension></extensions></trkpt>
<trkpt lat="38.5809221" lon="-121.4487941">
<ele>11</ele><time>2025-08-30T17:25:24.000Z</time><extensions><gpxtpx:TrackPointExtension><gpxtpx:hr>155</gpxtpx:hr><gpxtpx:cad>82</gpxtpx:cad></gpxtpx:TrackPointExtension></extensions><extensions><gpxtpx:PowerExtension><gpxtpx:PowerInWatts>212</gpxtpx:PowerInWatts></gpxtpx:PowerExtension></extensions></trkpt>
<trkpt lat="38.5808744" lon="-121.4488456">
<ele>11</ele><time>2025-08-30T17:25:26.000Z</time><extensions><gpxtpx:TrackPointExtension><gpxtpx:hr>155</gpxtpx:hr><gpxtpx:cad>79</gpxtpx:cad></gpxtpx:TrackPointExtension></extensions><extensions><gpxtpx:PowerExtension><gpxtpx:PowerInWatts>212</gpxtpx:PowerInWatts></gpxtpx:PowerExtension></extensions></trkpt>
<trkpt lat="38.5808367" lon="-121.4489049">
<ele>11</ele><time>2025-08-30T17:25:28.000Z</time><extensions><gpxtpx:TrackPointExtension><gpxtpx:hr>155</gpxtpx:hr><gpxtpx:cad>79</gpxtpx:cad></gpxtpx:TrackPointExtension></extensions><extensions><gpxtpx:PowerExtension><gpxtpx:PowerInWatts>212</gpxtpx:PowerInWatts></gpxtpx:PowerExtension></extensions></trkpt>
<trkpt lat="38.5808004" lon="-121.4489638">
<ele>11</ele><time>2025-08-30T17:25:30.000Z</time><extensions><gpxtpx:TrackPointExtension><gpxtpx:hr>155</gpxtpx:hr><gpxtpx:cad>78</gpxtpx:cad></gpxtpx:TrackPointExtension></extensions><extensions><gpxtpx:PowerExtension><gpxtpx:PowerInWatts>210</gpxtpx:PowerInWatts></gpxtpx:PowerExtension></extensions></trkpt>
<trkpt lat="38.5807505" lon="-121.4490144">
<ele>11</ele><time>2025-08-30T17:25:32.000Z</time><extensions><gpxtpx:TrackPointExtension><gpxtpx:hr>156</gpxtpx:hr><gpxtpx:cad>80</gpxtpx:cad></gpxtpx:TrackPointExtension></extensions><extensions><gpxtpx:PowerExtension><gpxtpx:PowerInWatts>210</gpxtpx:PowerInWatts></gpxtpx:PowerExtension></extensions></trkpt>
<trkpt lat="38.5807211" lon="-121.4490635">
<ele>11</ele><time>2025-08-30T17:25:34.000Z</time><extensions><gpxtpx:TrackPointExtension><gpxtpx:hr>156</gpxtpx:hr><gpxtpx:cad>79</gpxtpx:cad></gpxtpx:TrackPointExtension></extensions><extensions><gpxtpx:PowerExtension><gpxtpx:PowerInWatts>216</gpxtpx:PowerInWatts></gpxtpx:PowerExtension></extensions></trkpt>
<trkpt lat="38.5806855" lon="-121.4491299">
<ele>11</ele><time>2025-08-30T17:25:37.000Z</time><extensions><gpxtpx:TrackPointExtension><gpxtpx:hr>155</gpxtpx:hr><gpxtpx:cad>77</gpxtpx:cad></gpxtpx:TrackPointExtension></extensions><extensions><gpxtpx:PowerExtension><gpxtpx:PowerInWatts>216</gpxtpx:PowerInWatts></gpxtpx:PowerExtension></extensions></trkpt>
<trkpt lat="38.5806585" lon="-121.4491785">
<ele>11</ele><time>2025-08-30T17:25:39.000Z</time><extensions><gpxtpx:TrackPointExtension><gpxtpx:hr>155</gpxtpx:hr><gpxtpx:cad>75</gpxtpx:cad></gpxtpx:TrackPointExtension></extensions><extensions><gpxtpx:PowerExtension><gpxtpx:PowerInWatts>223</gpxtpx:PowerInWatts></gpxtpx:PowerExtension></extensions></trkpt>
<trkpt lat="38.5806258" lon="-121.4492346">
<ele>11</ele><time>2025-08-30T17:25:41.000Z</time><extensions><gpxtpx:TrackPointExtension><gpxtpx:hr>155</gpxtpx:hr><gpxtpx:cad>79</gpxtpx:cad></gpxtpx:TrackPointExtension></extensions><extensions><gpxtpx:PowerExtension><gpxtpx:PowerInWatts>222</gpxtpx:PowerInWatts></gpxtpx:PowerExtension></extensions></trkpt>
<trkpt lat="38.5806410" lon="-121.4493265">
<ele>11</ele><time>2025-08-30T17:25:43.000Z</time><extensions><gpxtpx:TrackPointExtension><gpxtpx:hr>155</gpxtpx:hr><gpxtpx:cad>82</gpxtpx:cad></gpxtpx:TrackPointExtension></extensions><extensions><gpxtpx:PowerExtension><gpxtpx:PowerInWatts>216</gpxtpx:PowerInWatts></gpxtpx:PowerExtension></extensions></trkpt>
<trkpt lat="38.5806828" lon="-121.4493938">
<ele>11</ele><time>2025-08-30T17:25:45.000Z</time><extensions><gpxtpx:TrackPointExtension><gpxtpx:hr>156</gpxtpx:hr><gpxtpx:cad>79</gpxtpx:cad></gpxtpx:TrackPointExtension></extensions><extensions><gpxtpx:PowerExtension><gpxtpx:PowerInWatts>216</gpxtpx:PowerInWatts></gpxtpx:PowerExtension></extensions></trkpt>
<trkpt lat="38.5807235" lon="-121.4494665">
<ele>11</ele><time>2025-08-30T17:25:47.000Z</time><extensions><gpxtpx:TrackPointExtension><gpxtpx:hr>157</gpxtpx:hr><gpxtpx:cad>76</gpxtpx:cad></gpxtpx:TrackPointExtension></extensions><extensions><gpxtpx:PowerExtension><gpxtpx:PowerInWatts>216</gpxtpx:PowerInWatts></gpxtpx:PowerExtension></extensions></trkpt>
<trkpt lat="38.5807402" lon="-121.4495398">
<ele>11</ele><time>2025-08-30T17:25:49.000Z</time><extensions><gpxtpx:TrackPointExtension><gpxtpx:hr>157</gpxtpx:hr><gpxtpx:cad>78</gpxtpx:cad></gpxtpx:TrackPointExtension></extensions><extensions><gpxtpx:PowerExtension><gpxtpx:PowerInWatts>219</gpxtpx:PowerInWatts></gpxtpx:PowerExtension></extensions></trkpt>
<trkpt lat="38.5807576" lon="-121.4496123">
<ele>11</ele><time>2025-08-30T17:25:51.000Z</time><extensions><gpxtpx:TrackPointExtension><gpxtpx:hr>157</gpxtpx:hr><gpxtpx:cad>79</gpxtpx:cad></gpxtpx:TrackPointExtension></extensions><extensions><gpxtpx:PowerExtension><gpxtpx:PowerInWatts>223</gpxtpx:PowerInWatts></gpxtpx:PowerExtension></extensions></trkpt>
<trkpt lat="38.5808008" lon="-121.4496615">
<ele>11</ele><time>2025-08-30T17:25:53.000Z</time><extensions><gpxtpx:TrackPointExtension><gpxtpx:hr>157</gpxtpx:hr><gpxtpx:cad>79</gpxtpx:cad></gpxtpx:TrackPointExtension></extensions><extensions><gpxtpx:PowerExtension><gpxtpx:PowerInWatts>228</gpxtpx:PowerInWatts></gpxtpx:PowerExtension></extensions></trkpt>
<trkpt lat="38.5808285" lon="-121.4497242">
<ele>11</ele><time>2025-08-30T17:25:55.000Z</time><extensions><gpxtpx:TrackPointExtension><gpxtpx:hr>157</gpxtpx:hr><gpxtpx:cad>79</gpxtpx:cad></gpxtpx:TrackPointExtension></extensions><extensions><gpxtpx:PowerExtension><gpxtpx:PowerInWatts>228</gpxtpx:PowerInWatts></gpxtpx:PowerExtension></extensions></trkpt>
<trkpt lat="38.5808738" lon="-121.4497498">
<ele>11</ele><time>2025-08-30T17:25:58.000Z</time><extensions><gpxtpx:TrackPointExtension><gpxtpx:hr>157</gpxtpx:hr><gpxtpx:cad>76</gpxtpx:cad></gpxtpx:TrackPointExtension></extensions><extensions><gpxtpx:PowerExtension><gpxtpx:PowerInWatts>228</gpxtpx:PowerInWatts></gpxtpx:PowerExtension></extensions></trkpt>
<trkpt lat="38.5808311" lon="-121.4496935">
<ele>11</ele><time>2025-08-30T17:26:01.000Z</time><extensions><gpxtpx:TrackPointExtension><gpxtpx:hr>158</gpxtpx:hr><gpxtpx:cad>74</gpxtpx:cad></gpxtpx:TrackPointExtension></extensions><extensions><gpxtpx:PowerExtension><gpxtpx:PowerInWatts>228</gpxtpx:PowerInWatts></gpxtpx:PowerExtension></extensions></trkpt>
<trkpt lat="38.5807942" lon="-121.4496167">
<ele>11</ele><time>2025-08-30T17:26:03.000Z</time><extensions><gpxtpx:TrackPointExtension><gpxtpx:hr>158</gpxtpx:hr><gpxtpx:cad>73</gpxtpx:cad></gpxtpx:TrackPointExtension></extensions><extensions><gpxtpx:PowerExtension><gpxtpx:PowerInWatts>219</gpxtpx:PowerInWatts></gpxtpx:PowerExtension></extensions></trkpt>
<trkpt lat="38.5807674" lon="-121.4495693">
<ele>11</ele><time>2025-08-30T17:26:05.000Z</time><extensions><gpxtpx:TrackPointExtension><gpxtpx:hr>157</gpxtpx:hr><gpxtpx:cad>77</gpxtpx:cad></gpxtpx:TrackPointExtension></extensions><extensions><gpxtpx:PowerExtension><gpxtpx:PowerInWatts>219</gpxtpx:PowerInWatts></gpxtpx:PowerExtension></extensions></trkpt>
<trkpt lat="38.5807513" lon="-121.4494889">
<ele>11</ele><time>2025-08-30T17:26:08.000Z</time><extensions><gpxtpx:TrackPointExtension><gpxtpx:hr>157</gpxtpx:hr><gpxtpx:cad>77</gpxtpx:cad></gpxtpx:TrackPointExtension></extensions><extensions><gpxtpx:PowerExtension><gpxtpx:PowerInWatts>199</gpxtpx:PowerInWatts></gpxtpx:PowerExtension></extensions></trkpt>
<trkpt lat="38.5807174" lon="-121.4494181">
<ele>11</ele><time>2025-08-30T17:26:11.000Z</time><extensions><gpxtpx:TrackPointExtension><gpxtpx:hr>157</gpxtpx:hr><gpxtpx:cad>77</gpxtpx:cad></gpxtpx:TrackPointExtension></extensions><extensions><gpxtpx:PowerExtension><gpxtpx:PowerInWatts>201</gpxtpx:PowerInWatts></gpxtpx:PowerExtension></extensions></trkpt>
<trkpt lat="38.5806723" lon="-121.4493616">
<ele>11</ele><time>2025-08-30T17:26:13.000Z</time><extensions><gpxtpx:TrackPointExtension><gpxtpx:hr>157</gpxtpx:hr><gpxtpx:cad>77</gpxtpx:cad></gpxtpx:TrackPointExtension></extensions><extensions><gpxtpx:PowerExtension><gpxtpx:PowerInWatts>191</gpxtpx:PowerInWatts></gpxtpx:PowerExtension></extensions></trkpt>
<trkpt lat="38.5806183" lon="-121.4493144">
<ele>11</ele><time>2025-08-30T17:26:15.000Z</time><extensions><gpxtpx:TrackPointExtension><gpxtpx:hr>157</gpxtpx:hr><gpxtpx:cad>77</gpxtpx:cad></gpxtpx:TrackPointExtension></extensions><extensions><gpxtpx:PowerExtension><gpxtpx:PowerInWatts>191</gpxtpx:PowerInWatts></gpxtpx:PowerExtension></extensions></trkpt>
<trkpt lat="38.5805705" lon="-121.4492575">
<ele>11</ele><time>2025-08-30T17:26:17.000Z</time><extensions><gpxtpx:TrackPointExtension><gpxtpx:hr>157</gpxtpx:hr><gpxtpx:cad>80</gpxtpx:cad></gpxtpx:TrackPointExtension></extensions><extensions><gpxtpx:PowerExtension><gpxtpx:PowerInWatts>191</gpxtpx:PowerInWatts></gpxtpx:PowerExtension></extensions></trkpt>
<trkpt lat="38.5805199" lon="-121.4492086">
<ele>11</ele><time>2025-08-30T17:26:19.000Z</time><extensions><gpxtpx:TrackPointExtension><gpxtpx:hr>157</gpxtpx:hr><gpxtpx:cad>74</gpxtpx:cad></gpxtpx:TrackPointExtension></extensions><extensions><gpxtpx:PowerExtension><gpxtpx:PowerInWatts>202</gpxtpx:PowerInWatts></gpxtpx:PowerExtension></extensions></trkpt>
<trkpt lat="38.5804636" lon="-121.4491422">
<ele>11</ele><time>2025-08-30T17:26:22.000Z</time><extensions><gpxtpx:TrackPointExtension><gpxtpx:hr>157</gpxtpx:hr><gpxtpx:cad>76</gpxtpx:cad></gpxtpx:TrackPointExtension></extensions><extensions><gpxtpx:PowerExtension><gpxtpx:PowerInWatts>213</gpxtpx:PowerInWatts></gpxtpx:PowerExtension></extensions></trkpt>
<trkpt lat="38.5804263" lon="-121.4491002">
<ele>11</ele><time>2025-08-30T17:26:24.000Z</time><extensions><gpxtpx:TrackPointExtension><gpxtpx:hr>157</gpxtpx:hr><gpxtpx:cad>80</gpxtpx:cad></gpxtpx:TrackPointExtension></extensions><extensions><gpxtpx:PowerExtension><gpxtpx:PowerInWatts>223</gpxtpx:PowerInWatts></gpxtpx:PowerExtension></extensions></trkpt>
<trkpt lat="38.5803844" lon="-121.4490785">
<ele>11</ele><time>2025-08-30T17:26:26.000Z</time><extensions><gpxtpx:TrackPointExtension><gpxtpx:hr>158</gpxtpx:hr><gpxtpx:cad>80</gpxtpx:cad></gpxtpx:TrackPointExtension></extensions><extensions><gpxtpx:PowerExtension><gpxtpx:PowerInWatts>223</gpxtpx:PowerInWatts></gpxtpx:PowerExtension></extensions></trkpt>
<trkpt lat="38.5803389" lon="-121.4490174">
<ele>11</ele><time>2025-08-30T17:26:29.000Z</time><extensions><gpxtpx:TrackPointExtension><gpxtpx:hr>158</gpxtpx:hr><gpxtpx:cad>80</gpxtpx:cad></gpxtpx:TrackPointExtension></extensions><extensions><gpxtpx:PowerExtension><gpxtpx:PowerInWatts>224</gpxtpx:PowerInWatts></gpxtpx:PowerExtension></extensions></trkpt>
<trkpt lat="38.5802883" lon="-121.4489802">
<ele>11</ele><time>2025-08-30T17:26:31.000Z</time><extensions><gpxtpx:TrackPointExtension><gpxtpx:hr>158</gpxtpx:hr><gpxtpx:cad>79</gpxtpx:cad></gpxtpx:TrackPointExtension></extensions><extensions><gpxtpx:PowerExtension><gpxtpx:PowerInWatts>224</gpxtpx:PowerInWatts></gpxtpx:PowerExtension></extensions></trkpt>
<trkpt lat="38.5802396" lon="-121.4489467">
<ele>11</ele><time>2025-08-30T17:26:33.000Z</time><extensions><gpxtpx:TrackPointExtension><gpxtpx:hr>157</gpxtpx:hr><gpxtpx:cad>79</gpxtpx:cad></gpxtpx:TrackPointExtension></extensions><extensions><gpxtpx:PowerExtension><gpxtpx:PowerInWatts>224</gpxtpx:PowerInWatts></gpxtpx:PowerExtension></extensions></trkpt>
<trkpt lat="38.5801872" lon="-121.4489139">
<ele>11</ele><time>2025-08-30T17:26:35.000Z</time><extensions><gpxtpx:TrackPointExtension><gpxtpx:hr>157</gpxtpx:hr><gpxtpx:cad>81</gpxtpx:cad></gpxtpx:TrackPointExtension></extensions><extensions><gpxtpx:PowerExtension><gpxtpx:PowerInWatts>217</gpxtpx:PowerInWatts></gpxtpx:PowerExtension></extensions></trkpt>
<trkpt lat="38.5801487" lon="-121.4488711">
<ele>11</ele><time>2025-08-30T17:26:37.000Z</time><extensions><gpxtpx:TrackPointExtension><gpxtpx:hr>158</gpxtpx:hr><gpxtpx:cad>84</gpxtpx:cad></gpxtpx:TrackPointExtension></extensions><extensions><gpxtpx:PowerExtension><gpxtpx:PowerInWatts>217</gpxtpx:PowerInWatts></gpxtpx:PowerExtension></extensions></trkpt>
<trkpt lat="38.5800970" lon="-121.4488312">
<ele>11</ele><time>2025-08-30T17:26:39.000Z</time><extensions><gpxtpx:TrackPointExtension><gpxtpx:hr>158</gpxtpx:hr><gpxtpx:cad>80</gpxtpx:cad></gpxtpx:TrackPointExtension></extensions><extensions><gpxtpx:PowerExtension><gpxtpx:PowerInWatts>219</gpxtpx:PowerInWatts></gpxtpx:PowerExtension></extensions></trkpt>
<trkpt lat="38.5800511" lon="-121.4487903">
<ele>11</ele><time>2025-08-30T17:26:41.000Z</time><extensions><gpxtpx:TrackPointExtension><gpxtpx:hr>158</gpxtpx:hr><gpxtpx:cad>77</gpxtpx:cad></gpxtpx:TrackPointExtension></extensions><extensions><gpxtpx:PowerExtension><gpxtpx:PowerInWatts>221</gpxtpx:PowerInWatts></gpxtpx:PowerExtension></extensions></trkpt>
<trkpt lat="38.5800076" lon="-121.4487605">
<ele>11</ele><time>2025-08-30T17:26:43.000Z</time><extensions><gpxtpx:TrackPointExtension><gpxtpx:hr>158</gpxtpx:hr><gpxtpx:cad>87</gpxtpx:cad></gpxtpx:TrackPointExtension></extensions><extensions><gpxtpx:PowerExtension><gpxtpx:PowerInWatts>221</gpxtpx:PowerInWatts></gpxtpx:PowerExtension></extensions></trkpt>
<trkpt lat="38.5799585" lon="-121.4487201">
<ele>11</ele><time>2025-08-30T17:26:45.000Z</time><extensions><gpxtpx:TrackPointExtension><gpxtpx:hr>158</gpxtpx:hr><gpxtpx:cad>81</gpxtpx:cad></gpxtpx:TrackPointExtension></extensions><extensions><gpxtpx:PowerExtension><gpxtpx:PowerInWatts>224</gpxtpx:PowerInWatts></gpxtpx:PowerExtension></extensions></trkpt>
<trkpt lat="38.5799072" lon="-121.4486802">
<ele>11</ele><time>2025-08-30T17:26:47.000Z</time><extensions><gpxtpx:TrackPointExtension><gpxtpx:hr>159</gpxtpx:hr><gpxtpx:cad>80</gpxtpx:cad></gpxtpx:TrackPointExtension></extensions><extensions><gpxtpx:PowerExtension><gpxtpx:PowerInWatts>223</gpxtpx:PowerInWatts></gpxtpx:PowerExtension></extensions></trkpt>
<trkpt lat="38.5798627" lon="-121.4486397">
<ele>10</ele><time>2025-08-30T17:26:49.000Z</time><extensions><gpxtpx:TrackPointExtension><gpxtpx:hr>159</gpxtpx:hr><gpxtpx:cad>80</gpxtpx:cad></gpxtpx:TrackPointExtension></extensions><extensions><gpxtpx:PowerExtension><gpxtpx:PowerInWatts>223</gpxtpx:PowerInWatts></gpxtpx:PowerExtension></extensions></trkpt>
<trkpt lat="38.5798260" lon="-121.4486026">
<ele>10</ele><time>2025-08-30T17:26:51.000Z</time><extensions><gpxtpx:TrackPointExtension><gpxtpx:hr>158</gpxtpx:hr><gpxtpx:cad>82</gpxtpx:cad></gpxtpx:TrackPointExtension></extensions><extensions><gpxtpx:PowerExtension><gpxtpx:PowerInWatts>223</gpxtpx:PowerInWatts></gpxtpx:PowerExtension></extensions></trkpt>
<trkpt lat="38.5797794" lon="-121.4485765">
<ele>10</ele><time>2025-08-30T17:26:53.000Z</time><extensions><gpxtpx:TrackPointExtension><gpxtpx:hr>158</gpxtpx:hr><gpxtpx:cad>80</gpxtpx:cad></gpxtpx:TrackPointExtension></extensions><extensions><gpxtpx:PowerExtension><gpxtpx:PowerInWatts>223</gpxtpx:PowerInWatts></gpxtpx:PowerExtension></extensions></trkpt>
<trkpt lat="38.5797522" lon="-121.4485285">
<ele>10</ele><time>2025-08-30T17:26:55.000Z</time><extensions><gpxtpx:TrackPointExtension><gpxtpx:hr>158</gpxtpx:hr><gpxtpx:cad>80</gpxtpx:cad></gpxtpx:TrackPointExtension></extensions><extensions><gpxtpx:PowerExtension><gpxtpx:PowerInWatts>226</gpxtpx:PowerInWatts></gpxtpx:PowerExtension></extensions></trkpt>
<trkpt lat="38.5797111" lon="-121.4484940">
<ele>10</ele><time>2025-08-30T17:26:57.000Z</time><extensions><gpxtpx:TrackPointExtension><gpxtpx:hr>158</gpxtpx:hr><gpxtpx:cad>80</gpxtpx:cad></gpxtpx:TrackPointExtension></extensions><extensions><gpxtpx:PowerExtension><gpxtpx:PowerInWatts>221</gpxtpx:PowerInWatts></gpxtpx:PowerExtension></extensions></trkpt>
<trkpt lat="38.5796512" lon="-121.4484596">
<ele>10</ele><time>2025-08-30T17:26:59.000Z</time><extensions><gpxtpx:TrackPointExtension><gpxtpx:hr>158</gpxtpx:hr><gpxtpx:cad>81</gpxtpx:cad></gpxtpx:TrackPointExtension></extensions><extensions><gpxtpx:PowerExtension><gpxtpx:PowerInWatts>221</gpxtpx:PowerInWatts></gpxtpx:PowerExtension></extensions></trkpt>
<trkpt lat="38.5796218" lon="-121.4484105">
<ele>10</ele><time>2025-08-30T17:27:01.000Z</time><extensions><gpxtpx:TrackPointExtension><gpxtpx:hr>158</gpxtpx:hr><gpxtpx:cad>82</gpxtpx:cad></gpxtpx:TrackPointExtension></extensions><extensions><gpxtpx:PowerExtension><gpxtpx:PowerInWatts>221</gpxtpx:PowerInWatts></gpxtpx:PowerExtension></extensions></trkpt>
<trkpt lat="38.5795804" lon="-121.4483835">
<ele>10</ele><time>2025-08-30T17:27:03.000Z</time><extensions><gpxtpx:TrackPointExtension><gpxtpx:hr>159</gpxtpx:hr><gpxtpx:cad>80</gpxtpx:cad></gpxtpx:TrackPointExtension></extensions><extensions><gpxtpx:PowerExtension><gpxtpx:PowerInWatts>221</gpxtpx:PowerInWatts></gpxtpx:PowerExtension></extensions></trkpt>
<trkpt lat="38.5795302" lon="-121.4483389">
<ele>10</ele><time>2025-08-30T17:27:05.000Z</time><extensions><gpxtpx:TrackPointExtension><gpxtpx:hr>159</gpxtpx:hr><gpxtpx:cad>76</gpxtpx:cad></gpxtpx:TrackPointExtension></extensions><extensions><gpxtpx:PowerExtension><gpxtpx:PowerInWatts>222</gpxtpx:PowerInWatts></gpxtpx:PowerExtension></extensions></trkpt>
<trkpt lat="38.5794967" lon="-121.4482973">
<ele>10</ele><time>2025-08-30T17:27:07.000Z</time><extensions><gpxtpx:TrackPointExtension><gpxtpx:hr>160</gpxtpx:hr><gpxtpx:cad>75</gpxtpx:cad></gpxtpx:TrackPointExtension></extensions><extensions><gpxtpx:PowerExtension><gpxtpx:PowerInWatts>221</gpxtpx:PowerInWatts></gpxtpx:PowerExtension></extensions></trkpt>
<trkpt lat="38.5794575" lon="-121.4482639">
<ele>10</ele><time>2025-08-30T17:27:09.000Z</time><extensions><gpxtpx:TrackPointExtension><gpxtpx:hr>160</gpxtpx:hr><gpxtpx:cad>80</gpxtpx:cad></gpxtpx:TrackPointExtension></extensions><extensions><gpxtpx:PowerExtension><gpxtpx:PowerInWatts>221</gpxtpx:PowerInWatts></gpxtpx:PowerExtension></extensions></trkpt>
<trkpt lat="38.5794060" lon="-121.4482418">
<ele>10</ele><time>2025-08-30T17:27:11.000Z</time><extensions><gpxtpx:TrackPointExtension><gpxtpx:hr>160</gpxtpx:hr><gpxtpx:cad>74</gpxtpx:cad></gpxtpx:TrackPointExtension></extensions><extensions><gpxtpx:PowerExtension><gpxtpx:PowerInWatts>220</gpxtpx:PowerInWatts></gpxtpx:PowerExtension></extensions></trkpt>
<trkpt lat="38.5793676" lon="-121.4481928">
<ele>10</ele><time>2025-08-30T17:27:13.000Z</time><extensions><gpxtpx:TrackPointExtension><gpxtpx:hr>160</gpxtpx:hr><gpxtpx:cad>78</gpxtpx:cad></gpxtpx:TrackPointExtension></extensions><extensions><gpxtpx:PowerExtension><gpxtpx:PowerInWatts>219</gpxtpx:PowerInWatts></gpxtpx:PowerExtension></extensions></trkpt>
<trkpt lat="38.5793132" lon="-121.4481403">
<ele>10</ele><time>2025-08-30T17:27:15.000Z</time><extensions><gpxtpx:TrackPointExtension><gpxtpx:hr>160</gpxtpx:hr><gpxtpx:cad>80</gpxtpx:cad></gpxtpx:TrackPointExtension></extensions><extensions><gpxtpx:PowerExtension><gpxtpx:PowerInWatts>219</gpxtpx:PowerInWatts></gpxtpx:PowerExtension></extensions></trkpt>
<trkpt lat="38.5792447" lon="-121.4481141">
<ele>10</ele><time>2025-08-30T17:27:17.000Z</time><extensions><gpxtpx:TrackPointExtension><gpxtpx:hr>160</gpxtpx:hr><gpxtpx:cad>82</gpxtpx:cad></gpxtpx:TrackPointExtension></extensions><extensions><gpxtpx:PowerExtension><gpxtpx:PowerInWatts>225</gpxtpx:PowerInWatts></gpxtpx:PowerExtension></extensions></trkpt>
<trkpt lat="38.5792140" lon="-121.4480649">
<ele>10</ele><time>2025-08-30T17:27:19.000Z</time><extensions><gpxtpx:TrackPointExtension><gpxtpx:hr>160</gpxtpx:hr><gpxtpx:cad>80</gpxtpx:cad></gpxtpx:TrackPointExtension></extensions><extensions><gpxtpx:PowerExtension><gpxtpx:PowerInWatts>225</gpxtpx:PowerInWatts></gpxtpx:PowerExtension></extensions></trkpt>
<trkpt lat="38.5791731" lon="-121.4480067">
<ele>10</ele><time>2025-08-30T17:27:21.000Z</time><extensions><gpxtpx:TrackPointExtension><gpxtpx:hr>160</gpxtpx:hr><gpxtpx:cad>77</gpxtpx:cad></gpxtpx:TrackPointExtension></extensions><extensions><gpxtpx:PowerExtension><gpxtpx:PowerInWatts>225</gpxtpx:PowerInWatts></gpxtpx:PowerExtension></extensions></trkpt>
<trkpt lat="38.5791331" lon="-121.4479748">
<ele>10</ele><time>2025-08-30T17:27:23.000Z</time><extensions><gpxtpx:TrackPointExtension><gpxtpx:hr>160</gpxtpx:hr><gpxtpx:cad>77</gpxtpx:cad></gpxtpx:TrackPointExtension></extensions><extensions><gpxtpx:PowerExtension><gpxtpx:PowerInWatts>229</gpxtpx:PowerInWatts></gpxtpx:PowerExtension></extensions></trkpt>
<trkpt lat="38.5791110" lon="-121.4479198">
<ele>10</ele><time>2025-08-30T17:27:25.000Z</time><extensions><gpxtpx:TrackPointExtension><gpxtpx:hr>160</gpxtpx:hr><gpxtpx:cad>78</gpxtpx:cad></gpxtpx:TrackPointExtension></extensions><extensions><gpxtpx:PowerExtension><gpxtpx:PowerInWatts>229</gpxtpx:PowerInWatts></gpxtpx:PowerExtension></extensions></trkpt>
<trkpt lat="38.5790657" lon="-121.4478774">
<ele>11</ele><time>2025-08-30T17:27:27.000Z</time><extensions><gpxtpx:TrackPointExtension><gpxtpx:hr>160</gpxtpx:hr><gpxtpx:cad>81</gpxtpx:cad></gpxtpx:TrackPointExtension></extensions><extensions><gpxtpx:PowerExtension><gpxtpx:PowerInWatts>230</gpxtpx:PowerInWatts></gpxtpx:PowerExtension></extensions></trkpt>
<trkpt lat="38.5790241" lon="-121.4478079">
<ele>11</ele><time>2025-08-30T17:27:30.000Z</time><extensions><gpxtpx:TrackPointExtension><gpxtpx:hr>160</gpxtpx:hr><gpxtpx:cad>81</gpxtpx:cad></gpxtpx:TrackPointExtension></extensions><extensions><gpxtpx:PowerExtension><gpxtpx:PowerInWatts>225</gpxtpx:PowerInWatts></gpxtpx:PowerExtension></extensions></trkpt>
<trkpt lat="38.5789970" lon="-121.4477505">
<ele>11</ele><time>2025-08-30T17:27:32.000Z</time><extensions><gpxtpx:TrackPointExtension><gpxtpx:hr>160</gpxtpx:hr><gpxtpx:cad>78</gpxtpx:cad></gpxtpx:TrackPointExtension></extensions><extensions><gpxtpx:PowerExtension><gpxtpx:PowerInWatts>225</gpxtpx:PowerInWatts></gpxtpx:PowerExtension></extensions></trkpt>
<trkpt lat="38.5789621" lon="-121.4476775">
<ele>11</ele><time>2025-08-30T17:27:34.000Z</time><extensions><gpxtpx:TrackPointExtension><gpxtpx:hr>160</gpxtpx:hr><gpxtpx:cad>79</gpxtpx:cad></gpxtpx:TrackPointExtension></extensions><extensions><gpxtpx:PowerExtension><gpxtpx:PowerInWatts>221</gpxtpx:PowerInWatts></gpxtpx:PowerExtension></extensions></trkpt>
<trkpt lat="38.5789150" lon="-121.4476410">
<ele>11</ele><time>2025-08-30T17:27:36.000Z</time><extensions><gpxtpx:TrackPointExtension><gpxtpx:hr>160</gpxtpx:hr><gpxtpx:cad>82</gpxtpx:cad></gpxtpx:TrackPointExtension></extensions><extensions><gpxtpx:PowerExtension><gpxtpx:PowerInWatts>220</gpxtpx:PowerInWatts></gpxtpx:PowerExtension></extensions></trkpt>
<trkpt lat="38.5788970" lon="-121.4475870">
<ele>11</ele><time>2025-08-30T17:27:38.000Z</time><extensions><gpxtpx:TrackPointExtension><gpxtpx:hr>160</gpxtpx:hr><gpxtpx:cad>81</gpxtpx:cad></gpxtpx:TrackPointExtension></extensions><extensions><gpxtpx:PowerExtension><gpxtpx:PowerInWatts>220</gpxtpx:PowerInWatts></gpxtpx:PowerExtension></extensions></trkpt>
<trkpt lat="38.5788653" lon="-121.4475327">
<ele>11</ele><time>2025-08-30T17:27:41.000Z</time><extensions><gpxtpx:TrackPointExtension><gpxtpx:hr>160</gpxtpx:hr><gpxtpx:cad>81</gpxtpx:cad></gpxtpx:TrackPointExtension></extensions><extensions><gpxtpx:PowerExtension><gpxtpx:PowerInWatts>220</gpxtpx:PowerInWatts></gpxtpx:PowerExtension></extensions></trkpt>
<trkpt lat="38.5788524" lon="-121.4474653">
<ele>11</ele><time>2025-08-30T17:27:43.000Z</time><extensions><gpxtpx:TrackPointExtension><gpxtpx:hr>160</gpxtpx:hr><gpxtpx:cad>78</gpxtpx:cad></gpxtpx:TrackPointExtension></extensions><extensions><gpxtpx:PowerExtension><gpxtpx:PowerInWatts>222</gpxtpx:PowerInWatts></gpxtpx:PowerExtension></extensions></trkpt>
<trkpt lat="38.5788130" lon="-121.4474024">
<ele>11</ele><time>2025-08-30T17:27:45.000Z</time><extensions><gpxtpx:TrackPointExtension><gpxtpx:hr>160</gpxtpx:hr><gpxtpx:cad>77</gpxtpx:cad></gpxtpx:TrackPointExtension></extensions><extensions><gpxtpx:PowerExtension><gpxtpx:PowerInWatts>219</gpxtpx:PowerInWatts></gpxtpx:PowerExtension></extensions></trkpt>
<trkpt lat="38.5788019" lon="-121.4473302">
<ele>11</ele><time>2025-08-30T17:27:47.000Z</time><extensions><gpxtpx:TrackPointExtension><gpxtpx:hr>160</gpxtpx:hr><gpxtpx:cad>77</gpxtpx:cad></gpxtpx:TrackPointExtension></extensions><extensions><gpxtpx:PowerExtension><gpxtpx:PowerInWatts>219</gpxtpx:PowerInWatts></gpxtpx:PowerExtension></extensions></trkpt>
<trkpt lat="38.5787842" lon="-121.4472556">
<ele>11</ele><time>2025-08-30T17:27:49.000Z</time><extensions><gpxtpx:TrackPointExtension><gpxtpx:hr>160</gpxtpx:hr><gpxtpx:cad>81</gpxtpx:cad></gpxtpx:TrackPointExtension></extensions><extensions><gpxtpx:PowerExtension><gpxtpx:PowerInWatts>214</gpxtpx:PowerInWatts></gpxtpx:PowerExtension></extensions></trkpt>
<trkpt lat="38.5787614" lon="-121.4471816">
<ele>11</ele><time>2025-08-30T17:27:51.000Z</time><extensions><gpxtpx:TrackPointExtension><gpxtpx:hr>161</gpxtpx:hr><gpxtpx:cad>80</gpxtpx:cad></gpxtpx:TrackPointExtension></extensions><extensions><gpxtpx:PowerExtension><gpxtpx:PowerInWatts>218</gpxtpx:PowerInWatts></gpxtpx:PowerExtension></extensions></trkpt>
<trkpt lat="38.5787369" lon="-121.4471236">
<ele>11</ele><time>2025-08-30T17:27:53.000Z</time><extensions><gpxtpx:TrackPointExtension><gpxtpx:hr>160</gpxtpx:hr><gpxtpx:cad>77</gpxtpx:cad></gpxtpx:TrackPointExtension></extensions><extensions><gpxtpx:PowerExtension><gpxtpx:PowerInWatts>218</gpxtpx:PowerInWatts></gpxtpx:PowerExtension></extensions></trkpt>
<trkpt lat="38.5787227" lon="-121.4470563">
<ele>11</ele><time>2025-08-30T17:27:55.000Z</time><extensions><gpxtpx:TrackPointExtension><gpxtpx:hr>160</gpxtpx:hr><gpxtpx:cad>80</gpxtpx:cad></gpxtpx:TrackPointExtension></extensions><extensions><gpxtpx:PowerExtension><gpxtpx:PowerInWatts>218</gpxtpx:PowerInWatts></gpxtpx:PowerExtension></extensions></trkpt>
<trkpt lat="38.5786890" lon="-121.4470067">
<ele>11</ele><time>2025-08-30T17:27:57.000Z</time><extensions><gpxtpx:TrackPointExtension><gpxtpx:hr>160</gpxtpx:hr><gpxtpx:cad>80</gpxtpx:cad></gpxtpx:TrackPointExtension></extensions><extensions><gpxtpx:PowerExtension><gpxtpx:PowerInWatts>218</gpxtpx:PowerInWatts></gpxtpx:PowerExtension></extensions></trkpt>
<trkpt lat="38.5786490" lon="-121.4469489">
<ele>11</ele><time>2025-08-30T17:27:59.000Z</time><extensions><gpxtpx:TrackPointExtension><gpxtpx:hr>160</gpxtpx:hr><gpxtpx:cad>80</gpxtpx:cad></gpxtpx:TrackPointExtension></extensions><extensions><gpxtpx:PowerExtension><gpxtpx:PowerInWatts>223</gpxtpx:PowerInWatts></gpxtpx:PowerExtension></extensions></trkpt>
<trkpt lat="38.5786366" lon="-121.4468833">
<ele>11</ele><time>2025-08-30T17:28:01.000Z</time><extensions><gpxtpx:TrackPointExtension><gpxtpx:hr>160</gpxtpx:hr><gpxtpx:cad>80</gpxtpx:cad></gpxtpx:TrackPointExtension></extensions><extensions><gpxtpx:PowerExtension><gpxtpx:PowerInWatts>227</gpxtpx:PowerInWatts></gpxtpx:PowerExtension></extensions></trkpt>
<trkpt lat="38.5786026" lon="-121.4468224">
<ele>11</ele><time>2025-08-30T17:28:03.000Z</time><extensions><gpxtpx:TrackPointExtension><gpxtpx:hr>161</gpxtpx:hr><gpxtpx:cad>80</gpxtpx:cad></gpxtpx:TrackPointExtension></extensions><extensions><gpxtpx:PowerExtension><gpxtpx:PowerInWatts>227</gpxtpx:PowerInWatts></gpxtpx:PowerExtension></extensions></trkpt>
<trkpt lat="38.5785874" lon="-121.4467512">
<ele>11</ele><time>2025-08-30T17:28:05.000Z</time><extensions><gpxtpx:TrackPointExtension><gpxtpx:hr>161</gpxtpx:hr><gpxtpx:cad>79</gpxtpx:cad></gpxtpx:TrackPointExtension></extensions><extensions><gpxtpx:PowerExtension><gpxtpx:PowerInWatts>227</gpxtpx:PowerInWatts></gpxtpx:PowerExtension></extensions></trkpt>
<trkpt lat="38.5785934" lon="-121.4466879">
<ele>11</ele><time>2025-08-30T17:28:07.000Z</time><extensions><gpxtpx:TrackPointExtension><gpxtpx:hr>161</gpxtpx:hr><gpxtpx:cad>80</gpxtpx:cad></gpxtpx:TrackPointExtension></extensions><extensions><gpxtpx:PowerExtension><gpxtpx:PowerInWatts>229</gpxtpx:PowerInWatts></gpxtpx:PowerExtension></extensions></trkpt>
<trkpt lat="38.5785932" lon="-121.4466016">
<ele>11</ele><time>2025-08-30T17:28:09.000Z</time><extensions><gpxtpx:TrackPointExtension><gpxtpx:hr>160</gpxtpx:hr><gpxtpx:cad>79</gpxtpx:cad></gpxtpx:TrackPointExtension></extensions><extensions><gpxtpx:PowerExtension><gpxtpx:PowerInWatts>229</gpxtpx:PowerInWatts></gpxtpx:PowerExtension></extensions></trkpt>
<trkpt lat="38.5786198" lon="-121.4465318">
<ele>11</ele><time>2025-08-30T17:28:11.000Z</time><extensions><gpxtpx:TrackPointExtension><gpxtpx:hr>160</gpxtpx:hr><gpxtpx:cad>84</gpxtpx:cad></gpxtpx:TrackPointExtension></extensions><extensions><gpxtpx:PowerExtension><gpxtpx:PowerInWatts>229</gpxtpx:PowerInWatts></gpxtpx:PowerExtension></extensions></trkpt>
<trkpt lat="38.5786261" lon="-121.4464741">
<ele>11</ele><time>2025-08-30T17:28:13.000Z</time><extensions><gpxtpx:TrackPointExtension><gpxtpx:hr>160</gpxtpx:hr><gpxtpx:cad>83</gpxtpx:cad></gpxtpx:TrackPointExtension></extensions><extensions><gpxtpx:PowerExtension><gpxtpx:PowerInWatts>228</gpxtpx:PowerInWatts></gpxtpx:PowerExtension></extensions></trkpt>
<trkpt lat="38.5786176" lon="-121.4464056">
<ele>11</ele><time>2025-08-30T17:28:15.000Z</time><extensions><gpxtpx:TrackPointExtension><gpxtpx:hr>160</gpxtpx:hr><gpxtpx:cad>80</gpxtpx:cad></gpxtpx:TrackPointExtension></extensions><extensions><gpxtpx:PowerExtension><gpxtpx:PowerInWatts>228</gpxtpx:PowerInWatts></gpxtpx:PowerExtension></extensions></trkpt>
<trkpt lat="38.5786305" lon="-121.4463469">
<ele>11</ele><time>2025-08-30T17:28:17.000Z</time><extensions><gpxtpx:TrackPointExtension><gpxtpx:hr>160</gpxtpx:hr><gpxtpx:cad>79</gpxtpx:cad></gpxtpx:TrackPointExtension></extensions><extensions><gpxtpx:PowerExtension><gpxtpx:PowerInWatts>229</gpxtpx:PowerInWatts></gpxtpx:PowerExtension></extensions></trkpt>
<trkpt lat="38.5786387" lon="-121.4462780">
<ele>10</ele><time>2025-08-30T17:28:19.000Z</time><extensions><gpxtpx:TrackPointExtension><gpxtpx:hr>160</gpxtpx:hr><gpxtpx:cad>79</gpxtpx:cad></gpxtpx:TrackPointExtension></extensions><extensions><gpxtpx:PowerExtension><gpxtpx:PowerInWatts>227</gpxtpx:PowerInWatts></gpxtpx:PowerExtension></extensions></trkpt>
<trkpt lat="38.5786328" lon="-121.4462033">
<ele>10</ele><time>2025-08-30T17:28:21.000Z</time><extensions><gpxtpx:TrackPointExtension><gpxtpx:hr>161</gpxtpx:hr><gpxtpx:cad>79</gpxtpx:cad></gpxtpx:TrackPointExtension></extensions><extensions><gpxtpx:PowerExtension><gpxtpx:PowerInWatts>224</gpxtpx:PowerInWatts></gpxtpx:PowerExtension></extensions></trkpt>
<trkpt lat="38.5786574" lon="-121.4461476">
<ele>10</ele><time>2025-08-30T17:28:23.000Z</time><extensions><gpxtpx:TrackPointExtension><gpxtpx:hr>161</gpxtpx:hr><gpxtpx:cad>77</gpxtpx:cad></gpxtpx:TrackPointExtension></extensions><extensions><gpxtpx:PowerExtension><gpxtpx:PowerInWatts>224</gpxtpx:PowerInWatts></gpxtpx:PowerExtension></extensions></trkpt>
<trkpt lat="38.5786645" lon="-121.4460839">
<ele>10</ele><time>2025-08-30T17:28:25.000Z</time><extensions><gpxtpx:TrackPointExtension><gpxtpx:hr>161</gpxtpx:hr><gpxtpx:cad>77</gpxtpx:cad></gpxtpx:TrackPointExtension></extensions><extensions><gpxtpx:PowerExtension><gpxtpx:PowerInWatts>222</gpxtpx:PowerInWatts></gpxtpx:PowerExtension></extensions></trkpt>
<trkpt lat="38.5786698" lon="-121.4460103">
<ele>10</ele><time>2025-08-30T17:28:27.000Z</time><extensions><gpxtpx:TrackPointExtension><gpxtpx:hr>162</gpxtpx:hr><gpxtpx:cad>77</gpxtpx:cad></gpxtpx:TrackPointExtension></extensions><extensions><gpxtpx:PowerExtension><gpxtpx:PowerInWatts>222</gpxtpx:PowerInWatts></gpxtpx:PowerExtension></extensions></trkpt>
<trkpt lat="38.5786872" lon="-121.4459421">
<ele>10</ele><time>2025-08-30T17:28:29.000Z</time><extensions><gpxtpx:TrackPointExtension><gpxtpx:hr>162</gpxtpx:hr><gpxtpx:cad>81</gpxtpx:cad></gpxtpx:TrackPointExtension></extensions><extensions><gpxtpx:PowerExtension><gpxtpx:PowerInWatts>222</gpxtpx:PowerInWatts></gpxtpx:PowerExtension></extensions></trkpt>
<trkpt lat="38.5787028" lon="-121.4458635">
<ele>10</ele><time>2025-08-30T17:28:31.000Z</time><extensions><gpxtpx:TrackPointExtension><gpxtpx:hr>163</gpxtpx:hr><gpxtpx:cad>80</gpxtpx:cad></gpxtpx:TrackPointExtension></extensions><extensions><gpxtpx:PowerExtension><gpxtpx:PowerInWatts>222</gpxtpx:PowerInWatts></gpxtpx:PowerExtension></extensions></trkpt>
<trkpt lat="38.5786998" lon="-121.4457987">
<ele>10</ele><time>2025-08-30T17:28:33.000Z</time><extensions><gpxtpx:TrackPointExtension><gpxtpx:hr>163</gpxtpx:hr><gpxtpx:cad>77</gpxtpx:cad></gpxtpx:TrackPointExtension></extensions><extensions><gpxtpx:PowerExtension><gpxtpx:PowerInWatts>222</gpxtpx:PowerInWatts></gpxtpx:PowerExtension></extensions></trkpt>
<trkpt lat="38.5787044" lon="-121.4457372">
<ele>10</ele><time>2025-08-30T17:28:35.000Z</time><extensions><gpxtpx:TrackPointExtension><gpxtpx:hr>162</gpxtpx:hr><gpxtpx:cad>77</gpxtpx:cad></gpxtpx:TrackPointExtension></extensions><extensions><gpxtpx:PowerExtension><gpxtpx:PowerInWatts>222</gpxtpx:PowerInWatts></gpxtpx:PowerExtension></extensions></trkpt>
<trkpt lat="38.5787309" lon="-121.4456441">
<ele>10</ele><time>2025-08-30T17:28:38.000Z</time><extensions><gpxtpx:TrackPointExtension><gpxtpx:hr>162</gpxtpx:hr><gpxtpx:cad>76</gpxtpx:cad></gpxtpx:TrackPointExtension></extensions><extensions><gpxtpx:PowerExtension><gpxtpx:PowerInWatts>226</gpxtpx:PowerInWatts></gpxtpx:PowerExtension></extensions></trkpt>
<trkpt lat="38.5787294" lon="-121.4455662">
<ele>10</ele><time>2025-08-30T17:28:40.000Z</time><extensions><gpxtpx:TrackPointExtension><gpxtpx:hr>162</gpxtpx:hr><gpxtpx:cad>77</gpxtpx:cad></gpxtpx:TrackPointExtension></extensions><extensions><gpxtpx:PowerExtension><gpxtpx:PowerInWatts>223</gpxtpx:PowerInWatts></gpxtpx:PowerExtension></extensions></trkpt>
<trkpt lat="38.5787386" lon="-121.4455058">
<ele>10</ele><time>2025-08-30T17:28:42.000Z</time><extensions><gpxtpx:TrackPointExtension><gpxtpx:hr>162</gpxtpx:hr><gpxtpx:cad>77</gpxtpx:cad></gpxtpx:TrackPointExtension></extensions><extensions><gpxtpx:PowerExtension><gpxtpx:PowerInWatts>223</gpxtpx:PowerInWatts></gpxtpx:PowerExtension></extensions></trkpt>
<trkpt lat="38.5787592" lon="-121.4454402">
<ele>10</ele><time>2025-08-30T17:28:44.000Z</time><extensions><gpxtpx:TrackPointExtension><gpxtpx:hr>162</gpxtpx:hr><gpxtpx:cad>77</gpxtpx:cad></gpxtpx:TrackPointExtension></extensions><extensions><gpxtpx:PowerExtension><gpxtpx:PowerInWatts>226</gpxtpx:PowerInWatts></gpxtpx:PowerExtension></extensions></trkpt>
<trkpt lat="38.5787687" lon="-121.4453732">
<ele>11</ele><time>2025-08-30T17:28:46.000Z</time><extensions><gpxtpx:TrackPointExtension><gpxtpx:hr>162</gpxtpx:hr><gpxtpx:cad>77</gpxtpx:cad></gpxtpx:TrackPointExtension></extensions><extensions><gpxtpx:PowerExtension><gpxtpx:PowerInWatts>226</gpxtpx:PowerInWatts></gpxtpx:PowerExtension></extensions></trkpt>
<trkpt lat="38.5787668" lon="-121.4452839">
<ele>11</ele><time>2025-08-30T17:28:48.000Z</time><extensions><gpxtpx:TrackPointExtension><gpxtpx:hr>163</gpxtpx:hr><gpxtpx:cad>81</gpxtpx:cad></gpxtpx:TrackPointExtension></extensions><extensions><gpxtpx:PowerExtension><gpxtpx:PowerInWatts>226</gpxtpx:PowerInWatts></gpxtpx:PowerExtension></extensions></trkpt>
<trkpt lat="38.5787838" lon="-121.4452095">
<ele>11</ele><time>2025-08-30T17:28:50.000Z</time><extensions><gpxtpx:TrackPointExtension><gpxtpx:hr>163</gpxtpx:hr><gpxtpx:cad>85</gpxtpx:cad></gpxtpx:TrackPointExtension></extensions><extensions><gpxtpx:PowerExtension><gpxtpx:PowerInWatts>227</gpxtpx:PowerInWatts></gpxtpx:PowerExtension></extensions></trkpt>
<trkpt lat="38.5787914" lon="-121.4451404">
<ele>11</ele><time>2025-08-30T17:28:52.000Z</time><extensions><gpxtpx:TrackPointExtension><gpxtpx:hr>163</gpxtpx:hr><gpxtpx:cad>82</gpxtpx:cad></gpxtpx:TrackPointExtension></extensions><extensions><gpxtpx:PowerExtension><gpxtpx:PowerInWatts>227</gpxtpx:PowerInWatts></gpxtpx:PowerExtension></extensions></trkpt>
<trkpt lat="38.5787975" lon="-121.4450668">
<ele>11</ele><time>2025-08-30T17:28:54.000Z</time><extensions><gpxtpx:TrackPointExtension><gpxtpx:hr>163</gpxtpx:hr><gpxtpx:cad>80</gpxtpx:cad></gpxtpx:TrackPointExtension></extensions><extensions><gpxtpx:PowerExtension><gpxtpx:PowerInWatts>232</gpxtpx:PowerInWatts></gpxtpx:PowerExtension></extensions></trkpt>
<trkpt lat="38.5788069" lon="-121.4450069">
<ele>11</ele><time>2025-08-30T17:28:56.000Z</time><extensions><gpxtpx:TrackPointExtension><gpxtpx:hr>162</gpxtpx:hr><gpxtpx:cad>79</gpxtpx:cad></gpxtpx:TrackPointExtension></extensions><extensions><gpxtpx:PowerExtension><gpxtpx:PowerInWatts>232</gpxtpx:PowerInWatts></gpxtpx:PowerExtension></extensions></trkpt>
<trkpt lat="38.5788042" lon="-121.4449455">
<ele>11</ele><time>2025-08-30T17:28:58.000Z</time><extensions><gpxtpx:TrackPointExtension><gpxtpx:hr>162</gpxtpx:hr><gpxtpx:cad>79</gpxtpx:cad></gpxtpx:TrackPointExtension></extensions><extensions><gpxtpx:PowerExtension><gpxtpx:PowerInWatts>233</gpxtpx:PowerInWatts></gpxtpx:PowerExtension></extensions></trkpt>
<trkpt lat="38.5788159" lon="-121.4448671">
<ele>11</ele><time>2025-08-30T17:29:00.000Z</time><extensions><gpxtpx:TrackPointExtension><gpxtpx:hr>163</gpxtpx:hr><gpxtpx:cad>82</gpxtpx:cad></gpxtpx:TrackPointExtension></extensions><extensions><gpxtpx:PowerExtension><gpxtpx:PowerInWatts>235</gpxtpx:PowerInWatts></gpxtpx:PowerExtension></extensions></trkpt>
<trkpt lat="38.5787774" lon="-121.4447883">
<ele>11</ele><time>2025-08-30T17:29:02.000Z</time><extensions><gpxtpx:TrackPointExtension><gpxtpx:hr>163</gpxtpx:hr><gpxtpx:cad>84</gpxtpx:cad></gpxtpx:TrackPointExtension></extensions><extensions><gpxtpx:PowerExtension><gpxtpx:PowerInWatts>232</gpxtpx:PowerInWatts></gpxtpx:PowerExtension></extensions></trkpt>
<trkpt lat="38.5787764" lon="-121.4447179">
<ele>11</ele><time>2025-08-30T17:29:04.000Z</time><extensions><gpxtpx:TrackPointExtension><gpxtpx:hr>164</gpxtpx:hr><gpxtpx:cad>81</gpxtpx:cad></gpxtpx:TrackPointExtension></extensions><extensions><gpxtpx:PowerExtension><gpxtpx:PowerInWatts>232</gpxtpx:PowerInWatts></gpxtpx:PowerExtension></extensions></trkpt>
<trkpt lat="38.5787814" lon="-121.4446511">
<ele>11</ele><time>2025-08-30T17:29:06.000Z</time><extensions><gpxtpx:TrackPointExtension><gpxtpx:hr>164</gpxtpx:hr><gpxtpx:cad>81</gpxtpx:cad></gpxtpx:TrackPointExtension></extensions><extensions><gpxtpx:PowerExtension><gpxtpx:PowerInWatts>233</gpxtpx:PowerInWatts></gpxtpx:PowerExtension></extensions></trkpt>
<trkpt lat="38.5788059" lon="-121.4445761">
<ele>11</ele><time>2025-08-30T17:29:08.000Z</time><extensions><gpxtpx:TrackPointExtension><gpxtpx:hr>163</gpxtpx:hr><gpxtpx:cad>77</gpxtpx:cad></gpxtpx:TrackPointExtension></extensions><extensions><gpxtpx:PowerExtension><gpxtpx:PowerInWatts>237</gpxtpx:PowerInWatts></gpxtpx:PowerExtension></extensions></trkpt>
<trkpt lat="38.5787887" lon="-121.4444980">
<ele>11</ele><time>2025-08-30T17:29:10.000Z</time><extensions><gpxtpx:TrackPointExtension><gpxtpx:hr>163</gpxtpx:hr><gpxtpx:cad>78</gpxtpx:cad></gpxtpx:TrackPointExtension></extensions><extensions><gpxtpx:PowerExtension><gpxtpx:PowerInWatts>237</gpxtpx:PowerInWatts></gpxtpx:PowerExtension></extensions></trkpt>
<trkpt lat="38.5787856" lon="-121.4444299">
<ele>11</ele><time>2025-08-30T17:29:12.000Z</time><extensions><gpxtpx:TrackPointExtension><gpxtpx:hr>163</gpxtpx:hr><gpxtpx:cad>81</gpxtpx:cad></gpxtpx:TrackPointExtension></extensions><extensions><gpxtpx:PowerExtension><gpxtpx:PowerInWatts>237</gpxtpx:PowerInWatts></gpxtpx:PowerExtension></extensions></trkpt>
<trkpt lat="38.5787825" lon="-121.4443642">
<ele>11</ele><time>2025-08-30T17:29:14.000Z</time><extensions><gpxtpx:TrackPointExtension><gpxtpx:hr>164</gpxtpx:hr><gpxtpx:cad>79</gpxtpx:cad></gpxtpx:TrackPointExtension></extensions><extensions><gpxtpx:PowerExtension><gpxtpx:PowerInWatts>237</gpxtpx:PowerInWatts></gpxtpx:PowerExtension></extensions></trkpt>
<trkpt lat="38.5787754" lon="-121.4442950">
<ele>11</ele><time>2025-08-30T17:29:17.000Z</time><extensions><gpxtpx:TrackPointExtension><gpxtpx:hr>164</gpxtpx:hr><gpxtpx:cad>76</gpxtpx:cad></gpxtpx:TrackPointExtension></extensions><extensions><gpxtpx:PowerExtension><gpxtpx:PowerInWatts>237</gpxtpx:PowerInWatts></gpxtpx:PowerExtension></extensions></trkpt>
<trkpt lat="38.5787783" lon="-121.4442101">
<ele>11</ele><time>2025-08-30T17:29:20.000Z</time><extensions><gpxtpx:TrackPointExtension><gpxtpx:hr>163</gpxtpx:hr><gpxtpx:cad>78</gpxtpx:cad></gpxtpx:TrackPointExtension></extensions><extensions><gpxtpx:PowerExtension><gpxtpx:PowerInWatts>233</gpxtpx:PowerInWatts></gpxtpx:PowerExtension></extensions></trkpt>
<trkpt lat="38.5787883" lon="-121.4441388">
<ele>11</ele><time>2025-08-30T17:29:22.000Z</time><extensions><gpxtpx:TrackPointExtension><gpxtpx:hr>163</gpxtpx:hr><gpxtpx:cad>78</gpxtpx:cad></gpxtpx:TrackPointExtension></extensions><extensions><gpxtpx:PowerExtension><gpxtpx:PowerInWatts>233</gpxtpx:PowerInWatts></gpxtpx:PowerExtension></extensions></trkpt>
<trkpt lat="38.5787826" lon="-121.4440596">
<ele>11</ele><time>2025-08-30T17:29:24.000Z</time><extensions><gpxtpx:TrackPointExtension><gpxtpx:hr>163</gpxtpx:hr><gpxtpx:cad>77</gpxtpx:cad></gpxtpx:TrackPointExtension></extensions><extensions><gpxtpx:PowerExtension><gpxtpx:PowerInWatts>224</gpxtpx:PowerInWatts></gpxtpx:PowerExtension></extensions></trkpt>
<trkpt lat="38.5787833" lon="-121.4439901">
<ele>11</ele><time>2025-08-30T17:29:26.000Z</time><extensions><gpxtpx:TrackPointExtension><gpxtpx:hr>164</gpxtpx:hr><gpxtpx:cad>78</gpxtpx:cad></gpxtpx:TrackPointExtension></extensions><extensions><gpxtpx:PowerExtension><gpxtpx:PowerInWatts>224</gpxtpx:PowerInWatts></gpxtpx:PowerExtension></extensions></trkpt>
<trkpt lat="38.5787736" lon="-121.4439199">
<ele>11</ele><time>2025-08-30T17:29:28.000Z</time><extensions><gpxtpx:TrackPointExtension><gpxtpx:hr>164</gpxtpx:hr><gpxtpx:cad>78</gpxtpx:cad></gpxtpx:TrackPointExtension></extensions><extensions><gpxtpx:PowerExtension><gpxtpx:PowerInWatts>220</gpxtpx:PowerInWatts></gpxtpx:PowerExtension></extensions></trkpt>
<trkpt lat="38.5787766" lon="-121.4438618">
<ele>11</ele><time>2025-08-30T17:29:29.999Z</time><extensions><gpxtpx:TrackPointExtension><gpxtpx:hr>164</gpxtpx:hr><gpxtpx:cad>80</gpxtpx:cad></gpxtpx:TrackPointExtension></extensions><extensions><gpxtpx:PowerExtension><gpxtpx:PowerInWatts>223</gpxtpx:PowerInWatts></gpxtpx:PowerExtension></extensions></trkpt>
<trkpt lat="38.5787709" lon="-121.4437695">
<ele>11</ele><time>2025-08-30T17:29:32.999Z</time><extensions><gpxtpx:TrackPointExtension><gpxtpx:hr>163</gpxtpx:hr><gpxtpx:cad>77</gpxtpx:cad></gpxtpx:TrackPointExtension></extensions><extensions><gpxtpx:PowerExtension><gpxtpx:PowerInWatts>224</gpxtpx:PowerInWatts></gpxtpx:PowerExtension></extensions></trkpt>
<trkpt lat="38.5787636" lon="-121.4437108">
<ele>11</ele><time>2025-08-30T17:29:34.999Z</time><extensions><gpxtpx:TrackPointExtension><gpxtpx:hr>164</gpxtpx:hr><gpxtpx:cad>77</gpxtpx:cad></gpxtpx:TrackPointExtension></extensions><extensions><gpxtpx:PowerExtension><gpxtpx:PowerInWatts>223</gpxtpx:PowerInWatts></gpxtpx:PowerExtension></extensions></trkpt>
<trkpt lat="38.5787534" lon="-121.4436355">
<ele>11</ele><time>2025-08-30T17:29:36.999Z</time><extensions><gpxtpx:TrackPointExtension><gpxtpx:hr>164</gpxtpx:hr><gpxtpx:cad>84</gpxtpx:cad></gpxtpx:TrackPointExtension></extensions><extensions><gpxtpx:PowerExtension><gpxtpx:PowerInWatts>223</gpxtpx:PowerInWatts></gpxtpx:PowerExtension></extensions></trkpt>
<trkpt lat="38.5787529" lon="-121.4435665">
<ele>11</ele><time>2025-08-30T17:29:38.999Z</time><extensions><gpxtpx:TrackPointExtension><gpxtpx:hr>163</gpxtpx:hr><gpxtpx:cad>83</gpxtpx:cad></gpxtpx:TrackPointExtension></extensions><extensions><gpxtpx:PowerExtension><gpxtpx:PowerInWatts>220</gpxtpx:PowerInWatts></gpxtpx:PowerExtension></extensions></trkpt>
<trkpt lat="38.5787540" lon="-121.4434848">
<ele>11</ele><time>2025-08-30T17:29:40.999Z</time><extensions><gpxtpx:TrackPointExtension><gpxtpx:hr>163</gpxtpx:hr><gpxtpx:cad>80</gpxtpx:cad></gpxtpx:TrackPointExtension></extensions><extensions><gpxtpx:PowerExtension><gpxtpx:PowerInWatts>221</gpxtpx:PowerInWatts></gpxtpx:PowerExtension></extensions></trkpt>
<trkpt lat="38.5787604" lon="-121.4434277">
<ele>11</ele><time>2025-08-30T17:29:42.999Z</time><extensions><gpxtpx:TrackPointExtension><gpxtpx:hr>162</gpxtpx:hr><gpxtpx:cad>76</gpxtpx:cad></gpxtpx:TrackPointExtension></extensions><extensions><gpxtpx:PowerExtension><gpxtpx:PowerInWatts>221</gpxtpx:PowerInWatts></gpxtpx:PowerExtension></extensions></trkpt>
<trkpt lat="38.5787697" lon="-121.4433538">
<ele>11</ele><time>2025-08-30T17:29:44.999Z</time><extensions><gpxtpx:TrackPointExtension><gpxtpx:hr>162</gpxtpx:hr><gpxtpx:cad>76</gpxtpx:cad></gpxtpx:TrackPointExtension></extensions><extensions><gpxtpx:PowerExtension><gpxtpx:PowerInWatts>221</gpxtpx:PowerInWatts></gpxtpx:PowerExtension></extensions></trkpt>
<trkpt lat="38.5787723" lon="-121.4432771">
<ele>11</ele><time>2025-08-30T17:29:46.999Z</time><extensions><gpxtpx:TrackPointExtension><gpxtpx:hr>162</gpxtpx:hr><gpxtpx:cad>79</gpxtpx:cad></gpxtpx:TrackPointExtension></extensions><extensions><gpxtpx:PowerExtension><gpxtpx:PowerInWatts>223</gpxtpx:PowerInWatts></gpxtpx:PowerExtension></extensions></trkpt>
<trkpt lat="38.5787334" lon="-121.4432092">
<ele>11</ele><time>2025-08-30T17:29:48.999Z</time><extensions><gpxtpx:TrackPointExtension><gpxtpx:hr>162</gpxtpx:hr><gpxtpx:cad>79</gpxtpx:cad></gpxtpx:TrackPointExtension></extensions><extensions><gpxtpx:PowerExtension><gpxtpx:PowerInWatts>223</gpxtpx:PowerInWatts></gpxtpx:PowerExtension></extensions></trkpt>
<trkpt lat="38.5787464" lon="-121.4431388">
<ele>11</ele><time>2025-08-30T17:29:50.999Z</time><extensions><gpxtpx:TrackPointExtension><gpxtpx:hr>163</gpxtpx:hr><gpxtpx:cad>81</gpxtpx:cad></gpxtpx:TrackPointExtension></extensions><extensions><gpxtpx:PowerExtension><gpxtpx:PowerInWatts>224</gpxtpx:PowerInWatts></gpxtpx:PowerExtension></extensions></trkpt>
<trkpt lat="38.5787219" lon="-121.4430657">
<ele>11</ele><time>2025-08-30T17:29:52.999Z</time><extensions><gpxtpx:TrackPointExtension><gpxtpx:hr>162</gpxtpx:hr><gpxtpx:cad>84</gpxtpx:cad></gpxtpx:TrackPointExtension></extensions><extensions><gpxtpx:PowerExtension><gpxtpx:PowerInWatts>228</gpxtpx:PowerInWatts></gpxtpx:PowerExtension></extensions></trkpt>
<trkpt lat="38.5787117" lon="-121.4429979">
<ele>11</ele><time>2025-08-30T17:29:54.999Z</time><extensions><gpxtpx:TrackPointExtension><gpxtpx:hr>161</gpxtpx:hr><gpxtpx:cad>79</gpxtpx:cad></gpxtpx:TrackPointExtension></extensions><extensions><gpxtpx:PowerExtension><gpxtpx:PowerInWatts>228</gpxtpx:PowerInWatts></gpxtpx:PowerExtension></extensions></trkpt>
<trkpt lat="38.5787264" lon="-121.4429330">
<ele>11</ele><time>2025-08-30T17:29:56.999Z</time><extensions><gpxtpx:TrackPointExtension><gpxtpx:hr>161</gpxtpx:hr><gpxtpx:cad>76</gpxtpx:cad></gpxtpx:TrackPointExtension></extensions><extensions><gpxtpx:PowerExtension><gpxtpx:PowerInWatts>228</gpxtpx:PowerInWatts></gpxtpx:PowerExtension></extensions></trkpt>
<trkpt lat="38.5787587" lon="-121.4428684">
<ele>11</ele><time>2025-08-30T17:29:58.999Z</time><extensions><gpxtpx:TrackPointExtension><gpxtpx:hr>161</gpxtpx:hr><gpxtpx:cad>75</gpxtpx:cad></gpxtpx:TrackPointExtension></extensions><extensions><gpxtpx:PowerExtension><gpxtpx:PowerInWatts>229</gpxtpx:PowerInWatts></gpxtpx:PowerExtension></extensions></trkpt>
<trkpt lat="38.5787987" lon="-121.4428243">
<ele>11</ele><time>2025-08-30T17:30:00.999Z</time><extensions><gpxtpx:TrackPointExtension><gpxtpx:hr>162</gpxtpx:hr><gpxtpx:cad>79</gpxtpx:cad></gpxtpx:TrackPointExtension></extensions><extensions><gpxtpx:PowerExtension><gpxtpx:PowerInWatts>227</gpxtpx:PowerInWatts></gpxtpx:PowerExtension></extensions></trkpt>
<trkpt lat="38.5788558" lon="-121.4428031">
<ele>11</ele><time>2025-08-30T17:30:02.999Z</time><extensions><gpxtpx:TrackPointExtension><gpxtpx:hr>162</gpxtpx:hr><gpxtpx:cad>80</gpxtpx:cad></gpxtpx:TrackPointExtension></extensions><extensions><gpxtpx:PowerExtension><gpxtpx:PowerInWatts>227</gpxtpx:PowerInWatts></gpxtpx:PowerExtension></extensions></trkpt>
<trkpt lat="38.5788831" lon="-121.4427470">
<ele>11</ele><time>2025-08-30T17:30:04.999Z</time><extensions><gpxtpx:TrackPointExtension><gpxtpx:hr>162</gpxtpx:hr><gpxtpx:cad>73</gpxtpx:cad></gpxtpx:TrackPointExtension></extensions><extensions><gpxtpx:PowerExtension><gpxtpx:PowerInWatts>228</gpxtpx:PowerInWatts></gpxtpx:PowerExtension></extensions></trkpt>
<trkpt lat="38.5789184" lon="-121.4426802">
<ele>11</ele><time>2025-08-30T17:30:07.999Z</time><extensions><gpxtpx:TrackPointExtension><gpxtpx:hr>163</gpxtpx:hr><gpxtpx:cad>74</gpxtpx:cad></gpxtpx:TrackPointExtension></extensions><extensions><gpxtpx:PowerExtension><gpxtpx:PowerInWatts>228</gpxtpx:PowerInWatts></gpxtpx:PowerExtension></extensions></trkpt>
<trkpt lat="38.5789679" lon="-121.4426390">
<ele>11</ele><time>2025-08-30T17:30:09.999Z</time><extensions><gpxtpx:TrackPointExtension><gpxtpx:hr>163</gpxtpx:hr><gpxtpx:cad>76</gpxtpx:cad></gpxtpx:TrackPointExtension></extensions><extensions><gpxtpx:PowerExtension><gpxtpx:PowerInWatts>224</gpxtpx:PowerInWatts></gpxtpx:PowerExtension></extensions></trkpt>
<trkpt lat="38.5790232" lon="-121.4426367">
<ele>11</ele><time>2025-08-30T17:30:11.999Z</time><extensions><gpxtpx:TrackPointExtension><gpxtpx:hr>162</gpxtpx:hr><gpxtpx:cad>77</gpxtpx:cad></gpxtpx:TrackPointExtension></extensions><extensions><gpxtpx:PowerExtension><gpxtpx:PowerInWatts>224</gpxtpx:PowerInWatts></gpxtpx:PowerExtension></extensions></trkpt>
<trkpt lat="38.5790764" lon="-121.4426248">
<ele>11</ele><time>2025-08-30T17:30:13.999Z</time><extensions><gpxtpx:TrackPointExtension><gpxtpx:hr>162</gpxtpx:hr><gpxtpx:cad>78</gpxtpx:cad></gpxtpx:TrackPointExtension></extensions><extensions><gpxtpx:PowerExtension><gpxtpx:PowerInWatts>219</gpxtpx:PowerInWatts></gpxtpx:PowerExtension></extensions></trkpt>
<trkpt lat="38.5791226" lon="-121.4425950">
<ele>11</ele><time>2025-08-30T17:30:15.999Z</time><extensions><gpxtpx:TrackPointExtension><gpxtpx:hr>162</gpxtpx:hr><gpxtpx:cad>76</gpxtpx:cad></gpxtpx:TrackPointExtension></extensions><extensions><gpxtpx:PowerExtension><gpxtpx:PowerInWatts>220</gpxtpx:PowerInWatts></gpxtpx:PowerExtension></extensions></trkpt>
<trkpt lat="38.5791802" lon="-121.4425771">
<ele>11</ele><time>2025-08-30T17:30:18.999Z</time><extensions><gpxtpx:TrackPointExtension><gpxtpx:hr>163</gpxtpx:hr><gpxtpx:cad>76</gpxtpx:cad></gpxtpx:TrackPointExtension></extensions><extensions><gpxtpx:PowerExtension><gpxtpx:PowerInWatts>220</gpxtpx:PowerInWatts></gpxtpx:PowerExtension></extensions></trkpt>
<trkpt lat="38.5792353" lon="-121.4425564">
<ele>11</ele><time>2025-08-30T17:30:20.999Z</time><extensions><gpxtpx:TrackPointExtension><gpxtpx:hr>163</gpxtpx:hr><gpxtpx:cad>77</gpxtpx:cad></gpxtpx:TrackPointExtension></extensions><extensions><gpxtpx:PowerExtension><gpxtpx:PowerInWatts>220</gpxtpx:PowerInWatts></gpxtpx:PowerExtension></extensions></trkpt>
<trkpt lat="38.5792949" lon="-121.4425670">
<ele>11</ele><time>2025-08-30T17:30:22.999Z</time><extensions><gpxtpx:TrackPointExtension><gpxtpx:hr>162</gpxtpx:hr><gpxtpx:cad>75</gpxtpx:cad></gpxtpx:TrackPointExtension></extensions><extensions><gpxtpx:PowerExtension><gpxtpx:PowerInWatts>220</gpxtpx:PowerInWatts></gpxtpx:PowerExtension></extensions></trkpt>
<trkpt lat="38.5793532" lon="-121.4425244">
<ele>11</ele><time>2025-08-30T17:30:24.999Z</time><extensions><gpxtpx:TrackPointExtension><gpxtpx:hr>162</gpxtpx:hr><gpxtpx:cad>78</gpxtpx:cad></gpxtpx:TrackPointExtension></extensions><extensions><gpxtpx:PowerExtension><gpxtpx:PowerInWatts>214</gpxtpx:PowerInWatts></gpxtpx:PowerExtension></extensions></trkpt>
<trkpt lat="38.5794283" lon="-121.4424980">
<ele>11</ele><time>2025-08-30T17:30:27.999Z</time><extensions><gpxtpx:TrackPointExtension><gpxtpx:hr>162</gpxtpx:hr><gpxtpx:cad>80</gpxtpx:cad></gpxtpx:TrackPointExtension></extensions><extensions><gpxtpx:PowerExtension><gpxtpx:PowerInWatts>215</gpxtpx:PowerInWatts></gpxtpx:PowerExtension></extensions></trkpt>
<trkpt lat="38.5794707" lon="-121.4424676">
<ele>11</ele><time>2025-08-30T17:30:29.999Z</time><extensions><gpxtpx:TrackPointExtension><gpxtpx:hr>163</gpxtpx:hr><gpxtpx:cad>81</gpxtpx:cad></gpxtpx:TrackPointExtension></extensions><extensions><gpxtpx:PowerExtension><gpxtpx:PowerInWatts>219</gpxtpx:PowerInWatts></gpxtpx:PowerExtension></extensions></trkpt>
<trkpt lat="38.5795229" lon="-121.4424375">
<ele>11</ele><time>2025-08-30T17:30:31.999Z</time><extensions><gpxtpx:TrackPointExtension><gpxtpx:hr>163</gpxtpx:hr><gpxtpx:cad>79</gpxtpx:cad></gpxtpx:TrackPointExtension></extensions><extensions><gpxtpx:PowerExtension><gpxtpx:PowerInWatts>222</gpxtpx:PowerInWatts></gpxtpx:PowerExtension></extensions></trkpt>
<trkpt lat="38.5795715" lon="-121.4424159">
<ele>11</ele><time>2025-08-30T17:30:33.999Z</time><extensions><gpxtpx:TrackPointExtension><gpxtpx:hr>163</gpxtpx:hr><gpxtpx:cad>80</gpxtpx:cad></gpxtpx:TrackPointExtension></extensions><extensions><gpxtpx:PowerExtension><gpxtpx:PowerInWatts>222</gpxtpx:PowerInWatts></gpxtpx:PowerExtension></extensions></trkpt>
<trkpt lat="38.5796236" lon="-121.4424060">
<ele>11</ele><time>2025-08-30T17:30:35.999Z</time><extensions><gpxtpx:TrackPointExtension><gpxtpx:hr>163</gpxtpx:hr><gpxtpx:cad>79</gpxtpx:cad></gpxtpx:TrackPointExtension></extensions><extensions><gpxtpx:PowerExtension><gpxtpx:PowerInWatts>222</gpxtpx:PowerInWatts></gpxtpx:PowerExtension></extensions></trkpt>
<trkpt lat="38.5796724" lon="-121.4423777">
<ele>11</ele><time>2025-08-30T17:30:37.999Z</time><extensions><gpxtpx:TrackPointExtension><gpxtpx:hr>163</gpxtpx:hr><gpxtpx:cad>79</gpxtpx:cad></gpxtpx:TrackPointExtension></extensions><extensions><gpxtpx:PowerExtension><gpxtpx:PowerInWatts>221</gpxtpx:PowerInWatts></gpxtpx:PowerExtension></extensions></trkpt>
<trkpt lat="38.5797155" lon="-121.4423494">
<ele>11</ele><time>2025-08-30T17:30:39.999Z</time><extensions><gpxtpx:TrackPointExtension><gpxtpx:hr>163</gpxtpx:hr><gpxtpx:cad>81</gpxtpx:cad></gpxtpx:TrackPointExtension></extensions><extensions><gpxtpx:PowerExtension><gpxtpx:PowerInWatts>221</gpxtpx:PowerInWatts></gpxtpx:PowerExtension></extensions></trkpt>
<trkpt lat="38.5797678" lon="-121.4423733">
<ele>11</ele><time>2025-08-30T17:30:41.999Z</time><extensions><gpxtpx:TrackPointExtension><gpxtpx:hr>163</gpxtpx:hr><gpxtpx:cad>84</gpxtpx:cad></gpxtpx:TrackPointExtension></extensions><extensions><gpxtpx:PowerExtension><gpxtpx:PowerInWatts>221</gpxtpx:PowerInWatts></gpxtpx:PowerExtension></extensions></trkpt>
<trkpt lat="38.5798285" lon="-121.4423704">
<ele>11</ele><time>2025-08-30T17:30:43.999Z</time><extensions><gpxtpx:TrackPointExtension><gpxtpx:hr>163</gpxtpx:hr><gpxtpx:cad>79</gpxtpx:cad></gpxtpx:TrackPointExtension></extensions><extensions><gpxtpx:PowerExtension><gpxtpx:PowerInWatts>220</gpxtpx:PowerInWatts></gpxtpx:PowerExtension></extensions></trkpt>
<trkpt lat="38.5799005" lon="-121.4423563">
<ele>11</ele><time>2025-08-30T17:30:46.999Z</time><extensions><gpxtpx:TrackPointExtension><gpxtpx:hr>162</gpxtpx:hr><gpxtpx:cad>76</gpxtpx:cad></gpxtpx:TrackPointExtension></extensions><extensions><gpxtpx:PowerExtension><gpxtpx:PowerInWatts>218</gpxtpx:PowerInWatts></gpxtpx:PowerExtension></extensions></trkpt>
<trkpt lat="38.5799521" lon="-121.4423432">
<ele>11</ele><time>2025-08-30T17:30:48.999Z</time><extensions><gpxtpx:TrackPointExtension><gpxtpx:hr>162</gpxtpx:hr><gpxtpx:cad>77</gpxtpx:cad></gpxtpx:TrackPointExtension></extensions><extensions><gpxtpx:PowerExtension><gpxtpx:PowerInWatts>219</gpxtpx:PowerInWatts></gpxtpx:PowerExtension></extensions></trkpt>
<trkpt lat="38.5799795" lon="-121.4422941">
<ele>11</ele><time>2025-08-30T17:30:50.999Z</time><extensions><gpxtpx:TrackPointExtension><gpxtpx:hr>162</gpxtpx:hr><gpxtpx:cad>80</gpxtpx:cad></gpxtpx:TrackPointExtension></extensions><extensions><gpxtpx:PowerExtension><gpxtpx:PowerInWatts>219</gpxtpx:PowerInWatts></gpxtpx:PowerExtension></extensions></trkpt>
<trkpt lat="38.5800330" lon="-121.4422655">
<ele>11</ele><time>2025-08-30T17:30:52.999Z</time><extensions><gpxtpx:TrackPointExtension><gpxtpx:hr>163</gpxtpx:hr><gpxtpx:cad>84</gpxtpx:cad></gpxtpx:TrackPointExtension></extensions><extensions><gpxtpx:PowerExtension><gpxtpx:PowerInWatts>217</gpxtpx:PowerInWatts></gpxtpx:PowerExtension></extensions></trkpt>
<trkpt lat="38.5800776" lon="-121.4422394">
<ele>11</ele><time>2025-08-30T17:30:54.999Z</time><extensions><gpxtpx:TrackPointExtension><gpxtpx:hr>163</gpxtpx:hr><gpxtpx:cad>81</gpxtpx:cad></gpxtpx:TrackPointExtension></extensions><extensions><gpxtpx:PowerExtension><gpxtpx:PowerInWatts>217</gpxtpx:PowerInWatts></gpxtpx:PowerExtension></extensions></trkpt>
<trkpt lat="38.5801200" lon="-121.4422102">
<ele>11</ele><time>2025-08-30T17:30:56.999Z</time><extensions><gpxtpx:TrackPointExtension><gpxtpx:hr>163</gpxtpx:hr><gpxtpx:cad>82</gpxtpx:cad></gpxtpx:TrackPointExtension></extensions><extensions><gpxtpx:PowerExtension><gpxtpx:PowerInWatts>215</gpxtpx:PowerInWatts></gpxtpx:PowerExtension></extensions></trkpt>
<trkpt lat="38.5801604" lon="-121.4421788">
<ele>10</ele><time>2025-08-30T17:30:58.999Z</time><extensions><gpxtpx:TrackPointExtension><gpxtpx:hr>162</gpxtpx:hr><gpxtpx:cad>77</gpxtpx:cad></gpxtpx:TrackPointExtension></extensions><extensions><gpxtpx:PowerExtension><gpxtpx:PowerInWatts>215</gpxtpx:PowerInWatts></gpxtpx:PowerExtension></extensions></trkpt>
<trkpt lat="38.5802159" lon="-121.4421414">
<ele>10</ele><time>2025-08-30T17:31:00.999Z</time><extensions><gpxtpx:TrackPointExtension><gpxtpx:hr>162</gpxtpx:hr><gpxtpx:cad>74</gpxtpx:cad></gpxtpx:TrackPointExtension></extensions><extensions><gpxtpx:PowerExtension><gpxtpx:PowerInWatts>215</gpxtpx:PowerInWatts></gpxtpx:PowerExtension></extensions></trkpt>
<trkpt lat="38.5802530" lon="-121.4421031">
<ele>10</ele><time>2025-08-30T17:31:02.999Z</time><extensions><gpxtpx:TrackPointExtension><gpxtpx:hr>161</gpxtpx:hr><gpxtpx:cad>78</gpxtpx:cad></gpxtpx:TrackPointExtension></extensions><extensions><gpxtpx:PowerExtension><gpxtpx:PowerInWatts>214</gpxtpx:PowerInWatts></gpxtpx:PowerExtension></extensions></trkpt>
<trkpt lat="38.5803052" lon="-121.4421172">
<ele>10</ele><time>2025-08-30T17:31:04.999Z</time><extensions><gpxtpx:TrackPointExtension><gpxtpx:hr>161</gpxtpx:hr><gpxtpx:cad>81</gpxtpx:cad></gpxtpx:TrackPointExtension></extensions><extensions><gpxtpx:PowerExtension><gpxtpx:PowerInWatts>213</gpxtpx:PowerInWatts></gpxtpx:PowerExtension></extensions></trkpt>
<trkpt lat="38.5803333" lon="-121.4422140">
<ele>10</ele><time>2025-08-30T17:31:06.999Z</time><extensions><gpxtpx:TrackPointExtension><gpxtpx:hr>161</gpxtpx:hr><gpxtpx:cad>79</gpxtpx:cad></gpxtpx:TrackPointExtension></extensions><extensions><gpxtpx:PowerExtension><gpxtpx:PowerInWatts>217</gpxtpx:PowerInWatts></gpxtpx:PowerExtension></extensions></trkpt>
<trkpt lat="38.5803419" lon="-121.4422789">
<ele>10</ele><time>2025-08-30T17:31:08.999Z</time><extensions><gpxtpx:TrackPointExtension><gpxtpx:hr>161</gpxtpx:hr><gpxtpx:cad>78</gpxtpx:cad></gpxtpx:TrackPointExtension></extensions><extensions><gpxtpx:PowerExtension><gpxtpx:PowerInWatts>217</gpxtpx:PowerInWatts></gpxtpx:PowerExtension></extensions></trkpt>
<trkpt lat="38.5803445" lon="-121.4423572">
<ele>10</ele><time>2025-08-30T17:31:11.999Z</time><extensions><gpxtpx:TrackPointExtension><gpxtpx:hr>161</gpxtpx:hr><gpxtpx:cad>79</gpxtpx:cad></gpxtpx:TrackPointExtension></extensions><extensions><gpxtpx:PowerExtension><gpxtpx:PowerInWatts>217</gpxtpx:PowerInWatts></gpxtpx:PowerExtension></extensions></trkpt>
<trkpt lat="38.5803737" lon="-121.4424014">
<ele>10</ele><time>2025-08-30T17:31:13.999Z</time><extensions><gpxtpx:TrackPointExtension><gpxtpx:hr>162</gpxtpx:hr><gpxtpx:cad>79</gpxtpx:cad></gpxtpx:TrackPointExtension></extensions><extensions><gpxtpx:PowerExtension><gpxtpx:PowerInWatts>212</gpxtpx:PowerInWatts></gpxtpx:PowerExtension></extensions></trkpt>
<trkpt lat="38.5804165" lon="-121.4424772">
<ele>10</ele><time>2025-08-30T17:31:16.999Z</time><extensions><gpxtpx:TrackPointExtension><gpxtpx:hr>161</gpxtpx:hr><gpxtpx:cad>80</gpxtpx:cad></gpxtpx:TrackPointExtension></extensions><extensions><gpxtpx:PowerExtension><gpxtpx:PowerInWatts>212</gpxtpx:PowerInWatts></gpxtpx:PowerExtension></extensions></trkpt>
<trkpt lat="38.5804512" lon="-121.4425394">
<ele>10</ele><time>2025-08-30T17:31:19.999Z</time><extensions><gpxtpx:TrackPointExtension><gpxtpx:hr>161</gpxtpx:hr><gpxtpx:cad>79</gpxtpx:cad></gpxtpx:TrackPointExtension></extensions><extensions><gpxtpx:PowerExtension><gpxtpx:PowerInWatts>204</gpxtpx:PowerInWatts></gpxtpx:PowerExtension></extensions></trkpt>
<trkpt lat="38.5804711" lon="-121.4426099">
<ele>10</ele><time>2025-08-30T17:31:21.999Z</time><extensions><gpxtpx:TrackPointExtension><gpxtpx:hr>161</gpxtpx:hr><gpxtpx:cad>78</gpxtpx:cad></gpxtpx:TrackPointExtension></extensions><extensions><gpxtpx:PowerExtension><gpxtpx:PowerInWatts>204</gpxtpx:PowerInWatts></gpxtpx:PowerExtension></extensions></trkpt>
<trkpt lat="38.5804990" lon="-121.4426714">
<ele>10</ele><time>2025-08-30T17:31:23.999Z</time><extensions><gpxtpx:TrackPointExtension><gpxtpx:hr>161</gpxtpx:hr><gpxtpx:cad>76</gpxtpx:cad></gpxtpx:TrackPointExtension></extensions><extensions><gpxtpx:PowerExtension><gpxtpx:PowerInWatts>204</gpxtpx:PowerInWatts></gpxtpx:PowerExtension></extensions></trkpt>
<trkpt lat="38.5805219" lon="-121.4427333">
<ele>10</ele><time>2025-08-30T17:31:25.999Z</time><extensions><gpxtpx:TrackPointExtension><gpxtpx:hr>162</gpxtpx:hr><gpxtpx:cad>74</gpxtpx:cad></gpxtpx:TrackPointExtension></extensions><extensions><gpxtpx:PowerExtension><gpxtpx:PowerInWatts>200</gpxtpx:PowerInWatts></gpxtpx:PowerExtension></extensions></trkpt>
<trkpt lat="38.5804801" lon="-121.4427954">
<ele>10</ele><time>2025-08-30T17:31:29.999Z</time><extensions><gpxtpx:TrackPointExtension><gpxtpx:hr>162</gpxtpx:hr><gpxtpx:cad>75</gpxtpx:cad></gpxtpx:TrackPointExtension></extensions><extensions><gpxtpx:PowerExtension><gpxtpx:PowerInWatts>206</gpxtpx:PowerInWatts></gpxtpx:PowerExtension></extensions></trkpt>
<trkpt lat="38.5804395" lon="-121.4428484">
<ele>10</ele><time>2025-08-30T17:31:31.999Z</time><extensions><gpxtpx:TrackPointExtension><gpxtpx:hr>162</gpxtpx:hr><gpxtpx:cad>79</gpxtpx:cad></gpxtpx:TrackPointExtension></extensions><extensions><gpxtpx:PowerExtension><gpxtpx:PowerInWatts>206</gpxtpx:PowerInWatts></gpxtpx:PowerExtension></extensions></trkpt>
<trkpt lat="38.5804355" lon="-121.4429222">
<ele>11</ele><time>2025-08-30T17:31:33.999Z</time><extensions><gpxtpx:TrackPointExtension><gpxtpx:hr>162</gpxtpx:hr><gpxtpx:cad>76</gpxtpx:cad></gpxtpx:TrackPointExtension></extensions><extensions><gpxtpx:PowerExtension><gpxtpx:PowerInWatts>205</gpxtpx:PowerInWatts></gpxtpx:PowerExtension></extensions></trkpt>
<trkpt lat="38.5804143" lon="-121.4429947">
<ele>11</ele><time>2025-08-30T17:31:35.999Z</time><extensions><gpxtpx:TrackPointExtension><gpxtpx:hr>162</gpxtpx:hr><gpxtpx:cad>75</gpxtpx:cad></gpxtpx:TrackPointExtension></extensions><extensions><gpxtpx:PowerExtension><gpxtpx:PowerInWatts>194</gpxtpx:PowerInWatts></gpxtpx:PowerExtension></extensions></trkpt>
<trkpt lat="38.5803739" lon="-121.4430381">
<ele>11</ele><time>2025-08-30T17:31:37.999Z</time><extensions><gpxtpx:TrackPointExtension><gpxtpx:hr>162</gpxtpx:hr><gpxtpx:cad>79</gpxtpx:cad></gpxtpx:TrackPointExtension></extensions><extensions><gpxtpx:PowerExtension><gpxtpx:PowerInWatts>194</gpxtpx:PowerInWatts></gpxtpx:PowerExtension></extensions></trkpt>
<trkpt lat="38.5803353" lon="-121.4430705">
<ele>11</ele><time>2025-08-30T17:31:39.999Z</time><extensions><gpxtpx:TrackPointExtension><gpxtpx:hr>163</gpxtpx:hr><gpxtpx:cad>80</gpxtpx:cad></gpxtpx:TrackPointExtension></extensions><extensions><gpxtpx:PowerExtension><gpxtpx:PowerInWatts>194</gpxtpx:PowerInWatts></gpxtpx:PowerExtension></extensions></trkpt>
<trkpt lat="38.5802884" lon="-121.4431085">
<ele>11</ele><time>2025-08-30T17:31:41.999Z</time><extensions><gpxtpx:TrackPointExtension><gpxtpx:hr>163</gpxtpx:hr><gpxtpx:cad>80</gpxtpx:cad></gpxtpx:TrackPointExtension></extensions><extensions><gpxtpx:PowerExtension><gpxtpx:PowerInWatts>206</gpxtpx:PowerInWatts></gpxtpx:PowerExtension></extensions></trkpt>
<trkpt lat="38.5802493" lon="-121.4431475">
<ele>11</ele><time>2025-08-30T17:31:43.999Z</time><extensions><gpxtpx:TrackPointExtension><gpxtpx:hr>163</gpxtpx:hr><gpxtpx:cad>78</gpxtpx:cad></gpxtpx:TrackPointExtension></extensions><extensions><gpxtpx:PowerExtension><gpxtpx:PowerInWatts>206</gpxtpx:PowerInWatts></gpxtpx:PowerExtension></extensions></trkpt>
<trkpt lat="38.5802192" lon="-121.4431951">
<ele>11</ele><time>2025-08-30T17:31:45.999Z</time><extensions><gpxtpx:TrackPointExtension><gpxtpx:hr>163</gpxtpx:hr><gpxtpx:cad>80</gpxtpx:cad></gpxtpx:TrackPointExtension></extensions><extensions><gpxtpx:PowerExtension><gpxtpx:PowerInWatts>206</gpxtpx:PowerInWatts></gpxtpx:PowerExtension></extensions></trkpt>
<trkpt lat="38.5801676" lon="-121.4432391">
<ele>11</ele><time>2025-08-30T17:31:48.999Z</time><extensions><gpxtpx:TrackPointExtension><gpxtpx:hr>164</gpxtpx:hr><gpxtpx:cad>81</gpxtpx:cad></gpxtpx:TrackPointExtension></extensions><extensions><gpxtpx:PowerExtension><gpxtpx:PowerInWatts>205</gpxtpx:PowerInWatts></gpxtpx:PowerExtension></extensions></trkpt>
<trkpt lat="38.5801123" lon="-121.4432856">
<ele>11</ele><time>2025-08-30T17:31:51.999Z</time><extensions><gpxtpx:TrackPointExtension><gpxtpx:hr>164</gpxtpx:hr><gpxtpx:cad>81</gpxtpx:cad></gpxtpx:TrackPointExtension></extensions><extensions><gpxtpx:PowerExtension><gpxtpx:PowerInWatts>205</gpxtpx:PowerInWatts></gpxtpx:PowerExtension></extensions></trkpt>
<trkpt lat="38.5800686" lon="-121.4433168">
<ele>11</ele><time>2025-08-30T17:31:53.999Z</time><extensions><gpxtpx:TrackPointExtension><gpxtpx:hr>163</gpxtpx:hr><gpxtpx:cad>77</gpxtpx:cad></gpxtpx:TrackPointExtension></extensions><extensions><gpxtpx:PowerExtension><gpxtpx:PowerInWatts>201</gpxtpx:PowerInWatts></gpxtpx:PowerExtension></extensions></trkpt>
<trkpt lat="38.5800164" lon="-121.4433767">
<ele>11</ele><time>2025-08-30T17:31:56.999Z</time><extensions><gpxtpx:TrackPointExtension><gpxtpx:hr>162</gpxtpx:hr><gpxtpx:cad>78</gpxtpx:cad></gpxtpx:TrackPointExtension></extensions><extensions><gpxtpx:PowerExtension><gpxtpx:PowerInWatts>201</gpxtpx:PowerInWatts></gpxtpx:PowerExtension></extensions></trkpt>
<trkpt lat="38.5799572" lon="-121.4434293">
<ele>11</ele><time>2025-08-30T17:31:58.999Z</time><extensions><gpxtpx:TrackPointExtension><gpxtpx:hr>162</gpxtpx:hr><gpxtpx:cad>78</gpxtpx:cad></gpxtpx:TrackPointExtension></extensions><extensions><gpxtpx:PowerExtension><gpxtpx:PowerInWatts>198</gpxtpx:PowerInWatts></gpxtpx:PowerExtension></extensions></trkpt>
<trkpt lat="38.5799173" lon="-121.4434799">
<ele>11</ele><time>2025-08-30T17:32:01.000Z</time><extensions><gpxtpx:TrackPointExtension><gpxtpx:hr>162</gpxtpx:hr><gpxtpx:cad>82</gpxtpx:cad></gpxtpx:TrackPointExtension></extensions><extensions><gpxtpx:PowerExtension><gpxtpx:PowerInWatts>198</gpxtpx:PowerInWatts></gpxtpx:PowerExtension></extensions></trkpt>
<trkpt lat="38.5798533" lon="-121.4435318">
<ele>11</ele><time>2025-08-30T17:32:04.000Z</time><extensions><gpxtpx:TrackPointExtension><gpxtpx:hr>163</gpxtpx:hr><gpxtpx:cad>78</gpxtpx:cad></gpxtpx:TrackPointExtension></extensions><extensions><gpxtpx:PowerExtension><gpxtpx:PowerInWatts>203</gpxtpx:PowerInWatts></gpxtpx:PowerExtension></extensions></trkpt>
<trkpt lat="38.5798093" lon="-121.4435502">
<ele>11</ele><time>2025-08-30T17:32:06.000Z</time><extensions><gpxtpx:TrackPointExtension><gpxtpx:hr>163</gpxtpx:hr><gpxtpx:cad>81</gpxtpx:cad></gpxtpx:TrackPointExtension></extensions><extensions><gpxtpx:PowerExtension><gpxtpx:PowerInWatts>208</gpxtpx:PowerInWatts></gpxtpx:PowerExtension></extensions></trkpt>
<trkpt lat="38.5797698" lon="-121.4436081">
<ele>11</ele><time>2025-08-30T17:32:08.000Z</time><extensions><gpxtpx:TrackPointExtension><gpxtpx:hr>163</gpxtpx:hr><gpxtpx:cad>79</gpxtpx:cad></gpxtpx:TrackPointExtension></extensions><extensions><gpxtpx:PowerExtension><gpxtpx:PowerInWatts>208</gpxtpx:PowerInWatts></gpxtpx:PowerExtension></extensions></trkpt>
<trkpt lat="38.5797311" lon="-121.4436657">
<ele>11</ele><time>2025-08-30T17:32:10.000Z</time><extensions><gpxtpx:TrackPointExtension><gpxtpx:hr>163</gpxtpx:hr><gpxtpx:cad>82</gpxtpx:cad></gpxtpx:TrackPointExtension></extensions><extensions><gpxtpx:PowerExtension><gpxtpx:PowerInWatts>205</gpxtpx:PowerInWatts></gpxtpx:PowerExtension></extensions></trkpt>
<trkpt lat="38.5796715" lon="-121.4437199">
<ele>11</ele><time>2025-08-30T17:32:13.000Z</time><extensions><gpxtpx:TrackPointExtension><gpxtpx:hr>163</gpxtpx:hr><gpxtpx:cad>79</gpxtpx:cad></gpxtpx:TrackPointExtension></extensions><extensions><gpxtpx:PowerExtension><gpxtpx:PowerInWatts>208</gpxtpx:PowerInWatts></gpxtpx:PowerExtension></extensions></trkpt>
<trkpt lat="38.5796234" lon="-121.4437862">
<ele>11</ele><time>2025-08-30T17:32:16.000Z</time><extensions><gpxtpx:TrackPointExtension><gpxtpx:hr>163</gpxtpx:hr><gpxtpx:cad>79</gpxtpx:cad></gpxtpx:TrackPointExtension></extensions><extensions><gpxtpx:PowerExtension><gpxtpx:PowerInWatts>209</gpxtpx:PowerInWatts></gpxtpx:PowerExtension></extensions></trkpt>
<trkpt lat="38.5795821" lon="-121.4438196">
<ele>11</ele><time>2025-08-30T17:32:18.000Z</time><extensions><gpxtpx:TrackPointExtension><gpxtpx:hr>163</gpxtpx:hr><gpxtpx:cad>78</gpxtpx:cad></gpxtpx:TrackPointExtension></extensions><extensions><gpxtpx:PowerExtension><gpxtpx:PowerInWatts>213</gpxtpx:PowerInWatts></gpxtpx:PowerExtension></extensions></trkpt>
<trkpt lat="38.5795284" lon="-121.4438561">
<ele>11</ele><time>2025-08-30T17:32:20.000Z</time><extensions><gpxtpx:TrackPointExtension><gpxtpx:hr>163</gpxtpx:hr><gpxtpx:cad>74</gpxtpx:cad></gpxtpx:TrackPointExtension></extensions><extensions><gpxtpx:PowerExtension><gpxtpx:PowerInWatts>212</gpxtpx:PowerInWatts></gpxtpx:PowerExtension></extensions></trkpt>
<trkpt lat="38.5794855" lon="-121.4439059">
<ele>11</ele><time>2025-08-30T17:32:22.000Z</time><extensions><gpxtpx:TrackPointExtension><gpxtpx:hr>162</gpxtpx:hr><gpxtpx:cad>76</gpxtpx:cad></gpxtpx:TrackPointExtension></extensions><extensions><gpxtpx:PowerExtension><gpxtpx:PowerInWatts>210</gpxtpx:PowerInWatts></gpxtpx:PowerExtension></extensions></trkpt>
<trkpt lat="38.5794442" lon="-121.4439651">
<ele>11</ele><time>2025-08-30T17:32:24.000Z</time><extensions><gpxtpx:TrackPointExtension><gpxtpx:hr>162</gpxtpx:hr><gpxtpx:cad>82</gpxtpx:cad></gpxtpx:TrackPointExtension></extensions><extensions><gpxtpx:PowerExtension><gpxtpx:PowerInWatts>212</gpxtpx:PowerInWatts></gpxtpx:PowerExtension></extensions></trkpt>
<trkpt lat="38.5793970" lon="-121.4440319">
<ele>11</ele><time>2025-08-30T17:32:27.000Z</time><extensions><gpxtpx:TrackPointExtension><gpxtpx:hr>162</gpxtpx:hr><gpxtpx:cad>85</gpxtpx:cad></gpxtpx:TrackPointExtension></extensions><extensions><gpxtpx:PowerExtension><gpxtpx:PowerInWatts>217</gpxtpx:PowerInWatts></gpxtpx:PowerExtension></extensions></trkpt>
<trkpt lat="38.5793505" lon="-121.4440826">
<ele>11</ele><time>2025-08-30T17:32:29.000Z</time><extensions><gpxtpx:TrackPointExtension><gpxtpx:hr>161</gpxtpx:hr><gpxtpx:cad>75</gpxtpx:cad></gpxtpx:TrackPointExtension></extensions><extensions><gpxtpx:PowerExtension><gpxtpx:PowerInWatts>217</gpxtpx:PowerInWatts></gpxtpx:PowerExtension></extensions></trkpt>
<trkpt lat="38.5792934" lon="-121.4441272">
<ele>11</ele><time>2025-08-30T17:32:31.000Z</time><extensions><gpxtpx:TrackPointExtension><gpxtpx:hr>160</gpxtpx:hr><gpxtpx:cad>78</gpxtpx:cad></gpxtpx:TrackPointExtension></extensions><extensions><gpxtpx:PowerExtension><gpxtpx:PowerInWatts>222</gpxtpx:PowerInWatts></gpxtpx:PowerExtension></extensions></trkpt>
<trkpt lat="38.5792514" lon="-121.4441933">
<ele>11</ele><time>2025-08-30T17:32:33.000Z</time><extensions><gpxtpx:TrackPointExtension><gpxtpx:hr>160</gpxtpx:hr><gpxtpx:cad>84</gpxtpx:cad></gpxtpx:TrackPointExtension></extensions><extensions><gpxtpx:PowerExtension><gpxtpx:PowerInWatts>221</gpxtpx:PowerInWatts></gpxtpx:PowerExtension></extensions></trkpt>
<trkpt lat="38.5792018" lon="-121.4442271">
<ele>11</ele><time>2025-08-30T17:32:35.000Z</time><extensions><gpxtpx:TrackPointExtension><gpxtpx:hr>160</gpxtpx:hr><gpxtpx:cad>79</gpxtpx:cad></gpxtpx:TrackPointExtension></extensions><extensions><gpxtpx:PowerExtension><gpxtpx:PowerInWatts>225</gpxtpx:PowerInWatts></gpxtpx:PowerExtension></extensions></trkpt>
<trkpt lat="38.5791503" lon="-121.4442790">
<ele>11</ele><time>2025-08-30T17:32:37.000Z</time><extensions><gpxtpx:TrackPointExtension><gpxtpx:hr>160</gpxtpx:hr><gpxtpx:cad>74</gpxtpx:cad></gpxtpx:TrackPointExtension></extensions><extensions><gpxtpx:PowerExtension><gpxtpx:PowerInWatts>225</gpxtpx:PowerInWatts></gpxtpx:PowerExtension></extensions></trkpt>
<trkpt lat="38.5791166" lon="-121.4443309">
<ele>11</ele><time>2025-08-30T17:32:39.000Z</time><extensions><gpxtpx:TrackPointExtension><gpxtpx:hr>161</gpxtpx:hr><gpxtpx:cad>76</gpxtpx:cad></gpxtpx:TrackPointExtension></extensions><extensions><gpxtpx:PowerExtension><gpxtpx:PowerInWatts>228</gpxtpx:PowerInWatts></gpxtpx:PowerExtension></extensions></trkpt>
<trkpt lat="38.5790713" lon="-121.4443747">
<ele>11</ele><time>2025-08-30T17:32:41.000Z</time><extensions><gpxtpx:TrackPointExtension><gpxtpx:hr>162</gpxtpx:hr><gpxtpx:cad>77</gpxtpx:cad></gpxtpx:TrackPointExtension></extensions><extensions><gpxtpx:PowerExtension><gpxtpx:PowerInWatts>231</gpxtpx:PowerInWatts></gpxtpx:PowerExtension></extensions></trkpt>
<trkpt lat="38.5790265" lon="-121.4444140">
<ele>11</ele><time>2025-08-30T17:32:43.000Z</time><extensions><gpxtpx:TrackPointExtension><gpxtpx:hr>163</gpxtpx:hr><gpxtpx:cad>82</gpxtpx:cad></gpxtpx:TrackPointExtension></extensions><extensions><gpxtpx:PowerExtension><gpxtpx:PowerInWatts>230</gpxtpx:PowerInWatts></gpxtpx:PowerExtension></extensions></trkpt>
<trkpt lat="38.5789800" lon="-121.4444646">
<ele>11</ele><time>2025-08-30T17:32:45.000Z</time><extensions><gpxtpx:TrackPointExtension><gpxtpx:hr>163</gpxtpx:hr><gpxtpx:cad>79</gpxtpx:cad></gpxtpx:TrackPointExtension></extensions><extensions><gpxtpx:PowerExtension><gpxtpx:PowerInWatts>230</gpxtpx:PowerInWatts></gpxtpx:PowerExtension></extensions></trkpt>
<trkpt lat="38.5789369" lon="-121.4444923">
<ele>11</ele><time>2025-08-30T17:32:47.000Z</time><extensions><gpxtpx:TrackPointExtension><gpxtpx:hr>163</gpxtpx:hr><gpxtpx:cad>78</gpxtpx:cad></gpxtpx:TrackPointExtension></extensions><extensions><gpxtpx:PowerExtension><gpxtpx:PowerInWatts>230</gpxtpx:PowerInWatts></gpxtpx:PowerExtension></extensions></trkpt>
<trkpt lat="38.5788924" lon="-121.4445183">
<ele>11</ele><time>2025-08-30T17:32:49.000Z</time><extensions><gpxtpx:TrackPointExtension><gpxtpx:hr>163</gpxtpx:hr><gpxtpx:cad>78</gpxtpx:cad></gpxtpx:TrackPointExtension></extensions><extensions><gpxtpx:PowerExtension><gpxtpx:PowerInWatts>230</gpxtpx:PowerInWatts></gpxtpx:PowerExtension></extensions></trkpt>
<trkpt lat="38.5788470" lon="-121.4445620">
<ele>11</ele><time>2025-08-30T17:32:51.000Z</time><extensions><gpxtpx:TrackPointExtension><gpxtpx:hr>164</gpxtpx:hr><gpxtpx:cad>78</gpxtpx:cad></gpxtpx:TrackPointExtension></extensions><extensions><gpxtpx:PowerExtension><gpxtpx:PowerInWatts>230</gpxtpx:PowerInWatts></gpxtpx:PowerExtension></extensions></trkpt>
<trkpt lat="38.5788300" lon="-121.4446269">
<ele>11</ele><time>2025-08-30T17:32:53.000Z</time><extensions><gpxtpx:TrackPointExtension><gpxtpx:hr>164</gpxtpx:hr><gpxtpx:cad>75</gpxtpx:cad></gpxtpx:TrackPointExtension></extensions><extensions><gpxtpx:PowerExtension><gpxtpx:PowerInWatts>232</gpxtpx:PowerInWatts></gpxtpx:PowerExtension></extensions></trkpt>
<trkpt lat="38.5788356" lon="-121.4447020">
<ele>11</ele><time>2025-08-30T17:32:55.000Z</time><extensions><gpxtpx:TrackPointExtension><gpxtpx:hr>164</gpxtpx:hr><gpxtpx:cad>77</gpxtpx:cad></gpxtpx:TrackPointExtension></extensions><extensions><gpxtpx:PowerExtension><gpxtpx:PowerInWatts>229</gpxtpx:PowerInWatts></gpxtpx:PowerExtension></extensions></trkpt>
<trkpt lat="38.5788360" lon="-121.4447819">
<ele>11</ele><time>2025-08-30T17:32:56.999Z</time><extensions><gpxtpx:TrackPointExtension><gpxtpx:hr>164</gpxtpx:hr><gpxtpx:cad>76</gpxtpx:cad></gpxtpx:TrackPointExtension></extensions><extensions><gpxtpx:PowerExtension><gpxtpx:PowerInWatts>229</gpxtpx:PowerInWatts></gpxtpx:PowerExtension></extensions></trkpt>
<trkpt lat="38.5788268" lon="-121.4448471">
<ele>11</ele><time>2025-08-30T17:32:58.999Z</time><extensions><gpxtpx:TrackPointExtension><gpxtpx:hr>164</gpxtpx:hr><gpxtpx:cad>69</gpxtpx:cad></gpxtpx:TrackPointExtension></extensions><extensions><gpxtpx:PowerExtension><gpxtpx:PowerInWatts>229</gpxtpx:PowerInWatts></gpxtpx:PowerExtension></extensions></trkpt>
<trkpt lat="38.5788102" lon="-121.4449222">
<ele>11</ele><time>2025-08-30T17:33:00.999Z</time><extensions><gpxtpx:TrackPointExtension><gpxtpx:hr>164</gpxtpx:hr><gpxtpx:cad>72</gpxtpx:cad></gpxtpx:TrackPointExtension></extensions><extensions><gpxtpx:PowerExtension><gpxtpx:PowerInWatts>229</gpxtpx:PowerInWatts></gpxtpx:PowerExtension></extensions></trkpt>
<trkpt lat="38.5788212" lon="-121.4449989">
<ele>11</ele><time>2025-08-30T17:33:02.999Z</time><extensions><gpxtpx:TrackPointExtension><gpxtpx:hr>164</gpxtpx:hr><gpxtpx:cad>76</gpxtpx:cad></gpxtpx:TrackPointExtension></extensions><extensions><gpxtpx:PowerExtension><gpxtpx:PowerInWatts>232</gpxtpx:PowerInWatts></gpxtpx:PowerExtension></extensions></trkpt>
<trkpt lat="38.5787955" lon="-121.4450763">
<ele>11</ele><time>2025-08-30T17:33:04.999Z</time><extensions><gpxtpx:TrackPointExtension><gpxtpx:hr>164</gpxtpx:hr><gpxtpx:cad>81</gpxtpx:cad></gpxtpx:TrackPointExtension></extensions><extensions><gpxtpx:PowerExtension><gpxtpx:PowerInWatts>232</gpxtpx:PowerInWatts></gpxtpx:PowerExtension></extensions></trkpt>
<trkpt lat="38.5788145" lon="-121.4451513">
<ele>11</ele><time>2025-08-30T17:33:06.999Z</time><extensions><gpxtpx:TrackPointExtension><gpxtpx:hr>164</gpxtpx:hr><gpxtpx:cad>82</gpxtpx:cad></gpxtpx:TrackPointExtension></extensions><extensions><gpxtpx:PowerExtension><gpxtpx:PowerInWatts>232</gpxtpx:PowerInWatts></gpxtpx:PowerExtension></extensions></trkpt>
<trkpt lat="38.5788164" lon="-121.4452192">
<ele>11</ele><time>2025-08-30T17:33:08.999Z</time><extensions><gpxtpx:TrackPointExtension><gpxtpx:hr>164</gpxtpx:hr><gpxtpx:cad>75</gpxtpx:cad></gpxtpx:TrackPointExtension></extensions><extensions><gpxtpx:PowerExtension><gpxtpx:PowerInWatts>234</gpxtpx:PowerInWatts></gpxtpx:PowerExtension></extensions></trkpt>
<trkpt lat="38.5788383" lon="-121.4452780">
<ele>11</ele><time>2025-08-30T17:33:10.999Z</time><extensions><gpxtpx:TrackPointExtension><gpxtpx:hr>164</gpxtpx:hr><gpxtpx:cad>77</gpxtpx:cad></gpxtpx:TrackPointExtension></extensions><extensions><gpxtpx:PowerExtension><gpxtpx:PowerInWatts>234</gpxtpx:PowerInWatts></gpxtpx:PowerExtension></extensions></trkpt>
<trkpt lat="38.5788775" lon="-121.4453143">
<ele>11</ele><time>2025-08-30T17:33:11.999Z</time><extensions><gpxtpx:TrackPointExtension><gpxtpx:hr>164</gpxtpx:hr><gpxtpx:cad>77</gpxtpx:cad></gpxtpx:TrackPointExtension></extensions><extensions><gpxtpx:PowerExtension><gpxtpx:PowerInWatts>234</gpxtpx:PowerInWatts></gpxtpx:PowerExtension></extensions></trkpt>
<trkpt lat="38.5789462" lon="-121.4453184">
<ele>11</ele><time>2025-08-30T17:33:13.999Z</time><extensions><gpxtpx:TrackPointExtension><gpxtpx:hr>164</gpxtpx:hr><gpxtpx:cad>80</gpxtpx:cad></gpxtpx:TrackPointExtension></extensions><extensions><gpxtpx:PowerExtension><gpxtpx:PowerInWatts>234</gpxtpx:PowerInWatts></gpxtpx:PowerExtension></extensions></trkpt>
<trkpt lat="38.5790013" lon="-121.4452884">
<ele>11</ele><time>2025-08-30T17:33:15.999Z</time><extensions><gpxtpx:TrackPointExtension><gpxtpx:hr>163</gpxtpx:hr><gpxtpx:cad>80</gpxtpx:cad></gpxtpx:TrackPointExtension></extensions><extensions><gpxtpx:PowerExtension><gpxtpx:PowerInWatts>238</gpxtpx:PowerInWatts></gpxtpx:PowerExtension></extensions></trkpt>
<trkpt lat="38.5790606" lon="-121.4453050">
<ele>11</ele><time>2025-08-30T17:33:17.999Z</time><extensions><gpxtpx:TrackPointExtension><gpxtpx:hr>164</gpxtpx:hr><gpxtpx:cad>75</gpxtpx:cad></gpxtpx:TrackPointExtension></extensions><extensions><gpxtpx:PowerExtension><gpxtpx:PowerInWatts>238</gpxtpx:PowerInWatts></gpxtpx:PowerExtension></extensions></trkpt>
<trkpt lat="38.5791218" lon="-121.4452959">
<ele>11</ele><time>2025-08-30T17:33:19.999Z</time><extensions><gpxtpx:TrackPointExtension><gpxtpx:hr>164</gpxtpx:hr><gpxtpx:cad>77</gpxtpx:cad></gpxtpx:TrackPointExtension></extensions><extensions><gpxtpx:PowerExtension><gpxtpx:PowerInWatts>241</gpxtpx:PowerInWatts></gpxtpx:PowerExtension></extensions></trkpt>
<trkpt lat="38.5791929" lon="-121.4453025">
<ele>11</ele><time>2025-08-30T17:33:22.000Z</time><extensions><gpxtpx:TrackPointExtension><gpxtpx:hr>164</gpxtpx:hr><gpxtpx:cad>80</gpxtpx:cad></gpxtpx:TrackPointExtension></extensions><extensions><gpxtpx:PowerExtension><gpxtpx:PowerInWatts>241</gpxtpx:PowerInWatts></gpxtpx:PowerExtension></extensions></trkpt>
<trkpt lat="38.5792632" lon="-121.4452790">
<ele>11</ele><time>2025-08-30T17:33:24.000Z</time><extensions><gpxtpx:TrackPointExtension><gpxtpx:hr>164</gpxtpx:hr><gpxtpx:cad>79</gpxtpx:cad></gpxtpx:TrackPointExtension></extensions><extensions><gpxtpx:PowerExtension><gpxtpx:PowerInWatts>239</gpxtpx:PowerInWatts></gpxtpx:PowerExtension></extensions></trkpt>
<trkpt lat="38.5793070" lon="-121.4452398">
<ele>11</ele><time>2025-08-30T17:33:26.000Z</time><extensions><gpxtpx:TrackPointExtension><gpxtpx:hr>164</gpxtpx:hr><gpxtpx:cad>82</gpxtpx:cad></gpxtpx:TrackPointExtension></extensions><extensions><gpxtpx:PowerExtension><gpxtpx:PowerInWatts>239</gpxtpx:PowerInWatts></gpxtpx:PowerExtension></extensions></trkpt>
<trkpt lat="38.5793583" lon="-121.4452022">
<ele>11</ele><time>2025-08-30T17:33:28.000Z</time><extensions><gpxtpx:TrackPointExtension><gpxtpx:hr>164</gpxtpx:hr><gpxtpx:cad>82</gpxtpx:cad></gpxtpx:TrackPointExtension></extensions><extensions><gpxtpx:PowerExtension><gpxtpx:PowerInWatts>244</gpxtpx:PowerInWatts></gpxtpx:PowerExtension></extensions></trkpt>
<trkpt lat="38.5794024" lon="-121.4451663">
<ele>11</ele><time>2025-08-30T17:33:30.000Z</time><extensions><gpxtpx:TrackPointExtension><gpxtpx:hr>164</gpxtpx:hr><gpxtpx:cad>79</gpxtpx:cad></gpxtpx:TrackPointExtension></extensions><extensions><gpxtpx:PowerExtension><gpxtpx:PowerInWatts>244</gpxtpx:PowerInWatts></gpxtpx:PowerExtension></extensions></trkpt>
<trkpt lat="38.5794437" lon="-121.4450998">
<ele>11</ele><time>2025-08-30T17:33:32.000Z</time><extensions><gpxtpx:TrackPointExtension><gpxtpx:hr>164</gpxtpx:hr><gpxtpx:cad>77</gpxtpx:cad></gpxtpx:TrackPointExtension></extensions><extensions><gpxtpx:PowerExtension><gpxtpx:PowerInWatts>245</gpxtpx:PowerInWatts></gpxtpx:PowerExtension></extensions></trkpt>
<trkpt lat="38.5794906" lon="-121.4450614">
<ele>11</ele><time>2025-08-30T17:33:34.000Z</time><extensions><gpxtpx:TrackPointExtension><gpxtpx:hr>164</gpxtpx:hr><gpxtpx:cad>77</gpxtpx:cad></gpxtpx:TrackPointExtension></extensions><extensions><gpxtpx:PowerExtension><gpxtpx:PowerInWatts>243</gpxtpx:PowerInWatts></gpxtpx:PowerExtension></extensions></trkpt>
<trkpt lat="38.5795312" lon="-121.4450222">
<ele>11</ele><time>2025-08-30T17:33:36.000Z</time><extensions><gpxtpx:TrackPointExtension><gpxtpx:hr>164</gpxtpx:hr><gpxtpx:cad>78</gpxtpx:cad></gpxtpx:TrackPointExtension></extensions><extensions><gpxtpx:PowerExtension><gpxtpx:PowerInWatts>243</gpxtpx:PowerInWatts></gpxtpx:PowerExtension></extensions></trkpt>
<trkpt lat="38.5795928" lon="-121.4449762">
<ele>11</ele><time>2025-08-30T17:33:39.000Z</time><extensions><gpxtpx:TrackPointExtension><gpxtpx:hr>164</gpxtpx:hr><gpxtpx:cad>80</gpxtpx:cad></gpxtpx:TrackPointExtension></extensions><extensions><gpxtpx:PowerExtension><gpxtpx:PowerInWatts>242</gpxtpx:PowerInWatts></gpxtpx:PowerExtension></extensions></trkpt>
<trkpt lat="38.5796380" lon="-121.4449420">
<ele>11</ele><time>2025-08-30T17:33:41.000Z</time><extensions><gpxtpx:TrackPointExtension><gpxtpx:hr>164</gpxtpx:hr><gpxtpx:cad>78</gpxtpx:cad></gpxtpx:TrackPointExtension></extensions><extensions><gpxtpx:PowerExtension><gpxtpx:PowerInWatts>242</gpxtpx:PowerInWatts></gpxtpx:PowerExtension></extensions></trkpt>
<trkpt lat="38.5796922" lon="-121.4448998">
<ele>11</ele><time>2025-08-30T17:33:43.000Z</time><extensions><gpxtpx:TrackPointExtension><gpxtpx:hr>165</gpxtpx:hr><gpxtpx:cad>76</gpxtpx:cad></gpxtpx:TrackPointExtension></extensions><extensions><gpxtpx:PowerExtension><gpxtpx:PowerInWatts>240</gpxtpx:PowerInWatts></gpxtpx:PowerExtension></extensions></trkpt>
<trkpt lat="38.5797417" lon="-121.4448293">
<ele>11</ele><time>2025-08-30T17:33:46.000Z</time><extensions><gpxtpx:TrackPointExtension><gpxtpx:hr>165</gpxtpx:hr><gpxtpx:cad>82</gpxtpx:cad></gpxtpx:TrackPointExtension></extensions><extensions><gpxtpx:PowerExtension><gpxtpx:PowerInWatts>236</gpxtpx:PowerInWatts></gpxtpx:PowerExtension></extensions></trkpt>
<trkpt lat="38.5797835" lon="-121.4447941">
<ele>11</ele><time>2025-08-30T17:33:48.000Z</time><extensions><gpxtpx:TrackPointExtension><gpxtpx:hr>165</gpxtpx:hr><gpxtpx:cad>82</gpxtpx:cad></gpxtpx:TrackPointExtension></extensions><extensions><gpxtpx:PowerExtension><gpxtpx:PowerInWatts>234</gpxtpx:PowerInWatts></gpxtpx:PowerExtension></extensions></trkpt>
<trkpt lat="38.5798337" lon="-121.4447671">
<ele>11</ele><time>2025-08-30T17:33:50.000Z</time><extensions><gpxtpx:TrackPointExtension><gpxtpx:hr>164</gpxtpx:hr><gpxtpx:cad>81</gpxtpx:cad></gpxtpx:TrackPointExtension></extensions><extensions><gpxtpx:PowerExtension><gpxtpx:PowerInWatts>233</gpxtpx:PowerInWatts></gpxtpx:PowerExtension></extensions></trkpt>
<trkpt lat="38.5798838" lon="-121.4447221">
<ele>11</ele><time>2025-08-30T17:33:52.000Z</time><extensions><gpxtpx:TrackPointExtension><gpxtpx:hr>164</gpxtpx:hr><gpxtpx:cad>79</gpxtpx:cad></gpxtpx:TrackPointExtension></extensions><extensions><gpxtpx:PowerExtension><gpxtpx:PowerInWatts>233</gpxtpx:PowerInWatts></gpxtpx:PowerExtension></extensions></trkpt>
<trkpt lat="38.5799270" lon="-121.4446752">
<ele>11</ele><time>2025-08-30T17:33:55.000Z</time><extensions><gpxtpx:TrackPointExtension><gpxtpx:hr>165</gpxtpx:hr><gpxtpx:cad>76</gpxtpx:cad></gpxtpx:TrackPointExtension></extensions><extensions><gpxtpx:PowerExtension><gpxtpx:PowerInWatts>234</gpxtpx:PowerInWatts></gpxtpx:PowerExtension></extensions></trkpt>
<trkpt lat="38.5799610" lon="-121.4446326">
<ele>11</ele><time>2025-08-30T17:33:57.000Z</time><extensions><gpxtpx:TrackPointExtension><gpxtpx:hr>165</gpxtpx:hr><gpxtpx:cad>82</gpxtpx:cad></gpxtpx:TrackPointExtension></extensions><extensions><gpxtpx:PowerExtension><gpxtpx:PowerInWatts>233</gpxtpx:PowerInWatts></gpxtpx:PowerExtension></extensions></trkpt>
<trkpt lat="38.5800031" lon="-121.4445830">
<ele>11</ele><time>2025-08-30T17:33:59.000Z</time><extensions><gpxtpx:TrackPointExtension><gpxtpx:hr>165</gpxtpx:hr><gpxtpx:cad>83</gpxtpx:cad></gpxtpx:TrackPointExtension></extensions><extensions><gpxtpx:PowerExtension><gpxtpx:PowerInWatts>233</gpxtpx:PowerInWatts></gpxtpx:PowerExtension></extensions></trkpt>
<trkpt lat="38.5800456" lon="-121.4445469">
<ele>11</ele><time>2025-08-30T17:34:01.000Z</time><extensions><gpxtpx:TrackPointExtension><gpxtpx:hr>165</gpxtpx:hr><gpxtpx:cad>80</gpxtpx:cad></gpxtpx:TrackPointExtension></extensions><extensions><gpxtpx:PowerExtension><gpxtpx:PowerInWatts>229</gpxtpx:PowerInWatts></gpxtpx:PowerExtension></extensions></trkpt>
<trkpt lat="38.5801070" lon="-121.4444857">
<ele>11</ele><time>2025-08-30T17:34:04.000Z</time><extensions><gpxtpx:TrackPointExtension><gpxtpx:hr>165</gpxtpx:hr><gpxtpx:cad>80</gpxtpx:cad></gpxtpx:TrackPointExtension></extensions><extensions><gpxtpx:PowerExtension><gpxtpx:PowerInWatts>229</gpxtpx:PowerInWatts></gpxtpx:PowerExtension></extensions></trkpt>
<trkpt lat="38.5801534" lon="-121.4444574">
<ele>11</ele><time>2025-08-30T17:34:06.000Z</time><extensions><gpxtpx:TrackPointExtension><gpxtpx:hr>165</gpxtpx:hr><gpxtpx:cad>81</gpxtpx:cad></gpxtpx:TrackPointExtension></extensions><extensions><gpxtpx:PowerExtension><gpxtpx:PowerInWatts>229</gpxtpx:PowerInWatts></gpxtpx:PowerExtension></extensions></trkpt>
<trkpt lat="38.5802017" lon="-121.4444060">
<ele>11</ele><time>2025-08-30T17:34:08.000Z</time><extensions><gpxtpx:TrackPointExtension><gpxtpx:hr>165</gpxtpx:hr><gpxtpx:cad>79</gpxtpx:cad></gpxtpx:TrackPointExtension></extensions><extensions><gpxtpx:PowerExtension><gpxtpx:PowerInWatts>228</gpxtpx:PowerInWatts></gpxtpx:PowerExtension></extensions></trkpt>
<trkpt lat="38.5802561" lon="-121.4443749">
<ele>11</ele><time>2025-08-30T17:34:10.000Z</time><extensions><gpxtpx:TrackPointExtension><gpxtpx:hr>164</gpxtpx:hr><gpxtpx:cad>78</gpxtpx:cad></gpxtpx:TrackPointExtension></extensions><extensions><gpxtpx:PowerExtension><gpxtpx:PowerInWatts>226</gpxtpx:PowerInWatts></gpxtpx:PowerExtension></extensions></trkpt>
<trkpt lat="38.5803225" lon="-121.4443332">
<ele>11</ele><time>2025-08-30T17:34:13.000Z</time><extensions><gpxtpx:TrackPointExtension><gpxtpx:hr>165</gpxtpx:hr><gpxtpx:cad>78</gpxtpx:cad></gpxtpx:TrackPointExtension></extensions><extensions><gpxtpx:PowerExtension><gpxtpx:PowerInWatts>230</gpxtpx:PowerInWatts></gpxtpx:PowerExtension></extensions></trkpt>
<trkpt lat="38.5803716" lon="-121.4443083">
<ele>11</ele><time>2025-08-30T17:34:15.000Z</time><extensions><gpxtpx:TrackPointExtension><gpxtpx:hr>165</gpxtpx:hr><gpxtpx:cad>76</gpxtpx:cad></gpxtpx:TrackPointExtension></extensions><extensions><gpxtpx:PowerExtension><gpxtpx:PowerInWatts>231</gpxtpx:PowerInWatts></gpxtpx:PowerExtension></extensions></trkpt>
<trkpt lat="38.5804226" lon="-121.4443067">
<ele>11</ele><time>2025-08-30T17:34:17.000Z</time><extensions><gpxtpx:TrackPointExtension><gpxtpx:hr>164</gpxtpx:hr><gpxtpx:cad>78</gpxtpx:cad></gpxtpx:TrackPointExtension></extensions><extensions><gpxtpx:PowerExtension><gpxtpx:PowerInWatts>231</gpxtpx:PowerInWatts></gpxtpx:PowerExtension></extensions></trkpt>
<trkpt lat="38.5804838" lon="-121.4442861">
<ele>11</ele><time>2025-08-30T17:34:19.000Z</time><extensions><gpxtpx:TrackPointExtension><gpxtpx:hr>165</gpxtpx:hr><gpxtpx:cad>74</gpxtpx:cad></gpxtpx:TrackPointExtension></extensions><extensions><gpxtpx:PowerExtension><gpxtpx:PowerInWatts>226</gpxtpx:PowerInWatts></gpxtpx:PowerExtension></extensions></trkpt>
<trkpt lat="38.5805371" lon="-121.4442549">
<ele>11</ele><time>2025-08-30T17:34:21.000Z</time><extensions><gpxtpx:TrackPointExtension><gpxtpx:hr>165</gpxtpx:hr><gpxtpx:cad>73</gpxtpx:cad></gpxtpx:TrackPointExtension></extensions><extensions><gpxtpx:PowerExtension><gpxtpx:PowerInWatts>226</gpxtpx:PowerInWatts></gpxtpx:PowerExtension></extensions></trkpt>
<trkpt lat="38.5805875" lon="-121.4442245">
<ele>11</ele><time>2025-08-30T17:34:23.000Z</time><extensions><gpxtpx:TrackPointExtension><gpxtpx:hr>165</gpxtpx:hr><gpxtpx:cad>78</gpxtpx:cad></gpxtpx:TrackPointExtension></extensions><extensions><gpxtpx:PowerExtension><gpxtpx:PowerInWatts>224</gpxtpx:PowerInWatts></gpxtpx:PowerExtension></extensions></trkpt>
<trkpt lat="38.5806325" lon="-121.4441663">
<ele>11</ele><time>2025-08-30T17:34:26.000Z</time><extensions><gpxtpx:TrackPointExtension><gpxtpx:hr>165</gpxtpx:hr><gpxtpx:cad>80</gpxtpx:cad></gpxtpx:TrackPointExtension></extensions><extensions><gpxtpx:PowerExtension><gpxtpx:PowerInWatts>229</gpxtpx:PowerInWatts></gpxtpx:PowerExtension></extensions></trkpt>
<trkpt lat="38.5806859" lon="-121.4441379">
<ele>11</ele><time>2025-08-30T17:34:28.000Z</time><extensions><gpxtpx:TrackPointExtension><gpxtpx:hr>165</gpxtpx:hr><gpxtpx:cad>72</gpxtpx:cad></gpxtpx:TrackPointExtension></extensions><extensions><gpxtpx:PowerExtension><gpxtpx:PowerInWatts>229</gpxtpx:PowerInWatts></gpxtpx:PowerExtension></extensions></trkpt>
<trkpt lat="38.5807269" lon="-121.4440984">
<ele>11</ele><time>2025-08-30T17:34:30.000Z</time><extensions><gpxtpx:TrackPointExtension><gpxtpx:hr>165</gpxtpx:hr><gpxtpx:cad>76</gpxtpx:cad></gpxtpx:TrackPointExtension></extensions><extensions><gpxtpx:PowerExtension><gpxtpx:PowerInWatts>229</gpxtpx:PowerInWatts></gpxtpx:PowerExtension></extensions></trkpt>
<trkpt lat="38.5807806" lon="-121.4440655">
<ele>11</ele><time>2025-08-30T17:34:32.000Z</time><extensions><gpxtpx:TrackPointExtension><gpxtpx:hr>165</gpxtpx:hr><gpxtpx:cad>77</gpxtpx:cad></gpxtpx:TrackPointExtension></extensions><extensions><gpxtpx:PowerExtension><gpxtpx:PowerInWatts>229</gpxtpx:PowerInWatts></gpxtpx:PowerExtension></extensions></trkpt>
<trkpt lat="38.5808450" lon="-121.4440284">
<ele>11</ele><time>2025-08-30T17:34:34.000Z</time><extensions><gpxtpx:TrackPointExtension><gpxtpx:hr>165</gpxtpx:hr><gpxtpx:cad>76</gpxtpx:cad></gpxtpx:TrackPointExtension></extensions><extensions><gpxtpx:PowerExtension><gpxtpx:PowerInWatts>222</gpxtpx:PowerInWatts></gpxtpx:PowerExtension></extensions></trkpt>
<trkpt lat="38.5808875" lon="-121.4440038">
<ele>11</ele><time>2025-08-30T17:34:36.000Z</time><extensions><gpxtpx:TrackPointExtension><gpxtpx:hr>165</gpxtpx:hr><gpxtpx:cad>80</gpxtpx:cad></gpxtpx:TrackPointExtension></extensions><extensions><gpxtpx:PowerExtension><gpxtpx:PowerInWatts>223</gpxtpx:PowerInWatts></gpxtpx:PowerExtension></extensions></trkpt>
<trkpt lat="38.5809321" lon="-121.4439729">
<ele>11</ele><time>2025-08-30T17:34:38.000Z</time><extensions><gpxtpx:TrackPointExtension><gpxtpx:hr>165</gpxtpx:hr><gpxtpx:cad>79</gpxtpx:cad></gpxtpx:TrackPointExtension></extensions><extensions><gpxtpx:PowerExtension><gpxtpx:PowerInWatts>222</gpxtpx:PowerInWatts></gpxtpx:PowerExtension></extensions></trkpt>
<trkpt lat="38.5809809" lon="-121.4439332">
<ele>11</ele><time>2025-08-30T17:34:40.000Z</time><extensions><gpxtpx:TrackPointExtension><gpxtpx:hr>165</gpxtpx:hr><gpxtpx:cad>78</gpxtpx:cad></gpxtpx:TrackPointExtension></extensions><extensions><gpxtpx:PowerExtension><gpxtpx:PowerInWatts>222</gpxtpx:PowerInWatts></gpxtpx:PowerExtension></extensions></trkpt>
<trkpt lat="38.5810413" lon="-121.4439471">
<ele>11</ele><time>2025-08-30T17:34:43.000Z</time><extensions><gpxtpx:TrackPointExtension><gpxtpx:hr>165</gpxtpx:hr><gpxtpx:cad>79</gpxtpx:cad></gpxtpx:TrackPointExtension></extensions><extensions><gpxtpx:PowerExtension><gpxtpx:PowerInWatts>227</gpxtpx:PowerInWatts></gpxtpx:PowerExtension></extensions></trkpt>
<trkpt lat="38.5810454" lon="-121.4440092">
<ele>11</ele><time>2025-08-30T17:34:45.000Z</time><extensions><gpxtpx:TrackPointExtension><gpxtpx:hr>165</gpxtpx:hr><gpxtpx:cad>79</gpxtpx:cad></gpxtpx:TrackPointExtension></extensions><extensions><gpxtpx:PowerExtension><gpxtpx:PowerInWatts>227</gpxtpx:PowerInWatts></gpxtpx:PowerExtension></extensions></trkpt>
<trkpt lat="38.5810721" lon="-121.4440815">
<ele>11</ele><time>2025-08-30T17:34:48.000Z</time><extensions><gpxtpx:TrackPointExtension><gpxtpx:hr>165</gpxtpx:hr><gpxtpx:cad>76</gpxtpx:cad></gpxtpx:TrackPointExtension></extensions><extensions><gpxtpx:PowerExtension><gpxtpx:PowerInWatts>217</gpxtpx:PowerInWatts></gpxtpx:PowerExtension></extensions></trkpt>
<trkpt lat="38.5810954" lon="-121.4441441">
<ele>11</ele><time>2025-08-30T17:34:50.000Z</time><extensions><gpxtpx:TrackPointExtension><gpxtpx:hr>165</gpxtpx:hr><gpxtpx:cad>81</gpxtpx:cad></gpxtpx:TrackPointExtension></extensions><extensions><gpxtpx:PowerExtension><gpxtpx:PowerInWatts>217</gpxtpx:PowerInWatts></gpxtpx:PowerExtension></extensions></trkpt>
<trkpt lat="38.5811070" lon="-121.4442196">
<ele>11</ele><time>2025-08-30T17:34:52.000Z</time><extensions><gpxtpx:TrackPointExtension><gpxtpx:hr>165</gpxtpx:hr><gpxtpx:cad>80</gpxtpx:cad></gpxtpx:TrackPointExtension></extensions><extensions><gpxtpx:PowerExtension><gpxtpx:PowerInWatts>217</gpxtpx:PowerInWatts></gpxtpx:PowerExtension></extensions></trkpt>
<trkpt lat="38.5811333" lon="-121.4442839">
<ele>11</ele><time>2025-08-30T17:34:54.000Z</time><extensions><gpxtpx:TrackPointExtension><gpxtpx:hr>165</gpxtpx:hr><gpxtpx:cad>77</gpxtpx:cad></gpxtpx:TrackPointExtension></extensions><extensions><gpxtpx:PowerExtension><gpxtpx:PowerInWatts>210</gpxtpx:PowerInWatts></gpxtpx:PowerExtension></extensions></trkpt>
<trkpt lat="38.5811585" lon="-121.4443400">
<ele>11</ele><time>2025-08-30T17:34:56.000Z</time><extensions><gpxtpx:TrackPointExtension><gpxtpx:hr>165</gpxtpx:hr><gpxtpx:cad>76</gpxtpx:cad></gpxtpx:TrackPointExtension></extensions><extensions><gpxtpx:PowerExtension><gpxtpx:PowerInWatts>213</gpxtpx:PowerInWatts></gpxtpx:PowerExtension></extensions></trkpt>
<trkpt lat="38.5811891" lon="-121.4443891">
<ele>11</ele><time>2025-08-30T17:34:58.000Z</time><extensions><gpxtpx:TrackPointExtension><gpxtpx:hr>165</gpxtpx:hr><gpxtpx:cad>77</gpxtpx:cad></gpxtpx:TrackPointExtension></extensions><extensions><gpxtpx:PowerExtension><gpxtpx:PowerInWatts>216</gpxtpx:PowerInWatts></gpxtpx:PowerExtension></extensions></trkpt>
<trkpt lat="38.5812181" lon="-121.4444462">
<ele>11</ele><time>2025-08-30T17:35:00.000Z</time><extensions><gpxtpx:TrackPointExtension><gpxtpx:hr>165</gpxtpx:hr><gpxtpx:cad>78</gpxtpx:cad></gpxtpx:TrackPointExtension></extensions><extensions><gpxtpx:PowerExtension><gpxtpx:PowerInWatts>216</gpxtpx:PowerInWatts></gpxtpx:PowerExtension></extensions></trkpt>
<trkpt lat="38.5812311" lon="-121.4445281">
<ele>11</ele><time>2025-08-30T17:35:03.000Z</time><extensions><gpxtpx:TrackPointExtension><gpxtpx:hr>164</gpxtpx:hr><gpxtpx:cad>76</gpxtpx:cad></gpxtpx:TrackPointExtension></extensions><extensions><gpxtpx:PowerExtension><gpxtpx:PowerInWatts>216</gpxtpx:PowerInWatts></gpxtpx:PowerExtension></extensions></trkpt>
<trkpt lat="38.5812539" lon="-121.4445859">
<ele>11</ele><time>2025-08-30T17:35:05.000Z</time><extensions><gpxtpx:TrackPointExtension><gpxtpx:hr>164</gpxtpx:hr><gpxtpx:cad>71</gpxtpx:cad></gpxtpx:TrackPointExtension></extensions><extensions><gpxtpx:PowerExtension><gpxtpx:PowerInWatts>215</gpxtpx:PowerInWatts></gpxtpx:PowerExtension></extensions></trkpt>
<trkpt lat="38.5812796" lon="-121.4446533">
<ele>11</ele><time>2025-08-30T17:35:07.000Z</time><extensions><gpxtpx:TrackPointExtension><gpxtpx:hr>164</gpxtpx:hr><gpxtpx:cad>68</gpxtpx:cad></gpxtpx:TrackPointExtension></extensions><extensions><gpxtpx:PowerExtension><gpxtpx:PowerInWatts>213</gpxtpx:PowerInWatts></gpxtpx:PowerExtension></extensions></trkpt>
<trkpt lat="38.5813012" lon="-121.4447085">
<ele>11</ele><time>2025-08-30T17:35:09.000Z</time><extensions><gpxtpx:TrackPointExtension><gpxtpx:hr>164</gpxtpx:hr><gpxtpx:cad>68</gpxtpx:cad></gpxtpx:TrackPointExtension></extensions><extensions><gpxtpx:PowerExtension><gpxtpx:PowerInWatts>212</gpxtpx:PowerInWatts></gpxtpx:PowerExtension></extensions></trkpt>
<trkpt lat="38.5813224" lon="-121.4447813">
<ele>11</ele><time>2025-08-30T17:35:11.000Z</time><extensions><gpxtpx:TrackPointExtension><gpxtpx:hr>164</gpxtpx:hr><gpxtpx:cad>66</gpxtpx:cad></gpxtpx:TrackPointExtension></extensions><extensions><gpxtpx:PowerExtension><gpxtpx:PowerInWatts>211</gpxtpx:PowerInWatts></gpxtpx:PowerExtension></extensions></trkpt>
<trkpt lat="38.5813348" lon="-121.4448549">
<ele>11</ele><time>2025-08-30T17:35:14.000Z</time><extensions><gpxtpx:TrackPointExtension><gpxtpx:hr>164</gpxtpx:hr><gpxtpx:cad>62</gpxtpx:cad></gpxtpx:TrackPointExtension></extensions><extensions><gpxtpx:PowerExtension><gpxtpx:PowerInWatts>213</gpxtpx:PowerInWatts></gpxtpx:PowerExtension></extensions></trkpt>
<trkpt lat="38.5812889" lon="-121.4448622">
<ele>11</ele><time>2025-08-30T17:35:18.000Z</time><extensions><gpxtpx:TrackPointExtension><gpxtpx:hr>164</gpxtpx:hr><gpxtpx:cad>61</gpxtpx:cad></gpxtpx:TrackPointExtension></extensions><extensions><gpxtpx:PowerExtension><gpxtpx:PowerInWatts>216</gpxtpx:PowerInWatts></gpxtpx:PowerExtension></extensions></trkpt>
<trkpt lat="38.5812465" lon="-121.4448160">
<ele>11</ele><time>2025-08-30T17:35:22.000Z</time><extensions><gpxtpx:TrackPointExtension><gpxtpx:hr>163</gpxtpx:hr><gpxtpx:cad>61</gpxtpx:cad></gpxtpx:TrackPointExtension></extensions><extensions><gpxtpx:PowerExtension><gpxtpx:PowerInWatts>197</gpxtpx:PowerInWatts></gpxtpx:PowerExtension></extensions></trkpt>
<trkpt lat="38.5811900" lon="-121.4448017">
<ele>11</ele><time>2025-08-30T17:35:27.000Z</time><extensions><gpxtpx:TrackPointExtension><gpxtpx:hr>161</gpxtpx:hr><gpxtpx:cad>57</gpxtpx:cad></gpxtpx:TrackPointExtension></extensions><extensions><gpxtpx:PowerExtension><gpxtpx:PowerInWatts>100</gpxtpx:PowerInWatts></gpxtpx:PowerExtension></extensions></trkpt>
<trkpt lat="38.5811418" lon="-121.4447864">
<ele>11</ele><time>2025-08-30T17:35:30.000Z</time><extensions><gpxtpx:TrackPointExtension><gpxtpx:hr>160</gpxtpx:hr><gpxtpx:cad>55</gpxtpx:cad></gpxtpx:TrackPointExtension></extensions><extensions><gpxtpx:PowerExtension><gpxtpx:PowerInWatts>107</gpxtpx:PowerInWatts></gpxtpx:PowerExtension></extensions></trkpt>
<trkpt lat="38.5810854" lon="-121.4448021">
<ele>11</ele><time>2025-08-30T17:35:34.000Z</time><extensions><gpxtpx:TrackPointExtension><gpxtpx:hr>159</gpxtpx:hr><gpxtpx:cad>55</gpxtpx:cad></gpxtpx:TrackPointExtension></extensions><extensions><gpxtpx:PowerExtension><gpxtpx:PowerInWatts>85</gpxtpx:PowerInWatts></gpxtpx:PowerExtension></extensions></trkpt>
<trkpt lat="38.5810346" lon="-121.4448176">
<ele>11</ele><time>2025-08-30T17:35:38.000Z</time><extensions><gpxtpx:TrackPointExtension><gpxtpx:hr>158</gpxtpx:hr><gpxtpx:cad>56</gpxtpx:cad></gpxtpx:TrackPointExtension></extensions><extensions><gpxtpx:PowerExtension><gpxtpx:PowerInWatts>90</gpxtpx:PowerInWatts></gpxtpx:PowerExtension></extensions></trkpt>
<trkpt lat="38.5809864" lon="-121.4448508">
<ele>11</ele><time>2025-08-30T17:35:43.000Z</time><extensions><gpxtpx:TrackPointExtension><gpxtpx:hr>156</gpxtpx:hr><gpxtpx:cad>57</gpxtpx:cad></gpxtpx:TrackPointExtension></extensions><extensions><gpxtpx:PowerExtension><gpxtpx:PowerInWatts>92</gpxtpx:PowerInWatts></gpxtpx:PowerExtension></extensions></trkpt>
<trkpt lat="38.5809536" lon="-121.4449018">
<ele>11</ele><time>2025-08-30T17:35:47.000Z</time><extensions><gpxtpx:TrackPointExtension><gpxtpx:hr>155</gpxtpx:hr><gpxtpx:cad>53</gpxtpx:cad></gpxtpx:TrackPointExtension></extensions><extensions><gpxtpx:PowerExtension><gpxtpx:PowerInWatts>88</gpxtpx:PowerInWatts></gpxtpx:PowerExtension></extensions></trkpt>
<trkpt lat="38.5809120" lon="-121.4449426">
<ele>11</ele><time>2025-08-30T17:35:51.000Z</time><extensions><gpxtpx:TrackPointExtension><gpxtpx:hr>153</gpxtpx:hr><gpxtpx:cad>51</gpxtpx:cad></gpxtpx:TrackPointExtension></extensions><extensions><gpxtpx:PowerExtension><gpxtpx:PowerInWatts>88</gpxtpx:PowerInWatts></gpxtpx:PowerExtension></extensions></trkpt>
<trkpt lat="38.5808735" lon="-121.4449775">
<ele>11</ele><time>2025-08-30T17:35:55.000Z</time><extensions><gpxtpx:TrackPointExtension><gpxtpx:hr>150</gpxtpx:hr><gpxtpx:cad>52</gpxtpx:cad></gpxtpx:TrackPointExtension></extensions><extensions><gpxtpx:PowerExtension><gpxtpx:PowerInWatts>88</gpxtpx:PowerInWatts></gpxtpx:PowerExtension></extensions></trkpt>
<trkpt lat="38.5808205" lon="-121.4450014">
<ele>11</ele><time>2025-08-30T17:36:03.000Z</time><extensions><gpxtpx:TrackPointExtension><gpxtpx:hr>147</gpxtpx:hr><gpxtpx:cad>50</gpxtpx:cad></gpxtpx:TrackPointExtension></extensions><extensions><gpxtpx:PowerExtension><gpxtpx:PowerInWatts>82</gpxtpx:PowerInWatts></gpxtpx:PowerExtension></extensions></trkpt>
<trkpt lat="38.5807728" lon="-121.4450254">
<ele>11</ele><time>2025-08-30T17:36:08.000Z</time><extensions><gpxtpx:TrackPointExtension><gpxtpx:hr>146</gpxtpx:hr><gpxtpx:cad>48</gpxtpx:cad></gpxtpx:TrackPointExtension></extensions><extensions><gpxtpx:PowerExtension><gpxtpx:PowerInWatts>73</gpxtpx:PowerInWatts></gpxtpx:PowerExtension></extensions></trkpt>
</trkseg><trkseg>
<trkpt lat="38.5806761" lon="-121.4451603">
<ele>11</ele><time>2025-08-30T17:36:28.000Z</time><extensions><gpxtpx:TrackPointExtension><gpxtpx:hr>143</gpxtpx:hr><gpxtpx:cad>47</gpxtpx:cad></gpxtpx:TrackPointExtension></extensions><extensions><gpxtpx:PowerExtension><gpxtpx:PowerInWatts>71</gpxtpx:PowerInWatts></gpxtpx:PowerExtension></extensions></trkpt>
<trkpt lat="38.5806406" lon="-121.4452065">
<ele>11</ele><time>2025-08-30T17:36:37.000Z</time><extensions><gpxtpx:TrackPointExtension><gpxtpx:hr>142</gpxtpx:hr><gpxtpx:cad>46</gpxtpx:cad></gpxtpx:TrackPointExtension></extensions><extensions><gpxtpx:PowerExtension><gpxtpx:PowerInWatts>58</gpxtpx:PowerInWatts></gpxtpx:PowerExtension></extensions></trkpt>
<trkpt lat="38.5806096" lon="-121.4452542">
<ele>11</ele><time>2025-08-30T17:36:44.000Z</time><extensions><gpxtpx:TrackPointExtension><gpxtpx:hr>140</gpxtpx:hr><gpxtpx:cad>46</gpxtpx:cad></gpxtpx:TrackPointExtension></extensions><extensions><gpxtpx:PowerExtension><gpxtpx:PowerInWatts>57</gpxtpx:PowerInWatts></gpxtpx:PowerExtension></extensions></trkpt>
<trkpt lat="38.5805708" lon="-121.4452877">
<ele>11</ele><time>2025-08-30T17:36:50.000Z</time><extensions><gpxtpx:TrackPointExtension><gpxtpx:hr>139</gpxtpx:hr><gpxtpx:cad>47</gpxtpx:cad></gpxtpx:TrackPointExtension></extensions><extensions><gpxtpx:PowerExtension><gpxtpx:PowerInWatts>58</gpxtpx:PowerInWatts></gpxtpx:PowerExtension></extensions></trkpt>
<trkpt lat="38.5805187" lon="-121.4453097">
<ele>11</ele><time>2025-08-30T17:36:54.000Z</time><extensions><gpxtpx:TrackPointExtension><gpxtpx:hr>137</gpxtpx:hr><gpxtpx:cad>46</gpxtpx:cad></gpxtpx:TrackPointExtension></extensions><extensions><gpxtpx:PowerExtension><gpxtpx:PowerInWatts>61</gpxtpx:PowerInWatts></gpxtpx:PowerExtension></extensions></trkpt>
<trkpt lat="38.5804640" lon="-121.4453166">
<ele>11</ele><time>2025-08-30T17:36:58.000Z</time><extensions><gpxtpx:TrackPointExtension><gpxtpx:hr>136</gpxtpx:hr><gpxtpx:cad>47</gpxtpx:cad></gpxtpx:TrackPointExtension></extensions><extensions><gpxtpx:PowerExtension><gpxtpx:PowerInWatts>61</gpxtpx:PowerInWatts></gpxtpx:PowerExtension></extensions></trkpt>
<trkpt lat="38.5804245" lon="-121.4453509">
<ele>11</ele><time>2025-08-30T17:37:02.000Z</time><extensions><gpxtpx:TrackPointExtension><gpxtpx:hr>136</gpxtpx:hr><gpxtpx:cad>44</gpxtpx:cad></gpxtpx:TrackPointExtension></extensions><extensions><gpxtpx:PowerExtension><gpxtpx:PowerInWatts>82</gpxtpx:PowerInWatts></gpxtpx:PowerExtension></extensions></trkpt>
<trkpt lat="38.5803897" lon="-121.4453902">
<ele>11</ele><time>2025-08-30T17:37:06.000Z</time><extensions><gpxtpx:TrackPointExtension><gpxtpx:hr>135</gpxtpx:hr><gpxtpx:cad>45</gpxtpx:cad></gpxtpx:TrackPointExtension></extensions><extensions><gpxtpx:PowerExtension><gpxtpx:PowerInWatts>85</gpxtpx:PowerInWatts></gpxtpx:PowerExtension></extensions></trkpt>
<trkpt lat="38.5803513" lon="-121.4454236">
<ele>11</ele><time>2025-08-30T17:37:11.000Z</time><extensions><gpxtpx:TrackPointExtension><gpxtpx:hr>133</gpxtpx:hr><gpxtpx:cad>43</gpxtpx:cad></gpxtpx:TrackPointExtension></extensions><extensions><gpxtpx:PowerExtension><gpxtpx:PowerInWatts>81</gpxtpx:PowerInWatts></gpxtpx:PowerExtension></extensions></trkpt>
<trkpt lat="38.5803103" lon="-121.4454647">
<ele>11</ele><time>2025-08-30T17:37:15.000Z</time><extensions><gpxtpx:TrackPointExtension><gpxtpx:hr>133</gpxtpx:hr><gpxtpx:cad>43</gpxtpx:cad></gpxtpx:TrackPointExtension></extensions><extensions><gpxtpx:PowerExtension><gpxtpx:PowerInWatts>81</gpxtpx:PowerInWatts></gpxtpx:PowerExtension></extensions></trkpt>
<trkpt lat="38.5802734" lon="-121.4454996">
<ele>11</ele><time>2025-08-30T17:37:19.000Z</time><extensions><gpxtpx:TrackPointExtension><gpxtpx:hr>132</gpxtpx:hr><gpxtpx:cad>46</gpxtpx:cad></gpxtpx:TrackPointExtension></extensions><extensions><gpxtpx:PowerExtension><gpxtpx:PowerInWatts>78</gpxtpx:PowerInWatts></gpxtpx:PowerExtension></extensions></trkpt>
<trkpt lat="38.5802209" lon="-121.4455276">
<ele>11</ele><time>2025-08-30T17:37:23.000Z</time><extensions><gpxtpx:TrackPointExtension><gpxtpx:hr>131</gpxtpx:hr><gpxtpx:cad>47</gpxtpx:cad></gpxtpx:TrackPointExtension></extensions><extensions><gpxtpx:PowerExtension><gpxtpx:PowerInWatts>80</gpxtpx:PowerInWatts></gpxtpx:PowerExtension></extensions></trkpt>
<trkpt lat="38.5801790" lon="-121.4455765">
<ele>11</ele><time>2025-08-30T17:37:28.000Z</time><extensions><gpxtpx:TrackPointExtension><gpxtpx:hr>131</gpxtpx:hr><gpxtpx:cad>49</gpxtpx:cad></gpxtpx:TrackPointExtension></extensions><extensions><gpxtpx:PowerExtension><gpxtpx:PowerInWatts>82</gpxtpx:PowerInWatts></gpxtpx:PowerExtension></extensions></trkpt>
<trkpt lat="38.5801418" lon="-121.4456237">
<ele>11</ele><time>2025-08-30T17:37:33.000Z</time><extensions><gpxtpx:TrackPointExtension><gpxtpx:hr>132</gpxtpx:hr><gpxtpx:cad>51</gpxtpx:cad></gpxtpx:TrackPointExtension></extensions><extensions><gpxtpx:PowerExtension><gpxtpx:PowerInWatts>83</gpxtpx:PowerInWatts></gpxtpx:PowerExtension></extensions></trkpt>
<trkpt lat="38.5801063" lon="-121.4456797">
<ele>11</ele><time>2025-08-30T17:37:38.000Z</time><extensions><gpxtpx:TrackPointExtension><gpxtpx:hr>132</gpxtpx:hr><gpxtpx:cad>54</gpxtpx:cad></gpxtpx:TrackPointExtension></extensions><extensions><gpxtpx:PowerExtension><gpxtpx:PowerInWatts>82</gpxtpx:PowerInWatts></gpxtpx:PowerExtension></extensions></trkpt>
<trkpt lat="38.5800617" lon="-121.4457336">
<ele>11</ele><time>2025-08-30T17:37:41.000Z</time><extensions><gpxtpx:TrackPointExtension><gpxtpx:hr>132</gpxtpx:hr><gpxtpx:cad>53</gpxtpx:cad></gpxtpx:TrackPointExtension></extensions><extensions><gpxtpx:PowerExtension><gpxtpx:PowerInWatts>84</gpxtpx:PowerInWatts></gpxtpx:PowerExtension></extensions></trkpt>
<trkpt lat="38.5800127" lon="-121.4457631">
<ele>11</ele><time>2025-08-30T17:37:43.000Z</time><extensions><gpxtpx:TrackPointExtension><gpxtpx:hr>134</gpxtpx:hr><gpxtpx:cad>60</gpxtpx:cad></gpxtpx:TrackPointExtension></extensions><extensions><gpxtpx:PowerExtension><gpxtpx:PowerInWatts>82</gpxtpx:PowerInWatts></gpxtpx:PowerExtension></extensions></trkpt>
<trkpt lat="38.5799656" lon="-121.4457928">
<ele>11</ele><time>2025-08-30T17:37:44.000Z</time><extensions><gpxtpx:TrackPointExtension><gpxtpx:hr>135</gpxtpx:hr><gpxtpx:cad>63</gpxtpx:cad></gpxtpx:TrackPointExtension></extensions><extensions><gpxtpx:PowerExtension><gpxtpx:PowerInWatts>82</gpxtpx:PowerInWatts></gpxtpx:PowerExtension></extensions></trkpt>
<trkpt lat="38.5799262" lon="-121.4458328">
<ele>11</ele><time>2025-08-30T17:37:46.000Z</time><extensions><gpxtpx:TrackPointExtension><gpxtpx:hr>135</gpxtpx:hr><gpxtpx:cad>64</gpxtpx:cad></gpxtpx:TrackPointExtension></extensions><extensions><gpxtpx:PowerExtension><gpxtpx:PowerInWatts>82</gpxtpx:PowerInWatts></gpxtpx:PowerExtension></extensions></trkpt>
<trkpt lat="38.5798913" lon="-121.4458807">
<ele>11</ele><time>2025-08-30T17:37:48.000Z</time><extensions><gpxtpx:TrackPointExtension><gpxtpx:hr>136</gpxtpx:hr><gpxtpx:cad>71</gpxtpx:cad></gpxtpx:TrackPointExtension></extensions><extensions><gpxtpx:PowerExtension><gpxtpx:PowerInWatts>88</gpxtpx:PowerInWatts></gpxtpx:PowerExtension></extensions></trkpt>
<trkpt lat="38.5798429" lon="-121.4459271">
<ele>11</ele><time>2025-08-30T17:37:50.000Z</time><extensions><gpxtpx:TrackPointExtension><gpxtpx:hr>137</gpxtpx:hr><gpxtpx:cad>72</gpxtpx:cad></gpxtpx:TrackPointExtension></extensions><extensions><gpxtpx:PowerExtension><gpxtpx:PowerInWatts>222</gpxtpx:PowerInWatts></gpxtpx:PowerExtension></extensions></trkpt>
<trkpt lat="38.5797911" lon="-121.4459784">
<ele>11</ele><time>2025-08-30T17:37:53.000Z</time><extensions><gpxtpx:TrackPointExtension><gpxtpx:hr>140</gpxtpx:hr><gpxtpx:cad>75</gpxtpx:cad></gpxtpx:TrackPointExtension></extensions><extensions><gpxtpx:PowerExtension><gpxtpx:PowerInWatts>241</gpxtpx:PowerInWatts></gpxtpx:PowerExtension></extensions></trkpt>
<trkpt lat="38.5797456" lon="-121.4460149">
<ele>11</ele><time>2025-08-30T17:37:55.000Z</time><extensions><gpxtpx:TrackPointExtension><gpxtpx:hr>140</gpxtpx:hr><gpxtpx:cad>76</gpxtpx:cad></gpxtpx:TrackPointExtension></extensions><extensions><gpxtpx:PowerExtension><gpxtpx:PowerInWatts>228</gpxtpx:PowerInWatts></gpxtpx:PowerExtension></extensions></trkpt>
<trkpt lat="38.5796949" lon="-121.4460479">
<ele>11</ele><time>2025-08-30T17:37:57.000Z</time><extensions><gpxtpx:TrackPointExtension><gpxtpx:hr>143</gpxtpx:hr><gpxtpx:cad>80</gpxtpx:cad></gpxtpx:TrackPointExtension></extensions><extensions><gpxtpx:PowerExtension><gpxtpx:PowerInWatts>222</gpxtpx:PowerInWatts></gpxtpx:PowerExtension></extensions></trkpt>
<trkpt lat="38.5796559" lon="-121.4460844">
<ele>11</ele><time>2025-08-30T17:37:59.000Z</time><extensions><gpxtpx:TrackPointExtension><gpxtpx:hr>144</gpxtpx:hr><gpxtpx:cad>78</gpxtpx:cad></gpxtpx:TrackPointExtension></extensions><extensions><gpxtpx:PowerExtension><gpxtpx:PowerInWatts>222</gpxtpx:PowerInWatts></gpxtpx:PowerExtension></extensions></trkpt>
<trkpt lat="38.5796077" lon="-121.4461387">
<ele>11</ele><time>2025-08-30T17:38:02.000Z</time><extensions><gpxtpx:TrackPointExtension><gpxtpx:hr>146</gpxtpx:hr><gpxtpx:cad>76</gpxtpx:cad></gpxtpx:TrackPointExtension></extensions><extensions><gpxtpx:PowerExtension><gpxtpx:PowerInWatts>225</gpxtpx:PowerInWatts></gpxtpx:PowerExtension></extensions></trkpt>
<trkpt lat="38.5795656" lon="-121.4461884">
<ele>11</ele><time>2025-08-30T17:38:04.000Z</time><extensions><gpxtpx:TrackPointExtension><gpxtpx:hr>146</gpxtpx:hr><gpxtpx:cad>78</gpxtpx:cad></gpxtpx:TrackPointExtension></extensions><extensions><gpxtpx:PowerExtension><gpxtpx:PowerInWatts>225</gpxtpx:PowerInWatts></gpxtpx:PowerExtension></extensions></trkpt>
<trkpt lat="38.5795144" lon="-121.4462431">
<ele>11</ele><time>2025-08-30T17:38:06.000Z</time><extensions><gpxtpx:TrackPointExtension><gpxtpx:hr>147</gpxtpx:hr><gpxtpx:cad>78</gpxtpx:cad></gpxtpx:TrackPointExtension></extensions><extensions><gpxtpx:PowerExtension><gpxtpx:PowerInWatts>224</gpxtpx:PowerInWatts></gpxtpx:PowerExtension></extensions></trkpt>
<trkpt lat="38.5794832" lon="-121.4463018">
<ele>11</ele><time>2025-08-30T17:38:08.000Z</time><extensions><gpxtpx:TrackPointExtension><gpxtpx:hr>148</gpxtpx:hr><gpxtpx:cad>81</gpxtpx:cad></gpxtpx:TrackPointExtension></extensions><extensions><gpxtpx:PowerExtension><gpxtpx:PowerInWatts>220</gpxtpx:PowerInWatts></gpxtpx:PowerExtension></extensions></trkpt>
<trkpt lat="38.5794333" lon="-121.4463405">
<ele>11</ele><time>2025-08-30T17:38:10.000Z</time><extensions><gpxtpx:TrackPointExtension><gpxtpx:hr>148</gpxtpx:hr><gpxtpx:cad>79</gpxtpx:cad></gpxtpx:TrackPointExtension></extensions><extensions><gpxtpx:PowerExtension><gpxtpx:PowerInWatts>220</gpxtpx:PowerInWatts></gpxtpx:PowerExtension></extensions></trkpt>
<trkpt lat="38.5793798" lon="-121.4463844">
<ele>11</ele><time>2025-08-30T17:38:12.000Z</time><extensions><gpxtpx:TrackPointExtension><gpxtpx:hr>150</gpxtpx:hr><gpxtpx:cad>80</gpxtpx:cad></gpxtpx:TrackPointExtension></extensions><extensions><gpxtpx:PowerExtension><gpxtpx:PowerInWatts>227</gpxtpx:PowerInWatts></gpxtpx:PowerExtension></extensions></trkpt>
<trkpt lat="38.5793349" lon="-121.4464210">
<ele>11</ele><time>2025-08-30T17:38:14.000Z</time><extensions><gpxtpx:TrackPointExtension><gpxtpx:hr>151</gpxtpx:hr><gpxtpx:cad>77</gpxtpx:cad></gpxtpx:TrackPointExtension></extensions><extensions><gpxtpx:PowerExtension><gpxtpx:PowerInWatts>227</gpxtpx:PowerInWatts></gpxtpx:PowerExtension></extensions></trkpt>
<trkpt lat="38.5792863" lon="-121.4464555">
<ele>11</ele><time>2025-08-30T17:38:16.000Z</time><extensions><gpxtpx:TrackPointExtension><gpxtpx:hr>152</gpxtpx:hr><gpxtpx:cad>75</gpxtpx:cad></gpxtpx:TrackPointExtension></extensions><extensions><gpxtpx:PowerExtension><gpxtpx:PowerInWatts>227</gpxtpx:PowerInWatts></gpxtpx:PowerExtension></extensions></trkpt>
<trkpt lat="38.5792233" lon="-121.4464873">
<ele>11</ele><time>2025-08-30T17:38:18.000Z</time><extensions><gpxtpx:TrackPointExtension><gpxtpx:hr>153</gpxtpx:hr><gpxtpx:cad>84</gpxtpx:cad></gpxtpx:TrackPointExtension></extensions><extensions><gpxtpx:PowerExtension><gpxtpx:PowerInWatts>235</gpxtpx:PowerInWatts></gpxtpx:PowerExtension></extensions></trkpt>
<trkpt lat="38.5791693" lon="-121.4465427">
<ele>11</ele><time>2025-08-30T17:38:21.000Z</time><extensions><gpxtpx:TrackPointExtension><gpxtpx:hr>154</gpxtpx:hr><gpxtpx:cad>84</gpxtpx:cad></gpxtpx:TrackPointExtension></extensions><extensions><gpxtpx:PowerExtension><gpxtpx:PowerInWatts>235</gpxtpx:PowerInWatts></gpxtpx:PowerExtension></extensions></trkpt>
<trkpt lat="38.5791234" lon="-121.4465701">
<ele>11</ele><time>2025-08-30T17:38:23.000Z</time><extensions><gpxtpx:TrackPointExtension><gpxtpx:hr>155</gpxtpx:hr><gpxtpx:cad>85</gpxtpx:cad></gpxtpx:TrackPointExtension></extensions><extensions><gpxtpx:PowerExtension><gpxtpx:PowerInWatts>239</gpxtpx:PowerInWatts></gpxtpx:PowerExtension></extensions></trkpt>
<trkpt lat="38.5790772" lon="-121.4466037">
<ele>11</ele><time>2025-08-30T17:38:25.000Z</time><extensions><gpxtpx:TrackPointExtension><gpxtpx:hr>156</gpxtpx:hr><gpxtpx:cad>79</gpxtpx:cad></gpxtpx:TrackPointExtension></extensions><extensions><gpxtpx:PowerExtension><gpxtpx:PowerInWatts>235</gpxtpx:PowerInWatts></gpxtpx:PowerExtension></extensions></trkpt>
<trkpt lat="38.5790311" lon="-121.4466676">
<ele>11</ele><time>2025-08-30T17:38:27.000Z</time><extensions><gpxtpx:TrackPointExtension><gpxtpx:hr>156</gpxtpx:hr><gpxtpx:cad>80</gpxtpx:cad></gpxtpx:TrackPointExtension></extensions><extensions><gpxtpx:PowerExtension><gpxtpx:PowerInWatts>235</gpxtpx:PowerInWatts></gpxtpx:PowerExtension></extensions></trkpt>
<trkpt lat="38.5789959" lon="-121.4467074">
<ele>11</ele><time>2025-08-30T17:38:29.000Z</time><extensions><gpxtpx:TrackPointExtension><gpxtpx:hr>157</gpxtpx:hr><gpxtpx:cad>78</gpxtpx:cad></gpxtpx:TrackPointExtension></extensions><extensions><gpxtpx:PowerExtension><gpxtpx:PowerInWatts>235</gpxtpx:PowerInWatts></gpxtpx:PowerExtension></extensions></trkpt>
<trkpt lat="38.5789524" lon="-121.4467679">
<ele>11</ele><time>2025-08-30T17:38:31.000Z</time><extensions><gpxtpx:TrackPointExtension><gpxtpx:hr>158</gpxtpx:hr><gpxtpx:cad>79</gpxtpx:cad></gpxtpx:TrackPointExtension></extensions><extensions><gpxtpx:PowerExtension><gpxtpx:PowerInWatts>235</gpxtpx:PowerInWatts></gpxtpx:PowerExtension></extensions></trkpt>
<trkpt lat="38.5789148" lon="-121.4468089">
<ele>11</ele><time>2025-08-30T17:38:33.000Z</time><extensions><gpxtpx:TrackPointExtension><gpxtpx:hr>159</gpxtpx:hr><gpxtpx:cad>78</gpxtpx:cad></gpxtpx:TrackPointExtension></extensions><extensions><gpxtpx:PowerExtension><gpxtpx:PowerInWatts>233</gpxtpx:PowerInWatts></gpxtpx:PowerExtension></extensions></trkpt>
<trkpt lat="38.5788739" lon="-121.4468406">
<ele>11</ele><time>2025-08-30T17:38:35.000Z</time><extensions><gpxtpx:TrackPointExtension><gpxtpx:hr>159</gpxtpx:hr><gpxtpx:cad>80</gpxtpx:cad></gpxtpx:TrackPointExtension></extensions><extensions><gpxtpx:PowerExtension><gpxtpx:PowerInWatts>231</gpxtpx:PowerInWatts></gpxtpx:PowerExtension></extensions></trkpt>
<trkpt lat="38.5788283" lon="-121.4468993">
<ele>11</ele><time>2025-08-30T17:38:37.000Z</time><extensions><gpxtpx:TrackPointExtension><gpxtpx:hr>160</gpxtpx:hr><gpxtpx:cad>80</gpxtpx:cad></gpxtpx:TrackPointExtension></extensions><extensions><gpxtpx:PowerExtension><gpxtpx:PowerInWatts>231</gpxtpx:PowerInWatts></gpxtpx:PowerExtension></extensions></trkpt>
<trkpt lat="38.5787721" lon="-121.4469582">
<ele>11</ele><time>2025-08-30T17:38:40.000Z</time><extensions><gpxtpx:TrackPointExtension><gpxtpx:hr>160</gpxtpx:hr><gpxtpx:cad>77</gpxtpx:cad></gpxtpx:TrackPointExtension></extensions><extensions><gpxtpx:PowerExtension><gpxtpx:PowerInWatts>229</gpxtpx:PowerInWatts></gpxtpx:PowerExtension></extensions></trkpt>
<trkpt lat="38.5787135" lon="-121.4469829">
<ele>11</ele><time>2025-08-30T17:38:43.000Z</time><extensions><gpxtpx:TrackPointExtension><gpxtpx:hr>160</gpxtpx:hr><gpxtpx:cad>75</gpxtpx:cad></gpxtpx:TrackPointExtension></extensions><extensions><gpxtpx:PowerExtension><gpxtpx:PowerInWatts>230</gpxtpx:PowerInWatts></gpxtpx:PowerExtension></extensions></trkpt>
<trkpt lat="38.5786736" lon="-121.4469105">
<ele>11</ele><time>2025-08-30T17:38:46.000Z</time><extensions><gpxtpx:TrackPointExtension><gpxtpx:hr>161</gpxtpx:hr><gpxtpx:cad>78</gpxtpx:cad></gpxtpx:TrackPointExtension></extensions><extensions><gpxtpx:PowerExtension><gpxtpx:PowerInWatts>227</gpxtpx:PowerInWatts></gpxtpx:PowerExtension></extensions></trkpt>
<trkpt lat="38.5786283" lon="-121.4468549">
<ele>11</ele><time>2025-08-30T17:38:49.000Z</time><extensions><gpxtpx:TrackPointExtension><gpxtpx:hr>160</gpxtpx:hr><gpxtpx:cad>73</gpxtpx:cad></gpxtpx:TrackPointExtension></extensions><extensions><gpxtpx:PowerExtension><gpxtpx:PowerInWatts>222</gpxtpx:PowerInWatts></gpxtpx:PowerExtension></extensions></trkpt>
<trkpt lat="38.5785928" lon="-121.4468041">
<ele>11</ele><time>2025-08-30T17:38:51.000Z</time><extensions><gpxtpx:TrackPointExtension><gpxtpx:hr>161</gpxtpx:hr><gpxtpx:cad>73</gpxtpx:cad></gpxtpx:TrackPointExtension></extensions><extensions><gpxtpx:PowerExtension><gpxtpx:PowerInWatts>214</gpxtpx:PowerInWatts></gpxtpx:PowerExtension></extensions></trkpt>
<trkpt lat="38.5785506" lon="-121.4467560">
<ele>11</ele><time>2025-08-30T17:38:53.000Z</time><extensions><gpxtpx:TrackPointExtension><gpxtpx:hr>161</gpxtpx:hr><gpxtpx:cad>73</gpxtpx:cad></gpxtpx:TrackPointExtension></extensions><extensions><gpxtpx:PowerExtension><gpxtpx:PowerInWatts>214</gpxtpx:PowerInWatts></gpxtpx:PowerExtension></extensions></trkpt>
<trkpt lat="38.5784905" lon="-121.4467183">
<ele>11</ele><time>2025-08-30T17:38:56.000Z</time><extensions><gpxtpx:TrackPointExtension><gpxtpx:hr>161</gpxtpx:hr><gpxtpx:cad>75</gpxtpx:cad></gpxtpx:TrackPointExtension></extensions><extensions><gpxtpx:PowerExtension><gpxtpx:PowerInWatts>212</gpxtpx:PowerInWatts></gpxtpx:PowerExtension></extensions></trkpt>
<trkpt lat="38.5784357" lon="-121.4466721">
<ele>11</ele><time>2025-08-30T17:38:59.000Z</time><extensions><gpxtpx:TrackPointExtension><gpxtpx:hr>160</gpxtpx:hr><gpxtpx:cad>77</gpxtpx:cad></gpxtpx:TrackPointExtension></extensions><extensions><gpxtpx:PowerExtension><gpxtpx:PowerInWatts>212</gpxtpx:PowerInWatts></gpxtpx:PowerExtension></extensions></trkpt>
<trkpt lat="38.5783740" lon="-121.4466797">
<ele>11</ele><time>2025-08-30T17:39:01.000Z</time><extensions><gpxtpx:TrackPointExtension><gpxtpx:hr>161</gpxtpx:hr><gpxtpx:cad>80</gpxtpx:cad></gpxtpx:TrackPointExtension></extensions><extensions><gpxtpx:PowerExtension><gpxtpx:PowerInWatts>212</gpxtpx:PowerInWatts></gpxtpx:PowerExtension></extensions></trkpt>
<trkpt lat="38.5783228" lon="-121.4467211">
<ele>11</ele><time>2025-08-30T17:39:03.000Z</time><extensions><gpxtpx:TrackPointExtension><gpxtpx:hr>161</gpxtpx:hr><gpxtpx:cad>78</gpxtpx:cad></gpxtpx:TrackPointExtension></extensions><extensions><gpxtpx:PowerExtension><gpxtpx:PowerInWatts>209</gpxtpx:PowerInWatts></gpxtpx:PowerExtension></extensions></trkpt>
<trkpt lat="38.5782777" lon="-121.4467490">
<ele>11</ele><time>2025-08-30T17:39:05.000Z</time><extensions><gpxtpx:TrackPointExtension><gpxtpx:hr>161</gpxtpx:hr><gpxtpx:cad>76</gpxtpx:cad></gpxtpx:TrackPointExtension></extensions><extensions><gpxtpx:PowerExtension><gpxtpx:PowerInWatts>209</gpxtpx:PowerInWatts></gpxtpx:PowerExtension></extensions></trkpt>
<trkpt lat="38.5782154" lon="-121.4467688">
<ele>11</ele><time>2025-08-30T17:39:07.000Z</time><extensions><gpxtpx:TrackPointExtension><gpxtpx:hr>162</gpxtpx:hr><gpxtpx:cad>76</gpxtpx:cad></gpxtpx:TrackPointExtension></extensions><extensions><gpxtpx:PowerExtension><gpxtpx:PowerInWatts>208</gpxtpx:PowerInWatts></gpxtpx:PowerExtension></extensions></trkpt>
<trkpt lat="38.5781656" lon="-121.4467797">
<ele>11</ele><time>2025-08-30T17:39:09.000Z</time><extensions><gpxtpx:TrackPointExtension><gpxtpx:hr>162</gpxtpx:hr><gpxtpx:cad>76</gpxtpx:cad></gpxtpx:TrackPointExtension></extensions><extensions><gpxtpx:PowerExtension><gpxtpx:PowerInWatts>210</gpxtpx:PowerInWatts></gpxtpx:PowerExtension></extensions></trkpt>
<trkpt lat="38.5781073" lon="-121.4468164">
<ele>11</ele><time>2025-08-30T17:39:12.000Z</time><extensions><gpxtpx:TrackPointExtension><gpxtpx:hr>161</gpxtpx:hr><gpxtpx:cad>79</gpxtpx:cad></gpxtpx:TrackPointExtension></extensions><extensions><gpxtpx:PowerExtension><gpxtpx:PowerInWatts>215</gpxtpx:PowerInWatts></gpxtpx:PowerExtension></extensions></trkpt>
<trkpt lat="38.5780606" lon="-121.4468224">
<ele>11</ele><time>2025-08-30T17:39:14.000Z</time><extensions><gpxtpx:TrackPointExtension><gpxtpx:hr>161</gpxtpx:hr><gpxtpx:cad>81</gpxtpx:cad></gpxtpx:TrackPointExtension></extensions><extensions><gpxtpx:PowerExtension><gpxtpx:PowerInWatts>213</gpxtpx:PowerInWatts></gpxtpx:PowerExtension></extensions></trkpt>
<trkpt lat="38.5779994" lon="-121.4468243">
<ele>11</ele><time>2025-08-30T17:39:15.998Z</time><extensions><gpxtpx:TrackPointExtension><gpxtpx:hr>162</gpxtpx:hr><gpxtpx:cad>81</gpxtpx:cad></gpxtpx:TrackPointExtension></extensions><extensions><gpxtpx:PowerExtension><gpxtpx:PowerInWatts>213</gpxtpx:PowerInWatts></gpxtpx:PowerExtension></extensions></trkpt>
<trkpt lat="38.5779448" lon="-121.4468451">
<ele>11</ele><time>2025-08-30T17:39:17.998Z</time><extensions><gpxtpx:TrackPointExtension><gpxtpx:hr>162</gpxtpx:hr><gpxtpx:cad>77</gpxtpx:cad></gpxtpx:TrackPointExtension></extensions><extensions><gpxtpx:PowerExtension><gpxtpx:PowerInWatts>213</gpxtpx:PowerInWatts></gpxtpx:PowerExtension></extensions></trkpt>
<trkpt lat="38.5778989" lon="-121.4468833">
<ele>11</ele><time>2025-08-30T17:39:19.998Z</time><extensions><gpxtpx:TrackPointExtension><gpxtpx:hr>162</gpxtpx:hr><gpxtpx:cad>79</gpxtpx:cad></gpxtpx:TrackPointExtension></extensions><extensions><gpxtpx:PowerExtension><gpxtpx:PowerInWatts>211</gpxtpx:PowerInWatts></gpxtpx:PowerExtension></extensions></trkpt>
<trkpt lat="38.5778577" lon="-121.4469084">
<ele>11</ele><time>2025-08-30T17:39:21.998Z</time><extensions><gpxtpx:TrackPointExtension><gpxtpx:hr>162</gpxtpx:hr><gpxtpx:cad>81</gpxtpx:cad></gpxtpx:TrackPointExtension></extensions><extensions><gpxtpx:PowerExtension><gpxtpx:PowerInWatts>211</gpxtpx:PowerInWatts></gpxtpx:PowerExtension></extensions></trkpt>
<trkpt lat="38.5777965" lon="-121.4469401">
<ele>11</ele><time>2025-08-30T17:39:24.998Z</time><extensions><gpxtpx:TrackPointExtension><gpxtpx:hr>161</gpxtpx:hr><gpxtpx:cad>78</gpxtpx:cad></gpxtpx:TrackPointExtension></extensions><extensions><gpxtpx:PowerExtension><gpxtpx:PowerInWatts>214</gpxtpx:PowerInWatts></gpxtpx:PowerExtension></extensions></trkpt>
<trkpt lat="38.5777498" lon="-121.4469508">
<ele>11</ele><time>2025-08-30T17:39:26.997Z</time><extensions><gpxtpx:TrackPointExtension><gpxtpx:hr>162</gpxtpx:hr><gpxtpx:cad>77</gpxtpx:cad></gpxtpx:TrackPointExtension></extensions><extensions><gpxtpx:PowerExtension><gpxtpx:PowerInWatts>213</gpxtpx:PowerInWatts></gpxtpx:PowerExtension></extensions></trkpt>
<trkpt lat="38.5777235" lon="-121.4468928">
<ele>11</ele><time>2025-08-30T17:39:28.997Z</time><extensions><gpxtpx:TrackPointExtension><gpxtpx:hr>162</gpxtpx:hr><gpxtpx:cad>77</gpxtpx:cad></gpxtpx:TrackPointExtension></extensions><extensions><gpxtpx:PowerExtension><gpxtpx:PowerInWatts>209</gpxtpx:PowerInWatts></gpxtpx:PowerExtension></extensions></trkpt>
<trkpt lat="38.5777522" lon="-121.4468135">
<ele>11</ele><time>2025-08-30T17:39:30.997Z</time><extensions><gpxtpx:TrackPointExtension><gpxtpx:hr>162</gpxtpx:hr><gpxtpx:cad>78</gpxtpx:cad></gpxtpx:TrackPointExtension></extensions><extensions><gpxtpx:PowerExtension><gpxtpx:PowerInWatts>209</gpxtpx:PowerInWatts></gpxtpx:PowerExtension></extensions></trkpt>
<trkpt lat="38.5777773" lon="-121.4467471">
<ele>11</ele><time>2025-08-30T17:39:33.996Z</time><extensions><gpxtpx:TrackPointExtension><gpxtpx:hr>162</gpxtpx:hr><gpxtpx:cad>82</gpxtpx:cad></gpxtpx:TrackPointExtension></extensions><extensions><gpxtpx:PowerExtension><gpxtpx:PowerInWatts>201</gpxtpx:PowerInWatts></gpxtpx:PowerExtension></extensions></trkpt>
<trkpt lat="38.5777852" lon="-121.4466858">
<ele>11</ele><time>2025-08-30T17:39:35.996Z</time><extensions><gpxtpx:TrackPointExtension><gpxtpx:hr>162</gpxtpx:hr><gpxtpx:cad>83</gpxtpx:cad></gpxtpx:TrackPointExtension></extensions><extensions><gpxtpx:PowerExtension><gpxtpx:PowerInWatts>201</gpxtpx:PowerInWatts></gpxtpx:PowerExtension></extensions></trkpt>
<trkpt lat="38.5778002" lon="-121.4466070">
<ele>11</ele><time>2025-08-30T17:39:38.996Z</time><extensions><gpxtpx:TrackPointExtension><gpxtpx:hr>163</gpxtpx:hr><gpxtpx:cad>81</gpxtpx:cad></gpxtpx:TrackPointExtension></extensions><extensions><gpxtpx:PowerExtension><gpxtpx:PowerInWatts>198</gpxtpx:PowerInWatts></gpxtpx:PowerExtension></extensions></trkpt>
<trkpt lat="38.5778156" lon="-121.4465473">
<ele>11</ele><time>2025-08-30T17:39:40.995Z</time><extensions><gpxtpx:TrackPointExtension><gpxtpx:hr>163</gpxtpx:hr><gpxtpx:cad>80</gpxtpx:cad></gpxtpx:TrackPointExtension></extensions><extensions><gpxtpx:PowerExtension><gpxtpx:PowerInWatts>198</gpxtpx:PowerInWatts></gpxtpx:PowerExtension></extensions></trkpt>
<trkpt lat="38.5778254" lon="-121.4464849">
<ele>11</ele><time>2025-08-30T17:39:42.995Z</time><extensions><gpxtpx:TrackPointExtension><gpxtpx:hr>163</gpxtpx:hr><gpxtpx:cad>78</gpxtpx:cad></gpxtpx:TrackPointExtension></extensions><extensions><gpxtpx:PowerExtension><gpxtpx:PowerInWatts>198</gpxtpx:PowerInWatts></gpxtpx:PowerExtension></extensions></trkpt>
<trkpt lat="38.5778541" lon="-121.4464174">
<ele>11</ele><time>2025-08-30T17:39:44.995Z</time><extensions><gpxtpx:TrackPointExtension><gpxtpx:hr>162</gpxtpx:hr><gpxtpx:cad>76</gpxtpx:cad></gpxtpx:TrackPointExtension></extensions><extensions><gpxtpx:PowerExtension><gpxtpx:PowerInWatts>196</gpxtpx:PowerInWatts></gpxtpx:PowerExtension></extensions></trkpt>
<trkpt lat="38.5778750" lon="-121.4463480">
<ele>11</ele><time>2025-08-30T17:39:46.995Z</time><extensions><gpxtpx:TrackPointExtension><gpxtpx:hr>162</gpxtpx:hr><gpxtpx:cad>80</gpxtpx:cad></gpxtpx:TrackPointExtension></extensions><extensions><gpxtpx:PowerExtension><gpxtpx:PowerInWatts>193</gpxtpx:PowerInWatts></gpxtpx:PowerExtension></extensions></trkpt>
<trkpt lat="38.5779009" lon="-121.4462769">
<ele>11</ele><time>2025-08-30T17:39:48.995Z</time><extensions><gpxtpx:TrackPointExtension><gpxtpx:hr>163</gpxtpx:hr><gpxtpx:cad>79</gpxtpx:cad></gpxtpx:TrackPointExtension></extensions><extensions><gpxtpx:PowerExtension><gpxtpx:PowerInWatts>196</gpxtpx:PowerInWatts></gpxtpx:PowerExtension></extensions></trkpt>
<trkpt lat="38.5779172" lon="-121.4462125">
<ele>11</ele><time>2025-08-30T17:39:50.995Z</time><extensions><gpxtpx:TrackPointExtension><gpxtpx:hr>163</gpxtpx:hr><gpxtpx:cad>77</gpxtpx:cad></gpxtpx:TrackPointExtension></extensions><extensions><gpxtpx:PowerExtension><gpxtpx:PowerInWatts>196</gpxtpx:PowerInWatts></gpxtpx:PowerExtension></extensions></trkpt>
<trkpt lat="38.5779376" lon="-121.4461187">
<ele>11</ele><time>2025-08-30T17:39:53.995Z</time><extensions><gpxtpx:TrackPointExtension><gpxtpx:hr>163</gpxtpx:hr><gpxtpx:cad>75</gpxtpx:cad></gpxtpx:TrackPointExtension></extensions><extensions><gpxtpx:PowerExtension><gpxtpx:PowerInWatts>201</gpxtpx:PowerInWatts></gpxtpx:PowerExtension></extensions></trkpt>
<trkpt lat="38.5779570" lon="-121.4460525">
<ele>11</ele><time>2025-08-30T17:39:55.995Z</time><extensions><gpxtpx:TrackPointExtension><gpxtpx:hr>163</gpxtpx:hr><gpxtpx:cad>81</gpxtpx:cad></gpxtpx:TrackPointExtension></extensions><extensions><gpxtpx:PowerExtension><gpxtpx:PowerInWatts>206</gpxtpx:PowerInWatts></gpxtpx:PowerExtension></extensions></trkpt>
<trkpt lat="38.5779696" lon="-121.4459834">
<ele>11</ele><time>2025-08-30T17:39:57.994Z</time><extensions><gpxtpx:TrackPointExtension><gpxtpx:hr>163</gpxtpx:hr><gpxtpx:cad>85</gpxtpx:cad></gpxtpx:TrackPointExtension></extensions><extensions><gpxtpx:PowerExtension><gpxtpx:PowerInWatts>206</gpxtpx:PowerInWatts></gpxtpx:PowerExtension></extensions></trkpt>
<trkpt lat="38.5779834" lon="-121.4459201">
<ele>11</ele><time>2025-08-30T17:39:59.994Z</time><extensions><gpxtpx:TrackPointExtension><gpxtpx:hr>162</gpxtpx:hr><gpxtpx:cad>79</gpxtpx:cad></gpxtpx:TrackPointExtension></extensions><extensions><gpxtpx:PowerExtension><gpxtpx:PowerInWatts>210</gpxtpx:PowerInWatts></gpxtpx:PowerExtension></extensions></trkpt>
<trkpt lat="38.5779971" lon="-121.4458582">
<ele>11</ele><time>2025-08-30T17:40:01.994Z</time><extensions><gpxtpx:TrackPointExtension><gpxtpx:hr>162</gpxtpx:hr><gpxtpx:cad>81</gpxtpx:cad></gpxtpx:TrackPointExtension></extensions><extensions><gpxtpx:PowerExtension><gpxtpx:PowerInWatts>210</gpxtpx:PowerInWatts></gpxtpx:PowerExtension></extensions></trkpt>
<trkpt lat="38.5779766" lon="-121.4457707">
<ele>11</ele><time>2025-08-30T17:40:03.994Z</time><extensions><gpxtpx:TrackPointExtension><gpxtpx:hr>162</gpxtpx:hr><gpxtpx:cad>77</gpxtpx:cad></gpxtpx:TrackPointExtension></extensions><extensions><gpxtpx:PowerExtension><gpxtpx:PowerInWatts>210</gpxtpx:PowerInWatts></gpxtpx:PowerExtension></extensions></trkpt>
<trkpt lat="38.5779442" lon="-121.4457119">
<ele>11</ele><time>2025-08-30T17:40:05.994Z</time><extensions><gpxtpx:TrackPointExtension><gpxtpx:hr>163</gpxtpx:hr><gpxtpx:cad>76</gpxtpx:cad></gpxtpx:TrackPointExtension></extensions><extensions><gpxtpx:PowerExtension><gpxtpx:PowerInWatts>210</gpxtpx:PowerInWatts></gpxtpx:PowerExtension></extensions></trkpt>
<trkpt lat="38.5779369" lon="-121.4456517">
<ele>11</ele><time>2025-08-30T17:40:07.994Z</time><extensions><gpxtpx:TrackPointExtension><gpxtpx:hr>163</gpxtpx:hr><gpxtpx:cad>79</gpxtpx:cad></gpxtpx:TrackPointExtension></extensions><extensions><gpxtpx:PowerExtension><gpxtpx:PowerInWatts>212</gpxtpx:PowerInWatts></gpxtpx:PowerExtension></extensions></trkpt>
<trkpt lat="38.5779505" lon="-121.4455802">
<ele>11</ele><time>2025-08-30T17:40:09.994Z</time><extensions><gpxtpx:TrackPointExtension><gpxtpx:hr>163</gpxtpx:hr><gpxtpx:cad>80</gpxtpx:cad></gpxtpx:TrackPointExtension></extensions><extensions><gpxtpx:PowerExtension><gpxtpx:PowerInWatts>219</gpxtpx:PowerInWatts></gpxtpx:PowerExtension></extensions></trkpt>
<trkpt lat="38.5779601" lon="-121.4455227">
<ele>11</ele><time>2025-08-30T17:40:11.994Z</time><extensions><gpxtpx:TrackPointExtension><gpxtpx:hr>163</gpxtpx:hr><gpxtpx:cad>79</gpxtpx:cad></gpxtpx:TrackPointExtension></extensions><extensions><gpxtpx:PowerExtension><gpxtpx:PowerInWatts>219</gpxtpx:PowerInWatts></gpxtpx:PowerExtension></extensions></trkpt>
<trkpt lat="38.5779661" lon="-121.4454384">
<ele>11</ele><time>2025-08-30T17:40:14.994Z</time><extensions><gpxtpx:TrackPointExtension><gpxtpx:hr>163</gpxtpx:hr><gpxtpx:cad>69</gpxtpx:cad></gpxtpx:TrackPointExtension></extensions><extensions><gpxtpx:PowerExtension><gpxtpx:PowerInWatts>220</gpxtpx:PowerInWatts></gpxtpx:PowerExtension></extensions></trkpt>
<trkpt lat="38.5779755" lon="-121.4453708">
<ele>11</ele><time>2025-08-30T17:40:16.994Z</time><extensions><gpxtpx:TrackPointExtension><gpxtpx:hr>162</gpxtpx:hr><gpxtpx:cad>72</gpxtpx:cad></gpxtpx:TrackPointExtension></extensions><extensions><gpxtpx:PowerExtension><gpxtpx:PowerInWatts>220</gpxtpx:PowerInWatts></gpxtpx:PowerExtension></extensions></trkpt>
<trkpt lat="38.5779350" lon="-121.4453205">
<ele>11</ele><time>2025-08-30T17:40:18.994Z</time><extensions><gpxtpx:TrackPointExtension><gpxtpx:hr>163</gpxtpx:hr><gpxtpx:cad>76</gpxtpx:cad></gpxtpx:TrackPointExtension></extensions><extensions><gpxtpx:PowerExtension><gpxtpx:PowerInWatts>217</gpxtpx:PowerInWatts></gpxtpx:PowerExtension></extensions></trkpt>
<trkpt lat="38.5778767" lon="-121.4453244">
<ele>11</ele><time>2025-08-30T17:40:20.994Z</time><extensions><gpxtpx:TrackPointExtension><gpxtpx:hr>163</gpxtpx:hr><gpxtpx:cad>80</gpxtpx:cad></gpxtpx:TrackPointExtension></extensions><extensions><gpxtpx:PowerExtension><gpxtpx:PowerInWatts>214</gpxtpx:PowerInWatts></gpxtpx:PowerExtension></extensions></trkpt>
<trkpt lat="38.5778183" lon="-121.4453529">
<ele>11</ele><time>2025-08-30T17:40:22.994Z</time><extensions><gpxtpx:TrackPointExtension><gpxtpx:hr>163</gpxtpx:hr><gpxtpx:cad>78</gpxtpx:cad></gpxtpx:TrackPointExtension></extensions><extensions><gpxtpx:PowerExtension><gpxtpx:PowerInWatts>215</gpxtpx:PowerInWatts></gpxtpx:PowerExtension></extensions></trkpt>
<trkpt lat="38.5777654" lon="-121.4453523">
<ele>11</ele><time>2025-08-30T17:40:24.994Z</time><extensions><gpxtpx:TrackPointExtension><gpxtpx:hr>163</gpxtpx:hr><gpxtpx:cad>78</gpxtpx:cad></gpxtpx:TrackPointExtension></extensions><extensions><gpxtpx:PowerExtension><gpxtpx:PowerInWatts>215</gpxtpx:PowerInWatts></gpxtpx:PowerExtension></extensions></trkpt>
<trkpt lat="38.5777143" lon="-121.4453539">
<ele>11</ele><time>2025-08-30T17:40:26.994Z</time><extensions><gpxtpx:TrackPointExtension><gpxtpx:hr>163</gpxtpx:hr><gpxtpx:cad>76</gpxtpx:cad></gpxtpx:TrackPointExtension></extensions><extensions><gpxtpx:PowerExtension><gpxtpx:PowerInWatts>215</gpxtpx:PowerInWatts></gpxtpx:PowerExtension></extensions></trkpt>
<trkpt lat="38.5776565" lon="-121.4453732">
<ele>11</ele><time>2025-08-30T17:40:28.994Z</time><extensions><gpxtpx:TrackPointExtension><gpxtpx:hr>163</gpxtpx:hr><gpxtpx:cad>79</gpxtpx:cad></gpxtpx:TrackPointExtension></extensions><extensions><gpxtpx:PowerExtension><gpxtpx:PowerInWatts>208</gpxtpx:PowerInWatts></gpxtpx:PowerExtension></extensions></trkpt>
<trkpt lat="38.5775862" lon="-121.4454052">
<ele>11</ele><time>2025-08-30T17:40:31.994Z</time><extensions><gpxtpx:TrackPointExtension><gpxtpx:hr>163</gpxtpx:hr><gpxtpx:cad>78</gpxtpx:cad></gpxtpx:TrackPointExtension></extensions><extensions><gpxtpx:PowerExtension><gpxtpx:PowerInWatts>208</gpxtpx:PowerInWatts></gpxtpx:PowerExtension></extensions></trkpt>
<trkpt lat="38.5775385" lon="-121.4454167">
<ele>11</ele><time>2025-08-30T17:40:33.994Z</time><extensions><gpxtpx:TrackPointExtension><gpxtpx:hr>163</gpxtpx:hr><gpxtpx:cad>79</gpxtpx:cad></gpxtpx:TrackPointExtension></extensions><extensions><gpxtpx:PowerExtension><gpxtpx:PowerInWatts>214</gpxtpx:PowerInWatts></gpxtpx:PowerExtension></extensions></trkpt>
<trkpt lat="38.5774796" lon="-121.4454497">
<ele>11</ele><time>2025-08-30T17:40:35.994Z</time><extensions><gpxtpx:TrackPointExtension><gpxtpx:hr>163</gpxtpx:hr><gpxtpx:cad>81</gpxtpx:cad></gpxtpx:TrackPointExtension></extensions><extensions><gpxtpx:PowerExtension><gpxtpx:PowerInWatts>214</gpxtpx:PowerInWatts></gpxtpx:PowerExtension></extensions></trkpt>
<trkpt lat="38.5774120" lon="-121.4454319">
<ele>11</ele><time>2025-08-30T17:40:38.994Z</time><extensions><gpxtpx:TrackPointExtension><gpxtpx:hr>163</gpxtpx:hr><gpxtpx:cad>79</gpxtpx:cad></gpxtpx:TrackPointExtension></extensions><extensions><gpxtpx:PowerExtension><gpxtpx:PowerInWatts>214</gpxtpx:PowerInWatts></gpxtpx:PowerExtension></extensions></trkpt>
<trkpt lat="38.5773643" lon="-121.4454065">
<ele>11</ele><time>2025-08-30T17:40:40.994Z</time><extensions><gpxtpx:TrackPointExtension><gpxtpx:hr>163</gpxtpx:hr><gpxtpx:cad>76</gpxtpx:cad></gpxtpx:TrackPointExtension></extensions><extensions><gpxtpx:PowerExtension><gpxtpx:PowerInWatts>216</gpxtpx:PowerInWatts></gpxtpx:PowerExtension></extensions></trkpt>
<trkpt lat="38.5773138" lon="-121.4453971">
<ele>11</ele><time>2025-08-30T17:40:42.994Z</time><extensions><gpxtpx:TrackPointExtension><gpxtpx:hr>163</gpxtpx:hr><gpxtpx:cad>80</gpxtpx:cad></gpxtpx:TrackPointExtension></extensions><extensions><gpxtpx:PowerExtension><gpxtpx:PowerInWatts>216</gpxtpx:PowerInWatts></gpxtpx:PowerExtension></extensions></trkpt>
<trkpt lat="38.5772673" lon="-121.4454101">
<ele>11</ele><time>2025-08-30T17:40:44.994Z</time><extensions><gpxtpx:TrackPointExtension><gpxtpx:hr>163</gpxtpx:hr><gpxtpx:cad>83</gpxtpx:cad></gpxtpx:TrackPointExtension></extensions><extensions><gpxtpx:PowerExtension><gpxtpx:PowerInWatts>216</gpxtpx:PowerInWatts></gpxtpx:PowerExtension></extensions></trkpt>
<trkpt lat="38.5772110" lon="-121.4454457">
<ele>11</ele><time>2025-08-30T17:40:47.994Z</time><extensions><gpxtpx:TrackPointExtension><gpxtpx:hr>163</gpxtpx:hr><gpxtpx:cad>80</gpxtpx:cad></gpxtpx:TrackPointExtension></extensions><extensions><gpxtpx:PowerExtension><gpxtpx:PowerInWatts>215</gpxtpx:PowerInWatts></gpxtpx:PowerExtension></extensions></trkpt>
<trkpt lat="38.5771441" lon="-121.4454685">
<ele>11</ele><time>2025-08-30T17:40:50.994Z</time><extensions><gpxtpx:TrackPointExtension><gpxtpx:hr>164</gpxtpx:hr><gpxtpx:cad>78</gpxtpx:cad></gpxtpx:TrackPointExtension></extensions><extensions><gpxtpx:PowerExtension><gpxtpx:PowerInWatts>215</gpxtpx:PowerInWatts></gpxtpx:PowerExtension></extensions></trkpt>
<trkpt lat="38.5770981" lon="-121.4454982">
<ele>11</ele><time>2025-08-30T17:40:52.994Z</time><extensions><gpxtpx:TrackPointExtension><gpxtpx:hr>163</gpxtpx:hr><gpxtpx:cad>79</gpxtpx:cad></gpxtpx:TrackPointExtension></extensions><extensions><gpxtpx:PowerExtension><gpxtpx:PowerInWatts>210</gpxtpx:PowerInWatts></gpxtpx:PowerExtension></extensions></trkpt>
<trkpt lat="38.5770450" lon="-121.4455227">
<ele>11</ele><time>2025-08-30T17:40:54.994Z</time><extensions><gpxtpx:TrackPointExtension><gpxtpx:hr>164</gpxtpx:hr><gpxtpx:cad>81</gpxtpx:cad></gpxtpx:TrackPointExtension></extensions><extensions><gpxtpx:PowerExtension><gpxtpx:PowerInWatts>210</gpxtpx:PowerInWatts></gpxtpx:PowerExtension></extensions></trkpt>
<trkpt lat="38.5769950" lon="-121.4455288">
<ele>11</ele><time>2025-08-30T17:40:56.994Z</time><extensions><gpxtpx:TrackPointExtension><gpxtpx:hr>164</gpxtpx:hr><gpxtpx:cad>77</gpxtpx:cad></gpxtpx:TrackPointExtension></extensions><extensions><gpxtpx:PowerExtension><gpxtpx:PowerInWatts>210</gpxtpx:PowerInWatts></gpxtpx:PowerExtension></extensions></trkpt>
<trkpt lat="38.5769360" lon="-121.4455589">
<ele>11</ele><time>2025-08-30T17:40:58.994Z</time><extensions><gpxtpx:TrackPointExtension><gpxtpx:hr>164</gpxtpx:hr><gpxtpx:cad>75</gpxtpx:cad></gpxtpx:TrackPointExtension></extensions><extensions><gpxtpx:PowerExtension><gpxtpx:PowerInWatts>210</gpxtpx:PowerInWatts></gpxtpx:PowerExtension></extensions></trkpt>
<trkpt lat="38.5768904" lon="-121.4455967">
<ele>11</ele><time>2025-08-30T17:41:00.994Z</time><extensions><gpxtpx:TrackPointExtension><gpxtpx:hr>163</gpxtpx:hr><gpxtpx:cad>77</gpxtpx:cad></gpxtpx:TrackPointExtension></extensions><extensions><gpxtpx:PowerExtension><gpxtpx:PowerInWatts>212</gpxtpx:PowerInWatts></gpxtpx:PowerExtension></extensions></trkpt>
<trkpt lat="38.5768377" lon="-121.4455942">
<ele>11</ele><time>2025-08-30T17:41:02.994Z</time><extensions><gpxtpx:TrackPointExtension><gpxtpx:hr>163</gpxtpx:hr><gpxtpx:cad>76</gpxtpx:cad></gpxtpx:TrackPointExtension></extensions><extensions><gpxtpx:PowerExtension><gpxtpx:PowerInWatts>212</gpxtpx:PowerInWatts></gpxtpx:PowerExtension></extensions></trkpt>
<trkpt lat="38.5767850" lon="-121.4456205">
<ele>12</ele><time>2025-08-30T17:41:04.994Z</time><extensions><gpxtpx:TrackPointExtension><gpxtpx:hr>164</gpxtpx:hr><gpxtpx:cad>80</gpxtpx:cad></gpxtpx:TrackPointExtension></extensions><extensions><gpxtpx:PowerExtension><gpxtpx:PowerInWatts>214</gpxtpx:PowerInWatts></gpxtpx:PowerExtension></extensions></trkpt>
<trkpt lat="38.5767733" lon="-121.4455419">
<ele>12</ele><time>2025-08-30T17:41:08.994Z</time><extensions><gpxtpx:TrackPointExtension><gpxtpx:hr>164</gpxtpx:hr><gpxtpx:cad>76</gpxtpx:cad></gpxtpx:TrackPointExtension></extensions><extensions><gpxtpx:PowerExtension><gpxtpx:PowerInWatts>216</gpxtpx:PowerInWatts></gpxtpx:PowerExtension></extensions></trkpt>
<trkpt lat="38.5767989" lon="-121.4454733">
<ele>12</ele><time>2025-08-30T17:41:10.994Z</time><extensions><gpxtpx:TrackPointExtension><gpxtpx:hr>164</gpxtpx:hr><gpxtpx:cad>77</gpxtpx:cad></gpxtpx:TrackPointExtension></extensions><extensions><gpxtpx:PowerExtension><gpxtpx:PowerInWatts>216</gpxtpx:PowerInWatts></gpxtpx:PowerExtension></extensions></trkpt>
<trkpt lat="38.5767782" lon="-121.4454184">
<ele>11</ele><time>2025-08-30T17:41:12.994Z</time><extensions><gpxtpx:TrackPointExtension><gpxtpx:hr>164</gpxtpx:hr><gpxtpx:cad>87</gpxtpx:cad></gpxtpx:TrackPointExtension></extensions><extensions><gpxtpx:PowerExtension><gpxtpx:PowerInWatts>215</gpxtpx:PowerInWatts></gpxtpx:PowerExtension></extensions></trkpt>
<trkpt lat="38.5767445" lon="-121.4453526">
<ele>11</ele><time>2025-08-30T17:41:14.994Z</time><extensions><gpxtpx:TrackPointExtension><gpxtpx:hr>164</gpxtpx:hr><gpxtpx:cad>81</gpxtpx:cad></gpxtpx:TrackPointExtension></extensions><extensions><gpxtpx:PowerExtension><gpxtpx:PowerInWatts>215</gpxtpx:PowerInWatts></gpxtpx:PowerExtension></extensions></trkpt>
<trkpt lat="38.5767285" lon="-121.4452907">
<ele>11</ele><time>2025-08-30T17:41:16.994Z</time><extensions><gpxtpx:TrackPointExtension><gpxtpx:hr>164</gpxtpx:hr><gpxtpx:cad>77</gpxtpx:cad></gpxtpx:TrackPointExtension></extensions><extensions><gpxtpx:PowerExtension><gpxtpx:PowerInWatts>206</gpxtpx:PowerInWatts></gpxtpx:PowerExtension></extensions></trkpt>
<trkpt lat="38.5767021" lon="-121.4452366">
<ele>11</ele><time>2025-08-30T17:41:18.995Z</time><extensions><gpxtpx:TrackPointExtension><gpxtpx:hr>164</gpxtpx:hr><gpxtpx:cad>81</gpxtpx:cad></gpxtpx:TrackPointExtension></extensions><extensions><gpxtpx:PowerExtension><gpxtpx:PowerInWatts>204</gpxtpx:PowerInWatts></gpxtpx:PowerExtension></extensions></trkpt>
<trkpt lat="38.5766870" lon="-121.4451795">
<ele>11</ele><time>2025-08-30T17:41:20.995Z</time><extensions><gpxtpx:TrackPointExtension><gpxtpx:hr>164</gpxtpx:hr><gpxtpx:cad>81</gpxtpx:cad></gpxtpx:TrackPointExtension></extensions><extensions><gpxtpx:PowerExtension><gpxtpx:PowerInWatts>204</gpxtpx:PowerInWatts></gpxtpx:PowerExtension></extensions></trkpt>
<trkpt lat="38.5766673" lon="-121.4451198">
<ele>11</ele><time>2025-08-30T17:41:22.996Z</time><extensions><gpxtpx:TrackPointExtension><gpxtpx:hr>163</gpxtpx:hr><gpxtpx:cad>80</gpxtpx:cad></gpxtpx:TrackPointExtension></extensions><extensions><gpxtpx:PowerExtension><gpxtpx:PowerInWatts>208</gpxtpx:PowerInWatts></gpxtpx:PowerExtension></extensions></trkpt>
<trkpt lat="38.5766543" lon="-121.4450484">
<ele>11</ele><time>2025-08-30T17:41:24.997Z</time><extensions><gpxtpx:TrackPointExtension><gpxtpx:hr>163</gpxtpx:hr><gpxtpx:cad>78</gpxtpx:cad></gpxtpx:TrackPointExtension></extensions><extensions><gpxtpx:PowerExtension><gpxtpx:PowerInWatts>209</gpxtpx:PowerInWatts></gpxtpx:PowerExtension></extensions></trkpt>
<trkpt lat="38.5766281" lon="-121.4449817">
<ele>11</ele><time>2025-08-30T17:41:26.997Z</time><extensions><gpxtpx:TrackPointExtension><gpxtpx:hr>163</gpxtpx:hr><gpxtpx:cad>82</gpxtpx:cad></gpxtpx:TrackPointExtension></extensions><extensions><gpxtpx:PowerExtension><gpxtpx:PowerInWatts>208</gpxtpx:PowerInWatts></gpxtpx:PowerExtension></extensions></trkpt>
<trkpt lat="38.5766104" lon="-121.4448961">
<ele>11</ele><time>2025-08-30T17:41:29.998Z</time><extensions><gpxtpx:TrackPointExtension><gpxtpx:hr>164</gpxtpx:hr><gpxtpx:cad>81</gpxtpx:cad></gpxtpx:TrackPointExtension></extensions><extensions><gpxtpx:PowerExtension><gpxtpx:PowerInWatts>208</gpxtpx:PowerInWatts></gpxtpx:PowerExtension></extensions></trkpt>
<trkpt lat="38.5766000" lon="-121.4448367">
<ele>11</ele><time>2025-08-30T17:41:31.998Z</time><extensions><gpxtpx:TrackPointExtension><gpxtpx:hr>164</gpxtpx:hr><gpxtpx:cad>78</gpxtpx:cad></gpxtpx:TrackPointExtension></extensions><extensions><gpxtpx:PowerExtension><gpxtpx:PowerInWatts>208</gpxtpx:PowerInWatts></gpxtpx:PowerExtension></extensions></trkpt>
<trkpt lat="38.5765890" lon="-121.4447722">
<ele>12</ele><time>2025-08-30T17:41:33.998Z</time><extensions><gpxtpx:TrackPointExtension><gpxtpx:hr>164</gpxtpx:hr><gpxtpx:cad>78</gpxtpx:cad></gpxtpx:TrackPointExtension></extensions><extensions><gpxtpx:PowerExtension><gpxtpx:PowerInWatts>210</gpxtpx:PowerInWatts></gpxtpx:PowerExtension></extensions></trkpt>
<trkpt lat="38.5766556" lon="-121.4447288">
<ele>11</ele><time>2025-08-30T17:41:36.999Z</time><extensions><gpxtpx:TrackPointExtension><gpxtpx:hr>164</gpxtpx:hr><gpxtpx:cad>78</gpxtpx:cad></gpxtpx:TrackPointExtension></extensions><extensions><gpxtpx:PowerExtension><gpxtpx:PowerInWatts>209</gpxtpx:PowerInWatts></gpxtpx:PowerExtension></extensions></trkpt>
<trkpt lat="38.5767098" lon="-121.4447239">
<ele>11</ele><time>2025-08-30T17:41:38.999Z</time><extensions><gpxtpx:TrackPointExtension><gpxtpx:hr>164</gpxtpx:hr><gpxtpx:cad>79</gpxtpx:cad></gpxtpx:TrackPointExtension></extensions><extensions><gpxtpx:PowerExtension><gpxtpx:PowerInWatts>208</gpxtpx:PowerInWatts></gpxtpx:PowerExtension></extensions></trkpt>
<trkpt lat="38.5767594" lon="-121.4447127">
<ele>11</ele><time>2025-08-30T17:41:40.999Z</time><extensions><gpxtpx:TrackPointExtension><gpxtpx:hr>164</gpxtpx:hr><gpxtpx:cad>80</gpxtpx:cad></gpxtpx:TrackPointExtension></extensions><extensions><gpxtpx:PowerExtension><gpxtpx:PowerInWatts>208</gpxtpx:PowerInWatts></gpxtpx:PowerExtension></extensions></trkpt>
<trkpt lat="38.5768238" lon="-121.4446815">
<ele>11</ele><time>2025-08-30T17:41:43.999Z</time><extensions><gpxtpx:TrackPointExtension><gpxtpx:hr>163</gpxtpx:hr><gpxtpx:cad>73</gpxtpx:cad></gpxtpx:TrackPointExtension></extensions><extensions><gpxtpx:PowerExtension><gpxtpx:PowerInWatts>208</gpxtpx:PowerInWatts></gpxtpx:PowerExtension></extensions></trkpt>
<trkpt lat="38.5768755" lon="-121.4446714">
<ele>11</ele><time>2025-08-30T17:41:45.999Z</time><extensions><gpxtpx:TrackPointExtension><gpxtpx:hr>164</gpxtpx:hr><gpxtpx:cad>78</gpxtpx:cad></gpxtpx:TrackPointExtension></extensions><extensions><gpxtpx:PowerExtension><gpxtpx:PowerInWatts>204</gpxtpx:PowerInWatts></gpxtpx:PowerExtension></extensions></trkpt>
<trkpt lat="38.5769277" lon="-121.4446628">
<ele>11</ele><time>2025-08-30T17:41:47.999Z</time><extensions><gpxtpx:TrackPointExtension><gpxtpx:hr>164</gpxtpx:hr><gpxtpx:cad>78</gpxtpx:cad></gpxtpx:TrackPointExtension></extensions><extensions><gpxtpx:PowerExtension><gpxtpx:PowerInWatts>204</gpxtpx:PowerInWatts></gpxtpx:PowerExtension></extensions></trkpt>
<trkpt lat="38.5769794" lon="-121.4446469">
<ele>11</ele><time>2025-08-30T17:41:50.000Z</time><extensions><gpxtpx:TrackPointExtension><gpxtpx:hr>164</gpxtpx:hr><gpxtpx:cad>76</gpxtpx:cad></gpxtpx:TrackPointExtension></extensions><extensions><gpxtpx:PowerExtension><gpxtpx:PowerInWatts>203</gpxtpx:PowerInWatts></gpxtpx:PowerExtension></extensions></trkpt>
<trkpt lat="38.5770308" lon="-121.4446169">
<ele>11</ele><time>2025-08-30T17:41:52.000Z</time><extensions><gpxtpx:TrackPointExtension><gpxtpx:hr>163</gpxtpx:hr><gpxtpx:cad>78</gpxtpx:cad></gpxtpx:TrackPointExtension></extensions><extensions><gpxtpx:PowerExtension><gpxtpx:PowerInWatts>203</gpxtpx:PowerInWatts></gpxtpx:PowerExtension></extensions></trkpt>
<trkpt lat="38.5770878" lon="-121.4445808">
<ele>12</ele><time>2025-08-30T17:41:55.000Z</time><extensions><gpxtpx:TrackPointExtension><gpxtpx:hr>163</gpxtpx:hr><gpxtpx:cad>78</gpxtpx:cad></gpxtpx:TrackPointExtension></extensions><extensions><gpxtpx:PowerExtension><gpxtpx:PowerInWatts>204</gpxtpx:PowerInWatts></gpxtpx:PowerExtension></extensions></trkpt>
<trkpt lat="38.5771586" lon="-121.4445623">
<ele>12</ele><time>2025-08-30T17:41:58.000Z</time><extensions><gpxtpx:TrackPointExtension><gpxtpx:hr>163</gpxtpx:hr><gpxtpx:cad>76</gpxtpx:cad></gpxtpx:TrackPointExtension></extensions><extensions><gpxtpx:PowerExtension><gpxtpx:PowerInWatts>206</gpxtpx:PowerInWatts></gpxtpx:PowerExtension></extensions></trkpt>
<trkpt lat="38.5772071" lon="-121.4445410">
<ele>12</ele><time>2025-08-30T17:42:00.000Z</time><extensions><gpxtpx:TrackPointExtension><gpxtpx:hr>163</gpxtpx:hr><gpxtpx:cad>74</gpxtpx:cad></gpxtpx:TrackPointExtension></extensions><extensions><gpxtpx:PowerExtension><gpxtpx:PowerInWatts>206</gpxtpx:PowerInWatts></gpxtpx:PowerExtension></extensions></trkpt>
<trkpt lat="38.5772623" lon="-121.4445052">
<ele>12</ele><time>2025-08-30T17:42:02.000Z</time><extensions><gpxtpx:TrackPointExtension><gpxtpx:hr>164</gpxtpx:hr><gpxtpx:cad>78</gpxtpx:cad></gpxtpx:TrackPointExtension></extensions><extensions><gpxtpx:PowerExtension><gpxtpx:PowerInWatts>206</gpxtpx:PowerInWatts></gpxtpx:PowerExtension></extensions></trkpt>
<trkpt lat="38.5773090" lon="-121.4445128">
<ele>12</ele><time>2025-08-30T17:42:04.000Z</time><extensions><gpxtpx:TrackPointExtension><gpxtpx:hr>163</gpxtpx:hr><gpxtpx:cad>80</gpxtpx:cad></gpxtpx:TrackPointExtension></extensions><extensions><gpxtpx:PowerExtension><gpxtpx:PowerInWatts>203</gpxtpx:PowerInWatts></gpxtpx:PowerExtension></extensions></trkpt>
<trkpt lat="38.5773665" lon="-121.4444862">
<ele>12</ele><time>2025-08-30T17:42:06.000Z</time><extensions><gpxtpx:TrackPointExtension><gpxtpx:hr>163</gpxtpx:hr><gpxtpx:cad>78</gpxtpx:cad></gpxtpx:TrackPointExtension></extensions><extensions><gpxtpx:PowerExtension><gpxtpx:PowerInWatts>203</gpxtpx:PowerInWatts></gpxtpx:PowerExtension></extensions></trkpt>
<trkpt lat="38.5774112" lon="-121.4444720">
<ele>12</ele><time>2025-08-30T17:42:08.000Z</time><extensions><gpxtpx:TrackPointExtension><gpxtpx:hr>163</gpxtpx:hr><gpxtpx:cad>78</gpxtpx:cad></gpxtpx:TrackPointExtension></extensions><extensions><gpxtpx:PowerExtension><gpxtpx:PowerInWatts>209</gpxtpx:PowerInWatts></gpxtpx:PowerExtension></extensions></trkpt>
<trkpt lat="38.5774590" lon="-121.4444465">
<ele>12</ele><time>2025-08-30T17:42:10.000Z</time><extensions><gpxtpx:TrackPointExtension><gpxtpx:hr>163</gpxtpx:hr><gpxtpx:cad>80</gpxtpx:cad></gpxtpx:TrackPointExtension></extensions><extensions><gpxtpx:PowerExtension><gpxtpx:PowerInWatts>209</gpxtpx:PowerInWatts></gpxtpx:PowerExtension></extensions></trkpt>
<trkpt lat="38.5775116" lon="-121.4444103">
<ele>12</ele><time>2025-08-30T17:42:12.000Z</time><extensions><gpxtpx:TrackPointExtension><gpxtpx:hr>163</gpxtpx:hr><gpxtpx:cad>78</gpxtpx:cad></gpxtpx:TrackPointExtension></extensions><extensions><gpxtpx:PowerExtension><gpxtpx:PowerInWatts>209</gpxtpx:PowerInWatts></gpxtpx:PowerExtension></extensions></trkpt>
<trkpt lat="38.5775654" lon="-121.4444010">
<ele>12</ele><time>2025-08-30T17:42:14.000Z</time><extensions><gpxtpx:TrackPointExtension><gpxtpx:hr>163</gpxtpx:hr><gpxtpx:cad>75</gpxtpx:cad></gpxtpx:TrackPointExtension></extensions><extensions><gpxtpx:PowerExtension><gpxtpx:PowerInWatts>211</gpxtpx:PowerInWatts></gpxtpx:PowerExtension></extensions></trkpt>
<trkpt lat="38.5776177" lon="-121.4443914">
<ele>11</ele><time>2025-08-30T17:42:16.000Z</time><extensions><gpxtpx:TrackPointExtension><gpxtpx:hr>163</gpxtpx:hr><gpxtpx:cad>76</gpxtpx:cad></gpxtpx:TrackPointExtension></extensions><extensions><gpxtpx:PowerExtension><gpxtpx:PowerInWatts>211</gpxtpx:PowerInWatts></gpxtpx:PowerExtension></extensions></trkpt>
<trkpt lat="38.5776633" lon="-121.4443603">
<ele>11</ele><time>2025-08-30T17:42:18.000Z</time><extensions><gpxtpx:TrackPointExtension><gpxtpx:hr>163</gpxtpx:hr><gpxtpx:cad>79</gpxtpx:cad></gpxtpx:TrackPointExtension></extensions><extensions><gpxtpx:PowerExtension><gpxtpx:PowerInWatts>211</gpxtpx:PowerInWatts></gpxtpx:PowerExtension></extensions></trkpt>
<trkpt lat="38.5777134" lon="-121.4443202">
<ele>11</ele><time>2025-08-30T17:42:21.000Z</time><extensions><gpxtpx:TrackPointExtension><gpxtpx:hr>163</gpxtpx:hr><gpxtpx:cad>78</gpxtpx:cad></gpxtpx:TrackPointExtension></extensions><extensions><gpxtpx:PowerExtension><gpxtpx:PowerInWatts>214</gpxtpx:PowerInWatts></gpxtpx:PowerExtension></extensions></trkpt>
<trkpt lat="38.5777444" lon="-121.4442375">
<ele>11</ele><time>2025-08-30T17:42:23.000Z</time><extensions><gpxtpx:TrackPointExtension><gpxtpx:hr>163</gpxtpx:hr><gpxtpx:cad>78</gpxtpx:cad></gpxtpx:TrackPointExtension></extensions><extensions><gpxtpx:PowerExtension><gpxtpx:PowerInWatts>215</gpxtpx:PowerInWatts></gpxtpx:PowerExtension></extensions></trkpt>
<trkpt lat="38.5777572" lon="-121.4441700">
<ele>11</ele><time>2025-08-30T17:42:25.000Z</time><extensions><gpxtpx:TrackPointExtension><gpxtpx:hr>163</gpxtpx:hr><gpxtpx:cad>79</gpxtpx:cad></gpxtpx:TrackPointExtension></extensions><extensions><gpxtpx:PowerExtension><gpxtpx:PowerInWatts>215</gpxtpx:PowerInWatts></gpxtpx:PowerExtension></extensions></trkpt>
<trkpt lat="38.5777634" lon="-121.4440857">
<ele>11</ele><time>2025-08-30T17:42:27.000Z</time><extensions><gpxtpx:TrackPointExtension><gpxtpx:hr>162</gpxtpx:hr><gpxtpx:cad>78</gpxtpx:cad></gpxtpx:TrackPointExtension></extensions><extensions><gpxtpx:PowerExtension><gpxtpx:PowerInWatts>214</gpxtpx:PowerInWatts></gpxtpx:PowerExtension></extensions></trkpt>
<trkpt lat="38.5777210" lon="-121.4440208">
<ele>11</ele><time>2025-08-30T17:42:29.000Z</time><extensions><gpxtpx:TrackPointExtension><gpxtpx:hr>161</gpxtpx:hr><gpxtpx:cad>80</gpxtpx:cad></gpxtpx:TrackPointExtension></extensions><extensions><gpxtpx:PowerExtension><gpxtpx:PowerInWatts>218</gpxtpx:PowerInWatts></gpxtpx:PowerExtension></extensions></trkpt>
<trkpt lat="38.5777170" lon="-121.4439510">
<ele>11</ele><time>2025-08-30T17:42:31.000Z</time><extensions><gpxtpx:TrackPointExtension><gpxtpx:hr>160</gpxtpx:hr><gpxtpx:cad>80</gpxtpx:cad></gpxtpx:TrackPointExtension></extensions><extensions><gpxtpx:PowerExtension><gpxtpx:PowerInWatts>218</gpxtpx:PowerInWatts></gpxtpx:PowerExtension></extensions></trkpt>
<trkpt lat="38.5776912" lon="-121.4438658">
<ele>11</ele><time>2025-08-30T17:42:34.000Z</time><extensions><gpxtpx:TrackPointExtension><gpxtpx:hr>159</gpxtpx:hr><gpxtpx:cad>81</gpxtpx:cad></gpxtpx:TrackPointExtension></extensions><extensions><gpxtpx:PowerExtension><gpxtpx:PowerInWatts>224</gpxtpx:PowerInWatts></gpxtpx:PowerExtension></extensions></trkpt>
<trkpt lat="38.5776616" lon="-121.4438045">
<ele>11</ele><time>2025-08-30T17:42:36.000Z</time><extensions><gpxtpx:TrackPointExtension><gpxtpx:hr>158</gpxtpx:hr><gpxtpx:cad>75</gpxtpx:cad></gpxtpx:TrackPointExtension></extensions><extensions><gpxtpx:PowerExtension><gpxtpx:PowerInWatts>224</gpxtpx:PowerInWatts></gpxtpx:PowerExtension></extensions></trkpt>
<trkpt lat="38.5776290" lon="-121.4437464">
<ele>11</ele><time>2025-08-30T17:42:38.000Z</time><extensions><gpxtpx:TrackPointExtension><gpxtpx:hr>157</gpxtpx:hr><gpxtpx:cad>76</gpxtpx:cad></gpxtpx:TrackPointExtension></extensions><extensions><gpxtpx:PowerExtension><gpxtpx:PowerInWatts>224</gpxtpx:PowerInWatts></gpxtpx:PowerExtension></extensions></trkpt>
<trkpt lat="38.5776170" lon="-121.4436801">
<ele>11</ele><time>2025-08-30T17:42:40.000Z</time><extensions><gpxtpx:TrackPointExtension><gpxtpx:hr>157</gpxtpx:hr><gpxtpx:cad>75</gpxtpx:cad></gpxtpx:TrackPointExtension></extensions><extensions><gpxtpx:PowerExtension><gpxtpx:PowerInWatts>224</gpxtpx:PowerInWatts></gpxtpx:PowerExtension></extensions></trkpt>
<trkpt lat="38.5776135" lon="-121.4436067">
<ele>11</ele><time>2025-08-30T17:42:42.000Z</time><extensions><gpxtpx:TrackPointExtension><gpxtpx:hr>159</gpxtpx:hr><gpxtpx:cad>72</gpxtpx:cad></gpxtpx:TrackPointExtension></extensions><extensions><gpxtpx:PowerExtension><gpxtpx:PowerInWatts>220</gpxtpx:PowerInWatts></gpxtpx:PowerExtension></extensions></trkpt>
<trkpt lat="38.5775901" lon="-121.4435459">
<ele>11</ele><time>2025-08-30T17:42:44.000Z</time><extensions><gpxtpx:TrackPointExtension><gpxtpx:hr>159</gpxtpx:hr><gpxtpx:cad>71</gpxtpx:cad></gpxtpx:TrackPointExtension></extensions><extensions><gpxtpx:PowerExtension><gpxtpx:PowerInWatts>220</gpxtpx:PowerInWatts></gpxtpx:PowerExtension></extensions></trkpt>
<trkpt lat="38.5775565" lon="-121.4434820">
<ele>11</ele><time>2025-08-30T17:42:46.000Z</time><extensions><gpxtpx:TrackPointExtension><gpxtpx:hr>160</gpxtpx:hr><gpxtpx:cad>65</gpxtpx:cad></gpxtpx:TrackPointExtension></extensions><extensions><gpxtpx:PowerExtension><gpxtpx:PowerInWatts>220</gpxtpx:PowerInWatts></gpxtpx:PowerExtension></extensions></trkpt>
<trkpt lat="38.5775429" lon="-121.4434156">
<ele>11</ele><time>2025-08-30T17:42:48.000Z</time><extensions><gpxtpx:TrackPointExtension><gpxtpx:hr>161</gpxtpx:hr><gpxtpx:cad>63</gpxtpx:cad></gpxtpx:TrackPointExtension></extensions><extensions><gpxtpx:PowerExtension><gpxtpx:PowerInWatts>220</gpxtpx:PowerInWatts></gpxtpx:PowerExtension></extensions></trkpt>
<trkpt lat="38.5775148" lon="-121.4433597">
<ele>11</ele><time>2025-08-30T17:42:52.000Z</time><extensions><gpxtpx:TrackPointExtension><gpxtpx:hr>162</gpxtpx:hr><gpxtpx:cad>62</gpxtpx:cad></gpxtpx:TrackPointExtension></extensions><extensions><gpxtpx:PowerExtension><gpxtpx:PowerInWatts>223</gpxtpx:PowerInWatts></gpxtpx:PowerExtension></extensions></trkpt>
<trkpt lat="38.5774647" lon="-121.4433373">
<ele>11</ele><time>2025-08-30T17:42:56.000Z</time><extensions><gpxtpx:TrackPointExtension><gpxtpx:hr>162</gpxtpx:hr><gpxtpx:cad>58</gpxtpx:cad></gpxtpx:TrackPointExtension></extensions><extensions><gpxtpx:PowerExtension><gpxtpx:PowerInWatts>214</gpxtpx:PowerInWatts></gpxtpx:PowerExtension></extensions></trkpt>
<trkpt lat="38.5774196" lon="-121.4433336">
<ele>11</ele><time>2025-08-30T17:42:59.000Z</time><extensions><gpxtpx:TrackPointExtension><gpxtpx:hr>162</gpxtpx:hr><gpxtpx:cad>60</gpxtpx:cad></gpxtpx:TrackPointExtension></extensions><extensions><gpxtpx:PowerExtension><gpxtpx:PowerInWatts>214</gpxtpx:PowerInWatts></gpxtpx:PowerExtension></extensions></trkpt>
<trkpt lat="38.5773860" lon="-121.4433720">
<ele>11</ele><time>2025-08-30T17:43:01.999Z</time><extensions><gpxtpx:TrackPointExtension><gpxtpx:hr>162</gpxtpx:hr><gpxtpx:cad>58</gpxtpx:cad></gpxtpx:TrackPointExtension></extensions><extensions><gpxtpx:PowerExtension><gpxtpx:PowerInWatts>180</gpxtpx:PowerInWatts></gpxtpx:PowerExtension></extensions></trkpt>
<trkpt lat="38.5773515" lon="-121.4434101">
<ele>11</ele><time>2025-08-30T17:43:04.999Z</time><extensions><gpxtpx:TrackPointExtension><gpxtpx:hr>161</gpxtpx:hr><gpxtpx:cad>53</gpxtpx:cad></gpxtpx:TrackPointExtension></extensions><extensions><gpxtpx:PowerExtension><gpxtpx:PowerInWatts>164</gpxtpx:PowerInWatts></gpxtpx:PowerExtension></extensions></trkpt>
<trkpt lat="38.5773008" lon="-121.4434277">
<ele>11</ele><time>2025-08-30T17:43:08.999Z</time><extensions><gpxtpx:TrackPointExtension><gpxtpx:hr>159</gpxtpx:hr><gpxtpx:cad>50</gpxtpx:cad></gpxtpx:TrackPointExtension></extensions><extensions><gpxtpx:PowerExtension><gpxtpx:PowerInWatts>143</gpxtpx:PowerInWatts></gpxtpx:PowerExtension></extensions></trkpt>
<trkpt lat="38.5772473" lon="-121.4434304">
<ele>11</ele><time>2025-08-30T17:43:12.999Z</time><extensions><gpxtpx:TrackPointExtension><gpxtpx:hr>158</gpxtpx:hr><gpxtpx:cad>50</gpxtpx:cad></gpxtpx:TrackPointExtension></extensions><extensions><gpxtpx:PowerExtension><gpxtpx:PowerInWatts>97</gpxtpx:PowerInWatts></gpxtpx:PowerExtension></extensions></trkpt>
<trkpt lat="38.5772044" lon="-121.4434502">
<ele>11</ele><time>2025-08-30T17:43:15.999Z</time><extensions><gpxtpx:TrackPointExtension><gpxtpx:hr>157</gpxtpx:hr><gpxtpx:cad>47</gpxtpx:cad></gpxtpx:TrackPointExtension></extensions><extensions><gpxtpx:PowerExtension><gpxtpx:PowerInWatts>92</gpxtpx:PowerInWatts></gpxtpx:PowerExtension></extensions></trkpt>
<trkpt lat="38.5771587" lon="-121.4434532">
<ele>11</ele><time>2025-08-30T17:43:19.999Z</time><extensions><gpxtpx:TrackPointExtension><gpxtpx:hr>155</gpxtpx:hr><gpxtpx:cad>47</gpxtpx:cad></gpxtpx:TrackPointExtension></extensions><extensions><gpxtpx:PowerExtension><gpxtpx:PowerInWatts>93</gpxtpx:PowerInWatts></gpxtpx:PowerExtension></extensions></trkpt>
<trkpt lat="38.5771141" lon="-121.4434676">
<ele>11</ele><time>2025-08-30T17:43:22.999Z</time><extensions><gpxtpx:TrackPointExtension><gpxtpx:hr>154</gpxtpx:hr><gpxtpx:cad>45</gpxtpx:cad></gpxtpx:TrackPointExtension></extensions><extensions><gpxtpx:PowerExtension><gpxtpx:PowerInWatts>95</gpxtpx:PowerInWatts></gpxtpx:PowerExtension></extensions></trkpt>
<trkpt lat="38.5770624" lon="-121.4434739">
<ele>11</ele><time>2025-08-30T17:43:26.999Z</time><extensions><gpxtpx:TrackPointExtension><gpxtpx:hr>152</gpxtpx:hr><gpxtpx:cad>46</gpxtpx:cad></gpxtpx:TrackPointExtension></extensions><extensions><gpxtpx:PowerExtension><gpxtpx:PowerInWatts>92</gpxtpx:PowerInWatts></gpxtpx:PowerExtension></extensions></trkpt>
</trkseg><trkseg>
<trkpt lat="38.5769341" lon="-121.4435817">
<ele>11</ele><time>2025-08-30T17:44:43.999Z</time><extensions><gpxtpx:TrackPointExtension><gpxtpx:hr>141</gpxtpx:hr><gpxtpx:cad>47</gpxtpx:cad></gpxtpx:TrackPointExtension></extensions><extensions><gpxtpx:PowerExtension><gpxtpx:PowerInWatts>83</gpxtpx:PowerInWatts></gpxtpx:PowerExtension></extensions></trkpt>
<trkpt lat="38.5768906" lon="-121.4436005">
<ele>11</ele><time>2025-08-30T17:44:48.999Z</time><extensions><gpxtpx:TrackPointExtension><gpxtpx:hr>140</gpxtpx:hr><gpxtpx:cad>47</gpxtpx:cad></gpxtpx:TrackPointExtension></extensions><extensions><gpxtpx:PowerExtension><gpxtpx:PowerInWatts>82</gpxtpx:PowerInWatts></gpxtpx:PowerExtension></extensions></trkpt>
</trkseg><trkseg>
<trkpt lat="38.5767885" lon="-121.4436468">
<ele>12</ele><time>2025-08-30T17:45:43.999Z</time><extensions><gpxtpx:TrackPointExtension><gpxtpx:hr>133</gpxtpx:hr><gpxtpx:cad>48</gpxtpx:cad></gpxtpx:TrackPointExtension></extensions><extensions><gpxtpx:PowerExtension><gpxtpx:PowerInWatts>105</gpxtpx:PowerInWatts></gpxtpx:PowerExtension></extensions></trkpt>
<trkpt lat="38.5767572" lon="-121.4437017">
<ele>12</ele><time>2025-08-30T17:45:47.999Z</time><extensions><gpxtpx:TrackPointExtension><gpxtpx:hr>133</gpxtpx:hr><gpxtpx:cad>48</gpxtpx:cad></gpxtpx:TrackPointExtension></extensions><extensions><gpxtpx:PowerExtension><gpxtpx:PowerInWatts>93</gpxtpx:PowerInWatts></gpxtpx:PowerExtension></extensions></trkpt>
<trkpt lat="38.5767242" lon="-121.4437589">
<ele>12</ele><time>2025-08-30T17:45:52.999Z</time><extensions><gpxtpx:TrackPointExtension><gpxtpx:hr>133</gpxtpx:hr><gpxtpx:cad>50</gpxtpx:cad></gpxtpx:TrackPointExtension></extensions><extensions><gpxtpx:PowerExtension><gpxtpx:PowerInWatts>93</gpxtpx:PowerInWatts></gpxtpx:PowerExtension></extensions></trkpt>
<trkpt lat="38.5766823" lon="-121.4437975">
<ele>12</ele><time>2025-08-30T17:45:57.999Z</time><extensions><gpxtpx:TrackPointExtension><gpxtpx:hr>131</gpxtpx:hr><gpxtpx:cad>52</gpxtpx:cad></gpxtpx:TrackPointExtension></extensions><extensions><gpxtpx:PowerExtension><gpxtpx:PowerInWatts>93</gpxtpx:PowerInWatts></gpxtpx:PowerExtension></extensions></trkpt>
<trkpt lat="38.5766232" lon="-121.4438361">
<ele>12</ele><time>2025-08-30T17:46:00.999Z</time><extensions><gpxtpx:TrackPointExtension><gpxtpx:hr>131</gpxtpx:hr><gpxtpx:cad>53</gpxtpx:cad></gpxtpx:TrackPointExtension></extensions><extensions><gpxtpx:PowerExtension><gpxtpx:PowerInWatts>88</gpxtpx:PowerInWatts></gpxtpx:PowerExtension></extensions></trkpt>
<trkpt lat="38.5765818" lon="-121.4438699">
<ele>12</ele><time>2025-08-30T17:46:03.999Z</time><extensions><gpxtpx:TrackPointExtension><gpxtpx:hr>133</gpxtpx:hr><gpxtpx:cad>55</gpxtpx:cad></gpxtpx:TrackPointExtension></extensions><extensions><gpxtpx:PowerExtension><gpxtpx:PowerInWatts>91</gpxtpx:PowerInWatts></gpxtpx:PowerExtension></extensions></trkpt>
<trkpt lat="38.5765285" lon="-121.4439152">
<ele>12</ele><time>2025-08-30T17:46:06.999Z</time><extensions><gpxtpx:TrackPointExtension><gpxtpx:hr>135</gpxtpx:hr><gpxtpx:cad>63</gpxtpx:cad></gpxtpx:TrackPointExtension></extensions><extensions><gpxtpx:PowerExtension><gpxtpx:PowerInWatts>91</gpxtpx:PowerInWatts></gpxtpx:PowerExtension></extensions></trkpt>
<trkpt lat="38.5764706" lon="-121.4439633">
<ele>12</ele><time>2025-08-30T17:46:08.999Z</time><extensions><gpxtpx:TrackPointExtension><gpxtpx:hr>138</gpxtpx:hr><gpxtpx:cad>65</gpxtpx:cad></gpxtpx:TrackPointExtension></extensions><extensions><gpxtpx:PowerExtension><gpxtpx:PowerInWatts>195</gpxtpx:PowerInWatts></gpxtpx:PowerExtension></extensions></trkpt>
<trkpt lat="38.5764197" lon="-121.4440100">
<ele>12</ele><time>2025-08-30T17:46:10.999Z</time><extensions><gpxtpx:TrackPointExtension><gpxtpx:hr>139</gpxtpx:hr><gpxtpx:cad>67</gpxtpx:cad></gpxtpx:TrackPointExtension></extensions><extensions><gpxtpx:PowerExtension><gpxtpx:PowerInWatts>195</gpxtpx:PowerInWatts></gpxtpx:PowerExtension></extensions></trkpt>
<trkpt lat="38.5763914" lon="-121.4440708">
<ele>12</ele><time>2025-08-30T17:46:12.999Z</time><extensions><gpxtpx:TrackPointExtension><gpxtpx:hr>140</gpxtpx:hr><gpxtpx:cad>72</gpxtpx:cad></gpxtpx:TrackPointExtension></extensions><extensions><gpxtpx:PowerExtension><gpxtpx:PowerInWatts>199</gpxtpx:PowerInWatts></gpxtpx:PowerExtension></extensions></trkpt>
<trkpt lat="38.5763597" lon="-121.4441416">
<ele>12</ele><time>2025-08-30T17:46:14.999Z</time><extensions><gpxtpx:TrackPointExtension><gpxtpx:hr>142</gpxtpx:hr><gpxtpx:cad>78</gpxtpx:cad></gpxtpx:TrackPointExtension></extensions><extensions><gpxtpx:PowerExtension><gpxtpx:PowerInWatts>199</gpxtpx:PowerInWatts></gpxtpx:PowerExtension></extensions></trkpt>
<trkpt lat="38.5763652" lon="-121.4442514">
<ele>12</ele><time>2025-08-30T17:46:17.999Z</time><extensions><gpxtpx:TrackPointExtension><gpxtpx:hr>145</gpxtpx:hr><gpxtpx:cad>79</gpxtpx:cad></gpxtpx:TrackPointExtension></extensions><extensions><gpxtpx:PowerExtension><gpxtpx:PowerInWatts>219</gpxtpx:PowerInWatts></gpxtpx:PowerExtension></extensions></trkpt>
<trkpt lat="38.5763524" lon="-121.4443107">
<ele>12</ele><time>2025-08-30T17:46:19.999Z</time><extensions><gpxtpx:TrackPointExtension><gpxtpx:hr>146</gpxtpx:hr><gpxtpx:cad>81</gpxtpx:cad></gpxtpx:TrackPointExtension></extensions><extensions><gpxtpx:PowerExtension><gpxtpx:PowerInWatts>219</gpxtpx:PowerInWatts></gpxtpx:PowerExtension></extensions></trkpt>
<trkpt lat="38.5763581" lon="-121.4443716">
<ele>12</ele><time>2025-08-30T17:46:21.999Z</time><extensions><gpxtpx:TrackPointExtension><gpxtpx:hr>147</gpxtpx:hr><gpxtpx:cad>81</gpxtpx:cad></gpxtpx:TrackPointExtension></extensions><extensions><gpxtpx:PowerExtension><gpxtpx:PowerInWatts>219</gpxtpx:PowerInWatts></gpxtpx:PowerExtension></extensions></trkpt>
<trkpt lat="38.5763826" lon="-121.4444244">
<ele>12</ele><time>2025-08-30T17:46:23.999Z</time><extensions><gpxtpx:TrackPointExtension><gpxtpx:hr>147</gpxtpx:hr><gpxtpx:cad>78</gpxtpx:cad></gpxtpx:TrackPointExtension></extensions><extensions><gpxtpx:PowerExtension><gpxtpx:PowerInWatts>223</gpxtpx:PowerInWatts></gpxtpx:PowerExtension></extensions></trkpt>
<trkpt lat="38.5764103" lon="-121.4445038">
<ele>12</ele><time>2025-08-30T17:46:25.999Z</time><extensions><gpxtpx:TrackPointExtension><gpxtpx:hr>148</gpxtpx:hr><gpxtpx:cad>75</gpxtpx:cad></gpxtpx:TrackPointExtension></extensions><extensions><gpxtpx:PowerExtension><gpxtpx:PowerInWatts>227</gpxtpx:PowerInWatts></gpxtpx:PowerExtension></extensions></trkpt>
<trkpt lat="38.5764194" lon="-121.4445840">
<ele>12</ele><time>2025-08-30T17:46:27.999Z</time><extensions><gpxtpx:TrackPointExtension><gpxtpx:hr>149</gpxtpx:hr><gpxtpx:cad>73</gpxtpx:cad></gpxtpx:TrackPointExtension></extensions><extensions><gpxtpx:PowerExtension><gpxtpx:PowerInWatts>227</gpxtpx:PowerInWatts></gpxtpx:PowerExtension></extensions></trkpt>
<trkpt lat="38.5764360" lon="-121.4446478">
<ele>12</ele><time>2025-08-30T17:46:29.999Z</time><extensions><gpxtpx:TrackPointExtension><gpxtpx:hr>149</gpxtpx:hr><gpxtpx:cad>71</gpxtpx:cad></gpxtpx:TrackPointExtension></extensions><extensions><gpxtpx:PowerExtension><gpxtpx:PowerInWatts>225</gpxtpx:PowerInWatts></gpxtpx:PowerExtension></extensions></trkpt>
<trkpt lat="38.5764414" lon="-121.4447059">
<ele>12</ele><time>2025-08-30T17:46:31.999Z</time><extensions><gpxtpx:TrackPointExtension><gpxtpx:hr>150</gpxtpx:hr><gpxtpx:cad>75</gpxtpx:cad></gpxtpx:TrackPointExtension></extensions><extensions><gpxtpx:PowerExtension><gpxtpx:PowerInWatts>225</gpxtpx:PowerInWatts></gpxtpx:PowerExtension></extensions></trkpt>
<trkpt lat="38.5764600" lon="-121.4447604">
<ele>11</ele><time>2025-08-30T17:46:33.999Z</time><extensions><gpxtpx:TrackPointExtension><gpxtpx:hr>150</gpxtpx:hr><gpxtpx:cad>74</gpxtpx:cad></gpxtpx:TrackPointExtension></extensions><extensions><gpxtpx:PowerExtension><gpxtpx:PowerInWatts>231</gpxtpx:PowerInWatts></gpxtpx:PowerExtension></extensions></trkpt>
<trkpt lat="38.5764667" lon="-121.4448295">
<ele>11</ele><time>2025-08-30T17:46:35.999Z</time><extensions><gpxtpx:TrackPointExtension><gpxtpx:hr>151</gpxtpx:hr><gpxtpx:cad>84</gpxtpx:cad></gpxtpx:TrackPointExtension></extensions><extensions><gpxtpx:PowerExtension><gpxtpx:PowerInWatts>231</gpxtpx:PowerInWatts></gpxtpx:PowerExtension></extensions></trkpt>
<trkpt lat="38.5764932" lon="-121.4448922">
<ele>11</ele><time>2025-08-30T17:46:37.999Z</time><extensions><gpxtpx:TrackPointExtension><gpxtpx:hr>152</gpxtpx:hr><gpxtpx:cad>80</gpxtpx:cad></gpxtpx:TrackPointExtension></extensions><extensions><gpxtpx:PowerExtension><gpxtpx:PowerInWatts>231</gpxtpx:PowerInWatts></gpxtpx:PowerExtension></extensions></trkpt>
<trkpt lat="38.5765031" lon="-121.4449688">
<ele>11</ele><time>2025-08-30T17:46:40.999Z</time><extensions><gpxtpx:TrackPointExtension><gpxtpx:hr>153</gpxtpx:hr><gpxtpx:cad>74</gpxtpx:cad></gpxtpx:TrackPointExtension></extensions><extensions><gpxtpx:PowerExtension><gpxtpx:PowerInWatts>221</gpxtpx:PowerInWatts></gpxtpx:PowerExtension></extensions></trkpt>
<trkpt lat="38.5765199" lon="-121.4450383">
<ele>11</ele><time>2025-08-30T17:46:42.999Z</time><extensions><gpxtpx:TrackPointExtension><gpxtpx:hr>153</gpxtpx:hr><gpxtpx:cad>75</gpxtpx:cad></gpxtpx:TrackPointExtension></extensions><extensions><gpxtpx:PowerExtension><gpxtpx:PowerInWatts>221</gpxtpx:PowerInWatts></gpxtpx:PowerExtension></extensions></trkpt>
<trkpt lat="38.5765409" lon="-121.4451077">
<ele>11</ele><time>2025-08-30T17:46:44.999Z</time><extensions><gpxtpx:TrackPointExtension><gpxtpx:hr>155</gpxtpx:hr><gpxtpx:cad>77</gpxtpx:cad></gpxtpx:TrackPointExtension></extensions><extensions><gpxtpx:PowerExtension><gpxtpx:PowerInWatts>207</gpxtpx:PowerInWatts></gpxtpx:PowerExtension></extensions></trkpt>
<trkpt lat="38.5765517" lon="-121.4451746">
<ele>11</ele><time>2025-08-30T17:46:46.999Z</time><extensions><gpxtpx:TrackPointExtension><gpxtpx:hr>155</gpxtpx:hr><gpxtpx:cad>79</gpxtpx:cad></gpxtpx:TrackPointExtension></extensions><extensions><gpxtpx:PowerExtension><gpxtpx:PowerInWatts>222</gpxtpx:PowerInWatts></gpxtpx:PowerExtension></extensions></trkpt>
<trkpt lat="38.5765209" lon="-121.4452511">
<ele>11</ele><time>2025-08-30T17:46:49.999Z</time><extensions><gpxtpx:TrackPointExtension><gpxtpx:hr>156</gpxtpx:hr><gpxtpx:cad>76</gpxtpx:cad></gpxtpx:TrackPointExtension></extensions><extensions><gpxtpx:PowerExtension><gpxtpx:PowerInWatts>222</gpxtpx:PowerInWatts></gpxtpx:PowerExtension></extensions></trkpt>
<trkpt lat="38.5764652" lon="-121.4452655">
<ele>11</ele><time>2025-08-30T17:46:51.999Z</time><extensions><gpxtpx:TrackPointExtension><gpxtpx:hr>156</gpxtpx:hr><gpxtpx:cad>76</gpxtpx:cad></gpxtpx:TrackPointExtension></extensions><extensions><gpxtpx:PowerExtension><gpxtpx:PowerInWatts>237</gpxtpx:PowerInWatts></gpxtpx:PowerExtension></extensions></trkpt>
<trkpt lat="38.5764203" lon="-121.4452781">
<ele>11</ele><time>2025-08-30T17:46:53.999Z</time><extensions><gpxtpx:TrackPointExtension><gpxtpx:hr>157</gpxtpx:hr><gpxtpx:cad>75</gpxtpx:cad></gpxtpx:TrackPointExtension></extensions><extensions><gpxtpx:PowerExtension><gpxtpx:PowerInWatts>229</gpxtpx:PowerInWatts></gpxtpx:PowerExtension></extensions></trkpt>
<trkpt lat="38.5763518" lon="-121.4453108">
<ele>11</ele><time>2025-08-30T17:46:56.999Z</time><extensions><gpxtpx:TrackPointExtension><gpxtpx:hr>157</gpxtpx:hr><gpxtpx:cad>73</gpxtpx:cad></gpxtpx:TrackPointExtension></extensions><extensions><gpxtpx:PowerExtension><gpxtpx:PowerInWatts>229</gpxtpx:PowerInWatts></gpxtpx:PowerExtension></extensions></trkpt>
<trkpt lat="38.5763020" lon="-121.4453282">
<ele>11</ele><time>2025-08-30T17:46:58.999Z</time><extensions><gpxtpx:TrackPointExtension><gpxtpx:hr>157</gpxtpx:hr><gpxtpx:cad>80</gpxtpx:cad></gpxtpx:TrackPointExtension></extensions><extensions><gpxtpx:PowerExtension><gpxtpx:PowerInWatts>217</gpxtpx:PowerInWatts></gpxtpx:PowerExtension></extensions></trkpt>
<trkpt lat="38.5762427" lon="-121.4453386">
<ele>11</ele><time>2025-08-30T17:47:00.999Z</time><extensions><gpxtpx:TrackPointExtension><gpxtpx:hr>158</gpxtpx:hr><gpxtpx:cad>79</gpxtpx:cad></gpxtpx:TrackPointExtension></extensions><extensions><gpxtpx:PowerExtension><gpxtpx:PowerInWatts>217</gpxtpx:PowerInWatts></gpxtpx:PowerExtension></extensions></trkpt>
<trkpt lat="38.5761832" lon="-121.4453585">
<ele>11</ele><time>2025-08-30T17:47:03.999Z</time><extensions><gpxtpx:TrackPointExtension><gpxtpx:hr>158</gpxtpx:hr><gpxtpx:cad>79</gpxtpx:cad></gpxtpx:TrackPointExtension></extensions><extensions><gpxtpx:PowerExtension><gpxtpx:PowerInWatts>215</gpxtpx:PowerInWatts></gpxtpx:PowerExtension></extensions></trkpt>
<trkpt lat="38.5761283" lon="-121.4453849">
<ele>11</ele><time>2025-08-30T17:47:06.999Z</time><extensions><gpxtpx:TrackPointExtension><gpxtpx:hr>158</gpxtpx:hr><gpxtpx:cad>79</gpxtpx:cad></gpxtpx:TrackPointExtension></extensions><extensions><gpxtpx:PowerExtension><gpxtpx:PowerInWatts>218</gpxtpx:PowerInWatts></gpxtpx:PowerExtension></extensions></trkpt>
<trkpt lat="38.5760860" lon="-121.4454156">
<ele>11</ele><time>2025-08-30T17:47:08.999Z</time><extensions><gpxtpx:TrackPointExtension><gpxtpx:hr>157</gpxtpx:hr><gpxtpx:cad>70</gpxtpx:cad></gpxtpx:TrackPointExtension></extensions><extensions><gpxtpx:PowerExtension><gpxtpx:PowerInWatts>218</gpxtpx:PowerInWatts></gpxtpx:PowerExtension></extensions></trkpt>
<trkpt lat="38.5760293" lon="-121.4454481">
<ele>11</ele><time>2025-08-30T17:47:10.999Z</time><extensions><gpxtpx:TrackPointExtension><gpxtpx:hr>157</gpxtpx:hr><gpxtpx:cad>74</gpxtpx:cad></gpxtpx:TrackPointExtension></extensions><extensions><gpxtpx:PowerExtension><gpxtpx:PowerInWatts>213</gpxtpx:PowerInWatts></gpxtpx:PowerExtension></extensions></trkpt>
<trkpt lat="38.5759848" lon="-121.4454704">
<ele>11</ele><time>2025-08-30T17:47:13.999Z</time><extensions><gpxtpx:TrackPointExtension><gpxtpx:hr>157</gpxtpx:hr><gpxtpx:cad>79</gpxtpx:cad></gpxtpx:TrackPointExtension></extensions><extensions><gpxtpx:PowerExtension><gpxtpx:PowerInWatts>213</gpxtpx:PowerInWatts></gpxtpx:PowerExtension></extensions></trkpt>
<trkpt lat="38.5759273" lon="-121.4454789">
<ele>11</ele><time>2025-08-30T17:47:16.999Z</time><extensions><gpxtpx:TrackPointExtension><gpxtpx:hr>157</gpxtpx:hr><gpxtpx:cad>79</gpxtpx:cad></gpxtpx:TrackPointExtension></extensions><extensions><gpxtpx:PowerExtension><gpxtpx:PowerInWatts>202</gpxtpx:PowerInWatts></gpxtpx:PowerExtension></extensions></trkpt>
<trkpt lat="38.5758591" lon="-121.4455163">
<ele>11</ele><time>2025-08-30T17:47:19.999Z</time><extensions><gpxtpx:TrackPointExtension><gpxtpx:hr>158</gpxtpx:hr><gpxtpx:cad>77</gpxtpx:cad></gpxtpx:TrackPointExtension></extensions><extensions><gpxtpx:PowerExtension><gpxtpx:PowerInWatts>202</gpxtpx:PowerInWatts></gpxtpx:PowerExtension></extensions></trkpt>
<trkpt lat="38.5758081" lon="-121.4455117">
<ele>11</ele><time>2025-08-30T17:47:21.999Z</time><extensions><gpxtpx:TrackPointExtension><gpxtpx:hr>158</gpxtpx:hr><gpxtpx:cad>74</gpxtpx:cad></gpxtpx:TrackPointExtension></extensions><extensions><gpxtpx:PowerExtension><gpxtpx:PowerInWatts>202</gpxtpx:PowerInWatts></gpxtpx:PowerExtension></extensions></trkpt>
<trkpt lat="38.5757513" lon="-121.4455246">
<ele>11</ele><time>2025-08-30T17:47:23.999Z</time><extensions><gpxtpx:TrackPointExtension><gpxtpx:hr>159</gpxtpx:hr><gpxtpx:cad>75</gpxtpx:cad></gpxtpx:TrackPointExtension></extensions><extensions><gpxtpx:PowerExtension><gpxtpx:PowerInWatts>202</gpxtpx:PowerInWatts></gpxtpx:PowerExtension></extensions></trkpt>
<trkpt lat="38.5757016" lon="-121.4455351">
<ele>11</ele><time>2025-08-30T17:47:25.999Z</time><extensions><gpxtpx:TrackPointExtension><gpxtpx:hr>159</gpxtpx:hr><gpxtpx:cad>75</gpxtpx:cad></gpxtpx:TrackPointExtension></extensions><extensions><gpxtpx:PowerExtension><gpxtpx:PowerInWatts>195</gpxtpx:PowerInWatts></gpxtpx:PowerExtension></extensions></trkpt>
<trkpt lat="38.5756541" lon="-121.4455563">
<ele>11</ele><time>2025-08-30T17:47:27.999Z</time><extensions><gpxtpx:TrackPointExtension><gpxtpx:hr>159</gpxtpx:hr><gpxtpx:cad>79</gpxtpx:cad></gpxtpx:TrackPointExtension></extensions><extensions><gpxtpx:PowerExtension><gpxtpx:PowerInWatts>200</gpxtpx:PowerInWatts></gpxtpx:PowerExtension></extensions></trkpt>
<trkpt lat="38.5756162" lon="-121.4456212">
<ele>11</ele><time>2025-08-30T17:47:29.999Z</time><extensions><gpxtpx:TrackPointExtension><gpxtpx:hr>159</gpxtpx:hr><gpxtpx:cad>83</gpxtpx:cad></gpxtpx:TrackPointExtension></extensions><extensions><gpxtpx:PowerExtension><gpxtpx:PowerInWatts>203</gpxtpx:PowerInWatts></gpxtpx:PowerExtension></extensions></trkpt>
<trkpt lat="38.5756194" lon="-121.4457118">
<ele>11</ele><time>2025-08-30T17:47:31.999Z</time><extensions><gpxtpx:TrackPointExtension><gpxtpx:hr>158</gpxtpx:hr><gpxtpx:cad>78</gpxtpx:cad></gpxtpx:TrackPointExtension></extensions><extensions><gpxtpx:PowerExtension><gpxtpx:PowerInWatts>203</gpxtpx:PowerInWatts></gpxtpx:PowerExtension></extensions></trkpt>
<trkpt lat="38.5756550" lon="-121.4458039">
<ele>11</ele><time>2025-08-30T17:47:33.999Z</time><extensions><gpxtpx:TrackPointExtension><gpxtpx:hr>159</gpxtpx:hr><gpxtpx:cad>79</gpxtpx:cad></gpxtpx:TrackPointExtension></extensions><extensions><gpxtpx:PowerExtension><gpxtpx:PowerInWatts>204</gpxtpx:PowerInWatts></gpxtpx:PowerExtension></extensions></trkpt>
<trkpt lat="38.5756557" lon="-121.4458650">
<ele>11</ele><time>2025-08-30T17:47:35.999Z</time><extensions><gpxtpx:TrackPointExtension><gpxtpx:hr>159</gpxtpx:hr><gpxtpx:cad>79</gpxtpx:cad></gpxtpx:TrackPointExtension></extensions><extensions><gpxtpx:PowerExtension><gpxtpx:PowerInWatts>205</gpxtpx:PowerInWatts></gpxtpx:PowerExtension></extensions></trkpt>
<trkpt lat="38.5756590" lon="-121.4459228">
<ele>11</ele><time>2025-08-30T17:47:37.999Z</time><extensions><gpxtpx:TrackPointExtension><gpxtpx:hr>159</gpxtpx:hr><gpxtpx:cad>81</gpxtpx:cad></gpxtpx:TrackPointExtension></extensions><extensions><gpxtpx:PowerExtension><gpxtpx:PowerInWatts>215</gpxtpx:PowerInWatts></gpxtpx:PowerExtension></extensions></trkpt>
<trkpt lat="38.5756990" lon="-121.4459813">
<ele>11</ele><time>2025-08-30T17:47:39.999Z</time><extensions><gpxtpx:TrackPointExtension><gpxtpx:hr>160</gpxtpx:hr><gpxtpx:cad>79</gpxtpx:cad></gpxtpx:TrackPointExtension></extensions><extensions><gpxtpx:PowerExtension><gpxtpx:PowerInWatts>215</gpxtpx:PowerInWatts></gpxtpx:PowerExtension></extensions></trkpt>
<trkpt lat="38.5757126" lon="-121.4460630">
<ele>11</ele><time>2025-08-30T17:47:42.999Z</time><extensions><gpxtpx:TrackPointExtension><gpxtpx:hr>160</gpxtpx:hr><gpxtpx:cad>81</gpxtpx:cad></gpxtpx:TrackPointExtension></extensions><extensions><gpxtpx:PowerExtension><gpxtpx:PowerInWatts>214</gpxtpx:PowerInWatts></gpxtpx:PowerExtension></extensions></trkpt>
<trkpt lat="38.5757631" lon="-121.4460960">
<ele>11</ele><time>2025-08-30T17:47:44.999Z</time><extensions><gpxtpx:TrackPointExtension><gpxtpx:hr>160</gpxtpx:hr><gpxtpx:cad>74</gpxtpx:cad></gpxtpx:TrackPointExtension></extensions><extensions><gpxtpx:PowerExtension><gpxtpx:PowerInWatts>212</gpxtpx:PowerInWatts></gpxtpx:PowerExtension></extensions></trkpt>
<trkpt lat="38.5758046" lon="-121.4460695">
<ele>11</ele><time>2025-08-30T17:47:45.999Z</time><extensions><gpxtpx:TrackPointExtension><gpxtpx:hr>160</gpxtpx:hr><gpxtpx:cad>75</gpxtpx:cad></gpxtpx:TrackPointExtension></extensions><extensions><gpxtpx:PowerExtension><gpxtpx:PowerInWatts>212</gpxtpx:PowerInWatts></gpxtpx:PowerExtension></extensions></trkpt>
<trkpt lat="38.5758655" lon="-121.4460396">
<ele>11</ele><time>2025-08-30T17:47:47.999Z</time><extensions><gpxtpx:TrackPointExtension><gpxtpx:hr>160</gpxtpx:hr><gpxtpx:cad>74</gpxtpx:cad></gpxtpx:TrackPointExtension></extensions><extensions><gpxtpx:PowerExtension><gpxtpx:PowerInWatts>212</gpxtpx:PowerInWatts></gpxtpx:PowerExtension></extensions></trkpt>
<trkpt lat="38.5759125" lon="-121.4460271">
<ele>11</ele><time>2025-08-30T17:47:49.999Z</time><extensions><gpxtpx:TrackPointExtension><gpxtpx:hr>160</gpxtpx:hr><gpxtpx:cad>78</gpxtpx:cad></gpxtpx:TrackPointExtension></extensions><extensions><gpxtpx:PowerExtension><gpxtpx:PowerInWatts>206</gpxtpx:PowerInWatts></gpxtpx:PowerExtension></extensions></trkpt>
<trkpt lat="38.5759847" lon="-121.4460025">
<ele>11</ele><time>2025-08-30T17:47:52.999Z</time><extensions><gpxtpx:TrackPointExtension><gpxtpx:hr>160</gpxtpx:hr><gpxtpx:cad>76</gpxtpx:cad></gpxtpx:TrackPointExtension></extensions><extensions><gpxtpx:PowerExtension><gpxtpx:PowerInWatts>211</gpxtpx:PowerInWatts></gpxtpx:PowerExtension></extensions></trkpt>
<trkpt lat="38.5760484" lon="-121.4459738">
<ele>11</ele><time>2025-08-30T17:47:55.998Z</time><extensions><gpxtpx:TrackPointExtension><gpxtpx:hr>160</gpxtpx:hr><gpxtpx:cad>77</gpxtpx:cad></gpxtpx:TrackPointExtension></extensions><extensions><gpxtpx:PowerExtension><gpxtpx:PowerInWatts>213</gpxtpx:PowerInWatts></gpxtpx:PowerExtension></extensions></trkpt>
<trkpt lat="38.5760952" lon="-121.4459605">
<ele>11</ele><time>2025-08-30T17:47:57.998Z</time><extensions><gpxtpx:TrackPointExtension><gpxtpx:hr>160</gpxtpx:hr><gpxtpx:cad>80</gpxtpx:cad></gpxtpx:TrackPointExtension></extensions><extensions><gpxtpx:PowerExtension><gpxtpx:PowerInWatts>210</gpxtpx:PowerInWatts></gpxtpx:PowerExtension></extensions></trkpt>
<trkpt lat="38.5761432" lon="-121.4459455">
<ele>11</ele><time>2025-08-30T17:47:59.998Z</time><extensions><gpxtpx:TrackPointExtension><gpxtpx:hr>160</gpxtpx:hr><gpxtpx:cad>83</gpxtpx:cad></gpxtpx:TrackPointExtension></extensions><extensions><gpxtpx:PowerExtension><gpxtpx:PowerInWatts>210</gpxtpx:PowerInWatts></gpxtpx:PowerExtension></extensions></trkpt>
<trkpt lat="38.5761957" lon="-121.4459256">
<ele>11</ele><time>2025-08-30T17:48:01.998Z</time><extensions><gpxtpx:TrackPointExtension><gpxtpx:hr>160</gpxtpx:hr><gpxtpx:cad>83</gpxtpx:cad></gpxtpx:TrackPointExtension></extensions><extensions><gpxtpx:PowerExtension><gpxtpx:PowerInWatts>210</gpxtpx:PowerInWatts></gpxtpx:PowerExtension></extensions></trkpt>
<trkpt lat="38.5762633" lon="-121.4459147">
<ele>11</ele><time>2025-08-30T17:48:04.998Z</time><extensions><gpxtpx:TrackPointExtension><gpxtpx:hr>161</gpxtpx:hr><gpxtpx:cad>81</gpxtpx:cad></gpxtpx:TrackPointExtension></extensions><extensions><gpxtpx:PowerExtension><gpxtpx:PowerInWatts>209</gpxtpx:PowerInWatts></gpxtpx:PowerExtension></extensions></trkpt>
<trkpt lat="38.5763094" lon="-121.4459062">
<ele>11</ele><time>2025-08-30T17:48:06.998Z</time><extensions><gpxtpx:TrackPointExtension><gpxtpx:hr>161</gpxtpx:hr><gpxtpx:cad>76</gpxtpx:cad></gpxtpx:TrackPointExtension></extensions><extensions><gpxtpx:PowerExtension><gpxtpx:PowerInWatts>209</gpxtpx:PowerInWatts></gpxtpx:PowerExtension></extensions></trkpt>
<trkpt lat="38.5763562" lon="-121.4458884">
<ele>11</ele><time>2025-08-30T17:48:08.998Z</time><extensions><gpxtpx:TrackPointExtension><gpxtpx:hr>160</gpxtpx:hr><gpxtpx:cad>76</gpxtpx:cad></gpxtpx:TrackPointExtension></extensions><extensions><gpxtpx:PowerExtension><gpxtpx:PowerInWatts>211</gpxtpx:PowerInWatts></gpxtpx:PowerExtension></extensions></trkpt>
<trkpt lat="38.5764002" lon="-121.4458758">
<ele>11</ele><time>2025-08-30T17:48:10.998Z</time><extensions><gpxtpx:TrackPointExtension><gpxtpx:hr>160</gpxtpx:hr><gpxtpx:cad>77</gpxtpx:cad></gpxtpx:TrackPointExtension></extensions><extensions><gpxtpx:PowerExtension><gpxtpx:PowerInWatts>211</gpxtpx:PowerInWatts></gpxtpx:PowerExtension></extensions></trkpt>
<trkpt lat="38.5764425" lon="-121.4458527">
<ele>11</ele><time>2025-08-30T17:48:12.998Z</time><extensions><gpxtpx:TrackPointExtension><gpxtpx:hr>160</gpxtpx:hr><gpxtpx:cad>77</gpxtpx:cad></gpxtpx:TrackPointExtension></extensions><extensions><gpxtpx:PowerExtension><gpxtpx:PowerInWatts>208</gpxtpx:PowerInWatts></gpxtpx:PowerExtension></extensions></trkpt>
<trkpt lat="38.5765062" lon="-121.4458689">
<ele>11</ele><time>2025-08-30T17:48:15.997Z</time><extensions><gpxtpx:TrackPointExtension><gpxtpx:hr>160</gpxtpx:hr><gpxtpx:cad>82</gpxtpx:cad></gpxtpx:TrackPointExtension></extensions><extensions><gpxtpx:PowerExtension><gpxtpx:PowerInWatts>209</gpxtpx:PowerInWatts></gpxtpx:PowerExtension></extensions></trkpt>
<trkpt lat="38.5765703" lon="-121.4459020">
<ele>11</ele><time>2025-08-30T17:48:18.997Z</time><extensions><gpxtpx:TrackPointExtension><gpxtpx:hr>160</gpxtpx:hr><gpxtpx:cad>82</gpxtpx:cad></gpxtpx:TrackPointExtension></extensions><extensions><gpxtpx:PowerExtension><gpxtpx:PowerInWatts>209</gpxtpx:PowerInWatts></gpxtpx:PowerExtension></extensions></trkpt>
<trkpt lat="38.5765735" lon="-121.4459606">
<ele>11</ele><time>2025-08-30T17:48:20.997Z</time><extensions><gpxtpx:TrackPointExtension><gpxtpx:hr>160</gpxtpx:hr><gpxtpx:cad>81</gpxtpx:cad></gpxtpx:TrackPointExtension></extensions><extensions><gpxtpx:PowerExtension><gpxtpx:PowerInWatts>203</gpxtpx:PowerInWatts></gpxtpx:PowerExtension></extensions></trkpt>
<trkpt lat="38.5765914" lon="-121.4460328">
<ele>11</ele><time>2025-08-30T17:48:22.997Z</time><extensions><gpxtpx:TrackPointExtension><gpxtpx:hr>160</gpxtpx:hr><gpxtpx:cad>79</gpxtpx:cad></gpxtpx:TrackPointExtension></extensions><extensions><gpxtpx:PowerExtension><gpxtpx:PowerInWatts>203</gpxtpx:PowerInWatts></gpxtpx:PowerExtension></extensions></trkpt>
<trkpt lat="38.5766300" lon="-121.4461020">
<ele>11</ele><time>2025-08-30T17:48:24.997Z</time><extensions><gpxtpx:TrackPointExtension><gpxtpx:hr>160</gpxtpx:hr><gpxtpx:cad>80</gpxtpx:cad></gpxtpx:TrackPointExtension></extensions><extensions><gpxtpx:PowerExtension><gpxtpx:PowerInWatts>200</gpxtpx:PowerInWatts></gpxtpx:PowerExtension></extensions></trkpt>
<trkpt lat="38.5766501" lon="-121.4461622">
<ele>11</ele><time>2025-08-30T17:48:26.997Z</time><extensions><gpxtpx:TrackPointExtension><gpxtpx:hr>160</gpxtpx:hr><gpxtpx:cad>77</gpxtpx:cad></gpxtpx:TrackPointExtension></extensions><extensions><gpxtpx:PowerExtension><gpxtpx:PowerInWatts>200</gpxtpx:PowerInWatts></gpxtpx:PowerExtension></extensions></trkpt>
<trkpt lat="38.5767094" lon="-121.4462167">
<ele>11</ele><time>2025-08-30T17:48:28.997Z</time><extensions><gpxtpx:TrackPointExtension><gpxtpx:hr>160</gpxtpx:hr><gpxtpx:cad>74</gpxtpx:cad></gpxtpx:TrackPointExtension></extensions><extensions><gpxtpx:PowerExtension><gpxtpx:PowerInWatts>204</gpxtpx:PowerInWatts></gpxtpx:PowerExtension></extensions></trkpt>
<trkpt lat="38.5767397" lon="-121.4462836">
<ele>11</ele><time>2025-08-30T17:48:30.997Z</time><extensions><gpxtpx:TrackPointExtension><gpxtpx:hr>160</gpxtpx:hr><gpxtpx:cad>77</gpxtpx:cad></gpxtpx:TrackPointExtension></extensions><extensions><gpxtpx:PowerExtension><gpxtpx:PowerInWatts>204</gpxtpx:PowerInWatts></gpxtpx:PowerExtension></extensions></trkpt>
<trkpt lat="38.5767641" lon="-121.4463432">
<ele>11</ele><time>2025-08-30T17:48:32.997Z</time><extensions><gpxtpx:TrackPointExtension><gpxtpx:hr>161</gpxtpx:hr><gpxtpx:cad>76</gpxtpx:cad></gpxtpx:TrackPointExtension></extensions><extensions><gpxtpx:PowerExtension><gpxtpx:PowerInWatts>211</gpxtpx:PowerInWatts></gpxtpx:PowerExtension></extensions></trkpt>
<trkpt lat="38.5767886" lon="-121.4464067">
<ele>11</ele><time>2025-08-30T17:48:34.997Z</time><extensions><gpxtpx:TrackPointExtension><gpxtpx:hr>161</gpxtpx:hr><gpxtpx:cad>78</gpxtpx:cad></gpxtpx:TrackPointExtension></extensions><extensions><gpxtpx:PowerExtension><gpxtpx:PowerInWatts>211</gpxtpx:PowerInWatts></gpxtpx:PowerExtension></extensions></trkpt>
<trkpt lat="38.5767960" lon="-121.4464655">
<ele>11</ele><time>2025-08-30T17:48:36.997Z</time><extensions><gpxtpx:TrackPointExtension><gpxtpx:hr>161</gpxtpx:hr><gpxtpx:cad>82</gpxtpx:cad></gpxtpx:TrackPointExtension></extensions><extensions><gpxtpx:PowerExtension><gpxtpx:PowerInWatts>221</gpxtpx:PowerInWatts></gpxtpx:PowerExtension></extensions></trkpt>
<trkpt lat="38.5767939" lon="-121.4465239">
<ele>11</ele><time>2025-08-30T17:48:38.997Z</time><extensions><gpxtpx:TrackPointExtension><gpxtpx:hr>162</gpxtpx:hr><gpxtpx:cad>80</gpxtpx:cad></gpxtpx:TrackPointExtension></extensions><extensions><gpxtpx:PowerExtension><gpxtpx:PowerInWatts>223</gpxtpx:PowerInWatts></gpxtpx:PowerExtension></extensions></trkpt>
<trkpt lat="38.5768156" lon="-121.4465929">
<ele>11</ele><time>2025-08-30T17:48:40.997Z</time><extensions><gpxtpx:TrackPointExtension><gpxtpx:hr>162</gpxtpx:hr><gpxtpx:cad>81</gpxtpx:cad></gpxtpx:TrackPointExtension></extensions><extensions><gpxtpx:PowerExtension><gpxtpx:PowerInWatts>223</gpxtpx:PowerInWatts></gpxtpx:PowerExtension></extensions></trkpt>
<trkpt lat="38.5768218" lon="-121.4466599">
<ele>11</ele><time>2025-08-30T17:48:42.997Z</time><extensions><gpxtpx:TrackPointExtension><gpxtpx:hr>162</gpxtpx:hr><gpxtpx:cad>77</gpxtpx:cad></gpxtpx:TrackPointExtension></extensions><extensions><gpxtpx:PowerExtension><gpxtpx:PowerInWatts>219</gpxtpx:PowerInWatts></gpxtpx:PowerExtension></extensions></trkpt>
<trkpt lat="38.5768304" lon="-121.4467348">
<ele>11</ele><time>2025-08-30T17:48:44.997Z</time><extensions><gpxtpx:TrackPointExtension><gpxtpx:hr>162</gpxtpx:hr><gpxtpx:cad>77</gpxtpx:cad></gpxtpx:TrackPointExtension></extensions><extensions><gpxtpx:PowerExtension><gpxtpx:PowerInWatts>219</gpxtpx:PowerInWatts></gpxtpx:PowerExtension></extensions></trkpt>
<trkpt lat="38.5768653" lon="-121.4468016">
<ele>11</ele><time>2025-08-30T17:48:46.997Z</time><extensions><gpxtpx:TrackPointExtension><gpxtpx:hr>162</gpxtpx:hr><gpxtpx:cad>80</gpxtpx:cad></gpxtpx:TrackPointExtension></extensions><extensions><gpxtpx:PowerExtension><gpxtpx:PowerInWatts>219</gpxtpx:PowerInWatts></gpxtpx:PowerExtension></extensions></trkpt>
<trkpt lat="38.5768970" lon="-121.4468738">
<ele>11</ele><time>2025-08-30T17:48:48.997Z</time><extensions><gpxtpx:TrackPointExtension><gpxtpx:hr>162</gpxtpx:hr><gpxtpx:cad>82</gpxtpx:cad></gpxtpx:TrackPointExtension></extensions><extensions><gpxtpx:PowerExtension><gpxtpx:PowerInWatts>219</gpxtpx:PowerInWatts></gpxtpx:PowerExtension></extensions></trkpt>
<trkpt lat="38.5768960" lon="-121.4469413">
<ele>11</ele><time>2025-08-30T17:48:50.997Z</time><extensions><gpxtpx:TrackPointExtension><gpxtpx:hr>162</gpxtpx:hr><gpxtpx:cad>82</gpxtpx:cad></gpxtpx:TrackPointExtension></extensions><extensions><gpxtpx:PowerExtension><gpxtpx:PowerInWatts>219</gpxtpx:PowerInWatts></gpxtpx:PowerExtension></extensions></trkpt>
<trkpt lat="38.5769148" lon="-121.4470164">
<ele>10</ele><time>2025-08-30T17:48:52.997Z</time><extensions><gpxtpx:TrackPointExtension><gpxtpx:hr>162</gpxtpx:hr><gpxtpx:cad>79</gpxtpx:cad></gpxtpx:TrackPointExtension></extensions><extensions><gpxtpx:PowerExtension><gpxtpx:PowerInWatts>219</gpxtpx:PowerInWatts></gpxtpx:PowerExtension></extensions></trkpt>
<trkpt lat="38.5769310" lon="-121.4470868">
<ele>10</ele><time>2025-08-30T17:48:54.997Z</time><extensions><gpxtpx:TrackPointExtension><gpxtpx:hr>162</gpxtpx:hr><gpxtpx:cad>81</gpxtpx:cad></gpxtpx:TrackPointExtension></extensions><extensions><gpxtpx:PowerExtension><gpxtpx:PowerInWatts>223</gpxtpx:PowerInWatts></gpxtpx:PowerExtension></extensions></trkpt>
<trkpt lat="38.5769580" lon="-121.4471597">
<ele>10</ele><time>2025-08-30T17:48:57.997Z</time><extensions><gpxtpx:TrackPointExtension><gpxtpx:hr>162</gpxtpx:hr><gpxtpx:cad>85</gpxtpx:cad></gpxtpx:TrackPointExtension></extensions><extensions><gpxtpx:PowerExtension><gpxtpx:PowerInWatts>224</gpxtpx:PowerInWatts></gpxtpx:PowerExtension></extensions></trkpt>
<trkpt lat="38.5769763" lon="-121.4472146">
<ele>10</ele><time>2025-08-30T17:48:59.997Z</time><extensions><gpxtpx:TrackPointExtension><gpxtpx:hr>161</gpxtpx:hr><gpxtpx:cad>81</gpxtpx:cad></gpxtpx:TrackPointExtension></extensions><extensions><gpxtpx:PowerExtension><gpxtpx:PowerInWatts>224</gpxtpx:PowerInWatts></gpxtpx:PowerExtension></extensions></trkpt>
<trkpt lat="38.5769987" lon="-121.4472973">
<ele>10</ele><time>2025-08-30T17:49:02.997Z</time><extensions><gpxtpx:TrackPointExtension><gpxtpx:hr>161</gpxtpx:hr><gpxtpx:cad>79</gpxtpx:cad></gpxtpx:TrackPointExtension></extensions><extensions><gpxtpx:PowerExtension><gpxtpx:PowerInWatts>221</gpxtpx:PowerInWatts></gpxtpx:PowerExtension></extensions></trkpt>
<trkpt lat="38.5770225" lon="-121.4473565">
<ele>10</ele><time>2025-08-30T17:49:04.997Z</time><extensions><gpxtpx:TrackPointExtension><gpxtpx:hr>161</gpxtpx:hr><gpxtpx:cad>77</gpxtpx:cad></gpxtpx:TrackPointExtension></extensions><extensions><gpxtpx:PowerExtension><gpxtpx:PowerInWatts>213</gpxtpx:PowerInWatts></gpxtpx:PowerExtension></extensions></trkpt>
<trkpt lat="38.5770732" lon="-121.4473899">
<ele>10</ele><time>2025-08-30T17:49:06.997Z</time><extensions><gpxtpx:TrackPointExtension><gpxtpx:hr>161</gpxtpx:hr><gpxtpx:cad>78</gpxtpx:cad></gpxtpx:TrackPointExtension></extensions><extensions><gpxtpx:PowerExtension><gpxtpx:PowerInWatts>213</gpxtpx:PowerInWatts></gpxtpx:PowerExtension></extensions></trkpt>
<trkpt lat="38.5771171" lon="-121.4473687">
<ele>10</ele><time>2025-08-30T17:49:07.997Z</time><extensions><gpxtpx:TrackPointExtension><gpxtpx:hr>162</gpxtpx:hr><gpxtpx:cad>80</gpxtpx:cad></gpxtpx:TrackPointExtension></extensions><extensions><gpxtpx:PowerExtension><gpxtpx:PowerInWatts>213</gpxtpx:PowerInWatts></gpxtpx:PowerExtension></extensions></trkpt>
<trkpt lat="38.5771674" lon="-121.4473466">
<ele>10</ele><time>2025-08-30T17:49:09.997Z</time><extensions><gpxtpx:TrackPointExtension><gpxtpx:hr>162</gpxtpx:hr><gpxtpx:cad>77</gpxtpx:cad></gpxtpx:TrackPointExtension></extensions><extensions><gpxtpx:PowerExtension><gpxtpx:PowerInWatts>211</gpxtpx:PowerInWatts></gpxtpx:PowerExtension></extensions></trkpt>
<trkpt lat="38.5772171" lon="-121.4473210">
<ele>10</ele><time>2025-08-30T17:49:11.997Z</time><extensions><gpxtpx:TrackPointExtension><gpxtpx:hr>162</gpxtpx:hr><gpxtpx:cad>80</gpxtpx:cad></gpxtpx:TrackPointExtension></extensions><extensions><gpxtpx:PowerExtension><gpxtpx:PowerInWatts>211</gpxtpx:PowerInWatts></gpxtpx:PowerExtension></extensions></trkpt>
<trkpt lat="38.5772775" lon="-121.4472890">
<ele>10</ele><time>2025-08-30T17:49:14.997Z</time><extensions><gpxtpx:TrackPointExtension><gpxtpx:hr>162</gpxtpx:hr><gpxtpx:cad>72</gpxtpx:cad></gpxtpx:TrackPointExtension></extensions><extensions><gpxtpx:PowerExtension><gpxtpx:PowerInWatts>213</gpxtpx:PowerInWatts></gpxtpx:PowerExtension></extensions></trkpt>
<trkpt lat="38.5773323" lon="-121.4472748">
<ele>10</ele><time>2025-08-30T17:49:16.997Z</time><extensions><gpxtpx:TrackPointExtension><gpxtpx:hr>161</gpxtpx:hr><gpxtpx:cad>69</gpxtpx:cad></gpxtpx:TrackPointExtension></extensions><extensions><gpxtpx:PowerExtension><gpxtpx:PowerInWatts>213</gpxtpx:PowerInWatts></gpxtpx:PowerExtension></extensions></trkpt>
<trkpt lat="38.5773828" lon="-121.4472361">
<ele>10</ele><time>2025-08-30T17:49:18.997Z</time><extensions><gpxtpx:TrackPointExtension><gpxtpx:hr>162</gpxtpx:hr><gpxtpx:cad>67</gpxtpx:cad></gpxtpx:TrackPointExtension></extensions><extensions><gpxtpx:PowerExtension><gpxtpx:PowerInWatts>213</gpxtpx:PowerInWatts></gpxtpx:PowerExtension></extensions></trkpt>
<trkpt lat="38.5774232" lon="-121.4472014">
<ele>10</ele><time>2025-08-30T17:49:20.997Z</time><extensions><gpxtpx:TrackPointExtension><gpxtpx:hr>162</gpxtpx:hr><gpxtpx:cad>62</gpxtpx:cad></gpxtpx:TrackPointExtension></extensions><extensions><gpxtpx:PowerExtension><gpxtpx:PowerInWatts>211</gpxtpx:PowerInWatts></gpxtpx:PowerExtension></extensions></trkpt>
<trkpt lat="38.5774787" lon="-121.4471911">
<ele>10</ele><time>2025-08-30T17:49:22.997Z</time><extensions><gpxtpx:TrackPointExtension><gpxtpx:hr>161</gpxtpx:hr><gpxtpx:cad>63</gpxtpx:cad></gpxtpx:TrackPointExtension></extensions><extensions><gpxtpx:PowerExtension><gpxtpx:PowerInWatts>212</gpxtpx:PowerInWatts></gpxtpx:PowerExtension></extensions></trkpt>
<trkpt lat="38.5775252" lon="-121.4471516">
<ele>10</ele><time>2025-08-30T17:49:25.997Z</time><extensions><gpxtpx:TrackPointExtension><gpxtpx:hr>161</gpxtpx:hr><gpxtpx:cad>60</gpxtpx:cad></gpxtpx:TrackPointExtension></extensions><extensions><gpxtpx:PowerExtension><gpxtpx:PowerInWatts>212</gpxtpx:PowerInWatts></gpxtpx:PowerExtension></extensions></trkpt>
<trkpt lat="38.5774672" lon="-121.4471558">
<ele>10</ele><time>2025-08-30T17:49:27.997Z</time><extensions><gpxtpx:TrackPointExtension><gpxtpx:hr>162</gpxtpx:hr><gpxtpx:cad>57</gpxtpx:cad></gpxtpx:TrackPointExtension></extensions><extensions><gpxtpx:PowerExtension><gpxtpx:PowerInWatts>213</gpxtpx:PowerInWatts></gpxtpx:PowerExtension></extensions></trkpt>
<trkpt lat="38.5774162" lon="-121.4471534">
<ele>10</ele><time>2025-08-30T17:49:32.997Z</time><extensions><gpxtpx:TrackPointExtension><gpxtpx:hr>161</gpxtpx:hr><gpxtpx:cad>55</gpxtpx:cad></gpxtpx:TrackPointExtension></extensions><extensions><gpxtpx:PowerExtension><gpxtpx:PowerInWatts>213</gpxtpx:PowerInWatts></gpxtpx:PowerExtension></extensions></trkpt>
<trkpt lat="38.5773594" lon="-121.4471831">
<ele>10</ele><time>2025-08-30T17:49:36.997Z</time><extensions><gpxtpx:TrackPointExtension><gpxtpx:hr>160</gpxtpx:hr><gpxtpx:cad>53</gpxtpx:cad></gpxtpx:TrackPointExtension></extensions><extensions><gpxtpx:PowerExtension><gpxtpx:PowerInWatts>197</gpxtpx:PowerInWatts></gpxtpx:PowerExtension></extensions></trkpt>
<trkpt lat="38.5773057" lon="-121.4472015">
<ele>10</ele><time>2025-08-30T17:49:40.997Z</time><extensions><gpxtpx:TrackPointExtension><gpxtpx:hr>159</gpxtpx:hr><gpxtpx:cad>52</gpxtpx:cad></gpxtpx:TrackPointExtension></extensions><extensions><gpxtpx:PowerExtension><gpxtpx:PowerInWatts>156</gpxtpx:PowerInWatts></gpxtpx:PowerExtension></extensions></trkpt>
<trkpt lat="38.5772557" lon="-121.4472244">
<ele>10</ele><time>2025-08-30T17:49:44.998Z</time><extensions><gpxtpx:TrackPointExtension><gpxtpx:hr>157</gpxtpx:hr><gpxtpx:cad>53</gpxtpx:cad></gpxtpx:TrackPointExtension></extensions><extensions><gpxtpx:PowerExtension><gpxtpx:PowerInWatts>156</gpxtpx:PowerInWatts></gpxtpx:PowerExtension></extensions></trkpt>
<trkpt lat="38.5772027" lon="-121.4472424">
<ele>10</ele><time>2025-08-30T17:49:48.998Z</time><extensions><gpxtpx:TrackPointExtension><gpxtpx:hr>156</gpxtpx:hr><gpxtpx:cad>56</gpxtpx:cad></gpxtpx:TrackPointExtension></extensions><extensions><gpxtpx:PowerExtension><gpxtpx:PowerInWatts>87</gpxtpx:PowerInWatts></gpxtpx:PowerExtension></extensions></trkpt>
<trkpt lat="38.5771539" lon="-121.4472711">
<ele>10</ele><time>2025-08-30T17:49:52.999Z</time><extensions><gpxtpx:TrackPointExtension><gpxtpx:hr>155</gpxtpx:hr><gpxtpx:cad>56</gpxtpx:cad></gpxtpx:TrackPointExtension></extensions><extensions><gpxtpx:PowerExtension><gpxtpx:PowerInWatts>87</gpxtpx:PowerInWatts></gpxtpx:PowerExtension></extensions></trkpt>
<trkpt lat="38.5771107" lon="-121.4472886">
<ele>10</ele><time>2025-08-30T17:49:55.999Z</time><extensions><gpxtpx:TrackPointExtension><gpxtpx:hr>153</gpxtpx:hr><gpxtpx:cad>56</gpxtpx:cad></gpxtpx:TrackPointExtension></extensions><extensions><gpxtpx:PowerExtension><gpxtpx:PowerInWatts>89</gpxtpx:PowerInWatts></gpxtpx:PowerExtension></extensions></trkpt>
<trkpt lat="38.5770613" lon="-121.4473113">
<ele>10</ele><time>2025-08-30T17:49:59.999Z</time><extensions><gpxtpx:TrackPointExtension><gpxtpx:hr>151</gpxtpx:hr><gpxtpx:cad>56</gpxtpx:cad></gpxtpx:TrackPointExtension></extensions><extensions><gpxtpx:PowerExtension><gpxtpx:PowerInWatts>89</gpxtpx:PowerInWatts></gpxtpx:PowerExtension></extensions></trkpt>
<trkpt lat="38.5770216" lon="-121.4473546">
<ele>10</ele><time>2025-08-30T17:50:03.999Z</time><extensions><gpxtpx:TrackPointExtension><gpxtpx:hr>149</gpxtpx:hr><gpxtpx:cad>57</gpxtpx:cad></gpxtpx:TrackPointExtension></extensions><extensions><gpxtpx:PowerExtension><gpxtpx:PowerInWatts>91</gpxtpx:PowerInWatts></gpxtpx:PowerExtension></extensions></trkpt>
<trkpt lat="38.5769705" lon="-121.4473439">
<ele>10</ele><time>2025-08-30T17:50:07.999Z</time><extensions><gpxtpx:TrackPointExtension><gpxtpx:hr>146</gpxtpx:hr><gpxtpx:cad>58</gpxtpx:cad></gpxtpx:TrackPointExtension></extensions><extensions><gpxtpx:PowerExtension><gpxtpx:PowerInWatts>90</gpxtpx:PowerInWatts></gpxtpx:PowerExtension></extensions></trkpt>
</trkseg><trkseg>
<trkpt lat="38.5768712" lon="-121.4474208">
<ele>10</ele><time>2025-08-30T17:50:47.000Z</time><extensions><gpxtpx:TrackPointExtension><gpxtpx:hr>143</gpxtpx:hr><gpxtpx:cad>62</gpxtpx:cad></gpxtpx:TrackPointExtension></extensions><extensions><gpxtpx:PowerExtension><gpxtpx:PowerInWatts>84</gpxtpx:PowerInWatts></gpxtpx:PowerExtension></extensions></trkpt>
<trkpt lat="38.5768245" lon="-121.4474372">
<ele>10</ele><time>2025-08-30T17:50:49.000Z</time><extensions><gpxtpx:TrackPointExtension><gpxtpx:hr>144</gpxtpx:hr><gpxtpx:cad>66</gpxtpx:cad></gpxtpx:TrackPointExtension></extensions><extensions><gpxtpx:PowerExtension><gpxtpx:PowerInWatts>84</gpxtpx:PowerInWatts></gpxtpx:PowerExtension></extensions></trkpt>
<trkpt lat="38.5767747" lon="-121.4474543">
<ele>10</ele><time>2025-08-30T17:50:51.000Z</time><extensions><gpxtpx:TrackPointExtension><gpxtpx:hr>144</gpxtpx:hr><gpxtpx:cad>68</gpxtpx:cad></gpxtpx:TrackPointExtension></extensions><extensions><gpxtpx:PowerExtension><gpxtpx:PowerInWatts>105</gpxtpx:PowerInWatts></gpxtpx:PowerExtension></extensions></trkpt>
<trkpt lat="38.5767202" lon="-121.4474868">
<ele>10</ele><time>2025-08-30T17:50:53.000Z</time><extensions><gpxtpx:TrackPointExtension><gpxtpx:hr>145</gpxtpx:hr><gpxtpx:cad>70</gpxtpx:cad></gpxtpx:TrackPointExtension></extensions><extensions><gpxtpx:PowerExtension><gpxtpx:PowerInWatts>105</gpxtpx:PowerInWatts></gpxtpx:PowerExtension></extensions></trkpt>
<trkpt lat="38.5766674" lon="-121.4475303">
<ele>10</ele><time>2025-08-30T17:50:56.000Z</time><extensions><gpxtpx:TrackPointExtension><gpxtpx:hr>146</gpxtpx:hr><gpxtpx:cad>69</gpxtpx:cad></gpxtpx:TrackPointExtension></extensions><extensions><gpxtpx:PowerExtension><gpxtpx:PowerInWatts>105</gpxtpx:PowerInWatts></gpxtpx:PowerExtension></extensions></trkpt>
<trkpt lat="38.5766114" lon="-121.4475566">
<ele>10</ele><time>2025-08-30T17:50:58.000Z</time><extensions><gpxtpx:TrackPointExtension><gpxtpx:hr>146</gpxtpx:hr><gpxtpx:cad>80</gpxtpx:cad></gpxtpx:TrackPointExtension></extensions><extensions><gpxtpx:PowerExtension><gpxtpx:PowerInWatts>217</gpxtpx:PowerInWatts></gpxtpx:PowerExtension></extensions></trkpt>
<trkpt lat="38.5765652" lon="-121.4475860">
<ele>10</ele><time>2025-08-30T17:51:00.000Z</time><extensions><gpxtpx:TrackPointExtension><gpxtpx:hr>147</gpxtpx:hr><gpxtpx:cad>79</gpxtpx:cad></gpxtpx:TrackPointExtension></extensions><extensions><gpxtpx:PowerExtension><gpxtpx:PowerInWatts>209</gpxtpx:PowerInWatts></gpxtpx:PowerExtension></extensions></trkpt>
<trkpt lat="38.5764993" lon="-121.4476048">
<ele>10</ele><time>2025-08-30T17:51:03.000Z</time><extensions><gpxtpx:TrackPointExtension><gpxtpx:hr>148</gpxtpx:hr><gpxtpx:cad>73</gpxtpx:cad></gpxtpx:TrackPointExtension></extensions><extensions><gpxtpx:PowerExtension><gpxtpx:PowerInWatts>206</gpxtpx:PowerInWatts></gpxtpx:PowerExtension></extensions></trkpt>
<trkpt lat="38.5764541" lon="-121.4476471">
<ele>11</ele><time>2025-08-30T17:51:05.000Z</time><extensions><gpxtpx:TrackPointExtension><gpxtpx:hr>148</gpxtpx:hr><gpxtpx:cad>72</gpxtpx:cad></gpxtpx:TrackPointExtension></extensions><extensions><gpxtpx:PowerExtension><gpxtpx:PowerInWatts>206</gpxtpx:PowerInWatts></gpxtpx:PowerExtension></extensions></trkpt>
<trkpt lat="38.5764025" lon="-121.4476634">
<ele>11</ele><time>2025-08-30T17:51:07.000Z</time><extensions><gpxtpx:TrackPointExtension><gpxtpx:hr>149</gpxtpx:hr><gpxtpx:cad>73</gpxtpx:cad></gpxtpx:TrackPointExtension></extensions><extensions><gpxtpx:PowerExtension><gpxtpx:PowerInWatts>211</gpxtpx:PowerInWatts></gpxtpx:PowerExtension></extensions></trkpt>
<trkpt lat="38.5763632" lon="-121.4477008">
<ele>11</ele><time>2025-08-30T17:51:09.000Z</time><extensions><gpxtpx:TrackPointExtension><gpxtpx:hr>149</gpxtpx:hr><gpxtpx:cad>75</gpxtpx:cad></gpxtpx:TrackPointExtension></extensions><extensions><gpxtpx:PowerExtension><gpxtpx:PowerInWatts>211</gpxtpx:PowerInWatts></gpxtpx:PowerExtension></extensions></trkpt>
<trkpt lat="38.5763198" lon="-121.4477439">
<ele>11</ele><time>2025-08-30T17:51:12.000Z</time><extensions><gpxtpx:TrackPointExtension><gpxtpx:hr>150</gpxtpx:hr><gpxtpx:cad>83</gpxtpx:cad></gpxtpx:TrackPointExtension></extensions><extensions><gpxtpx:PowerExtension><gpxtpx:PowerInWatts>210</gpxtpx:PowerInWatts></gpxtpx:PowerExtension></extensions></trkpt>
<trkpt lat="38.5762543" lon="-121.4477590">
<ele>11</ele><time>2025-08-30T17:51:14.000Z</time><extensions><gpxtpx:TrackPointExtension><gpxtpx:hr>151</gpxtpx:hr><gpxtpx:cad>80</gpxtpx:cad></gpxtpx:TrackPointExtension></extensions><extensions><gpxtpx:PowerExtension><gpxtpx:PowerInWatts>212</gpxtpx:PowerInWatts></gpxtpx:PowerExtension></extensions></trkpt>
<trkpt lat="38.5762193" lon="-121.4477226">
<ele>11</ele><time>2025-08-30T17:51:17.000Z</time><extensions><gpxtpx:TrackPointExtension><gpxtpx:hr>151</gpxtpx:hr><gpxtpx:cad>77</gpxtpx:cad></gpxtpx:TrackPointExtension></extensions><extensions><gpxtpx:PowerExtension><gpxtpx:PowerInWatts>207</gpxtpx:PowerInWatts></gpxtpx:PowerExtension></extensions></trkpt>
<trkpt lat="38.5762166" lon="-121.4476555">
<ele>11</ele><time>2025-08-30T17:51:19.000Z</time><extensions><gpxtpx:TrackPointExtension><gpxtpx:hr>152</gpxtpx:hr><gpxtpx:cad>79</gpxtpx:cad></gpxtpx:TrackPointExtension></extensions><extensions><gpxtpx:PowerExtension><gpxtpx:PowerInWatts>211</gpxtpx:PowerInWatts></gpxtpx:PowerExtension></extensions></trkpt>
<trkpt lat="38.5761932" lon="-121.4475638">
<ele>11</ele><time>2025-08-30T17:51:22.000Z</time><extensions><gpxtpx:TrackPointExtension><gpxtpx:hr>152</gpxtpx:hr><gpxtpx:cad>79</gpxtpx:cad></gpxtpx:TrackPointExtension></extensions><extensions><gpxtpx:PowerExtension><gpxtpx:PowerInWatts>211</gpxtpx:PowerInWatts></gpxtpx:PowerExtension></extensions></trkpt>
<trkpt lat="38.5761710" lon="-121.4475058">
<ele>11</ele><time>2025-08-30T17:51:24.000Z</time><extensions><gpxtpx:TrackPointExtension><gpxtpx:hr>153</gpxtpx:hr><gpxtpx:cad>76</gpxtpx:cad></gpxtpx:TrackPointExtension></extensions><extensions><gpxtpx:PowerExtension><gpxtpx:PowerInWatts>197</gpxtpx:PowerInWatts></gpxtpx:PowerExtension></extensions></trkpt>
<trkpt lat="38.5761455" lon="-121.4474442">
<ele>11</ele><time>2025-08-30T17:51:27.000Z</time><extensions><gpxtpx:TrackPointExtension><gpxtpx:hr>154</gpxtpx:hr><gpxtpx:cad>78</gpxtpx:cad></gpxtpx:TrackPointExtension></extensions><extensions><gpxtpx:PowerExtension><gpxtpx:PowerInWatts>197</gpxtpx:PowerInWatts></gpxtpx:PowerExtension></extensions></trkpt>
<trkpt lat="38.5761073" lon="-121.4473871">
<ele>11</ele><time>2025-08-30T17:51:30.000Z</time><extensions><gpxtpx:TrackPointExtension><gpxtpx:hr>155</gpxtpx:hr><gpxtpx:cad>82</gpxtpx:cad></gpxtpx:TrackPointExtension></extensions><extensions><gpxtpx:PowerExtension><gpxtpx:PowerInWatts>200</gpxtpx:PowerInWatts></gpxtpx:PowerExtension></extensions></trkpt>
<trkpt lat="38.5760880" lon="-121.4473274">
<ele>11</ele><time>2025-08-30T17:51:32.000Z</time><extensions><gpxtpx:TrackPointExtension><gpxtpx:hr>155</gpxtpx:hr><gpxtpx:cad>76</gpxtpx:cad></gpxtpx:TrackPointExtension></extensions><extensions><gpxtpx:PowerExtension><gpxtpx:PowerInWatts>201</gpxtpx:PowerInWatts></gpxtpx:PowerExtension></extensions></trkpt>
<trkpt lat="38.5760775" lon="-121.4472578">
<ele>11</ele><time>2025-08-30T17:51:34.000Z</time><extensions><gpxtpx:TrackPointExtension><gpxtpx:hr>155</gpxtpx:hr><gpxtpx:cad>81</gpxtpx:cad></gpxtpx:TrackPointExtension></extensions><extensions><gpxtpx:PowerExtension><gpxtpx:PowerInWatts>197</gpxtpx:PowerInWatts></gpxtpx:PowerExtension></extensions></trkpt>
<trkpt lat="38.5760826" lon="-121.4471884">
<ele>11</ele><time>2025-08-30T17:51:36.000Z</time><extensions><gpxtpx:TrackPointExtension><gpxtpx:hr>155</gpxtpx:hr><gpxtpx:cad>81</gpxtpx:cad></gpxtpx:TrackPointExtension></extensions><extensions><gpxtpx:PowerExtension><gpxtpx:PowerInWatts>194</gpxtpx:PowerInWatts></gpxtpx:PowerExtension></extensions></trkpt>
<trkpt lat="38.5760649" lon="-121.4471232">
<ele>11</ele><time>2025-08-30T17:51:38.000Z</time><extensions><gpxtpx:TrackPointExtension><gpxtpx:hr>156</gpxtpx:hr><gpxtpx:cad>81</gpxtpx:cad></gpxtpx:TrackPointExtension></extensions><extensions><gpxtpx:PowerExtension><gpxtpx:PowerInWatts>194</gpxtpx:PowerInWatts></gpxtpx:PowerExtension></extensions></trkpt>
<trkpt lat="38.5760363" lon="-121.4470582">
<ele>11</ele><time>2025-08-30T17:51:40.000Z</time><extensions><gpxtpx:TrackPointExtension><gpxtpx:hr>157</gpxtpx:hr><gpxtpx:cad>78</gpxtpx:cad></gpxtpx:TrackPointExtension></extensions><extensions><gpxtpx:PowerExtension><gpxtpx:PowerInWatts>194</gpxtpx:PowerInWatts></gpxtpx:PowerExtension></extensions></trkpt>
<trkpt lat="38.5760161" lon="-121.4470007">
<ele>11</ele><time>2025-08-30T17:51:42.000Z</time><extensions><gpxtpx:TrackPointExtension><gpxtpx:hr>157</gpxtpx:hr><gpxtpx:cad>82</gpxtpx:cad></gpxtpx:TrackPointExtension></extensions><extensions><gpxtpx:PowerExtension><gpxtpx:PowerInWatts>194</gpxtpx:PowerInWatts></gpxtpx:PowerExtension></extensions></trkpt>
<trkpt lat="38.5759874" lon="-121.4469248">
<ele>11</ele><time>2025-08-30T17:51:44.000Z</time><extensions><gpxtpx:TrackPointExtension><gpxtpx:hr>157</gpxtpx:hr><gpxtpx:cad>76</gpxtpx:cad></gpxtpx:TrackPointExtension></extensions><extensions><gpxtpx:PowerExtension><gpxtpx:PowerInWatts>201</gpxtpx:PowerInWatts></gpxtpx:PowerExtension></extensions></trkpt>
<trkpt lat="38.5759727" lon="-121.4468561">
<ele>11</ele><time>2025-08-30T17:51:46.000Z</time><extensions><gpxtpx:TrackPointExtension><gpxtpx:hr>158</gpxtpx:hr><gpxtpx:cad>80</gpxtpx:cad></gpxtpx:TrackPointExtension></extensions><extensions><gpxtpx:PowerExtension><gpxtpx:PowerInWatts>201</gpxtpx:PowerInWatts></gpxtpx:PowerExtension></extensions></trkpt>
<trkpt lat="38.5759519" lon="-121.4468005">
<ele>11</ele><time>2025-08-30T17:51:48.000Z</time><extensions><gpxtpx:TrackPointExtension><gpxtpx:hr>158</gpxtpx:hr><gpxtpx:cad>79</gpxtpx:cad></gpxtpx:TrackPointExtension></extensions><extensions><gpxtpx:PowerExtension><gpxtpx:PowerInWatts>207</gpxtpx:PowerInWatts></gpxtpx:PowerExtension></extensions></trkpt>
<trkpt lat="38.5759380" lon="-121.4467282">
<ele>11</ele><time>2025-08-30T17:51:50.000Z</time><extensions><gpxtpx:TrackPointExtension><gpxtpx:hr>159</gpxtpx:hr><gpxtpx:cad>77</gpxtpx:cad></gpxtpx:TrackPointExtension></extensions><extensions><gpxtpx:PowerExtension><gpxtpx:PowerInWatts>208</gpxtpx:PowerInWatts></gpxtpx:PowerExtension></extensions></trkpt>
<trkpt lat="38.5759058" lon="-121.4466751">
<ele>11</ele><time>2025-08-30T17:51:52.000Z</time><extensions><gpxtpx:TrackPointExtension><gpxtpx:hr>159</gpxtpx:hr><gpxtpx:cad>77</gpxtpx:cad></gpxtpx:TrackPointExtension></extensions><extensions><gpxtpx:PowerExtension><gpxtpx:PowerInWatts>208</gpxtpx:PowerInWatts></gpxtpx:PowerExtension></extensions></trkpt>
<trkpt lat="38.5758717" lon="-121.4466093">
<ele>11</ele><time>2025-08-30T17:51:55.000Z</time><extensions><gpxtpx:TrackPointExtension><gpxtpx:hr>158</gpxtpx:hr><gpxtpx:cad>81</gpxtpx:cad></gpxtpx:TrackPointExtension></extensions><extensions><gpxtpx:PowerExtension><gpxtpx:PowerInWatts>209</gpxtpx:PowerInWatts></gpxtpx:PowerExtension></extensions></trkpt>
<trkpt lat="38.5758581" lon="-121.4465418">
<ele>11</ele><time>2025-08-30T17:51:57.000Z</time><extensions><gpxtpx:TrackPointExtension><gpxtpx:hr>158</gpxtpx:hr><gpxtpx:cad>85</gpxtpx:cad></gpxtpx:TrackPointExtension></extensions><extensions><gpxtpx:PowerExtension><gpxtpx:PowerInWatts>213</gpxtpx:PowerInWatts></gpxtpx:PowerExtension></extensions></trkpt>
<trkpt lat="38.5758277" lon="-121.4464748">
<ele>11</ele><time>2025-08-30T17:51:59.000Z</time><extensions><gpxtpx:TrackPointExtension><gpxtpx:hr>159</gpxtpx:hr><gpxtpx:cad>80</gpxtpx:cad></gpxtpx:TrackPointExtension></extensions><extensions><gpxtpx:PowerExtension><gpxtpx:PowerInWatts>213</gpxtpx:PowerInWatts></gpxtpx:PowerExtension></extensions></trkpt>
<trkpt lat="38.5758186" lon="-121.4464073">
<ele>11</ele><time>2025-08-30T17:52:01.000Z</time><extensions><gpxtpx:TrackPointExtension><gpxtpx:hr>159</gpxtpx:hr><gpxtpx:cad>77</gpxtpx:cad></gpxtpx:TrackPointExtension></extensions><extensions><gpxtpx:PowerExtension><gpxtpx:PowerInWatts>213</gpxtpx:PowerInWatts></gpxtpx:PowerExtension></extensions></trkpt>
<trkpt lat="38.5758000" lon="-121.4463351">
<ele>11</ele><time>2025-08-30T17:52:03.000Z</time><extensions><gpxtpx:TrackPointExtension><gpxtpx:hr>159</gpxtpx:hr><gpxtpx:cad>77</gpxtpx:cad></gpxtpx:TrackPointExtension></extensions><extensions><gpxtpx:PowerExtension><gpxtpx:PowerInWatts>209</gpxtpx:PowerInWatts></gpxtpx:PowerExtension></extensions></trkpt>
<trkpt lat="38.5757698" lon="-121.4462580">
<ele>11</ele><time>2025-08-30T17:52:05.000Z</time><extensions><gpxtpx:TrackPointExtension><gpxtpx:hr>160</gpxtpx:hr><gpxtpx:cad>81</gpxtpx:cad></gpxtpx:TrackPointExtension></extensions><extensions><gpxtpx:PowerExtension><gpxtpx:PowerInWatts>209</gpxtpx:PowerInWatts></gpxtpx:PowerExtension></extensions></trkpt>
<trkpt lat="38.5757504" lon="-121.4461987">
<ele>11</ele><time>2025-08-30T17:52:07.000Z</time><extensions><gpxtpx:TrackPointExtension><gpxtpx:hr>160</gpxtpx:hr><gpxtpx:cad>80</gpxtpx:cad></gpxtpx:TrackPointExtension></extensions><extensions><gpxtpx:PowerExtension><gpxtpx:PowerInWatts>212</gpxtpx:PowerInWatts></gpxtpx:PowerExtension></extensions></trkpt>
<trkpt lat="38.5757126" lon="-121.4461447">
<ele>11</ele><time>2025-08-30T17:52:09.000Z</time><extensions><gpxtpx:TrackPointExtension><gpxtpx:hr>160</gpxtpx:hr><gpxtpx:cad>80</gpxtpx:cad></gpxtpx:TrackPointExtension></extensions><extensions><gpxtpx:PowerExtension><gpxtpx:PowerInWatts>212</gpxtpx:PowerInWatts></gpxtpx:PowerExtension></extensions></trkpt>
<trkpt lat="38.5756661" lon="-121.4460935">
<ele>11</ele><time>2025-08-30T17:52:11.000Z</time><extensions><gpxtpx:TrackPointExtension><gpxtpx:hr>160</gpxtpx:hr><gpxtpx:cad>80</gpxtpx:cad></gpxtpx:TrackPointExtension></extensions><extensions><gpxtpx:PowerExtension><gpxtpx:PowerInWatts>212</gpxtpx:PowerInWatts></gpxtpx:PowerExtension></extensions></trkpt>
<trkpt lat="38.5756249" lon="-121.4460423">
<ele>11</ele><time>2025-08-30T17:52:13.000Z</time><extensions><gpxtpx:TrackPointExtension><gpxtpx:hr>159</gpxtpx:hr><gpxtpx:cad>81</gpxtpx:cad></gpxtpx:TrackPointExtension></extensions><extensions><gpxtpx:PowerExtension><gpxtpx:PowerInWatts>221</gpxtpx:PowerInWatts></gpxtpx:PowerExtension></extensions></trkpt>
<trkpt lat="38.5756245" lon="-121.4459679">
<ele>11</ele><time>2025-08-30T17:52:15.000Z</time><extensions><gpxtpx:TrackPointExtension><gpxtpx:hr>160</gpxtpx:hr><gpxtpx:cad>80</gpxtpx:cad></gpxtpx:TrackPointExtension></extensions><extensions><gpxtpx:PowerExtension><gpxtpx:PowerInWatts>224</gpxtpx:PowerInWatts></gpxtpx:PowerExtension></extensions></trkpt>
<trkpt lat="38.5756237" lon="-121.4458911">
<ele>11</ele><time>2025-08-30T17:52:17.000Z</time><extensions><gpxtpx:TrackPointExtension><gpxtpx:hr>160</gpxtpx:hr><gpxtpx:cad>80</gpxtpx:cad></gpxtpx:TrackPointExtension></extensions><extensions><gpxtpx:PowerExtension><gpxtpx:PowerInWatts>227</gpxtpx:PowerInWatts></gpxtpx:PowerExtension></extensions></trkpt>
<trkpt lat="38.5755941" lon="-121.4458349">
<ele>11</ele><time>2025-08-30T17:52:19.000Z</time><extensions><gpxtpx:TrackPointExtension><gpxtpx:hr>160</gpxtpx:hr><gpxtpx:cad>80</gpxtpx:cad></gpxtpx:TrackPointExtension></extensions><extensions><gpxtpx:PowerExtension><gpxtpx:PowerInWatts>228</gpxtpx:PowerInWatts></gpxtpx:PowerExtension></extensions></trkpt>
<trkpt lat="38.5755696" lon="-121.4457790">
<ele>11</ele><time>2025-08-30T17:52:21.000Z</time><extensions><gpxtpx:TrackPointExtension><gpxtpx:hr>161</gpxtpx:hr><gpxtpx:cad>81</gpxtpx:cad></gpxtpx:TrackPointExtension></extensions><extensions><gpxtpx:PowerExtension><gpxtpx:PowerInWatts>228</gpxtpx:PowerInWatts></gpxtpx:PowerExtension></extensions></trkpt>
<trkpt lat="38.5755543" lon="-121.4457087">
<ele>11</ele><time>2025-08-30T17:52:23.000Z</time><extensions><gpxtpx:TrackPointExtension><gpxtpx:hr>161</gpxtpx:hr><gpxtpx:cad>79</gpxtpx:cad></gpxtpx:TrackPointExtension></extensions><extensions><gpxtpx:PowerExtension><gpxtpx:PowerInWatts>226</gpxtpx:PowerInWatts></gpxtpx:PowerExtension></extensions></trkpt>
<trkpt lat="38.5755484" lon="-121.4456408">
<ele>11</ele><time>2025-08-30T17:52:25.000Z</time><extensions><gpxtpx:TrackPointExtension><gpxtpx:hr>161</gpxtpx:hr><gpxtpx:cad>81</gpxtpx:cad></gpxtpx:TrackPointExtension></extensions><extensions><gpxtpx:PowerExtension><gpxtpx:PowerInWatts>228</gpxtpx:PowerInWatts></gpxtpx:PowerExtension></extensions></trkpt>
<trkpt lat="38.5755313" lon="-121.4455803">
<ele>11</ele><time>2025-08-30T17:52:27.000Z</time><extensions><gpxtpx:TrackPointExtension><gpxtpx:hr>161</gpxtpx:hr><gpxtpx:cad>81</gpxtpx:cad></gpxtpx:TrackPointExtension></extensions><extensions><gpxtpx:PowerExtension><gpxtpx:PowerInWatts>228</gpxtpx:PowerInWatts></gpxtpx:PowerExtension></extensions></trkpt>
<trkpt lat="38.5755093" lon="-121.4455227">
<ele>11</ele><time>2025-08-30T17:52:29.000Z</time><extensions><gpxtpx:TrackPointExtension><gpxtpx:hr>161</gpxtpx:hr><gpxtpx:cad>82</gpxtpx:cad></gpxtpx:TrackPointExtension></extensions><extensions><gpxtpx:PowerExtension><gpxtpx:PowerInWatts>225</gpxtpx:PowerInWatts></gpxtpx:PowerExtension></extensions></trkpt>
<trkpt lat="38.5754921" lon="-121.4454663">
<ele>11</ele><time>2025-08-30T17:52:31.000Z</time><extensions><gpxtpx:TrackPointExtension><gpxtpx:hr>161</gpxtpx:hr><gpxtpx:cad>80</gpxtpx:cad></gpxtpx:TrackPointExtension></extensions><extensions><gpxtpx:PowerExtension><gpxtpx:PowerInWatts>225</gpxtpx:PowerInWatts></gpxtpx:PowerExtension></extensions></trkpt>
<trkpt lat="38.5754803" lon="-121.4454088">
<ele>11</ele><time>2025-08-30T17:52:33.000Z</time><extensions><gpxtpx:TrackPointExtension><gpxtpx:hr>160</gpxtpx:hr><gpxtpx:cad>80</gpxtpx:cad></gpxtpx:TrackPointExtension></extensions><extensions><gpxtpx:PowerExtension><gpxtpx:PowerInWatts>225</gpxtpx:PowerInWatts></gpxtpx:PowerExtension></extensions></trkpt>
<trkpt lat="38.5754674" lon="-121.4453379">
<ele>11</ele><time>2025-08-30T17:52:35.000Z</time><extensions><gpxtpx:TrackPointExtension><gpxtpx:hr>160</gpxtpx:hr><gpxtpx:cad>80</gpxtpx:cad></gpxtpx:TrackPointExtension></extensions><extensions><gpxtpx:PowerExtension><gpxtpx:PowerInWatts>223</gpxtpx:PowerInWatts></gpxtpx:PowerExtension></extensions></trkpt>
<trkpt lat="38.5754494" lon="-121.4452763">
<ele>11</ele><time>2025-08-30T17:52:37.000Z</time><extensions><gpxtpx:TrackPointExtension><gpxtpx:hr>160</gpxtpx:hr><gpxtpx:cad>77</gpxtpx:cad></gpxtpx:TrackPointExtension></extensions><extensions><gpxtpx:PowerExtension><gpxtpx:PowerInWatts>223</gpxtpx:PowerInWatts></gpxtpx:PowerExtension></extensions></trkpt>
<trkpt lat="38.5754236" lon="-121.4452154">
<ele>11</ele><time>2025-08-30T17:52:39.000Z</time><extensions><gpxtpx:TrackPointExtension><gpxtpx:hr>161</gpxtpx:hr><gpxtpx:cad>79</gpxtpx:cad></gpxtpx:TrackPointExtension></extensions><extensions><gpxtpx:PowerExtension><gpxtpx:PowerInWatts>220</gpxtpx:PowerInWatts></gpxtpx:PowerExtension></extensions></trkpt>
<trkpt lat="38.5753946" lon="-121.4451505">
<ele>11</ele><time>2025-08-30T17:52:41.000Z</time><extensions><gpxtpx:TrackPointExtension><gpxtpx:hr>161</gpxtpx:hr><gpxtpx:cad>79</gpxtpx:cad></gpxtpx:TrackPointExtension></extensions><extensions><gpxtpx:PowerExtension><gpxtpx:PowerInWatts>220</gpxtpx:PowerInWatts></gpxtpx:PowerExtension></extensions></trkpt>
<trkpt lat="38.5753874" lon="-121.4450863">
<ele>11</ele><time>2025-08-30T17:52:43.000Z</time><extensions><gpxtpx:TrackPointExtension><gpxtpx:hr>161</gpxtpx:hr><gpxtpx:cad>78</gpxtpx:cad></gpxtpx:TrackPointExtension></extensions><extensions><gpxtpx:PowerExtension><gpxtpx:PowerInWatts>220</gpxtpx:PowerInWatts></gpxtpx:PowerExtension></extensions></trkpt>
<trkpt lat="38.5753649" lon="-121.4450334">
<ele>11</ele><time>2025-08-30T17:52:45.000Z</time><extensions><gpxtpx:TrackPointExtension><gpxtpx:hr>162</gpxtpx:hr><gpxtpx:cad>79</gpxtpx:cad></gpxtpx:TrackPointExtension></extensions><extensions><gpxtpx:PowerExtension><gpxtpx:PowerInWatts>220</gpxtpx:PowerInWatts></gpxtpx:PowerExtension></extensions></trkpt>
<trkpt lat="38.5753499" lon="-121.4449725">
<ele>11</ele><time>2025-08-30T17:52:47.000Z</time><extensions><gpxtpx:TrackPointExtension><gpxtpx:hr>162</gpxtpx:hr><gpxtpx:cad>81</gpxtpx:cad></gpxtpx:TrackPointExtension></extensions><extensions><gpxtpx:PowerExtension><gpxtpx:PowerInWatts>221</gpxtpx:PowerInWatts></gpxtpx:PowerExtension></extensions></trkpt>
<trkpt lat="38.5753502" lon="-121.4449138">
<ele>11</ele><time>2025-08-30T17:52:49.000Z</time><extensions><gpxtpx:TrackPointExtension><gpxtpx:hr>162</gpxtpx:hr><gpxtpx:cad>78</gpxtpx:cad></gpxtpx:TrackPointExtension></extensions><extensions><gpxtpx:PowerExtension><gpxtpx:PowerInWatts>221</gpxtpx:PowerInWatts></gpxtpx:PowerExtension></extensions></trkpt>
<trkpt lat="38.5753314" lon="-121.4448605">
<ele>11</ele><time>2025-08-30T17:52:51.000Z</time><extensions><gpxtpx:TrackPointExtension><gpxtpx:hr>161</gpxtpx:hr><gpxtpx:cad>79</gpxtpx:cad></gpxtpx:TrackPointExtension></extensions><extensions><gpxtpx:PowerExtension><gpxtpx:PowerInWatts>220</gpxtpx:PowerInWatts></gpxtpx:PowerExtension></extensions></trkpt>
<trkpt lat="38.5753345" lon="-121.4447770">
<ele>11</ele><time>2025-08-30T17:52:54.000Z</time><extensions><gpxtpx:TrackPointExtension><gpxtpx:hr>161</gpxtpx:hr><gpxtpx:cad>77</gpxtpx:cad></gpxtpx:TrackPointExtension></extensions><extensions><gpxtpx:PowerExtension><gpxtpx:PowerInWatts>220</gpxtpx:PowerInWatts></gpxtpx:PowerExtension></extensions></trkpt>
<trkpt lat="38.5753840" lon="-121.4447423">
<ele>11</ele><time>2025-08-30T17:52:58.000Z</time><extensions><gpxtpx:TrackPointExtension><gpxtpx:hr>162</gpxtpx:hr><gpxtpx:cad>75</gpxtpx:cad></gpxtpx:TrackPointExtension></extensions><extensions><gpxtpx:PowerExtension><gpxtpx:PowerInWatts>217</gpxtpx:PowerInWatts></gpxtpx:PowerExtension></extensions></trkpt>
<trkpt lat="38.5754368" lon="-121.4447195">
<ele>11</ele><time>2025-08-30T17:53:00.000Z</time><extensions><gpxtpx:TrackPointExtension><gpxtpx:hr>162</gpxtpx:hr><gpxtpx:cad>76</gpxtpx:cad></gpxtpx:TrackPointExtension></extensions><extensions><gpxtpx:PowerExtension><gpxtpx:PowerInWatts>217</gpxtpx:PowerInWatts></gpxtpx:PowerExtension></extensions></trkpt>
<trkpt lat="38.5754832" lon="-121.4446915">
<ele>11</ele><time>2025-08-30T17:53:02.000Z</time><extensions><gpxtpx:TrackPointExtension><gpxtpx:hr>162</gpxtpx:hr><gpxtpx:cad>76</gpxtpx:cad></gpxtpx:TrackPointExtension></extensions><extensions><gpxtpx:PowerExtension><gpxtpx:PowerInWatts>212</gpxtpx:PowerInWatts></gpxtpx:PowerExtension></extensions></trkpt>
<trkpt lat="38.5755451" lon="-121.4446703">
<ele>11</ele><time>2025-08-30T17:53:05.000Z</time><extensions><gpxtpx:TrackPointExtension><gpxtpx:hr>162</gpxtpx:hr><gpxtpx:cad>76</gpxtpx:cad></gpxtpx:TrackPointExtension></extensions><extensions><gpxtpx:PowerExtension><gpxtpx:PowerInWatts>203</gpxtpx:PowerInWatts></gpxtpx:PowerExtension></extensions></trkpt>
<trkpt lat="38.5756055" lon="-121.4446463">
<ele>11</ele><time>2025-08-30T17:53:08.000Z</time><extensions><gpxtpx:TrackPointExtension><gpxtpx:hr>162</gpxtpx:hr><gpxtpx:cad>78</gpxtpx:cad></gpxtpx:TrackPointExtension></extensions><extensions><gpxtpx:PowerExtension><gpxtpx:PowerInWatts>203</gpxtpx:PowerInWatts></gpxtpx:PowerExtension></extensions></trkpt>
<trkpt lat="38.5756528" lon="-121.4446446">
<ele>11</ele><time>2025-08-30T17:53:10.000Z</time><extensions><gpxtpx:TrackPointExtension><gpxtpx:hr>162</gpxtpx:hr><gpxtpx:cad>78</gpxtpx:cad></gpxtpx:TrackPointExtension></extensions><extensions><gpxtpx:PowerExtension><gpxtpx:PowerInWatts>203</gpxtpx:PowerInWatts></gpxtpx:PowerExtension></extensions></trkpt>
<trkpt lat="38.5756989" lon="-121.4446198">
<ele>12</ele><time>2025-08-30T17:53:12.000Z</time><extensions><gpxtpx:TrackPointExtension><gpxtpx:hr>162</gpxtpx:hr><gpxtpx:cad>78</gpxtpx:cad></gpxtpx:TrackPointExtension></extensions><extensions><gpxtpx:PowerExtension><gpxtpx:PowerInWatts>201</gpxtpx:PowerInWatts></gpxtpx:PowerExtension></extensions></trkpt>
<trkpt lat="38.5757469" lon="-121.4445996">
<ele>12</ele><time>2025-08-30T17:53:14.000Z</time><extensions><gpxtpx:TrackPointExtension><gpxtpx:hr>163</gpxtpx:hr><gpxtpx:cad>75</gpxtpx:cad></gpxtpx:TrackPointExtension></extensions><extensions><gpxtpx:PowerExtension><gpxtpx:PowerInWatts>199</gpxtpx:PowerInWatts></gpxtpx:PowerExtension></extensions></trkpt>
<trkpt lat="38.5757935" lon="-121.4445770">
<ele>12</ele><time>2025-08-30T17:53:16.000Z</time><extensions><gpxtpx:TrackPointExtension><gpxtpx:hr>163</gpxtpx:hr><gpxtpx:cad>74</gpxtpx:cad></gpxtpx:TrackPointExtension></extensions><extensions><gpxtpx:PowerExtension><gpxtpx:PowerInWatts>196</gpxtpx:PowerInWatts></gpxtpx:PowerExtension></extensions></trkpt>
<trkpt lat="38.5758535" lon="-121.4445490">
<ele>12</ele><time>2025-08-30T17:53:19.000Z</time><extensions><gpxtpx:TrackPointExtension><gpxtpx:hr>163</gpxtpx:hr><gpxtpx:cad>74</gpxtpx:cad></gpxtpx:TrackPointExtension></extensions><extensions><gpxtpx:PowerExtension><gpxtpx:PowerInWatts>199</gpxtpx:PowerInWatts></gpxtpx:PowerExtension></extensions></trkpt>
<trkpt lat="38.5759031" lon="-121.4445379">
<ele>12</ele><time>2025-08-30T17:53:21.000Z</time><extensions><gpxtpx:TrackPointExtension><gpxtpx:hr>163</gpxtpx:hr><gpxtpx:cad>70</gpxtpx:cad></gpxtpx:TrackPointExtension></extensions><extensions><gpxtpx:PowerExtension><gpxtpx:PowerInWatts>200</gpxtpx:PowerInWatts></gpxtpx:PowerExtension></extensions></trkpt>
<trkpt lat="38.5759512" lon="-121.4445037">
<ele>11</ele><time>2025-08-30T17:53:23.000Z</time><extensions><gpxtpx:TrackPointExtension><gpxtpx:hr>163</gpxtpx:hr><gpxtpx:cad>66</gpxtpx:cad></gpxtpx:TrackPointExtension></extensions><extensions><gpxtpx:PowerExtension><gpxtpx:PowerInWatts>200</gpxtpx:PowerInWatts></gpxtpx:PowerExtension></extensions></trkpt>
<trkpt lat="38.5759775" lon="-121.4444219">
<ele>11</ele><time>2025-08-30T17:53:25.000Z</time><extensions><gpxtpx:TrackPointExtension><gpxtpx:hr>163</gpxtpx:hr><gpxtpx:cad>65</gpxtpx:cad></gpxtpx:TrackPointExtension></extensions><extensions><gpxtpx:PowerExtension><gpxtpx:PowerInWatts>199</gpxtpx:PowerInWatts></gpxtpx:PowerExtension></extensions></trkpt>
<trkpt lat="38.5760113" lon="-121.4443778">
<ele>11</ele><time>2025-08-30T17:53:27.000Z</time><extensions><gpxtpx:TrackPointExtension><gpxtpx:hr>162</gpxtpx:hr><gpxtpx:cad>65</gpxtpx:cad></gpxtpx:TrackPointExtension></extensions><extensions><gpxtpx:PowerExtension><gpxtpx:PowerInWatts>200</gpxtpx:PowerInWatts></gpxtpx:PowerExtension></extensions></trkpt>
<trkpt lat="38.5760366" lon="-121.4443192">
<ele>11</ele><time>2025-08-30T17:53:30.000Z</time><extensions><gpxtpx:TrackPointExtension><gpxtpx:hr>163</gpxtpx:hr><gpxtpx:cad>62</gpxtpx:cad></gpxtpx:TrackPointExtension></extensions><extensions><gpxtpx:PowerExtension><gpxtpx:PowerInWatts>200</gpxtpx:PowerInWatts></gpxtpx:PowerExtension></extensions></trkpt>
<trkpt lat="38.5760230" lon="-121.4442459">
<ele>11</ele><time>2025-08-30T17:53:35.000Z</time><extensions><gpxtpx:TrackPointExtension><gpxtpx:hr>161</gpxtpx:hr><gpxtpx:cad>60</gpxtpx:cad></gpxtpx:TrackPointExtension></extensions><extensions><gpxtpx:PowerExtension><gpxtpx:PowerInWatts>205</gpxtpx:PowerInWatts></gpxtpx:PowerExtension></extensions></trkpt>
<trkpt lat="38.5760073" lon="-121.4441598">
<ele>11</ele><time>2025-08-30T17:53:39.000Z</time><extensions><gpxtpx:TrackPointExtension><gpxtpx:hr>160</gpxtpx:hr><gpxtpx:cad>60</gpxtpx:cad></gpxtpx:TrackPointExtension></extensions><extensions><gpxtpx:PowerExtension><gpxtpx:PowerInWatts>95</gpxtpx:PowerInWatts></gpxtpx:PowerExtension></extensions></trkpt>
<trkpt lat="38.5759889" lon="-121.4440885">
<ele>11</ele><time>2025-08-30T17:53:44.000Z</time><extensions><gpxtpx:TrackPointExtension><gpxtpx:hr>159</gpxtpx:hr><gpxtpx:cad>56</gpxtpx:cad></gpxtpx:TrackPointExtension></extensions><extensions><gpxtpx:PowerExtension><gpxtpx:PowerInWatts>110</gpxtpx:PowerInWatts></gpxtpx:PowerExtension></extensions></trkpt>
<trkpt lat="38.5759942" lon="-121.4440313">
<ele>11</ele><time>2025-08-30T17:53:48.000Z</time><extensions><gpxtpx:TrackPointExtension><gpxtpx:hr>158</gpxtpx:hr><gpxtpx:cad>54</gpxtpx:cad></gpxtpx:TrackPointExtension></extensions><extensions><gpxtpx:PowerExtension><gpxtpx:PowerInWatts>103</gpxtpx:PowerInWatts></gpxtpx:PowerExtension></extensions></trkpt>
<trkpt lat="38.5759670" lon="-121.4439798">
<ele>11</ele><time>2025-08-30T17:53:52.000Z</time><extensions><gpxtpx:TrackPointExtension><gpxtpx:hr>158</gpxtpx:hr><gpxtpx:cad>54</gpxtpx:cad></gpxtpx:TrackPointExtension></extensions><extensions><gpxtpx:PowerExtension><gpxtpx:PowerInWatts>104</gpxtpx:PowerInWatts></gpxtpx:PowerExtension></extensions></trkpt>
<trkpt lat="38.5759438" lon="-121.4439107">
<ele>11</ele><time>2025-08-30T17:53:56.000Z</time><extensions><gpxtpx:TrackPointExtension><gpxtpx:hr>157</gpxtpx:hr><gpxtpx:cad>52</gpxtpx:cad></gpxtpx:TrackPointExtension></extensions><extensions><gpxtpx:PowerExtension><gpxtpx:PowerInWatts>88</gpxtpx:PowerInWatts></gpxtpx:PowerExtension></extensions></trkpt>
<trkpt lat="38.5759309" lon="-121.4438511">
<ele>11</ele><time>2025-08-30T17:54:00.000Z</time><extensions><gpxtpx:TrackPointExtension><gpxtpx:hr>156</gpxtpx:hr><gpxtpx:cad>51</gpxtpx:cad></gpxtpx:TrackPointExtension></extensions><extensions><gpxtpx:PowerExtension><gpxtpx:PowerInWatts>88</gpxtpx:PowerInWatts></gpxtpx:PowerExtension></extensions></trkpt>
<trkpt lat="38.5759147" lon="-121.4437845">
<ele>11</ele><time>2025-08-30T17:54:05.000Z</time><extensions><gpxtpx:TrackPointExtension><gpxtpx:hr>154</gpxtpx:hr><gpxtpx:cad>49</gpxtpx:cad></gpxtpx:TrackPointExtension></extensions><extensions><gpxtpx:PowerExtension><gpxtpx:PowerInWatts>84</gpxtpx:PowerInWatts></gpxtpx:PowerExtension></extensions></trkpt>
<trkpt lat="38.5758872" lon="-121.4437254">
<ele>12</ele><time>2025-08-30T17:54:09.000Z</time><extensions><gpxtpx:TrackPointExtension><gpxtpx:hr>151</gpxtpx:hr><gpxtpx:cad>47</gpxtpx:cad></gpxtpx:TrackPointExtension></extensions><extensions><gpxtpx:PowerExtension><gpxtpx:PowerInWatts>79</gpxtpx:PowerInWatts></gpxtpx:PowerExtension></extensions></trkpt>
<trkpt lat="38.5758711" lon="-121.4436701">
<ele>12</ele><time>2025-08-30T17:54:13.000Z</time><extensions><gpxtpx:TrackPointExtension><gpxtpx:hr>149</gpxtpx:hr><gpxtpx:cad>46</gpxtpx:cad></gpxtpx:TrackPointExtension></extensions><extensions><gpxtpx:PowerExtension><gpxtpx:PowerInWatts>79</gpxtpx:PowerInWatts></gpxtpx:PowerExtension></extensions></trkpt>
<trkpt lat="38.5758636" lon="-121.4436124">
<ele>12</ele><time>2025-08-30T17:54:18.000Z</time><extensions><gpxtpx:TrackPointExtension><gpxtpx:hr>147</gpxtpx:hr><gpxtpx:cad>48</gpxtpx:cad></gpxtpx:TrackPointExtension></extensions><extensions><gpxtpx:PowerExtension><gpxtpx:PowerInWatts>78</gpxtpx:PowerInWatts></gpxtpx:PowerExtension></extensions></trkpt>
<trkpt lat="38.5758341" lon="-121.4435605">
<ele>12</ele><time>2025-08-30T17:54:23.000Z</time><extensions><gpxtpx:TrackPointExtension><gpxtpx:hr>145</gpxtpx:hr><gpxtpx:cad>48</gpxtpx:cad></gpxtpx:TrackPointExtension></extensions><extensions><gpxtpx:PowerExtension><gpxtpx:PowerInWatts>77</gpxtpx:PowerInWatts></gpxtpx:PowerExtension></extensions></trkpt>
<trkpt lat="38.5758278" lon="-121.4435027">
<ele>12</ele><time>2025-08-30T17:54:27.000Z</time><extensions><gpxtpx:TrackPointExtension><gpxtpx:hr>144</gpxtpx:hr><gpxtpx:cad>47</gpxtpx:cad></gpxtpx:TrackPointExtension></extensions><extensions><gpxtpx:PowerExtension><gpxtpx:PowerInWatts>72</gpxtpx:PowerInWatts></gpxtpx:PowerExtension></extensions></trkpt>
<trkpt lat="38.5758627" lon="-121.4434588">
<ele>12</ele><time>2025-08-30T17:54:32.000Z</time><extensions><gpxtpx:TrackPointExtension><gpxtpx:hr>142</gpxtpx:hr><gpxtpx:cad>45</gpxtpx:cad></gpxtpx:TrackPointExtension></extensions><extensions><gpxtpx:PowerExtension><gpxtpx:PowerInWatts>71</gpxtpx:PowerInWatts></gpxtpx:PowerExtension></extensions></trkpt>
<trkpt lat="38.5759152" lon="-121.4434339">
<ele>12</ele><time>2025-08-30T17:54:37.000Z</time><extensions><gpxtpx:TrackPointExtension><gpxtpx:hr>141</gpxtpx:hr><gpxtpx:cad>46</gpxtpx:cad></gpxtpx:TrackPointExtension></extensions><extensions><gpxtpx:PowerExtension><gpxtpx:PowerInWatts>70</gpxtpx:PowerInWatts></gpxtpx:PowerExtension></extensions></trkpt>
<trkpt lat="38.5758651" lon="-121.4434253">
<ele>12</ele><time>2025-08-30T17:54:45.000Z</time><extensions><gpxtpx:TrackPointExtension><gpxtpx:hr>139</gpxtpx:hr><gpxtpx:cad>46</gpxtpx:cad></gpxtpx:TrackPointExtension></extensions><extensions><gpxtpx:PowerExtension><gpxtpx:PowerInWatts>71</gpxtpx:PowerInWatts></gpxtpx:PowerExtension></extensions></trkpt>
<trkpt lat="38.5758192" lon="-121.4434222">
<ele>12</ele><time>2025-08-30T17:54:48.000Z</time><extensions><gpxtpx:TrackPointExtension><gpxtpx:hr>138</gpxtpx:hr><gpxtpx:cad>45</gpxtpx:cad></gpxtpx:TrackPointExtension></extensions><extensions><gpxtpx:PowerExtension><gpxtpx:PowerInWatts>69</gpxtpx:PowerInWatts></gpxtpx:PowerExtension></extensions></trkpt>
<trkpt lat="38.5757652" lon="-121.4434252">
<ele>12</ele><time>2025-08-30T17:54:52.000Z</time><extensions><gpxtpx:TrackPointExtension><gpxtpx:hr>136</gpxtpx:hr><gpxtpx:cad>47</gpxtpx:cad></gpxtpx:TrackPointExtension></extensions><extensions><gpxtpx:PowerExtension><gpxtpx:PowerInWatts>69</gpxtpx:PowerInWatts></gpxtpx:PowerExtension></extensions></trkpt>
<trkpt lat="38.5757136" lon="-121.4434503">
<ele>12</ele><time>2025-08-30T17:54:56.000Z</time><extensions><gpxtpx:TrackPointExtension><gpxtpx:hr>134</gpxtpx:hr><gpxtpx:cad>45</gpxtpx:cad></gpxtpx:TrackPointExtension></extensions><extensions><gpxtpx:PowerExtension><gpxtpx:PowerInWatts>78</gpxtpx:PowerInWatts></gpxtpx:PowerExtension></extensions></trkpt>
<trkpt lat="38.5756710" lon="-121.4434707">
<ele>12</ele><time>2025-08-30T17:55:00.000Z</time><extensions><gpxtpx:TrackPointExtension><gpxtpx:hr>133</gpxtpx:hr><gpxtpx:cad>46</gpxtpx:cad></gpxtpx:TrackPointExtension></extensions><extensions><gpxtpx:PowerExtension><gpxtpx:PowerInWatts>80</gpxtpx:PowerInWatts></gpxtpx:PowerExtension></extensions></trkpt>
<trkpt lat="38.5756218" lon="-121.4434692">
<ele>12</ele><time>2025-08-30T17:55:05.000Z</time><extensions><gpxtpx:TrackPointExtension><gpxtpx:hr>133</gpxtpx:hr><gpxtpx:cad>46</gpxtpx:cad></gpxtpx:TrackPointExtension></extensions><extensions><gpxtpx:PowerExtension><gpxtpx:PowerInWatts>81</gpxtpx:PowerInWatts></gpxtpx:PowerExtension></extensions></trkpt>
<trkpt lat="38.5755767" lon="-121.4434891">
<ele>12</ele><time>2025-08-30T17:55:10.000Z</time><extensions><gpxtpx:TrackPointExtension><gpxtpx:hr>134</gpxtpx:hr><gpxtpx:cad>48</gpxtpx:cad></gpxtpx:TrackPointExtension></extensions><extensions><gpxtpx:PowerExtension><gpxtpx:PowerInWatts>77</gpxtpx:PowerInWatts></gpxtpx:PowerExtension></extensions></trkpt>
<trkpt lat="38.5755344" lon="-121.4435127">
<ele>11</ele><time>2025-08-30T17:55:15.000Z</time><extensions><gpxtpx:TrackPointExtension><gpxtpx:hr>134</gpxtpx:hr><gpxtpx:cad>48</gpxtpx:cad></gpxtpx:TrackPointExtension></extensions><extensions><gpxtpx:PowerExtension><gpxtpx:PowerInWatts>74</gpxtpx:PowerInWatts></gpxtpx:PowerExtension></extensions></trkpt>
<trkpt lat="38.5754801" lon="-121.4435338">
<ele>11</ele><time>2025-08-30T17:55:20.000Z</time><extensions><gpxtpx:TrackPointExtension><gpxtpx:hr>134</gpxtpx:hr><gpxtpx:cad>50</gpxtpx:cad></gpxtpx:TrackPointExtension></extensions><extensions><gpxtpx:PowerExtension><gpxtpx:PowerInWatts>72</gpxtpx:PowerInWatts></gpxtpx:PowerExtension></extensions></trkpt>
<trkpt lat="38.5754233" lon="-121.4435374">
<ele>11</ele><time>2025-08-30T17:55:25.000Z</time><extensions><gpxtpx:TrackPointExtension><gpxtpx:hr>133</gpxtpx:hr><gpxtpx:cad>52</gpxtpx:cad></gpxtpx:TrackPointExtension></extensions><extensions><gpxtpx:PowerExtension><gpxtpx:PowerInWatts>73</gpxtpx:PowerInWatts></gpxtpx:PowerExtension></extensions></trkpt>
<trkpt lat="38.5753760" lon="-121.4435436">
<ele>11</ele><time>2025-08-30T17:55:29.000Z</time><extensions><gpxtpx:TrackPointExtension><gpxtpx:hr>133</gpxtpx:hr><gpxtpx:cad>53</gpxtpx:cad></gpxtpx:TrackPointExtension></extensions><extensions><gpxtpx:PowerExtension><gpxtpx:PowerInWatts>72</gpxtpx:PowerInWatts></gpxtpx:PowerExtension></extensions></trkpt>
<trkpt lat="38.5753409" lon="-121.4435874">
<ele>11</ele><time>2025-08-30T17:55:33.000Z</time><extensions><gpxtpx:TrackPointExtension><gpxtpx:hr>133</gpxtpx:hr><gpxtpx:cad>53</gpxtpx:cad></gpxtpx:TrackPointExtension></extensions><extensions><gpxtpx:PowerExtension><gpxtpx:PowerInWatts>72</gpxtpx:PowerInWatts></gpxtpx:PowerExtension></extensions></trkpt>
<trkpt lat="38.5752958" lon="-121.4436207">
<ele>11</ele><time>2025-08-30T17:55:37.000Z</time><extensions><gpxtpx:TrackPointExtension><gpxtpx:hr>132</gpxtpx:hr><gpxtpx:cad>53</gpxtpx:cad></gpxtpx:TrackPointExtension></extensions><extensions><gpxtpx:PowerExtension><gpxtpx:PowerInWatts>76</gpxtpx:PowerInWatts></gpxtpx:PowerExtension></extensions></trkpt>
<trkpt lat="38.5752465" lon="-121.4436393">
<ele>11</ele><time>2025-08-30T17:55:39.000Z</time><extensions><gpxtpx:TrackPointExtension><gpxtpx:hr>132</gpxtpx:hr><gpxtpx:cad>53</gpxtpx:cad></gpxtpx:TrackPointExtension></extensions><extensions><gpxtpx:PowerExtension><gpxtpx:PowerInWatts>76</gpxtpx:PowerInWatts></gpxtpx:PowerExtension></extensions></trkpt>
<trkpt lat="38.5751904" lon="-121.4436680">
<ele>11</ele><time>2025-08-30T17:55:42.000Z</time><extensions><gpxtpx:TrackPointExtension><gpxtpx:hr>133</gpxtpx:hr><gpxtpx:cad>59</gpxtpx:cad></gpxtpx:TrackPointExtension></extensions><extensions><gpxtpx:PowerExtension><gpxtpx:PowerInWatts>76</gpxtpx:PowerInWatts></gpxtpx:PowerExtension></extensions></trkpt>
<trkpt lat="38.5751450" lon="-121.4436888">
<ele>11</ele><time>2025-08-30T17:55:44.000Z</time><extensions><gpxtpx:TrackPointExtension><gpxtpx:hr>134</gpxtpx:hr><gpxtpx:cad>64</gpxtpx:cad></gpxtpx:TrackPointExtension></extensions><extensions><gpxtpx:PowerExtension><gpxtpx:PowerInWatts>76</gpxtpx:PowerInWatts></gpxtpx:PowerExtension></extensions></trkpt>
<trkpt lat="38.5750856" lon="-121.4437317">
<ele>11</ele><time>2025-08-30T17:55:46.000Z</time><extensions><gpxtpx:TrackPointExtension><gpxtpx:hr>135</gpxtpx:hr><gpxtpx:cad>69</gpxtpx:cad></gpxtpx:TrackPointExtension></extensions><extensions><gpxtpx:PowerExtension><gpxtpx:PowerInWatts>76</gpxtpx:PowerInWatts></gpxtpx:PowerExtension></extensions></trkpt>
<trkpt lat="38.5750351" lon="-121.4438022">
<ele>11</ele><time>2025-08-30T17:55:48.000Z</time><extensions><gpxtpx:TrackPointExtension><gpxtpx:hr>135</gpxtpx:hr><gpxtpx:cad>70</gpxtpx:cad></gpxtpx:TrackPointExtension></extensions><extensions><gpxtpx:PowerExtension><gpxtpx:PowerInWatts>76</gpxtpx:PowerInWatts></gpxtpx:PowerExtension></extensions></trkpt>
<trkpt lat="38.5749815" lon="-121.4438467">
<ele>11</ele><time>2025-08-30T17:55:50.000Z</time><extensions><gpxtpx:TrackPointExtension><gpxtpx:hr>136</gpxtpx:hr><gpxtpx:cad>77</gpxtpx:cad></gpxtpx:TrackPointExtension></extensions><extensions><gpxtpx:PowerExtension><gpxtpx:PowerInWatts>199</gpxtpx:PowerInWatts></gpxtpx:PowerExtension></extensions></trkpt>
<trkpt lat="38.5749100" lon="-121.4438753">
<ele>11</ele><time>2025-08-30T17:55:53.000Z</time><extensions><gpxtpx:TrackPointExtension><gpxtpx:hr>137</gpxtpx:hr><gpxtpx:cad>79</gpxtpx:cad></gpxtpx:TrackPointExtension></extensions><extensions><gpxtpx:PowerExtension><gpxtpx:PowerInWatts>213</gpxtpx:PowerInWatts></gpxtpx:PowerExtension></extensions></trkpt>
<trkpt lat="38.5748574" lon="-121.4438846">
<ele>11</ele><time>2025-08-30T17:55:55.000Z</time><extensions><gpxtpx:TrackPointExtension><gpxtpx:hr>139</gpxtpx:hr><gpxtpx:cad>81</gpxtpx:cad></gpxtpx:TrackPointExtension></extensions><extensions><gpxtpx:PowerExtension><gpxtpx:PowerInWatts>226</gpxtpx:PowerInWatts></gpxtpx:PowerExtension></extensions></trkpt>
<trkpt lat="38.5748070" lon="-121.4439109">
<ele>11</ele><time>2025-08-30T17:55:57.000Z</time><extensions><gpxtpx:TrackPointExtension><gpxtpx:hr>140</gpxtpx:hr><gpxtpx:cad>82</gpxtpx:cad></gpxtpx:TrackPointExtension></extensions><extensions><gpxtpx:PowerExtension><gpxtpx:PowerInWatts>226</gpxtpx:PowerInWatts></gpxtpx:PowerExtension></extensions></trkpt>
<trkpt lat="38.5747561" lon="-121.4439229">
<ele>11</ele><time>2025-08-30T17:55:59.000Z</time><extensions><gpxtpx:TrackPointExtension><gpxtpx:hr>142</gpxtpx:hr><gpxtpx:cad>80</gpxtpx:cad></gpxtpx:TrackPointExtension></extensions><extensions><gpxtpx:PowerExtension><gpxtpx:PowerInWatts>226</gpxtpx:PowerInWatts></gpxtpx:PowerExtension></extensions></trkpt>
<trkpt lat="38.5747039" lon="-121.4439323">
<ele>11</ele><time>2025-08-30T17:56:01.000Z</time><extensions><gpxtpx:TrackPointExtension><gpxtpx:hr>143</gpxtpx:hr><gpxtpx:cad>79</gpxtpx:cad></gpxtpx:TrackPointExtension></extensions><extensions><gpxtpx:PowerExtension><gpxtpx:PowerInWatts>226</gpxtpx:PowerInWatts></gpxtpx:PowerExtension></extensions></trkpt>
<trkpt lat="38.5746494" lon="-121.4439726">
<ele>11</ele><time>2025-08-30T17:56:04.000Z</time><extensions><gpxtpx:TrackPointExtension><gpxtpx:hr>145</gpxtpx:hr><gpxtpx:cad>79</gpxtpx:cad></gpxtpx:TrackPointExtension></extensions><extensions><gpxtpx:PowerExtension><gpxtpx:PowerInWatts>225</gpxtpx:PowerInWatts></gpxtpx:PowerExtension></extensions></trkpt>
<trkpt lat="38.5746028" lon="-121.4439927">
<ele>11</ele><time>2025-08-30T17:56:06.000Z</time><extensions><gpxtpx:TrackPointExtension><gpxtpx:hr>146</gpxtpx:hr><gpxtpx:cad>81</gpxtpx:cad></gpxtpx:TrackPointExtension></extensions><extensions><gpxtpx:PowerExtension><gpxtpx:PowerInWatts>225</gpxtpx:PowerInWatts></gpxtpx:PowerExtension></extensions></trkpt>
<trkpt lat="38.5745253" lon="-121.4440199">
<ele>11</ele><time>2025-08-30T17:56:09.000Z</time><extensions><gpxtpx:TrackPointExtension><gpxtpx:hr>147</gpxtpx:hr><gpxtpx:cad>84</gpxtpx:cad></gpxtpx:TrackPointExtension></extensions><extensions><gpxtpx:PowerExtension><gpxtpx:PowerInWatts>225</gpxtpx:PowerInWatts></gpxtpx:PowerExtension></extensions></trkpt>
<trkpt lat="38.5744564" lon="-121.4440532">
<ele>11</ele><time>2025-08-30T17:56:12.000Z</time><extensions><gpxtpx:TrackPointExtension><gpxtpx:hr>148</gpxtpx:hr><gpxtpx:cad>79</gpxtpx:cad></gpxtpx:TrackPointExtension></extensions><extensions><gpxtpx:PowerExtension><gpxtpx:PowerInWatts>218</gpxtpx:PowerInWatts></gpxtpx:PowerExtension></extensions></trkpt>
<trkpt lat="38.5744048" lon="-121.4440705">
<ele>11</ele><time>2025-08-30T17:56:13.999Z</time><extensions><gpxtpx:TrackPointExtension><gpxtpx:hr>148</gpxtpx:hr><gpxtpx:cad>80</gpxtpx:cad></gpxtpx:TrackPointExtension></extensions><extensions><gpxtpx:PowerExtension><gpxtpx:PowerInWatts>218</gpxtpx:PowerInWatts></gpxtpx:PowerExtension></extensions></trkpt>
<trkpt lat="38.5743477" lon="-121.4441023">
<ele>12</ele><time>2025-08-30T17:56:15.999Z</time><extensions><gpxtpx:TrackPointExtension><gpxtpx:hr>148</gpxtpx:hr><gpxtpx:cad>80</gpxtpx:cad></gpxtpx:TrackPointExtension></extensions><extensions><gpxtpx:PowerExtension><gpxtpx:PowerInWatts>218</gpxtpx:PowerInWatts></gpxtpx:PowerExtension></extensions></trkpt>
<trkpt lat="38.5742992" lon="-121.4441227">
<ele>12</ele><time>2025-08-30T17:56:17.999Z</time><extensions><gpxtpx:TrackPointExtension><gpxtpx:hr>150</gpxtpx:hr><gpxtpx:cad>81</gpxtpx:cad></gpxtpx:TrackPointExtension></extensions><extensions><gpxtpx:PowerExtension><gpxtpx:PowerInWatts>218</gpxtpx:PowerInWatts></gpxtpx:PowerExtension></extensions></trkpt>
<trkpt lat="38.5742576" lon="-121.4441525">
<ele>12</ele><time>2025-08-30T17:56:19.998Z</time><extensions><gpxtpx:TrackPointExtension><gpxtpx:hr>150</gpxtpx:hr><gpxtpx:cad>81</gpxtpx:cad></gpxtpx:TrackPointExtension></extensions><extensions><gpxtpx:PowerExtension><gpxtpx:PowerInWatts>224</gpxtpx:PowerInWatts></gpxtpx:PowerExtension></extensions></trkpt>
<trkpt lat="38.5742064" lon="-121.4441740">
<ele>12</ele><time>2025-08-30T17:56:21.998Z</time><extensions><gpxtpx:TrackPointExtension><gpxtpx:hr>151</gpxtpx:hr><gpxtpx:cad>87</gpxtpx:cad></gpxtpx:TrackPointExtension></extensions><extensions><gpxtpx:PowerExtension><gpxtpx:PowerInWatts>224</gpxtpx:PowerInWatts></gpxtpx:PowerExtension></extensions></trkpt>
<trkpt lat="38.5741245" lon="-121.4441794">
<ele>13</ele><time>2025-08-30T17:56:25.997Z</time><extensions><gpxtpx:TrackPointExtension><gpxtpx:hr>153</gpxtpx:hr><gpxtpx:cad>84</gpxtpx:cad></gpxtpx:TrackPointExtension></extensions><extensions><gpxtpx:PowerExtension><gpxtpx:PowerInWatts>226</gpxtpx:PowerInWatts></gpxtpx:PowerExtension></extensions></trkpt>
<trkpt lat="38.5740755" lon="-121.4441991">
<ele>13</ele><time>2025-08-30T17:56:27.996Z</time><extensions><gpxtpx:TrackPointExtension><gpxtpx:hr>155</gpxtpx:hr><gpxtpx:cad>78</gpxtpx:cad></gpxtpx:TrackPointExtension></extensions><extensions><gpxtpx:PowerExtension><gpxtpx:PowerInWatts>219</gpxtpx:PowerInWatts></gpxtpx:PowerExtension></extensions></trkpt>
<trkpt lat="38.5740237" lon="-121.4442448">
<ele>13</ele><time>2025-08-30T17:56:29.996Z</time><extensions><gpxtpx:TrackPointExtension><gpxtpx:hr>157</gpxtpx:hr><gpxtpx:cad>77</gpxtpx:cad></gpxtpx:TrackPointExtension></extensions><extensions><gpxtpx:PowerExtension><gpxtpx:PowerInWatts>219</gpxtpx:PowerInWatts></gpxtpx:PowerExtension></extensions></trkpt>
<trkpt lat="38.5739658" lon="-121.4442740">
<ele>13</ele><time>2025-08-30T17:56:31.996Z</time><extensions><gpxtpx:TrackPointExtension><gpxtpx:hr>158</gpxtpx:hr><gpxtpx:cad>82</gpxtpx:cad></gpxtpx:TrackPointExtension></extensions><extensions><gpxtpx:PowerExtension><gpxtpx:PowerInWatts>219</gpxtpx:PowerInWatts></gpxtpx:PowerExtension></extensions></trkpt>
<trkpt lat="38.5739185" lon="-121.4442908">
<ele>13</ele><time>2025-08-30T17:56:33.996Z</time><extensions><gpxtpx:TrackPointExtension><gpxtpx:hr>158</gpxtpx:hr><gpxtpx:cad>81</gpxtpx:cad></gpxtpx:TrackPointExtension></extensions><extensions><gpxtpx:PowerExtension><gpxtpx:PowerInWatts>219</gpxtpx:PowerInWatts></gpxtpx:PowerExtension></extensions></trkpt>
<trkpt lat="38.5738473" lon="-121.4443203">
<ele>13</ele><time>2025-08-30T17:56:36.996Z</time><extensions><gpxtpx:TrackPointExtension><gpxtpx:hr>158</gpxtpx:hr><gpxtpx:cad>76</gpxtpx:cad></gpxtpx:TrackPointExtension></extensions><extensions><gpxtpx:PowerExtension><gpxtpx:PowerInWatts>220</gpxtpx:PowerInWatts></gpxtpx:PowerExtension></extensions></trkpt>
<trkpt lat="38.5737978" lon="-121.4443478">
<ele>13</ele><time>2025-08-30T17:56:38.996Z</time><extensions><gpxtpx:TrackPointExtension><gpxtpx:hr>158</gpxtpx:hr><gpxtpx:cad>83</gpxtpx:cad></gpxtpx:TrackPointExtension></extensions><extensions><gpxtpx:PowerExtension><gpxtpx:PowerInWatts>218</gpxtpx:PowerInWatts></gpxtpx:PowerExtension></extensions></trkpt>
<trkpt lat="38.5737537" lon="-121.4443729">
<ele>12</ele><time>2025-08-30T17:56:40.996Z</time><extensions><gpxtpx:TrackPointExtension><gpxtpx:hr>158</gpxtpx:hr><gpxtpx:cad>80</gpxtpx:cad></gpxtpx:TrackPointExtension></extensions><extensions><gpxtpx:PowerExtension><gpxtpx:PowerInWatts>218</gpxtpx:PowerInWatts></gpxtpx:PowerExtension></extensions></trkpt>
<trkpt lat="38.5736924" lon="-121.4443924">
<ele>12</ele><time>2025-08-30T17:56:42.995Z</time><extensions><gpxtpx:TrackPointExtension><gpxtpx:hr>159</gpxtpx:hr><gpxtpx:cad>95</gpxtpx:cad></gpxtpx:TrackPointExtension></extensions><extensions><gpxtpx:PowerExtension><gpxtpx:PowerInWatts>216</gpxtpx:PowerInWatts></gpxtpx:PowerExtension></extensions></trkpt>
<trkpt lat="38.5736352" lon="-121.4444138">
<ele>12</ele><time>2025-08-30T17:56:44.995Z</time><extensions><gpxtpx:TrackPointExtension><gpxtpx:hr>159</gpxtpx:hr><gpxtpx:cad>91</gpxtpx:cad></gpxtpx:TrackPointExtension></extensions><extensions><gpxtpx:PowerExtension><gpxtpx:PowerInWatts>217</gpxtpx:PowerInWatts></gpxtpx:PowerExtension></extensions></trkpt>
<trkpt lat="38.5735821" lon="-121.4444264">
<ele>12</ele><time>2025-08-30T17:56:46.995Z</time><extensions><gpxtpx:TrackPointExtension><gpxtpx:hr>159</gpxtpx:hr><gpxtpx:cad>88</gpxtpx:cad></gpxtpx:TrackPointExtension></extensions><extensions><gpxtpx:PowerExtension><gpxtpx:PowerInWatts>218</gpxtpx:PowerInWatts></gpxtpx:PowerExtension></extensions></trkpt>
<trkpt lat="38.5735369" lon="-121.4444460">
<ele>12</ele><time>2025-08-30T17:56:48.995Z</time><extensions><gpxtpx:TrackPointExtension><gpxtpx:hr>159</gpxtpx:hr><gpxtpx:cad>81</gpxtpx:cad></gpxtpx:TrackPointExtension></extensions><extensions><gpxtpx:PowerExtension><gpxtpx:PowerInWatts>218</gpxtpx:PowerInWatts></gpxtpx:PowerExtension></extensions></trkpt>
<trkpt lat="38.5734919" lon="-121.4444596">
<ele>12</ele><time>2025-08-30T17:56:50.995Z</time><extensions><gpxtpx:TrackPointExtension><gpxtpx:hr>160</gpxtpx:hr><gpxtpx:cad>75</gpxtpx:cad></gpxtpx:TrackPointExtension></extensions><extensions><gpxtpx:PowerExtension><gpxtpx:PowerInWatts>218</gpxtpx:PowerInWatts></gpxtpx:PowerExtension></extensions></trkpt>
<trkpt lat="38.5734357" lon="-121.4445031">
<ele>12</ele><time>2025-08-30T17:56:52.995Z</time><extensions><gpxtpx:TrackPointExtension><gpxtpx:hr>160</gpxtpx:hr><gpxtpx:cad>74</gpxtpx:cad></gpxtpx:TrackPointExtension></extensions><extensions><gpxtpx:PowerExtension><gpxtpx:PowerInWatts>213</gpxtpx:PowerInWatts></gpxtpx:PowerExtension></extensions></trkpt>
<trkpt lat="38.5733646" lon="-121.4445087">
<ele>12</ele><time>2025-08-30T17:56:55.995Z</time><extensions><gpxtpx:TrackPointExtension><gpxtpx:hr>160</gpxtpx:hr><gpxtpx:cad>77</gpxtpx:cad></gpxtpx:TrackPointExtension></extensions><extensions><gpxtpx:PowerExtension><gpxtpx:PowerInWatts>213</gpxtpx:PowerInWatts></gpxtpx:PowerExtension></extensions></trkpt>
<trkpt lat="38.5733146" lon="-121.4445187">
<ele>12</ele><time>2025-08-30T17:56:57.995Z</time><extensions><gpxtpx:TrackPointExtension><gpxtpx:hr>160</gpxtpx:hr><gpxtpx:cad>80</gpxtpx:cad></gpxtpx:TrackPointExtension></extensions><extensions><gpxtpx:PowerExtension><gpxtpx:PowerInWatts>212</gpxtpx:PowerInWatts></gpxtpx:PowerExtension></extensions></trkpt>
<trkpt lat="38.5732650" lon="-121.4445415">
<ele>12</ele><time>2025-08-30T17:56:59.995Z</time><extensions><gpxtpx:TrackPointExtension><gpxtpx:hr>160</gpxtpx:hr><gpxtpx:cad>79</gpxtpx:cad></gpxtpx:TrackPointExtension></extensions><extensions><gpxtpx:PowerExtension><gpxtpx:PowerInWatts>212</gpxtpx:PowerInWatts></gpxtpx:PowerExtension></extensions></trkpt>
<trkpt lat="38.5730735" lon="-121.4446394">
<ele>12</ele><time>2025-08-30T17:57:01.996Z</time><extensions><gpxtpx:TrackPointExtension><gpxtpx:hr>160</gpxtpx:hr><gpxtpx:cad>78</gpxtpx:cad></gpxtpx:TrackPointExtension></extensions><extensions><gpxtpx:PowerExtension><gpxtpx:PowerInWatts>212</gpxtpx:PowerInWatts></gpxtpx:PowerExtension></extensions></trkpt>
<trkpt lat="38.5730176" lon="-121.4446591">
<ele>12</ele><time>2025-08-30T17:57:10.997Z</time><extensions><gpxtpx:TrackPointExtension><gpxtpx:hr>162</gpxtpx:hr><gpxtpx:cad>78</gpxtpx:cad></gpxtpx:TrackPointExtension></extensions><extensions><gpxtpx:PowerExtension><gpxtpx:PowerInWatts>211</gpxtpx:PowerInWatts></gpxtpx:PowerExtension></extensions></trkpt>
<trkpt lat="38.5728240" lon="-121.4447757">
<ele>12</ele><time>2025-08-30T17:57:12.997Z</time><extensions><gpxtpx:TrackPointExtension><gpxtpx:hr>162</gpxtpx:hr><gpxtpx:cad>86</gpxtpx:cad></gpxtpx:TrackPointExtension></extensions><extensions><gpxtpx:PowerExtension><gpxtpx:PowerInWatts>211</gpxtpx:PowerInWatts></gpxtpx:PowerExtension></extensions></trkpt>
<trkpt lat="38.5725596" lon="-121.4448632">
<ele>12</ele><time>2025-08-30T17:57:21.998Z</time><extensions><gpxtpx:TrackPointExtension><gpxtpx:hr>161</gpxtpx:hr><gpxtpx:cad>84</gpxtpx:cad></gpxtpx:TrackPointExtension></extensions><extensions><gpxtpx:PowerExtension><gpxtpx:PowerInWatts>214</gpxtpx:PowerInWatts></gpxtpx:PowerExtension></extensions></trkpt>
<trkpt lat="38.5725197" lon="-121.4450155">
<ele>13</ele><time>2025-08-30T17:57:31.999Z</time><extensions><gpxtpx:TrackPointExtension><gpxtpx:hr>163</gpxtpx:hr><gpxtpx:cad>79</gpxtpx:cad></gpxtpx:TrackPointExtension></extensions><extensions><gpxtpx:PowerExtension><gpxtpx:PowerInWatts>219</gpxtpx:PowerInWatts></gpxtpx:PowerExtension></extensions></trkpt>
<trkpt lat="38.5725232" lon="-121.4450852">
<ele>13</ele><time>2025-08-30T17:57:35.999Z</time><extensions><gpxtpx:TrackPointExtension><gpxtpx:hr>162</gpxtpx:hr><gpxtpx:cad>73</gpxtpx:cad></gpxtpx:TrackPointExtension></extensions><extensions><gpxtpx:PowerExtension><gpxtpx:PowerInWatts>223</gpxtpx:PowerInWatts></gpxtpx:PowerExtension></extensions></trkpt>
<trkpt lat="38.5725287" lon="-121.4453030">
<ele>13</ele><time>2025-08-30T17:57:37.999Z</time><extensions><gpxtpx:TrackPointExtension><gpxtpx:hr>162</gpxtpx:hr><gpxtpx:cad>75</gpxtpx:cad></gpxtpx:TrackPointExtension></extensions><extensions><gpxtpx:PowerExtension><gpxtpx:PowerInWatts>223</gpxtpx:PowerInWatts></gpxtpx:PowerExtension></extensions></trkpt>
<trkpt lat="38.5725817" lon="-121.4455225">
<ele>13</ele><time>2025-08-30T17:57:43.999Z</time><extensions><gpxtpx:TrackPointExtension><gpxtpx:hr>162</gpxtpx:hr><gpxtpx:cad>76</gpxtpx:cad></gpxtpx:TrackPointExtension></extensions><extensions><gpxtpx:PowerExtension><gpxtpx:PowerInWatts>227</gpxtpx:PowerInWatts></gpxtpx:PowerExtension></extensions></trkpt>
<trkpt lat="38.5726842" lon="-121.4459234">
<ele>13</ele><time>2025-08-30T17:57:49.999Z</time><extensions><gpxtpx:TrackPointExtension><gpxtpx:hr>162</gpxtpx:hr><gpxtpx:cad>77</gpxtpx:cad></gpxtpx:TrackPointExtension></extensions><extensions><gpxtpx:PowerExtension><gpxtpx:PowerInWatts>226</gpxtpx:PowerInWatts></gpxtpx:PowerExtension></extensions></trkpt>
<trkpt lat="38.5727044" lon="-121.4459901">
<ele>13</ele><time>2025-08-30T17:58:01.999Z</time><extensions><gpxtpx:TrackPointExtension><gpxtpx:hr>162</gpxtpx:hr><gpxtpx:cad>78</gpxtpx:cad></gpxtpx:TrackPointExtension></extensions><extensions><gpxtpx:PowerExtension><gpxtpx:PowerInWatts>229</gpxtpx:PowerInWatts></gpxtpx:PowerExtension></extensions></trkpt>
<trkpt lat="38.5729231" lon="-121.4467171">
<ele>13</ele><time>2025-08-30T17:58:03.999Z</time><extensions><gpxtpx:TrackPointExtension><gpxtpx:hr>162</gpxtpx:hr><gpxtpx:cad>80</gpxtpx:cad></gpxtpx:TrackPointExtension></extensions><extensions><gpxtpx:PowerExtension><gpxtpx:PowerInWatts>229</gpxtpx:PowerInWatts></gpxtpx:PowerExtension></extensions></trkpt>
<trkpt lat="38.5729865" lon="-121.4469852">
<ele>13</ele><time>2025-08-30T17:58:27.999Z</time><extensions><gpxtpx:TrackPointExtension><gpxtpx:hr>159</gpxtpx:hr><gpxtpx:cad>78</gpxtpx:cad></gpxtpx:TrackPointExtension></extensions><extensions><gpxtpx:PowerExtension><gpxtpx:PowerInWatts>223</gpxtpx:PowerInWatts></gpxtpx:PowerExtension></extensions></trkpt>
<trkpt lat="38.5730771" lon="-121.4472976">
<ele>14</ele><time>2025-08-30T17:58:36.999Z</time><extensions><gpxtpx:TrackPointExtension><gpxtpx:hr>160</gpxtpx:hr><gpxtpx:cad>77</gpxtpx:cad></gpxtpx:TrackPointExtension></extensions><extensions><gpxtpx:PowerExtension><gpxtpx:PowerInWatts>219</gpxtpx:PowerInWatts></gpxtpx:PowerExtension></extensions></trkpt>
<trkpt lat="38.5731365" lon="-121.4475636">
<ele>14</ele><time>2025-08-30T17:58:46.999Z</time><extensions><gpxtpx:TrackPointExtension><gpxtpx:hr>158</gpxtpx:hr><gpxtpx:cad>77</gpxtpx:cad></gpxtpx:TrackPointExtension></extensions><extensions><gpxtpx:PowerExtension><gpxtpx:PowerInWatts>215</gpxtpx:PowerInWatts></gpxtpx:PowerExtension></extensions></trkpt>
<trkpt lat="38.5732341" lon="-121.4478540">
<ele>14</ele><time>2025-08-30T17:58:55.999Z</time><extensions><gpxtpx:TrackPointExtension><gpxtpx:hr>158</gpxtpx:hr><gpxtpx:cad>72</gpxtpx:cad></gpxtpx:TrackPointExtension></extensions><extensions><gpxtpx:PowerExtension><gpxtpx:PowerInWatts>212</gpxtpx:PowerInWatts></gpxtpx:PowerExtension></extensions></trkpt>
<trkpt lat="38.5732369" lon="-121.4479155">
<ele>14</ele><time>2025-08-30T17:59:05.999Z</time><extensions><gpxtpx:TrackPointExtension><gpxtpx:hr>160</gpxtpx:hr><gpxtpx:cad>70</gpxtpx:cad></gpxtpx:TrackPointExtension></extensions><extensions><gpxtpx:PowerExtension><gpxtpx:PowerInWatts>203</gpxtpx:PowerInWatts></gpxtpx:PowerExtension></extensions></trkpt>
<trkpt lat="38.5734524" lon="-121.4485250">
<ele>13</ele><time>2025-08-30T17:59:07.999Z</time><extensions><gpxtpx:TrackPointExtension><gpxtpx:hr>160</gpxtpx:hr><gpxtpx:cad>67</gpxtpx:cad></gpxtpx:TrackPointExtension></extensions><extensions><gpxtpx:PowerExtension><gpxtpx:PowerInWatts>203</gpxtpx:PowerInWatts></gpxtpx:PowerExtension></extensions></trkpt>
<trkpt lat="38.5735858" lon="-121.4489213">
<ele>13</ele><time>2025-08-30T17:59:30.999Z</time><extensions><gpxtpx:TrackPointExtension><gpxtpx:hr>161</gpxtpx:hr><gpxtpx:cad>69</gpxtpx:cad></gpxtpx:TrackPointExtension></extensions><extensions><gpxtpx:PowerExtension><gpxtpx:PowerInWatts>203</gpxtpx:PowerInWatts></gpxtpx:PowerExtension></extensions></trkpt>
<trkpt lat="38.5735298" lon="-121.4492505">
<ele>13</ele><time>2025-08-30T17:59:43.999Z</time><extensions><gpxtpx:TrackPointExtension><gpxtpx:hr>163</gpxtpx:hr><gpxtpx:cad>70</gpxtpx:cad></gpxtpx:TrackPointExtension></extensions><extensions><gpxtpx:PowerExtension><gpxtpx:PowerInWatts>204</gpxtpx:PowerInWatts></gpxtpx:PowerExtension></extensions></trkpt>
<trkpt lat="38.5734729" lon="-121.4492598">
<ele>13</ele><time>2025-08-30T17:59:56.999Z</time><extensions><gpxtpx:TrackPointExtension><gpxtpx:hr>162</gpxtpx:hr><gpxtpx:cad>71</gpxtpx:cad></gpxtpx:TrackPointExtension></extensions><extensions><gpxtpx:PowerExtension><gpxtpx:PowerInWatts>207</gpxtpx:PowerInWatts></gpxtpx:PowerExtension></extensions></trkpt>
<trkpt lat="38.5732195" lon="-121.4493696">
<ele>13</ele><time>2025-08-30T18:00:01.781Z</time><extensions><gpxtpx:TrackPointExtension><gpxtpx:hr>162</gpxtpx:hr><gpxtpx:cad>70</gpxtpx:cad></gpxtpx:TrackPointExtension></extensions><extensions><gpxtpx:PowerExtension><gpxtpx:PowerInWatts>209</gpxtpx:PowerInWatts></gpxtpx:PowerExtension></extensions></trkpt>
<trkpt lat="38.5729254" lon="-121.4495299">
<ele>13</ele><time>2025-08-30T18:00:23.999Z</time><extensions><gpxtpx:TrackPointExtension><gpxtpx:hr>155</gpxtpx:hr><gpxtpx:cad>70</gpxtpx:cad></gpxtpx:TrackPointExtension></extensions><extensions><gpxtpx:PowerExtension><gpxtpx:PowerInWatts>81</gpxtpx:PowerInWatts></gpxtpx:PowerExtension></extensions></trkpt>
<trkpt lat="38.5727149" lon="-121.4496479">
<ele>13</ele><time>2025-08-30T18:00:45.999Z</time><extensions><gpxtpx:TrackPointExtension><gpxtpx:hr>149</gpxtpx:hr><gpxtpx:cad>71</gpxtpx:cad></gpxtpx:TrackPointExtension></extensions><extensions><gpxtpx:PowerExtension><gpxtpx:PowerInWatts>98</gpxtpx:PowerInWatts></gpxtpx:PowerExtension></extensions></trkpt>
<trkpt lat="38.5725366" lon="-121.4497314">
<ele>13</ele><time>2025-08-30T18:00:53.999Z</time><extensions><gpxtpx:TrackPointExtension><gpxtpx:hr>148</gpxtpx:hr><gpxtpx:cad>72</gpxtpx:cad></gpxtpx:TrackPointExtension></extensions><extensions><gpxtpx:PowerExtension><gpxtpx:PowerInWatts>217</gpxtpx:PowerInWatts></gpxtpx:PowerExtension></extensions></trkpt>
<trkpt lat="38.5724854" lon="-121.4497563">
<ele>13</ele><time>2025-08-30T18:01:00.999Z</time><extensions><gpxtpx:TrackPointExtension><gpxtpx:hr>150</gpxtpx:hr><gpxtpx:cad>71</gpxtpx:cad></gpxtpx:TrackPointExtension></extensions><extensions><gpxtpx:PowerExtension><gpxtpx:PowerInWatts>199</gpxtpx:PowerInWatts></gpxtpx:PowerExtension></extensions></trkpt>
<trkpt lat="38.5722456" lon="-121.4498815">
<ele>13</ele><time>2025-08-30T18:01:02.999Z</time><extensions><gpxtpx:TrackPointExtension><gpxtpx:hr>150</gpxtpx:hr><gpxtpx:cad>71</gpxtpx:cad></gpxtpx:TrackPointExtension></extensions><extensions><gpxtpx:PowerExtension><gpxtpx:PowerInWatts>199</gpxtpx:PowerInWatts></gpxtpx:PowerExtension></extensions></trkpt>
<trkpt lat="38.5720103" lon="-121.4500570">
<ele>12</ele><time>2025-08-30T18:01:12.999Z</time><extensions><gpxtpx:TrackPointExtension><gpxtpx:hr>152</gpxtpx:hr><gpxtpx:cad>72</gpxtpx:cad></gpxtpx:TrackPointExtension></extensions><extensions><gpxtpx:PowerExtension><gpxtpx:PowerInWatts>236</gpxtpx:PowerInWatts></gpxtpx:PowerExtension></extensions></trkpt>
<trkpt lat="38.5717288" lon="-121.4503215">
<ele>12</ele><time>2025-08-30T18:01:22.999Z</time><extensions><gpxtpx:TrackPointExtension><gpxtpx:hr>154</gpxtpx:hr><gpxtpx:cad>73</gpxtpx:cad></gpxtpx:TrackPointExtension></extensions><extensions><gpxtpx:PowerExtension><gpxtpx:PowerInWatts>233</gpxtpx:PowerInWatts></gpxtpx:PowerExtension></extensions></trkpt>
<trkpt lat="38.5715149" lon="-121.4512871">
<ele>12</ele><time>2025-08-30T18:01:35.999Z</time><extensions><gpxtpx:TrackPointExtension><gpxtpx:hr>155</gpxtpx:hr><gpxtpx:cad>77</gpxtpx:cad></gpxtpx:TrackPointExtension></extensions><extensions><gpxtpx:PowerExtension><gpxtpx:PowerInWatts>232</gpxtpx:PowerInWatts></gpxtpx:PowerExtension></extensions></trkpt>
<trkpt lat="38.5717088" lon="-121.4515052">
<ele>12</ele><time>2025-08-30T18:02:16.000Z</time><extensions><gpxtpx:TrackPointExtension><gpxtpx:hr>161</gpxtpx:hr><gpxtpx:cad>79</gpxtpx:cad></gpxtpx:TrackPointExtension></extensions><extensions><gpxtpx:PowerExtension><gpxtpx:PowerInWatts>214</gpxtpx:PowerInWatts></gpxtpx:PowerExtension></extensions></trkpt>
<trkpt lat="38.5717642" lon="-121.4515186">
<ele>12</ele><time>2025-08-30T18:02:29.000Z</time><extensions><gpxtpx:TrackPointExtension><gpxtpx:hr>162</gpxtpx:hr><gpxtpx:cad>79</gpxtpx:cad></gpxtpx:TrackPointExtension></extensions><extensions><gpxtpx:PowerExtension><gpxtpx:PowerInWatts>206</gpxtpx:PowerInWatts></gpxtpx:PowerExtension></extensions></trkpt>
<trkpt lat="38.5721606" lon="-121.4513758">
<ele>12</ele><time>2025-08-30T18:02:31.000Z</time><extensions><gpxtpx:TrackPointExtension><gpxtpx:hr>162</gpxtpx:hr><gpxtpx:cad>78</gpxtpx:cad></gpxtpx:TrackPointExtension></extensions><extensions><gpxtpx:PowerExtension><gpxtpx:PowerInWatts>206</gpxtpx:PowerInWatts></gpxtpx:PowerExtension></extensions></trkpt>
<trkpt lat="38.5725249" lon="-121.4511866">
<ele>12</ele><time>2025-08-30T18:02:47.000Z</time><extensions><gpxtpx:TrackPointExtension><gpxtpx:hr>162</gpxtpx:hr><gpxtpx:cad>78</gpxtpx:cad></gpxtpx:TrackPointExtension></extensions><extensions><gpxtpx:PowerExtension><gpxtpx:PowerInWatts>208</gpxtpx:PowerInWatts></gpxtpx:PowerExtension></extensions></trkpt>
<trkpt lat="38.5735578" lon="-121.4506515">
<ele>12</ele><time>2025-08-30T18:03:03.000Z</time><extensions><gpxtpx:TrackPointExtension><gpxtpx:hr>163</gpxtpx:hr><gpxtpx:cad>78</gpxtpx:cad></gpxtpx:TrackPointExtension></extensions><extensions><gpxtpx:PowerExtension><gpxtpx:PowerInWatts>216</gpxtpx:PowerInWatts></gpxtpx:PowerExtension></extensions></trkpt>
<trkpt lat="38.5741089" lon="-121.4503707">
<ele>12</ele><time>2025-08-30T18:03:43.000Z</time><extensions><gpxtpx:TrackPointExtension><gpxtpx:hr>163</gpxtpx:hr><gpxtpx:cad>78</gpxtpx:cad></gpxtpx:TrackPointExtension></extensions><extensions><gpxtpx:PowerExtension><gpxtpx:PowerInWatts>222</gpxtpx:PowerInWatts></gpxtpx:PowerExtension></extensions></trkpt>
<trkpt lat="38.5749623" lon="-121.4503308">
<ele>12</ele><time>2025-08-30T18:04:04.000Z</time><extensions><gpxtpx:TrackPointExtension><gpxtpx:hr>165</gpxtpx:hr><gpxtpx:cad>77</gpxtpx:cad></gpxtpx:TrackPointExtension></extensions><extensions><gpxtpx:PowerExtension><gpxtpx:PowerInWatts>220</gpxtpx:PowerInWatts></gpxtpx:PowerExtension></extensions></trkpt>
<trkpt lat="38.5749947" lon="-121.4503900">
<ele>12</ele><time>2025-08-30T18:04:51.000Z</time><extensions><gpxtpx:TrackPointExtension><gpxtpx:hr>164</gpxtpx:hr><gpxtpx:cad>74</gpxtpx:cad></gpxtpx:TrackPointExtension></extensions><extensions><gpxtpx:PowerExtension><gpxtpx:PowerInWatts>216</gpxtpx:PowerInWatts></gpxtpx:PowerExtension></extensions></trkpt>
<trkpt lat="38.5750454" lon="-121.4505191">
<ele>12</ele><time>2025-08-30T18:04:53.000Z</time><extensions><gpxtpx:TrackPointExtension><gpxtpx:hr>164</gpxtpx:hr><gpxtpx:cad>74</gpxtpx:cad></gpxtpx:TrackPointExtension></extensions><extensions><gpxtpx:PowerExtension><gpxtpx:PowerInWatts>216</gpxtpx:PowerInWatts></gpxtpx:PowerExtension></extensions></trkpt>
<trkpt lat="38.5757439" lon="-121.4502753">
<ele>12</ele><time>2025-08-30T18:04:57.080Z</time><extensions><gpxtpx:TrackPointExtension><gpxtpx:hr>164</gpxtpx:hr><gpxtpx:cad>73</gpxtpx:cad></gpxtpx:TrackPointExtension></extensions><extensions><gpxtpx:PowerExtension><gpxtpx:PowerInWatts>217</gpxtpx:PowerInWatts></gpxtpx:PowerExtension></extensions></trkpt>
<trkpt lat="38.5760514" lon="-121.4510014">
<ele>12</ele><time>2025-08-30T18:05:24.220Z</time><extensions><gpxtpx:TrackPointExtension><gpxtpx:hr>166</gpxtpx:hr><gpxtpx:cad>73</gpxtpx:cad></gpxtpx:TrackPointExtension></extensions><extensions><gpxtpx:PowerExtension><gpxtpx:PowerInWatts>218</gpxtpx:PowerInWatts></gpxtpx:PowerExtension></extensions></trkpt>
<trkpt lat="38.5761709" lon="-121.4513198">
<ele>12</ele><time>2025-08-30T18:05:54.090Z</time><extensions><gpxtpx:TrackPointExtension><gpxtpx:hr>164</gpxtpx:hr><gpxtpx:cad>72</gpxtpx:cad></gpxtpx:TrackPointExtension></extensions><extensions><gpxtpx:PowerExtension><gpxtpx:PowerInWatts>208</gpxtpx:PowerInWatts></gpxtpx:PowerExtension></extensions></trkpt>
<trkpt lat="38.5762067" lon="-121.4514347">
<ele>12</ele><time>2025-08-30T18:06:22.000Z</time><extensions><gpxtpx:TrackPointExtension><gpxtpx:hr>158</gpxtpx:hr><gpxtpx:cad>71</gpxtpx:cad></gpxtpx:TrackPointExtension></extensions><extensions><gpxtpx:PowerExtension><gpxtpx:PowerInWatts>76</gpxtpx:PowerInWatts></gpxtpx:PowerExtension></extensions></trkpt>
<trkpt lat="38.5764548" lon="-121.4522956">
<ele>12</ele><time>2025-08-30T18:06:26.169Z</time><extensions><gpxtpx:TrackPointExtension><gpxtpx:hr>156</gpxtpx:hr><gpxtpx:cad>71</gpxtpx:cad></gpxtpx:TrackPointExtension></extensions><extensions><gpxtpx:PowerExtension><gpxtpx:PowerInWatts>74</gpxtpx:PowerInWatts></gpxtpx:PowerExtension></extensions></trkpt>
<trkpt lat="38.5762215" lon="-121.4533291">
<ele>12</ele><time>2025-08-30T18:07:07.999Z</time><extensions><gpxtpx:TrackPointExtension><gpxtpx:hr>157</gpxtpx:hr><gpxtpx:cad>71</gpxtpx:cad></gpxtpx:TrackPointExtension></extensions><extensions><gpxtpx:PowerExtension><gpxtpx:PowerInWatts>202</gpxtpx:PowerInWatts></gpxtpx:PowerExtension></extensions></trkpt>
<trkpt lat="38.5761757" lon="-121.4541932">
<ele>12</ele><time>2025-08-30T18:07:37.281Z</time><extensions><gpxtpx:TrackPointExtension><gpxtpx:hr>161</gpxtpx:hr><gpxtpx:cad>71</gpxtpx:cad></gpxtpx:TrackPointExtension></extensions><extensions><gpxtpx:PowerExtension><gpxtpx:PowerInWatts>226</gpxtpx:PowerInWatts></gpxtpx:PowerExtension></extensions></trkpt>
<trkpt lat="38.5761797" lon="-121.4548596">
<ele>12</ele><time>2025-08-30T18:08:03.297Z</time><extensions><gpxtpx:TrackPointExtension><gpxtpx:hr>165</gpxtpx:hr><gpxtpx:cad>71</gpxtpx:cad></gpxtpx:TrackPointExtension></extensions><extensions><gpxtpx:PowerExtension><gpxtpx:PowerInWatts>223</gpxtpx:PowerInWatts></gpxtpx:PowerExtension></extensions></trkpt>
<trkpt lat="38.5762301" lon="-121.4551165">
<ele>12</ele><time>2025-08-30T18:08:24.998Z</time><extensions><gpxtpx:TrackPointExtension><gpxtpx:hr>166</gpxtpx:hr><gpxtpx:cad>72</gpxtpx:cad></gpxtpx:TrackPointExtension></extensions><extensions><gpxtpx:PowerExtension><gpxtpx:PowerInWatts>219</gpxtpx:PowerInWatts></gpxtpx:PowerExtension></extensions></trkpt>
<trkpt lat="38.5763959" lon="-121.4558709">
<ele>12</ele><time>2025-08-30T18:08:31.017Z</time><extensions><gpxtpx:TrackPointExtension><gpxtpx:hr>166</gpxtpx:hr><gpxtpx:cad>76</gpxtpx:cad></gpxtpx:TrackPointExtension></extensions><extensions><gpxtpx:PowerExtension><gpxtpx:PowerInWatts>217</gpxtpx:PowerInWatts></gpxtpx:PowerExtension></extensions></trkpt>
<trkpt lat="38.5764471" lon="-121.4561127">
<ele>12</ele><time>2025-08-30T18:08:56.000Z</time><extensions><gpxtpx:TrackPointExtension><gpxtpx:hr>166</gpxtpx:hr><gpxtpx:cad>79</gpxtpx:cad></gpxtpx:TrackPointExtension></extensions><extensions><gpxtpx:PowerExtension><gpxtpx:PowerInWatts>224</gpxtpx:PowerInWatts></gpxtpx:PowerExtension></extensions></trkpt>
<trkpt lat="38.5767547" lon="-121.4571916">
<ele>12</ele><time>2025-08-30T18:09:01.724Z</time><extensions><gpxtpx:TrackPointExtension><gpxtpx:hr>166</gpxtpx:hr><gpxtpx:cad>79</gpxtpx:cad></gpxtpx:TrackPointExtension></extensions><extensions><gpxtpx:PowerExtension><gpxtpx:PowerInWatts>222</gpxtpx:PowerInWatts></gpxtpx:PowerExtension></extensions></trkpt>
<trkpt lat="38.5768653" lon="-121.4580071">
<ele>12</ele><time>2025-08-30T18:09:32.360Z</time><extensions><gpxtpx:TrackPointExtension><gpxtpx:hr>167</gpxtpx:hr><gpxtpx:cad>77</gpxtpx:cad></gpxtpx:TrackPointExtension></extensions><extensions><gpxtpx:PowerExtension><gpxtpx:PowerInWatts>235</gpxtpx:PowerInWatts></gpxtpx:PowerExtension></extensions></trkpt>
<trkpt lat="38.5768865" lon="-121.4580900">
<ele>12</ele><time>2025-08-30T18:09:58.999Z</time><extensions><gpxtpx:TrackPointExtension><gpxtpx:hr>168</gpxtpx:hr><gpxtpx:cad>77</gpxtpx:cad></gpxtpx:TrackPointExtension></extensions><extensions><gpxtpx:PowerExtension><gpxtpx:PowerInWatts>233</gpxtpx:PowerInWatts></gpxtpx:PowerExtension></extensions></trkpt>
<trkpt lat="38.5769381" lon="-121.4582895">
<ele>12</ele><time>2025-08-30T18:10:00.999Z</time><extensions><gpxtpx:TrackPointExtension><gpxtpx:hr>168</gpxtpx:hr><gpxtpx:cad>77</gpxtpx:cad></gpxtpx:TrackPointExtension></extensions><extensions><gpxtpx:PowerExtension><gpxtpx:PowerInWatts>233</gpxtpx:PowerInWatts></gpxtpx:PowerExtension></extensions></trkpt>
<trkpt lat="38.5771969" lon="-121.4592696">
<ele>13</ele><time>2025-08-30T18:10:05.699Z</time><extensions><gpxtpx:TrackPointExtension><gpxtpx:hr>169</gpxtpx:hr><gpxtpx:cad>77</gpxtpx:cad></gpxtpx:TrackPointExtension></extensions><extensions><gpxtpx:PowerExtension><gpxtpx:PowerInWatts>236</gpxtpx:PowerInWatts></gpxtpx:PowerExtension></extensions></trkpt>
<trkpt lat="38.5769351" lon="-121.4593340">
<ele>12</ele><time>2025-08-30T18:10:37.999Z</time><extensions><gpxtpx:TrackPointExtension><gpxtpx:hr>169</gpxtpx:hr><gpxtpx:cad>68</gpxtpx:cad></gpxtpx:TrackPointExtension></extensions><extensions><gpxtpx:PowerExtension><gpxtpx:PowerInWatts>231</gpxtpx:PowerInWatts></gpxtpx:PowerExtension></extensions></trkpt>
<trkpt lat="38.5762389" lon="-121.4587968">
<ele>12</ele><time>2025-08-30T18:10:43.412Z</time><extensions><gpxtpx:TrackPointExtension><gpxtpx:hr>169</gpxtpx:hr><gpxtpx:cad>66</gpxtpx:cad></gpxtpx:TrackPointExtension></extensions><extensions><gpxtpx:PowerExtension><gpxtpx:PowerInWatts>225</gpxtpx:PowerInWatts></gpxtpx:PowerExtension></extensions></trkpt>
<trkpt lat="38.5762926" lon="-121.4583773">
<ele>11</ele><time>2025-08-30T18:11:21.476Z</time><extensions><gpxtpx:TrackPointExtension><gpxtpx:hr>169</gpxtpx:hr><gpxtpx:cad>60</gpxtpx:cad></gpxtpx:TrackPointExtension></extensions><extensions><gpxtpx:PowerExtension><gpxtpx:PowerInWatts>240</gpxtpx:PowerInWatts></gpxtpx:PowerExtension></extensions></trkpt>
<trkpt lat="38.5763140" lon="-121.4583211">
<ele>11</ele><time>2025-08-30T18:12:02.999Z</time><extensions><gpxtpx:TrackPointExtension><gpxtpx:hr>158</gpxtpx:hr><gpxtpx:cad>55</gpxtpx:cad></gpxtpx:TrackPointExtension></extensions><extensions><gpxtpx:PowerExtension><gpxtpx:PowerInWatts>74</gpxtpx:PowerInWatts></gpxtpx:PowerExtension></extensions></trkpt>
<trkpt lat="38.5763001" lon="-121.4582436">
<ele>10</ele><time>2025-08-30T18:12:22.999Z</time><extensions><gpxtpx:TrackPointExtension><gpxtpx:hr>155</gpxtpx:hr><gpxtpx:cad>55</gpxtpx:cad></gpxtpx:TrackPointExtension></extensions><extensions><gpxtpx:PowerExtension><gpxtpx:PowerInWatts>126</gpxtpx:PowerInWatts></gpxtpx:PowerExtension></extensions></trkpt>
<trkpt lat="38.5762938" lon="-121.4581666">
<ele>10</ele><time>2025-08-30T18:12:27.999Z</time><extensions><gpxtpx:TrackPointExtension><gpxtpx:hr>152</gpxtpx:hr><gpxtpx:cad>56</gpxtpx:cad></gpxtpx:TrackPointExtension></extensions><extensions><gpxtpx:PowerExtension><gpxtpx:PowerInWatts>58</gpxtpx:PowerInWatts></gpxtpx:PowerExtension></extensions></trkpt>
<trkpt lat="38.5762632" lon="-121.4581140">
<ele>10</ele><time>2025-08-30T18:12:31.999Z</time><extensions><gpxtpx:TrackPointExtension><gpxtpx:hr>149</gpxtpx:hr><gpxtpx:cad>55</gpxtpx:cad></gpxtpx:TrackPointExtension></extensions><extensions><gpxtpx:PowerExtension><gpxtpx:PowerInWatts>71</gpxtpx:PowerInWatts></gpxtpx:PowerExtension></extensions></trkpt>
<trkpt lat="38.5762203" lon="-121.4580717">
<ele>10</ele><time>2025-08-30T18:12:34.999Z</time><extensions><gpxtpx:TrackPointExtension><gpxtpx:hr>147</gpxtpx:hr><gpxtpx:cad>54</gpxtpx:cad></gpxtpx:TrackPointExtension></extensions><extensions><gpxtpx:PowerExtension><gpxtpx:PowerInWatts>71</gpxtpx:PowerInWatts></gpxtpx:PowerExtension></extensions></trkpt>
<trkpt lat="38.5761772" lon="-121.4580403">
<ele>10</ele><time>2025-08-30T18:12:37.999Z</time><extensions><gpxtpx:TrackPointExtension><gpxtpx:hr>145</gpxtpx:hr><gpxtpx:cad>47</gpxtpx:cad></gpxtpx:TrackPointExtension></extensions><extensions><gpxtpx:PowerExtension><gpxtpx:PowerInWatts>73</gpxtpx:PowerInWatts></gpxtpx:PowerExtension></extensions></trkpt>
<trkpt lat="38.5761310" lon="-121.4580348">
<ele>10</ele><time>2025-08-30T18:12:40.999Z</time><extensions><gpxtpx:TrackPointExtension><gpxtpx:hr>144</gpxtpx:hr><gpxtpx:cad>46</gpxtpx:cad></gpxtpx:TrackPointExtension></extensions><extensions><gpxtpx:PowerExtension><gpxtpx:PowerInWatts>79</gpxtpx:PowerInWatts></gpxtpx:PowerExtension></extensions></trkpt>
<trkpt lat="38.5760839" lon="-121.4580393">
<ele>10</ele><time>2025-08-30T18:12:43.999Z</time><extensions><gpxtpx:TrackPointExtension><gpxtpx:hr>141</gpxtpx:hr><gpxtpx:cad>49</gpxtpx:cad></gpxtpx:TrackPointExtension></extensions><extensions><gpxtpx:PowerExtension><gpxtpx:PowerInWatts>86</gpxtpx:PowerInWatts></gpxtpx:PowerExtension></extensions></trkpt>
<trkpt lat="38.5760322" lon="-121.4580038">
<ele>10</ele><time>2025-08-30T18:12:47.999Z</time><extensions><gpxtpx:TrackPointExtension><gpxtpx:hr>139</gpxtpx:hr><gpxtpx:cad>47</gpxtpx:cad></gpxtpx:TrackPointExtension></extensions><extensions><gpxtpx:PowerExtension><gpxtpx:PowerInWatts>94</gpxtpx:PowerInWatts></gpxtpx:PowerExtension></extensions></trkpt>
<trkpt lat="38.5760091" lon="-121.4579508">
<ele>10</ele><time>2025-08-30T18:12:51.999Z</time><extensions><gpxtpx:TrackPointExtension><gpxtpx:hr>138</gpxtpx:hr><gpxtpx:cad>47</gpxtpx:cad></gpxtpx:TrackPointExtension></extensions><extensions><gpxtpx:PowerExtension><gpxtpx:PowerInWatts>94</gpxtpx:PowerInWatts></gpxtpx:PowerExtension></extensions></trkpt>
<trkpt lat="38.5759832" lon="-121.4578940">
<ele>10</ele><time>2025-08-30T18:12:56.999Z</time><extensions><gpxtpx:TrackPointExtension><gpxtpx:hr>138</gpxtpx:hr><gpxtpx:cad>46</gpxtpx:cad></gpxtpx:TrackPointExtension></extensions><extensions><gpxtpx:PowerExtension><gpxtpx:PowerInWatts>93</gpxtpx:PowerInWatts></gpxtpx:PowerExtension></extensions></trkpt>
<trkpt lat="38.5759495" lon="-121.4578400">
<ele>10</ele><time>2025-08-30T18:13:01.999Z</time><extensions><gpxtpx:TrackPointExtension><gpxtpx:hr>138</gpxtpx:hr><gpxtpx:cad>46</gpxtpx:cad></gpxtpx:TrackPointExtension></extensions><extensions><gpxtpx:PowerExtension><gpxtpx:PowerInWatts>85</gpxtpx:PowerInWatts></gpxtpx:PowerExtension></extensions></trkpt>
<trkpt lat="38.5759446" lon="-121.4577815">
<ele>10</ele><time>2025-08-30T18:13:05.999Z</time><extensions><gpxtpx:TrackPointExtension><gpxtpx:hr>137</gpxtpx:hr><gpxtpx:cad>46</gpxtpx:cad></gpxtpx:TrackPointExtension></extensions><extensions><gpxtpx:PowerExtension><gpxtpx:PowerInWatts>79</gpxtpx:PowerInWatts></gpxtpx:PowerExtension></extensions></trkpt>
<trkpt lat="38.5759377" lon="-121.4577178">
<ele>10</ele><time>2025-08-30T18:13:09.999Z</time><extensions><gpxtpx:TrackPointExtension><gpxtpx:hr>136</gpxtpx:hr><gpxtpx:cad>48</gpxtpx:cad></gpxtpx:TrackPointExtension></extensions><extensions><gpxtpx:PowerExtension><gpxtpx:PowerInWatts>75</gpxtpx:PowerInWatts></gpxtpx:PowerExtension></extensions></trkpt>
<trkpt lat="38.5759449" lon="-121.4576537">
<ele>10</ele><time>2025-08-30T18:13:13.999Z</time><extensions><gpxtpx:TrackPointExtension><gpxtpx:hr>135</gpxtpx:hr><gpxtpx:cad>48</gpxtpx:cad></gpxtpx:TrackPointExtension></extensions><extensions><gpxtpx:PowerExtension><gpxtpx:PowerInWatts>76</gpxtpx:PowerInWatts></gpxtpx:PowerExtension></extensions></trkpt>
<trkpt lat="38.5759763" lon="-121.4576094">
<ele>10</ele><time>2025-08-30T18:13:17.999Z</time><extensions><gpxtpx:TrackPointExtension><gpxtpx:hr>133</gpxtpx:hr><gpxtpx:cad>49</gpxtpx:cad></gpxtpx:TrackPointExtension></extensions><extensions><gpxtpx:PowerExtension><gpxtpx:PowerInWatts>76</gpxtpx:PowerInWatts></gpxtpx:PowerExtension></extensions></trkpt>
<trkpt lat="38.5760240" lon="-121.4575924">
<ele>10</ele><time>2025-08-30T18:13:21.999Z</time><extensions><gpxtpx:TrackPointExtension><gpxtpx:hr>132</gpxtpx:hr><gpxtpx:cad>50</gpxtpx:cad></gpxtpx:TrackPointExtension></extensions><extensions><gpxtpx:PowerExtension><gpxtpx:PowerInWatts>82</gpxtpx:PowerInWatts></gpxtpx:PowerExtension></extensions></trkpt>
<trkpt lat="38.5760753" lon="-121.4575654">
<ele>10</ele><time>2025-08-30T18:13:26.999Z</time><extensions><gpxtpx:TrackPointExtension><gpxtpx:hr>132</gpxtpx:hr><gpxtpx:cad>49</gpxtpx:cad></gpxtpx:TrackPointExtension></extensions><extensions><gpxtpx:PowerExtension><gpxtpx:PowerInWatts>81</gpxtpx:PowerInWatts></gpxtpx:PowerExtension></extensions></trkpt>
</trkseg><trkseg>
<trkpt lat="38.5761876" lon="-121.4574719">
<ele>10</ele><time>2025-08-30T18:14:07.999Z</time><extensions><gpxtpx:TrackPointExtension><gpxtpx:hr>141</gpxtpx:hr><gpxtpx:cad>57</gpxtpx:cad></gpxtpx:TrackPointExtension></extensions><extensions><gpxtpx:PowerExtension><gpxtpx:PowerInWatts>68</gpxtpx:PowerInWatts></gpxtpx:PowerExtension></extensions></trkpt>
<trkpt lat="38.5762337" lon="-121.4574479">
<ele>11</ele><time>2025-08-30T18:14:11.999Z</time><extensions><gpxtpx:TrackPointExtension><gpxtpx:hr>143</gpxtpx:hr><gpxtpx:cad>55</gpxtpx:cad></gpxtpx:TrackPointExtension></extensions><extensions><gpxtpx:PowerExtension><gpxtpx:PowerInWatts>63</gpxtpx:PowerInWatts></gpxtpx:PowerExtension></extensions></trkpt>
<trkpt lat="38.5762919" lon="-121.4574230">
<ele>11</ele><time>2025-08-30T18:14:14.999Z</time><extensions><gpxtpx:TrackPointExtension><gpxtpx:hr>144</gpxtpx:hr><gpxtpx:cad>58</gpxtpx:cad></gpxtpx:TrackPointExtension></extensions><extensions><gpxtpx:PowerExtension><gpxtpx:PowerInWatts>66</gpxtpx:PowerInWatts></gpxtpx:PowerExtension></extensions></trkpt>
<trkpt lat="38.5763373" lon="-121.4574036">
<ele>11</ele><time>2025-08-30T18:14:17.999Z</time><extensions><gpxtpx:TrackPointExtension><gpxtpx:hr>144</gpxtpx:hr><gpxtpx:cad>59</gpxtpx:cad></gpxtpx:TrackPointExtension></extensions><extensions><gpxtpx:PowerExtension><gpxtpx:PowerInWatts>65</gpxtpx:PowerInWatts></gpxtpx:PowerExtension></extensions></trkpt>
<trkpt lat="38.5764034" lon="-121.4573753">
<ele>11</ele><time>2025-08-30T18:14:19.999Z</time><extensions><gpxtpx:TrackPointExtension><gpxtpx:hr>145</gpxtpx:hr><gpxtpx:cad>66</gpxtpx:cad></gpxtpx:TrackPointExtension></extensions><extensions><gpxtpx:PowerExtension><gpxtpx:PowerInWatts>147</gpxtpx:PowerInWatts></gpxtpx:PowerExtension></extensions></trkpt>
<trkpt lat="38.5764566" lon="-121.4573525">
<ele>11</ele><time>2025-08-30T18:14:21.999Z</time><extensions><gpxtpx:TrackPointExtension><gpxtpx:hr>145</gpxtpx:hr><gpxtpx:cad>69</gpxtpx:cad></gpxtpx:TrackPointExtension></extensions><extensions><gpxtpx:PowerExtension><gpxtpx:PowerInWatts>147</gpxtpx:PowerInWatts></gpxtpx:PowerExtension></extensions></trkpt>
<trkpt lat="38.5765116" lon="-121.4573290">
<ele>11</ele><time>2025-08-30T18:14:24.999Z</time><extensions><gpxtpx:TrackPointExtension><gpxtpx:hr>144</gpxtpx:hr><gpxtpx:cad>71</gpxtpx:cad></gpxtpx:TrackPointExtension></extensions><extensions><gpxtpx:PowerExtension><gpxtpx:PowerInWatts>185</gpxtpx:PowerInWatts></gpxtpx:PowerExtension></extensions></trkpt>
<trkpt lat="38.5765620" lon="-121.4573075">
<ele>11</ele><time>2025-08-30T18:14:26.999Z</time><extensions><gpxtpx:TrackPointExtension><gpxtpx:hr>145</gpxtpx:hr><gpxtpx:cad>72</gpxtpx:cad></gpxtpx:TrackPointExtension></extensions><extensions><gpxtpx:PowerExtension><gpxtpx:PowerInWatts>185</gpxtpx:PowerInWatts></gpxtpx:PowerExtension></extensions></trkpt>
<trkpt lat="38.5766111" lon="-121.4572865">
<ele>11</ele><time>2025-08-30T18:14:28.999Z</time><extensions><gpxtpx:TrackPointExtension><gpxtpx:hr>145</gpxtpx:hr><gpxtpx:cad>75</gpxtpx:cad></gpxtpx:TrackPointExtension></extensions><extensions><gpxtpx:PowerExtension><gpxtpx:PowerInWatts>185</gpxtpx:PowerInWatts></gpxtpx:PowerExtension></extensions></trkpt>
<trkpt lat="38.5766604" lon="-121.4572337">
<ele>11</ele><time>2025-08-30T18:14:30.999Z</time><extensions><gpxtpx:TrackPointExtension><gpxtpx:hr>147</gpxtpx:hr><gpxtpx:cad>81</gpxtpx:cad></gpxtpx:TrackPointExtension></extensions><extensions><gpxtpx:PowerExtension><gpxtpx:PowerInWatts>183</gpxtpx:PowerInWatts></gpxtpx:PowerExtension></extensions></trkpt>
<trkpt lat="38.5767022" lon="-121.4571767">
<ele>11</ele><time>2025-08-30T18:14:32.999Z</time><extensions><gpxtpx:TrackPointExtension><gpxtpx:hr>148</gpxtpx:hr><gpxtpx:cad>79</gpxtpx:cad></gpxtpx:TrackPointExtension></extensions><extensions><gpxtpx:PowerExtension><gpxtpx:PowerInWatts>189</gpxtpx:PowerInWatts></gpxtpx:PowerExtension></extensions></trkpt>
<trkpt lat="38.5767358" lon="-121.4571202">
<ele>11</ele><time>2025-08-30T18:14:34.999Z</time><extensions><gpxtpx:TrackPointExtension><gpxtpx:hr>148</gpxtpx:hr><gpxtpx:cad>76</gpxtpx:cad></gpxtpx:TrackPointExtension></extensions><extensions><gpxtpx:PowerExtension><gpxtpx:PowerInWatts>247</gpxtpx:PowerInWatts></gpxtpx:PowerExtension></extensions></trkpt>
<trkpt lat="38.5767892" lon="-121.4570941">
<ele>11</ele><time>2025-08-30T18:14:36.999Z</time><extensions><gpxtpx:TrackPointExtension><gpxtpx:hr>150</gpxtpx:hr><gpxtpx:cad>75</gpxtpx:cad></gpxtpx:TrackPointExtension></extensions><extensions><gpxtpx:PowerExtension><gpxtpx:PowerInWatts>247</gpxtpx:PowerInWatts></gpxtpx:PowerExtension></extensions></trkpt>
<trkpt lat="38.5768499" lon="-121.4570746">
<ele>11</ele><time>2025-08-30T18:14:38.999Z</time><extensions><gpxtpx:TrackPointExtension><gpxtpx:hr>151</gpxtpx:hr><gpxtpx:cad>78</gpxtpx:cad></gpxtpx:TrackPointExtension></extensions><extensions><gpxtpx:PowerExtension><gpxtpx:PowerInWatts>247</gpxtpx:PowerInWatts></gpxtpx:PowerExtension></extensions></trkpt>
<trkpt lat="38.5769029" lon="-121.4570601">
<ele>12</ele><time>2025-08-30T18:14:40.999Z</time><extensions><gpxtpx:TrackPointExtension><gpxtpx:hr>153</gpxtpx:hr><gpxtpx:cad>75</gpxtpx:cad></gpxtpx:TrackPointExtension></extensions><extensions><gpxtpx:PowerExtension><gpxtpx:PowerInWatts>236</gpxtpx:PowerInWatts></gpxtpx:PowerExtension></extensions></trkpt>
<trkpt lat="38.5769526" lon="-121.4570507">
<ele>12</ele><time>2025-08-30T18:14:42.999Z</time><extensions><gpxtpx:TrackPointExtension><gpxtpx:hr>153</gpxtpx:hr><gpxtpx:cad>76</gpxtpx:cad></gpxtpx:TrackPointExtension></extensions><extensions><gpxtpx:PowerExtension><gpxtpx:PowerInWatts>234</gpxtpx:PowerInWatts></gpxtpx:PowerExtension></extensions></trkpt>
<trkpt lat="38.5770003" lon="-121.4570273">
<ele>11</ele><time>2025-08-30T18:14:44.999Z</time><extensions><gpxtpx:TrackPointExtension><gpxtpx:hr>154</gpxtpx:hr><gpxtpx:cad>78</gpxtpx:cad></gpxtpx:TrackPointExtension></extensions><extensions><gpxtpx:PowerExtension><gpxtpx:PowerInWatts>234</gpxtpx:PowerInWatts></gpxtpx:PowerExtension></extensions></trkpt>
<trkpt lat="38.5770406" lon="-121.4569981">
<ele>11</ele><time>2025-08-30T18:14:46.999Z</time><extensions><gpxtpx:TrackPointExtension><gpxtpx:hr>154</gpxtpx:hr><gpxtpx:cad>78</gpxtpx:cad></gpxtpx:TrackPointExtension></extensions><extensions><gpxtpx:PowerExtension><gpxtpx:PowerInWatts>234</gpxtpx:PowerInWatts></gpxtpx:PowerExtension></extensions></trkpt>
<trkpt lat="38.5770820" lon="-121.4569750">
<ele>11</ele><time>2025-08-30T18:14:48.999Z</time><extensions><gpxtpx:TrackPointExtension><gpxtpx:hr>154</gpxtpx:hr><gpxtpx:cad>76</gpxtpx:cad></gpxtpx:TrackPointExtension></extensions><extensions><gpxtpx:PowerExtension><gpxtpx:PowerInWatts>229</gpxtpx:PowerInWatts></gpxtpx:PowerExtension></extensions></trkpt>
<trkpt lat="38.5771203" lon="-121.4569397">
<ele>11</ele><time>2025-08-30T18:14:50.999Z</time><extensions><gpxtpx:TrackPointExtension><gpxtpx:hr>155</gpxtpx:hr><gpxtpx:cad>75</gpxtpx:cad></gpxtpx:TrackPointExtension></extensions><extensions><gpxtpx:PowerExtension><gpxtpx:PowerInWatts>229</gpxtpx:PowerInWatts></gpxtpx:PowerExtension></extensions></trkpt>
<trkpt lat="38.5771724" lon="-121.4569400">
<ele>11</ele><time>2025-08-30T18:14:52.999Z</time><extensions><gpxtpx:TrackPointExtension><gpxtpx:hr>155</gpxtpx:hr><gpxtpx:cad>78</gpxtpx:cad></gpxtpx:TrackPointExtension></extensions><extensions><gpxtpx:PowerExtension><gpxtpx:PowerInWatts>225</gpxtpx:PowerInWatts></gpxtpx:PowerExtension></extensions></trkpt>
<trkpt lat="38.5772294" lon="-121.4569248">
<ele>11</ele><time>2025-08-30T18:14:54.999Z</time><extensions><gpxtpx:TrackPointExtension><gpxtpx:hr>155</gpxtpx:hr><gpxtpx:cad>76</gpxtpx:cad></gpxtpx:TrackPointExtension></extensions><extensions><gpxtpx:PowerExtension><gpxtpx:PowerInWatts>225</gpxtpx:PowerInWatts></gpxtpx:PowerExtension></extensions></trkpt>
<trkpt lat="38.5772747" lon="-121.4569022">
<ele>11</ele><time>2025-08-30T18:14:56.999Z</time><extensions><gpxtpx:TrackPointExtension><gpxtpx:hr>156</gpxtpx:hr><gpxtpx:cad>76</gpxtpx:cad></gpxtpx:TrackPointExtension></extensions><extensions><gpxtpx:PowerExtension><gpxtpx:PowerInWatts>211</gpxtpx:PowerInWatts></gpxtpx:PowerExtension></extensions></trkpt>
<trkpt lat="38.5773281" lon="-121.4568824">
<ele>11</ele><time>2025-08-30T18:14:58.999Z</time><extensions><gpxtpx:TrackPointExtension><gpxtpx:hr>156</gpxtpx:hr><gpxtpx:cad>76</gpxtpx:cad></gpxtpx:TrackPointExtension></extensions><extensions><gpxtpx:PowerExtension><gpxtpx:PowerInWatts>208</gpxtpx:PowerInWatts></gpxtpx:PowerExtension></extensions></trkpt>
<trkpt lat="38.5773744" lon="-121.4568684">
<ele>11</ele><time>2025-08-30T18:15:00.999Z</time><extensions><gpxtpx:TrackPointExtension><gpxtpx:hr>157</gpxtpx:hr><gpxtpx:cad>76</gpxtpx:cad></gpxtpx:TrackPointExtension></extensions><extensions><gpxtpx:PowerExtension><gpxtpx:PowerInWatts>208</gpxtpx:PowerInWatts></gpxtpx:PowerExtension></extensions></trkpt>
<trkpt lat="38.5774288" lon="-121.4568465">
<ele>11</ele><time>2025-08-30T18:15:02.999Z</time><extensions><gpxtpx:TrackPointExtension><gpxtpx:hr>157</gpxtpx:hr><gpxtpx:cad>80</gpxtpx:cad></gpxtpx:TrackPointExtension></extensions><extensions><gpxtpx:PowerExtension><gpxtpx:PowerInWatts>216</gpxtpx:PowerInWatts></gpxtpx:PowerExtension></extensions></trkpt>
<trkpt lat="38.5774876" lon="-121.4568149">
<ele>11</ele><time>2025-08-30T18:15:04.999Z</time><extensions><gpxtpx:TrackPointExtension><gpxtpx:hr>158</gpxtpx:hr><gpxtpx:cad>79</gpxtpx:cad></gpxtpx:TrackPointExtension></extensions><extensions><gpxtpx:PowerExtension><gpxtpx:PowerInWatts>216</gpxtpx:PowerInWatts></gpxtpx:PowerExtension></extensions></trkpt>
<trkpt lat="38.5775621" lon="-121.4567841">
<ele>11</ele><time>2025-08-30T18:15:07.999Z</time><extensions><gpxtpx:TrackPointExtension><gpxtpx:hr>159</gpxtpx:hr><gpxtpx:cad>77</gpxtpx:cad></gpxtpx:TrackPointExtension></extensions><extensions><gpxtpx:PowerExtension><gpxtpx:PowerInWatts>225</gpxtpx:PowerInWatts></gpxtpx:PowerExtension></extensions></trkpt>
<trkpt lat="38.5776086" lon="-121.4567762">
<ele>11</ele><time>2025-08-30T18:15:09.999Z</time><extensions><gpxtpx:TrackPointExtension><gpxtpx:hr>160</gpxtpx:hr><gpxtpx:cad>74</gpxtpx:cad></gpxtpx:TrackPointExtension></extensions><extensions><gpxtpx:PowerExtension><gpxtpx:PowerInWatts>225</gpxtpx:PowerInWatts></gpxtpx:PowerExtension></extensions></trkpt>
<trkpt lat="38.5776534" lon="-121.4567335">
<ele>11</ele><time>2025-08-30T18:15:11.999Z</time><extensions><gpxtpx:TrackPointExtension><gpxtpx:hr>160</gpxtpx:hr><gpxtpx:cad>78</gpxtpx:cad></gpxtpx:TrackPointExtension></extensions><extensions><gpxtpx:PowerExtension><gpxtpx:PowerInWatts>225</gpxtpx:PowerInWatts></gpxtpx:PowerExtension></extensions></trkpt>
<trkpt lat="38.5777058" lon="-121.4567036">
<ele>11</ele><time>2025-08-30T18:15:13.999Z</time><extensions><gpxtpx:TrackPointExtension><gpxtpx:hr>160</gpxtpx:hr><gpxtpx:cad>78</gpxtpx:cad></gpxtpx:TrackPointExtension></extensions><extensions><gpxtpx:PowerExtension><gpxtpx:PowerInWatts>225</gpxtpx:PowerInWatts></gpxtpx:PowerExtension></extensions></trkpt>
<trkpt lat="38.5777569" lon="-121.4566761">
<ele>11</ele><time>2025-08-30T18:15:15.999Z</time><extensions><gpxtpx:TrackPointExtension><gpxtpx:hr>160</gpxtpx:hr><gpxtpx:cad>78</gpxtpx:cad></gpxtpx:TrackPointExtension></extensions><extensions><gpxtpx:PowerExtension><gpxtpx:PowerInWatts>225</gpxtpx:PowerInWatts></gpxtpx:PowerExtension></extensions></trkpt>
<trkpt lat="38.5778104" lon="-121.4566529">
<ele>11</ele><time>2025-08-30T18:15:17.999Z</time><extensions><gpxtpx:TrackPointExtension><gpxtpx:hr>160</gpxtpx:hr><gpxtpx:cad>78</gpxtpx:cad></gpxtpx:TrackPointExtension></extensions><extensions><gpxtpx:PowerExtension><gpxtpx:PowerInWatts>225</gpxtpx:PowerInWatts></gpxtpx:PowerExtension></extensions></trkpt>
<trkpt lat="38.5778616" lon="-121.4566424">
<ele>11</ele><time>2025-08-30T18:15:19.999Z</time><extensions><gpxtpx:TrackPointExtension><gpxtpx:hr>160</gpxtpx:hr><gpxtpx:cad>78</gpxtpx:cad></gpxtpx:TrackPointExtension></extensions><extensions><gpxtpx:PowerExtension><gpxtpx:PowerInWatts>227</gpxtpx:PowerInWatts></gpxtpx:PowerExtension></extensions></trkpt>
<trkpt lat="38.5779074" lon="-121.4566276">
<ele>11</ele><time>2025-08-30T18:15:21.999Z</time><extensions><gpxtpx:TrackPointExtension><gpxtpx:hr>160</gpxtpx:hr><gpxtpx:cad>77</gpxtpx:cad></gpxtpx:TrackPointExtension></extensions><extensions><gpxtpx:PowerExtension><gpxtpx:PowerInWatts>227</gpxtpx:PowerInWatts></gpxtpx:PowerExtension></extensions></trkpt>
<trkpt lat="38.5779692" lon="-121.4566046">
<ele>11</ele><time>2025-08-30T18:15:24.999Z</time><extensions><gpxtpx:TrackPointExtension><gpxtpx:hr>162</gpxtpx:hr><gpxtpx:cad>79</gpxtpx:cad></gpxtpx:TrackPointExtension></extensions><extensions><gpxtpx:PowerExtension><gpxtpx:PowerInWatts>228</gpxtpx:PowerInWatts></gpxtpx:PowerExtension></extensions></trkpt>
<trkpt lat="38.5780147" lon="-121.4565748">
<ele>11</ele><time>2025-08-30T18:15:26.999Z</time><extensions><gpxtpx:TrackPointExtension><gpxtpx:hr>162</gpxtpx:hr><gpxtpx:cad>80</gpxtpx:cad></gpxtpx:TrackPointExtension></extensions><extensions><gpxtpx:PowerExtension><gpxtpx:PowerInWatts>221</gpxtpx:PowerInWatts></gpxtpx:PowerExtension></extensions></trkpt>
<trkpt lat="38.5780970" lon="-121.4565715">
<ele>11</ele><time>2025-08-30T18:15:29.999Z</time><extensions><gpxtpx:TrackPointExtension><gpxtpx:hr>161</gpxtpx:hr><gpxtpx:cad>78</gpxtpx:cad></gpxtpx:TrackPointExtension></extensions><extensions><gpxtpx:PowerExtension><gpxtpx:PowerInWatts>221</gpxtpx:PowerInWatts></gpxtpx:PowerExtension></extensions></trkpt>
<trkpt lat="38.5781453" lon="-121.4565864">
<ele>12</ele><time>2025-08-30T18:15:31.999Z</time><extensions><gpxtpx:TrackPointExtension><gpxtpx:hr>161</gpxtpx:hr><gpxtpx:cad>78</gpxtpx:cad></gpxtpx:TrackPointExtension></extensions><extensions><gpxtpx:PowerExtension><gpxtpx:PowerInWatts>218</gpxtpx:PowerInWatts></gpxtpx:PowerExtension></extensions></trkpt>
<trkpt lat="38.5781944" lon="-121.4565939">
<ele>12</ele><time>2025-08-30T18:15:33.999Z</time><extensions><gpxtpx:TrackPointExtension><gpxtpx:hr>162</gpxtpx:hr><gpxtpx:cad>77</gpxtpx:cad></gpxtpx:TrackPointExtension></extensions><extensions><gpxtpx:PowerExtension><gpxtpx:PowerInWatts>218</gpxtpx:PowerInWatts></gpxtpx:PowerExtension></extensions></trkpt>
<trkpt lat="38.5782582" lon="-121.4566013">
<ele>12</ele><time>2025-08-30T18:15:36.999Z</time><extensions><gpxtpx:TrackPointExtension><gpxtpx:hr>163</gpxtpx:hr><gpxtpx:cad>77</gpxtpx:cad></gpxtpx:TrackPointExtension></extensions><extensions><gpxtpx:PowerExtension><gpxtpx:PowerInWatts>221</gpxtpx:PowerInWatts></gpxtpx:PowerExtension></extensions></trkpt>
<trkpt lat="38.5783087" lon="-121.4565671">
<ele>12</ele><time>2025-08-30T18:15:38.999Z</time><extensions><gpxtpx:TrackPointExtension><gpxtpx:hr>163</gpxtpx:hr><gpxtpx:cad>77</gpxtpx:cad></gpxtpx:TrackPointExtension></extensions><extensions><gpxtpx:PowerExtension><gpxtpx:PowerInWatts>220</gpxtpx:PowerInWatts></gpxtpx:PowerExtension></extensions></trkpt>
<trkpt lat="38.5783646" lon="-121.4565451">
<ele>12</ele><time>2025-08-30T18:15:40.999Z</time><extensions><gpxtpx:TrackPointExtension><gpxtpx:hr>163</gpxtpx:hr><gpxtpx:cad>79</gpxtpx:cad></gpxtpx:TrackPointExtension></extensions><extensions><gpxtpx:PowerExtension><gpxtpx:PowerInWatts>220</gpxtpx:PowerInWatts></gpxtpx:PowerExtension></extensions></trkpt>
<trkpt lat="38.5784170" lon="-121.4565265">
<ele>12</ele><time>2025-08-30T18:15:42.999Z</time><extensions><gpxtpx:TrackPointExtension><gpxtpx:hr>163</gpxtpx:hr><gpxtpx:cad>81</gpxtpx:cad></gpxtpx:TrackPointExtension></extensions><extensions><gpxtpx:PowerExtension><gpxtpx:PowerInWatts>217</gpxtpx:PowerInWatts></gpxtpx:PowerExtension></extensions></trkpt>
<trkpt lat="38.5784715" lon="-121.4565053">
<ele>12</ele><time>2025-08-30T18:15:44.999Z</time><extensions><gpxtpx:TrackPointExtension><gpxtpx:hr>163</gpxtpx:hr><gpxtpx:cad>81</gpxtpx:cad></gpxtpx:TrackPointExtension></extensions><extensions><gpxtpx:PowerExtension><gpxtpx:PowerInWatts>217</gpxtpx:PowerInWatts></gpxtpx:PowerExtension></extensions></trkpt>
<trkpt lat="38.5785125" lon="-121.4564463">
<ele>12</ele><time>2025-08-30T18:15:46.999Z</time><extensions><gpxtpx:TrackPointExtension><gpxtpx:hr>163</gpxtpx:hr><gpxtpx:cad>80</gpxtpx:cad></gpxtpx:TrackPointExtension></extensions><extensions><gpxtpx:PowerExtension><gpxtpx:PowerInWatts>217</gpxtpx:PowerInWatts></gpxtpx:PowerExtension></extensions></trkpt>
<trkpt lat="38.5785581" lon="-121.4564022">
<ele>12</ele><time>2025-08-30T18:15:48.999Z</time><extensions><gpxtpx:TrackPointExtension><gpxtpx:hr>164</gpxtpx:hr><gpxtpx:cad>78</gpxtpx:cad></gpxtpx:TrackPointExtension></extensions><extensions><gpxtpx:PowerExtension><gpxtpx:PowerInWatts>217</gpxtpx:PowerInWatts></gpxtpx:PowerExtension></extensions></trkpt>
<trkpt lat="38.5786127" lon="-121.4563734">
<ele>12</ele><time>2025-08-30T18:15:50.999Z</time><extensions><gpxtpx:TrackPointExtension><gpxtpx:hr>164</gpxtpx:hr><gpxtpx:cad>79</gpxtpx:cad></gpxtpx:TrackPointExtension></extensions><extensions><gpxtpx:PowerExtension><gpxtpx:PowerInWatts>217</gpxtpx:PowerInWatts></gpxtpx:PowerExtension></extensions></trkpt>
<trkpt lat="38.5786733" lon="-121.4563399">
<ele>12</ele><time>2025-08-30T18:15:52.999Z</time><extensions><gpxtpx:TrackPointExtension><gpxtpx:hr>163</gpxtpx:hr><gpxtpx:cad>80</gpxtpx:cad></gpxtpx:TrackPointExtension></extensions><extensions><gpxtpx:PowerExtension><gpxtpx:PowerInWatts>223</gpxtpx:PowerInWatts></gpxtpx:PowerExtension></extensions></trkpt>
<trkpt lat="38.5787413" lon="-121.4563414">
<ele>12</ele><time>2025-08-30T18:15:54.999Z</time><extensions><gpxtpx:TrackPointExtension><gpxtpx:hr>164</gpxtpx:hr><gpxtpx:cad>74</gpxtpx:cad></gpxtpx:TrackPointExtension></extensions><extensions><gpxtpx:PowerExtension><gpxtpx:PowerInWatts>223</gpxtpx:PowerInWatts></gpxtpx:PowerExtension></extensions></trkpt>
<trkpt lat="38.5787931" lon="-121.4563224">
<ele>12</ele><time>2025-08-30T18:15:56.999Z</time><extensions><gpxtpx:TrackPointExtension><gpxtpx:hr>164</gpxtpx:hr><gpxtpx:cad>78</gpxtpx:cad></gpxtpx:TrackPointExtension></extensions><extensions><gpxtpx:PowerExtension><gpxtpx:PowerInWatts>226</gpxtpx:PowerInWatts></gpxtpx:PowerExtension></extensions></trkpt>
<trkpt lat="38.5788391" lon="-121.4563402">
<ele>12</ele><time>2025-08-30T18:15:59.999Z</time><extensions><gpxtpx:TrackPointExtension><gpxtpx:hr>165</gpxtpx:hr><gpxtpx:cad>79</gpxtpx:cad></gpxtpx:TrackPointExtension></extensions><extensions><gpxtpx:PowerExtension><gpxtpx:PowerInWatts>229</gpxtpx:PowerInWatts></gpxtpx:PowerExtension></extensions></trkpt>
<trkpt lat="38.5788725" lon="-121.4564169">
<ele>12</ele><time>2025-08-30T18:16:01.999Z</time><extensions><gpxtpx:TrackPointExtension><gpxtpx:hr>165</gpxtpx:hr><gpxtpx:cad>80</gpxtpx:cad></gpxtpx:TrackPointExtension></extensions><extensions><gpxtpx:PowerExtension><gpxtpx:PowerInWatts>232</gpxtpx:PowerInWatts></gpxtpx:PowerExtension></extensions></trkpt>
<trkpt lat="38.5788923" lon="-121.4565042">
<ele>12</ele><time>2025-08-30T18:16:04.999Z</time><extensions><gpxtpx:TrackPointExtension><gpxtpx:hr>165</gpxtpx:hr><gpxtpx:cad>77</gpxtpx:cad></gpxtpx:TrackPointExtension></extensions><extensions><gpxtpx:PowerExtension><gpxtpx:PowerInWatts>227</gpxtpx:PowerInWatts></gpxtpx:PowerExtension></extensions></trkpt>
<trkpt lat="38.5789056" lon="-121.4565649">
<ele>12</ele><time>2025-08-30T18:16:06.999Z</time><extensions><gpxtpx:TrackPointExtension><gpxtpx:hr>165</gpxtpx:hr><gpxtpx:cad>79</gpxtpx:cad></gpxtpx:TrackPointExtension></extensions><extensions><gpxtpx:PowerExtension><gpxtpx:PowerInWatts>222</gpxtpx:PowerInWatts></gpxtpx:PowerExtension></extensions></trkpt>
<trkpt lat="38.5789201" lon="-121.4566288">
<ele>12</ele><time>2025-08-30T18:16:08.999Z</time><extensions><gpxtpx:TrackPointExtension><gpxtpx:hr>165</gpxtpx:hr><gpxtpx:cad>79</gpxtpx:cad></gpxtpx:TrackPointExtension></extensions><extensions><gpxtpx:PowerExtension><gpxtpx:PowerInWatts>222</gpxtpx:PowerInWatts></gpxtpx:PowerExtension></extensions></trkpt>
<trkpt lat="38.5789439" lon="-121.4566949">
<ele>12</ele><time>2025-08-30T18:16:10.999Z</time><extensions><gpxtpx:TrackPointExtension><gpxtpx:hr>165</gpxtpx:hr><gpxtpx:cad>81</gpxtpx:cad></gpxtpx:TrackPointExtension></extensions><extensions><gpxtpx:PowerExtension><gpxtpx:PowerInWatts>221</gpxtpx:PowerInWatts></gpxtpx:PowerExtension></extensions></trkpt>
<trkpt lat="38.5789489" lon="-121.4567528">
<ele>12</ele><time>2025-08-30T18:16:12.999Z</time><extensions><gpxtpx:TrackPointExtension><gpxtpx:hr>166</gpxtpx:hr><gpxtpx:cad>80</gpxtpx:cad></gpxtpx:TrackPointExtension></extensions><extensions><gpxtpx:PowerExtension><gpxtpx:PowerInWatts>221</gpxtpx:PowerInWatts></gpxtpx:PowerExtension></extensions></trkpt>
<trkpt lat="38.5789655" lon="-121.4568152">
<ele>12</ele><time>2025-08-30T18:16:14.999Z</time><extensions><gpxtpx:TrackPointExtension><gpxtpx:hr>166</gpxtpx:hr><gpxtpx:cad>78</gpxtpx:cad></gpxtpx:TrackPointExtension></extensions><extensions><gpxtpx:PowerExtension><gpxtpx:PowerInWatts>220</gpxtpx:PowerInWatts></gpxtpx:PowerExtension></extensions></trkpt>
<trkpt lat="38.5789845" lon="-121.4568847">
<ele>12</ele><time>2025-08-30T18:16:16.999Z</time><extensions><gpxtpx:TrackPointExtension><gpxtpx:hr>166</gpxtpx:hr><gpxtpx:cad>76</gpxtpx:cad></gpxtpx:TrackPointExtension></extensions><extensions><gpxtpx:PowerExtension><gpxtpx:PowerInWatts>220</gpxtpx:PowerInWatts></gpxtpx:PowerExtension></extensions></trkpt>
<trkpt lat="38.5790082" lon="-121.4569449">
<ele>12</ele><time>2025-08-30T18:16:18.999Z</time><extensions><gpxtpx:TrackPointExtension><gpxtpx:hr>166</gpxtpx:hr><gpxtpx:cad>87</gpxtpx:cad></gpxtpx:TrackPointExtension></extensions><extensions><gpxtpx:PowerExtension><gpxtpx:PowerInWatts>220</gpxtpx:PowerInWatts></gpxtpx:PowerExtension></extensions></trkpt>
<trkpt lat="38.5790378" lon="-121.4570117">
<ele>12</ele><time>2025-08-30T18:16:20.999Z</time><extensions><gpxtpx:TrackPointExtension><gpxtpx:hr>166</gpxtpx:hr><gpxtpx:cad>80</gpxtpx:cad></gpxtpx:TrackPointExtension></extensions><extensions><gpxtpx:PowerExtension><gpxtpx:PowerInWatts>221</gpxtpx:PowerInWatts></gpxtpx:PowerExtension></extensions></trkpt>
<trkpt lat="38.5790482" lon="-121.4570694">
<ele>12</ele><time>2025-08-30T18:16:22.999Z</time><extensions><gpxtpx:TrackPointExtension><gpxtpx:hr>166</gpxtpx:hr><gpxtpx:cad>80</gpxtpx:cad></gpxtpx:TrackPointExtension></extensions><extensions><gpxtpx:PowerExtension><gpxtpx:PowerInWatts>220</gpxtpx:PowerInWatts></gpxtpx:PowerExtension></extensions></trkpt>
<trkpt lat="38.5790623" lon="-121.4571361">
<ele>12</ele><time>2025-08-30T18:16:24.999Z</time><extensions><gpxtpx:TrackPointExtension><gpxtpx:hr>166</gpxtpx:hr><gpxtpx:cad>79</gpxtpx:cad></gpxtpx:TrackPointExtension></extensions><extensions><gpxtpx:PowerExtension><gpxtpx:PowerInWatts>222</gpxtpx:PowerInWatts></gpxtpx:PowerExtension></extensions></trkpt>
<trkpt lat="38.5790820" lon="-121.4572038">
<ele>12</ele><time>2025-08-30T18:16:26.999Z</time><extensions><gpxtpx:TrackPointExtension><gpxtpx:hr>166</gpxtpx:hr><gpxtpx:cad>79</gpxtpx:cad></gpxtpx:TrackPointExtension></extensions><extensions><gpxtpx:PowerExtension><gpxtpx:PowerInWatts>222</gpxtpx:PowerInWatts></gpxtpx:PowerExtension></extensions></trkpt>
<trkpt lat="38.5790934" lon="-121.4572607">
<ele>12</ele><time>2025-08-30T18:16:28.999Z</time><extensions><gpxtpx:TrackPointExtension><gpxtpx:hr>166</gpxtpx:hr><gpxtpx:cad>79</gpxtpx:cad></gpxtpx:TrackPointExtension></extensions><extensions><gpxtpx:PowerExtension><gpxtpx:PowerInWatts>222</gpxtpx:PowerInWatts></gpxtpx:PowerExtension></extensions></trkpt>
<trkpt lat="38.5791069" lon="-121.4573422">
<ele>12</ele><time>2025-08-30T18:16:30.999Z</time><extensions><gpxtpx:TrackPointExtension><gpxtpx:hr>166</gpxtpx:hr><gpxtpx:cad>79</gpxtpx:cad></gpxtpx:TrackPointExtension></extensions><extensions><gpxtpx:PowerExtension><gpxtpx:PowerInWatts>222</gpxtpx:PowerInWatts></gpxtpx:PowerExtension></extensions></trkpt>
<trkpt lat="38.5791311" lon="-121.4574153">
<ele>12</ele><time>2025-08-30T18:16:32.999Z</time><extensions><gpxtpx:TrackPointExtension><gpxtpx:hr>166</gpxtpx:hr><gpxtpx:cad>80</gpxtpx:cad></gpxtpx:TrackPointExtension></extensions><extensions><gpxtpx:PowerExtension><gpxtpx:PowerInWatts>222</gpxtpx:PowerInWatts></gpxtpx:PowerExtension></extensions></trkpt>
<trkpt lat="38.5791684" lon="-121.4574794">
<ele>12</ele><time>2025-08-30T18:16:34.999Z</time><extensions><gpxtpx:TrackPointExtension><gpxtpx:hr>166</gpxtpx:hr><gpxtpx:cad>79</gpxtpx:cad></gpxtpx:TrackPointExtension></extensions><extensions><gpxtpx:PowerExtension><gpxtpx:PowerInWatts>217</gpxtpx:PowerInWatts></gpxtpx:PowerExtension></extensions></trkpt>
<trkpt lat="38.5791758" lon="-121.4575432">
<ele>12</ele><time>2025-08-30T18:16:36.999Z</time><extensions><gpxtpx:TrackPointExtension><gpxtpx:hr>167</gpxtpx:hr><gpxtpx:cad>79</gpxtpx:cad></gpxtpx:TrackPointExtension></extensions><extensions><gpxtpx:PowerExtension><gpxtpx:PowerInWatts>217</gpxtpx:PowerInWatts></gpxtpx:PowerExtension></extensions></trkpt>
<trkpt lat="38.5791980" lon="-121.4576029">
<ele>12</ele><time>2025-08-30T18:16:38.999Z</time><extensions><gpxtpx:TrackPointExtension><gpxtpx:hr>166</gpxtpx:hr><gpxtpx:cad>79</gpxtpx:cad></gpxtpx:TrackPointExtension></extensions><extensions><gpxtpx:PowerExtension><gpxtpx:PowerInWatts>217</gpxtpx:PowerInWatts></gpxtpx:PowerExtension></extensions></trkpt>
<trkpt lat="38.5792107" lon="-121.4576639">
<ele>12</ele><time>2025-08-30T18:16:40.999Z</time><extensions><gpxtpx:TrackPointExtension><gpxtpx:hr>167</gpxtpx:hr><gpxtpx:cad>76</gpxtpx:cad></gpxtpx:TrackPointExtension></extensions><extensions><gpxtpx:PowerExtension><gpxtpx:PowerInWatts>221</gpxtpx:PowerInWatts></gpxtpx:PowerExtension></extensions></trkpt>
<trkpt lat="38.5792126" lon="-121.4577403">
<ele>12</ele><time>2025-08-30T18:16:42.999Z</time><extensions><gpxtpx:TrackPointExtension><gpxtpx:hr>167</gpxtpx:hr><gpxtpx:cad>77</gpxtpx:cad></gpxtpx:TrackPointExtension></extensions><extensions><gpxtpx:PowerExtension><gpxtpx:PowerInWatts>224</gpxtpx:PowerInWatts></gpxtpx:PowerExtension></extensions></trkpt>
<trkpt lat="38.5792098" lon="-121.4578011">
<ele>12</ele><time>2025-08-30T18:16:44.999Z</time><extensions><gpxtpx:TrackPointExtension><gpxtpx:hr>166</gpxtpx:hr><gpxtpx:cad>80</gpxtpx:cad></gpxtpx:TrackPointExtension></extensions><extensions><gpxtpx:PowerExtension><gpxtpx:PowerInWatts>223</gpxtpx:PowerInWatts></gpxtpx:PowerExtension></extensions></trkpt>
<trkpt lat="38.5792343" lon="-121.4578541">
<ele>12</ele><time>2025-08-30T18:16:46.999Z</time><extensions><gpxtpx:TrackPointExtension><gpxtpx:hr>166</gpxtpx:hr><gpxtpx:cad>72</gpxtpx:cad></gpxtpx:TrackPointExtension></extensions><extensions><gpxtpx:PowerExtension><gpxtpx:PowerInWatts>223</gpxtpx:PowerInWatts></gpxtpx:PowerExtension></extensions></trkpt>
<trkpt lat="38.5792420" lon="-121.4579231">
<ele>12</ele><time>2025-08-30T18:16:48.999Z</time><extensions><gpxtpx:TrackPointExtension><gpxtpx:hr>166</gpxtpx:hr><gpxtpx:cad>78</gpxtpx:cad></gpxtpx:TrackPointExtension></extensions><extensions><gpxtpx:PowerExtension><gpxtpx:PowerInWatts>222</gpxtpx:PowerInWatts></gpxtpx:PowerExtension></extensions></trkpt>
<trkpt lat="38.5792627" lon="-121.4579867">
<ele>12</ele><time>2025-08-30T18:16:50.999Z</time><extensions><gpxtpx:TrackPointExtension><gpxtpx:hr>167</gpxtpx:hr><gpxtpx:cad>79</gpxtpx:cad></gpxtpx:TrackPointExtension></extensions><extensions><gpxtpx:PowerExtension><gpxtpx:PowerInWatts>220</gpxtpx:PowerInWatts></gpxtpx:PowerExtension></extensions></trkpt>
<trkpt lat="38.5792745" lon="-121.4580461">
<ele>12</ele><time>2025-08-30T18:16:52.999Z</time><extensions><gpxtpx:TrackPointExtension><gpxtpx:hr>166</gpxtpx:hr><gpxtpx:cad>80</gpxtpx:cad></gpxtpx:TrackPointExtension></extensions><extensions><gpxtpx:PowerExtension><gpxtpx:PowerInWatts>217</gpxtpx:PowerInWatts></gpxtpx:PowerExtension></extensions></trkpt>
<trkpt lat="38.5792987" lon="-121.4581086">
<ele>12</ele><time>2025-08-30T18:16:55.000Z</time><extensions><gpxtpx:TrackPointExtension><gpxtpx:hr>165</gpxtpx:hr><gpxtpx:cad>80</gpxtpx:cad></gpxtpx:TrackPointExtension></extensions><extensions><gpxtpx:PowerExtension><gpxtpx:PowerInWatts>217</gpxtpx:PowerInWatts></gpxtpx:PowerExtension></extensions></trkpt>
<trkpt lat="38.5793093" lon="-121.4581789">
<ele>12</ele><time>2025-08-30T18:16:57.000Z</time><extensions><gpxtpx:TrackPointExtension><gpxtpx:hr>166</gpxtpx:hr><gpxtpx:cad>75</gpxtpx:cad></gpxtpx:TrackPointExtension></extensions><extensions><gpxtpx:PowerExtension><gpxtpx:PowerInWatts>217</gpxtpx:PowerInWatts></gpxtpx:PowerExtension></extensions></trkpt>
<trkpt lat="38.5793293" lon="-121.4582553">
<ele>12</ele><time>2025-08-30T18:16:59.000Z</time><extensions><gpxtpx:TrackPointExtension><gpxtpx:hr>166</gpxtpx:hr><gpxtpx:cad>74</gpxtpx:cad></gpxtpx:TrackPointExtension></extensions><extensions><gpxtpx:PowerExtension><gpxtpx:PowerInWatts>217</gpxtpx:PowerInWatts></gpxtpx:PowerExtension></extensions></trkpt>
<trkpt lat="38.5793071" lon="-121.4583220">
<ele>12</ele><time>2025-08-30T18:17:01.000Z</time><extensions><gpxtpx:TrackPointExtension><gpxtpx:hr>166</gpxtpx:hr><gpxtpx:cad>78</gpxtpx:cad></gpxtpx:TrackPointExtension></extensions><extensions><gpxtpx:PowerExtension><gpxtpx:PowerInWatts>217</gpxtpx:PowerInWatts></gpxtpx:PowerExtension></extensions></trkpt>
<trkpt lat="38.5792669" lon="-121.4583607">
<ele>12</ele><time>2025-08-30T18:17:03.000Z</time><extensions><gpxtpx:TrackPointExtension><gpxtpx:hr>166</gpxtpx:hr><gpxtpx:cad>80</gpxtpx:cad></gpxtpx:TrackPointExtension></extensions><extensions><gpxtpx:PowerExtension><gpxtpx:PowerInWatts>219</gpxtpx:PowerInWatts></gpxtpx:PowerExtension></extensions></trkpt>
<trkpt lat="38.5792104" lon="-121.4584014">
<ele>12</ele><time>2025-08-30T18:17:05.000Z</time><extensions><gpxtpx:TrackPointExtension><gpxtpx:hr>166</gpxtpx:hr><gpxtpx:cad>79</gpxtpx:cad></gpxtpx:TrackPointExtension></extensions><extensions><gpxtpx:PowerExtension><gpxtpx:PowerInWatts>219</gpxtpx:PowerInWatts></gpxtpx:PowerExtension></extensions></trkpt>
<trkpt lat="38.5791590" lon="-121.4584263">
<ele>12</ele><time>2025-08-30T18:17:07.000Z</time><extensions><gpxtpx:TrackPointExtension><gpxtpx:hr>166</gpxtpx:hr><gpxtpx:cad>77</gpxtpx:cad></gpxtpx:TrackPointExtension></extensions><extensions><gpxtpx:PowerExtension><gpxtpx:PowerInWatts>219</gpxtpx:PowerInWatts></gpxtpx:PowerExtension></extensions></trkpt>
<trkpt lat="38.5791163" lon="-121.4584525">
<ele>12</ele><time>2025-08-30T18:17:09.000Z</time><extensions><gpxtpx:TrackPointExtension><gpxtpx:hr>165</gpxtpx:hr><gpxtpx:cad>80</gpxtpx:cad></gpxtpx:TrackPointExtension></extensions><extensions><gpxtpx:PowerExtension><gpxtpx:PowerInWatts>219</gpxtpx:PowerInWatts></gpxtpx:PowerExtension></extensions></trkpt>
<trkpt lat="38.5790493" lon="-121.4584551">
<ele>12</ele><time>2025-08-30T18:17:12.000Z</time><extensions><gpxtpx:TrackPointExtension><gpxtpx:hr>166</gpxtpx:hr><gpxtpx:cad>80</gpxtpx:cad></gpxtpx:TrackPointExtension></extensions><extensions><gpxtpx:PowerExtension><gpxtpx:PowerInWatts>220</gpxtpx:PowerInWatts></gpxtpx:PowerExtension></extensions></trkpt>
<trkpt lat="38.5789948" lon="-121.4584768">
<ele>12</ele><time>2025-08-30T18:17:14.000Z</time><extensions><gpxtpx:TrackPointExtension><gpxtpx:hr>166</gpxtpx:hr><gpxtpx:cad>78</gpxtpx:cad></gpxtpx:TrackPointExtension></extensions><extensions><gpxtpx:PowerExtension><gpxtpx:PowerInWatts>220</gpxtpx:PowerInWatts></gpxtpx:PowerExtension></extensions></trkpt>
<trkpt lat="38.5789334" lon="-121.4584972">
<ele>12</ele><time>2025-08-30T18:17:16.000Z</time><extensions><gpxtpx:TrackPointExtension><gpxtpx:hr>166</gpxtpx:hr><gpxtpx:cad>77</gpxtpx:cad></gpxtpx:TrackPointExtension></extensions><extensions><gpxtpx:PowerExtension><gpxtpx:PowerInWatts>220</gpxtpx:PowerInWatts></gpxtpx:PowerExtension></extensions></trkpt>
<trkpt lat="38.5788722" lon="-121.4584987">
<ele>12</ele><time>2025-08-30T18:17:19.000Z</time><extensions><gpxtpx:TrackPointExtension><gpxtpx:hr>166</gpxtpx:hr><gpxtpx:cad>76</gpxtpx:cad></gpxtpx:TrackPointExtension></extensions><extensions><gpxtpx:PowerExtension><gpxtpx:PowerInWatts>215</gpxtpx:PowerInWatts></gpxtpx:PowerExtension></extensions></trkpt>
<trkpt lat="38.5788195" lon="-121.4585210">
<ele>12</ele><time>2025-08-30T18:17:21.000Z</time><extensions><gpxtpx:TrackPointExtension><gpxtpx:hr>167</gpxtpx:hr><gpxtpx:cad>80</gpxtpx:cad></gpxtpx:TrackPointExtension></extensions><extensions><gpxtpx:PowerExtension><gpxtpx:PowerInWatts>215</gpxtpx:PowerInWatts></gpxtpx:PowerExtension></extensions></trkpt>
<trkpt lat="38.5787678" lon="-121.4585367">
<ele>12</ele><time>2025-08-30T18:17:23.000Z</time><extensions><gpxtpx:TrackPointExtension><gpxtpx:hr>166</gpxtpx:hr><gpxtpx:cad>83</gpxtpx:cad></gpxtpx:TrackPointExtension></extensions><extensions><gpxtpx:PowerExtension><gpxtpx:PowerInWatts>215</gpxtpx:PowerInWatts></gpxtpx:PowerExtension></extensions></trkpt>
<trkpt lat="38.5787226" lon="-121.4585806">
<ele>12</ele><time>2025-08-30T18:17:26.000Z</time><extensions><gpxtpx:TrackPointExtension><gpxtpx:hr>165</gpxtpx:hr><gpxtpx:cad>78</gpxtpx:cad></gpxtpx:TrackPointExtension></extensions><extensions><gpxtpx:PowerExtension><gpxtpx:PowerInWatts>215</gpxtpx:PowerInWatts></gpxtpx:PowerExtension></extensions></trkpt>
<trkpt lat="38.5786648" lon="-121.4586356">
<ele>12</ele><time>2025-08-30T18:17:29.000Z</time><extensions><gpxtpx:TrackPointExtension><gpxtpx:hr>166</gpxtpx:hr><gpxtpx:cad>78</gpxtpx:cad></gpxtpx:TrackPointExtension></extensions><extensions><gpxtpx:PowerExtension><gpxtpx:PowerInWatts>210</gpxtpx:PowerInWatts></gpxtpx:PowerExtension></extensions></trkpt>
<trkpt lat="38.5785962" lon="-121.4586652">
<ele>12</ele><time>2025-08-30T18:17:32.000Z</time><extensions><gpxtpx:TrackPointExtension><gpxtpx:hr>166</gpxtpx:hr><gpxtpx:cad>79</gpxtpx:cad></gpxtpx:TrackPointExtension></extensions><extensions><gpxtpx:PowerExtension><gpxtpx:PowerInWatts>210</gpxtpx:PowerInWatts></gpxtpx:PowerExtension></extensions></trkpt>
<trkpt lat="38.5785407" lon="-121.4586892">
<ele>12</ele><time>2025-08-30T18:17:34.000Z</time><extensions><gpxtpx:TrackPointExtension><gpxtpx:hr>165</gpxtpx:hr><gpxtpx:cad>79</gpxtpx:cad></gpxtpx:TrackPointExtension></extensions><extensions><gpxtpx:PowerExtension><gpxtpx:PowerInWatts>210</gpxtpx:PowerInWatts></gpxtpx:PowerExtension></extensions></trkpt>
<trkpt lat="38.5784831" lon="-121.4587016">
<ele>12</ele><time>2025-08-30T18:17:36.000Z</time><extensions><gpxtpx:TrackPointExtension><gpxtpx:hr>166</gpxtpx:hr><gpxtpx:cad>78</gpxtpx:cad></gpxtpx:TrackPointExtension></extensions><extensions><gpxtpx:PowerExtension><gpxtpx:PowerInWatts>210</gpxtpx:PowerInWatts></gpxtpx:PowerExtension></extensions></trkpt>
<trkpt lat="38.5784248" lon="-121.4587211">
<ele>12</ele><time>2025-08-30T18:17:38.000Z</time><extensions><gpxtpx:TrackPointExtension><gpxtpx:hr>166</gpxtpx:hr><gpxtpx:cad>77</gpxtpx:cad></gpxtpx:TrackPointExtension></extensions><extensions><gpxtpx:PowerExtension><gpxtpx:PowerInWatts>215</gpxtpx:PowerInWatts></gpxtpx:PowerExtension></extensions></trkpt>
<trkpt lat="38.5783563" lon="-121.4587403">
<ele>12</ele><time>2025-08-30T18:17:41.000Z</time><extensions><gpxtpx:TrackPointExtension><gpxtpx:hr>166</gpxtpx:hr><gpxtpx:cad>75</gpxtpx:cad></gpxtpx:TrackPointExtension></extensions><extensions><gpxtpx:PowerExtension><gpxtpx:PowerInWatts>215</gpxtpx:PowerInWatts></gpxtpx:PowerExtension></extensions></trkpt>
<trkpt lat="38.5783035" lon="-121.4587668">
<ele>12</ele><time>2025-08-30T18:17:43.000Z</time><extensions><gpxtpx:TrackPointExtension><gpxtpx:hr>165</gpxtpx:hr><gpxtpx:cad>77</gpxtpx:cad></gpxtpx:TrackPointExtension></extensions><extensions><gpxtpx:PowerExtension><gpxtpx:PowerInWatts>215</gpxtpx:PowerInWatts></gpxtpx:PowerExtension></extensions></trkpt>
<trkpt lat="38.5782416" lon="-121.4587826">
<ele>12</ele><time>2025-08-30T18:17:45.000Z</time><extensions><gpxtpx:TrackPointExtension><gpxtpx:hr>165</gpxtpx:hr><gpxtpx:cad>80</gpxtpx:cad></gpxtpx:TrackPointExtension></extensions><extensions><gpxtpx:PowerExtension><gpxtpx:PowerInWatts>218</gpxtpx:PowerInWatts></gpxtpx:PowerExtension></extensions></trkpt>
<trkpt lat="38.5781963" lon="-121.4588074">
<ele>12</ele><time>2025-08-30T18:17:47.000Z</time><extensions><gpxtpx:TrackPointExtension><gpxtpx:hr>166</gpxtpx:hr><gpxtpx:cad>81</gpxtpx:cad></gpxtpx:TrackPointExtension></extensions><extensions><gpxtpx:PowerExtension><gpxtpx:PowerInWatts>216</gpxtpx:PowerInWatts></gpxtpx:PowerExtension></extensions></trkpt>
<trkpt lat="38.5781403" lon="-121.4588209">
<ele>12</ele><time>2025-08-30T18:17:49.000Z</time><extensions><gpxtpx:TrackPointExtension><gpxtpx:hr>166</gpxtpx:hr><gpxtpx:cad>76</gpxtpx:cad></gpxtpx:TrackPointExtension></extensions><extensions><gpxtpx:PowerExtension><gpxtpx:PowerInWatts>216</gpxtpx:PowerInWatts></gpxtpx:PowerExtension></extensions></trkpt>
<trkpt lat="38.5780808" lon="-121.4588509">
<ele>12</ele><time>2025-08-30T18:17:51.000Z</time><extensions><gpxtpx:TrackPointExtension><gpxtpx:hr>166</gpxtpx:hr><gpxtpx:cad>75</gpxtpx:cad></gpxtpx:TrackPointExtension></extensions><extensions><gpxtpx:PowerExtension><gpxtpx:PowerInWatts>220</gpxtpx:PowerInWatts></gpxtpx:PowerExtension></extensions></trkpt>
<trkpt lat="38.5780323" lon="-121.4588685">
<ele>12</ele><time>2025-08-30T18:17:53.000Z</time><extensions><gpxtpx:TrackPointExtension><gpxtpx:hr>166</gpxtpx:hr><gpxtpx:cad>75</gpxtpx:cad></gpxtpx:TrackPointExtension></extensions><extensions><gpxtpx:PowerExtension><gpxtpx:PowerInWatts>220</gpxtpx:PowerInWatts></gpxtpx:PowerExtension></extensions></trkpt>
<trkpt lat="38.5779792" lon="-121.4588802">
<ele>12</ele><time>2025-08-30T18:17:55.000Z</time><extensions><gpxtpx:TrackPointExtension><gpxtpx:hr>165</gpxtpx:hr><gpxtpx:cad>83</gpxtpx:cad></gpxtpx:TrackPointExtension></extensions><extensions><gpxtpx:PowerExtension><gpxtpx:PowerInWatts>222</gpxtpx:PowerInWatts></gpxtpx:PowerExtension></extensions></trkpt>
<trkpt lat="38.5779208" lon="-121.4589067">
<ele>12</ele><time>2025-08-30T18:17:58.000Z</time><extensions><gpxtpx:TrackPointExtension><gpxtpx:hr>166</gpxtpx:hr><gpxtpx:cad>85</gpxtpx:cad></gpxtpx:TrackPointExtension></extensions><extensions><gpxtpx:PowerExtension><gpxtpx:PowerInWatts>222</gpxtpx:PowerInWatts></gpxtpx:PowerExtension></extensions></trkpt>
<trkpt lat="38.5778798" lon="-121.4589429">
<ele>12</ele><time>2025-08-30T18:18:00.000Z</time><extensions><gpxtpx:TrackPointExtension><gpxtpx:hr>166</gpxtpx:hr><gpxtpx:cad>80</gpxtpx:cad></gpxtpx:TrackPointExtension></extensions><extensions><gpxtpx:PowerExtension><gpxtpx:PowerInWatts>220</gpxtpx:PowerInWatts></gpxtpx:PowerExtension></extensions></trkpt>
<trkpt lat="38.5778066" lon="-121.4589706">
<ele>12</ele><time>2025-08-30T18:18:02.000Z</time><extensions><gpxtpx:TrackPointExtension><gpxtpx:hr>165</gpxtpx:hr><gpxtpx:cad>78</gpxtpx:cad></gpxtpx:TrackPointExtension></extensions><extensions><gpxtpx:PowerExtension><gpxtpx:PowerInWatts>220</gpxtpx:PowerInWatts></gpxtpx:PowerExtension></extensions></trkpt>
<trkpt lat="38.5777559" lon="-121.4589957">
<ele>12</ele><time>2025-08-30T18:18:04.000Z</time><extensions><gpxtpx:TrackPointExtension><gpxtpx:hr>165</gpxtpx:hr><gpxtpx:cad>77</gpxtpx:cad></gpxtpx:TrackPointExtension></extensions><extensions><gpxtpx:PowerExtension><gpxtpx:PowerInWatts>220</gpxtpx:PowerInWatts></gpxtpx:PowerExtension></extensions></trkpt>
<trkpt lat="38.5776999" lon="-121.4590245">
<ele>12</ele><time>2025-08-30T18:18:06.000Z</time><extensions><gpxtpx:TrackPointExtension><gpxtpx:hr>164</gpxtpx:hr><gpxtpx:cad>78</gpxtpx:cad></gpxtpx:TrackPointExtension></extensions><extensions><gpxtpx:PowerExtension><gpxtpx:PowerInWatts>221</gpxtpx:PowerInWatts></gpxtpx:PowerExtension></extensions></trkpt>
<trkpt lat="38.5776513" lon="-121.4590600">
<ele>12</ele><time>2025-08-30T18:18:08.000Z</time><extensions><gpxtpx:TrackPointExtension><gpxtpx:hr>164</gpxtpx:hr><gpxtpx:cad>77</gpxtpx:cad></gpxtpx:TrackPointExtension></extensions><extensions><gpxtpx:PowerExtension><gpxtpx:PowerInWatts>221</gpxtpx:PowerInWatts></gpxtpx:PowerExtension></extensions></trkpt>
<trkpt lat="38.5776054" lon="-121.4590660">
<ele>12</ele><time>2025-08-30T18:18:10.000Z</time><extensions><gpxtpx:TrackPointExtension><gpxtpx:hr>164</gpxtpx:hr><gpxtpx:cad>74</gpxtpx:cad></gpxtpx:TrackPointExtension></extensions><extensions><gpxtpx:PowerExtension><gpxtpx:PowerInWatts>225</gpxtpx:PowerInWatts></gpxtpx:PowerExtension></extensions></trkpt>
<trkpt lat="38.5775525" lon="-121.4591056">
<ele>12</ele><time>2025-08-30T18:18:12.000Z</time><extensions><gpxtpx:TrackPointExtension><gpxtpx:hr>162</gpxtpx:hr><gpxtpx:cad>77</gpxtpx:cad></gpxtpx:TrackPointExtension></extensions><extensions><gpxtpx:PowerExtension><gpxtpx:PowerInWatts>225</gpxtpx:PowerInWatts></gpxtpx:PowerExtension></extensions></trkpt>
<trkpt lat="38.5775087" lon="-121.4591436">
<ele>12</ele><time>2025-08-30T18:18:14.000Z</time><extensions><gpxtpx:TrackPointExtension><gpxtpx:hr>161</gpxtpx:hr><gpxtpx:cad>77</gpxtpx:cad></gpxtpx:TrackPointExtension></extensions><extensions><gpxtpx:PowerExtension><gpxtpx:PowerInWatts>225</gpxtpx:PowerInWatts></gpxtpx:PowerExtension></extensions></trkpt>
<trkpt lat="38.5774632" lon="-121.4591660">
<ele>12</ele><time>2025-08-30T18:18:16.000Z</time><extensions><gpxtpx:TrackPointExtension><gpxtpx:hr>160</gpxtpx:hr><gpxtpx:cad>77</gpxtpx:cad></gpxtpx:TrackPointExtension></extensions><extensions><gpxtpx:PowerExtension><gpxtpx:PowerInWatts>225</gpxtpx:PowerInWatts></gpxtpx:PowerExtension></extensions></trkpt>
<trkpt lat="38.5774124" lon="-121.4591715">
<ele>12</ele><time>2025-08-30T18:18:18.000Z</time><extensions><gpxtpx:TrackPointExtension><gpxtpx:hr>160</gpxtpx:hr><gpxtpx:cad>78</gpxtpx:cad></gpxtpx:TrackPointExtension></extensions><extensions><gpxtpx:PowerExtension><gpxtpx:PowerInWatts>226</gpxtpx:PowerInWatts></gpxtpx:PowerExtension></extensions></trkpt>
<trkpt lat="38.5773601" lon="-121.4592029">
<ele>12</ele><time>2025-08-30T18:18:20.000Z</time><extensions><gpxtpx:TrackPointExtension><gpxtpx:hr>161</gpxtpx:hr><gpxtpx:cad>77</gpxtpx:cad></gpxtpx:TrackPointExtension></extensions><extensions><gpxtpx:PowerExtension><gpxtpx:PowerInWatts>224</gpxtpx:PowerInWatts></gpxtpx:PowerExtension></extensions></trkpt>
<trkpt lat="38.5773092" lon="-121.4592095">
<ele>12</ele><time>2025-08-30T18:18:22.000Z</time><extensions><gpxtpx:TrackPointExtension><gpxtpx:hr>162</gpxtpx:hr><gpxtpx:cad>75</gpxtpx:cad></gpxtpx:TrackPointExtension></extensions><extensions><gpxtpx:PowerExtension><gpxtpx:PowerInWatts>224</gpxtpx:PowerInWatts></gpxtpx:PowerExtension></extensions></trkpt>
<trkpt lat="38.5772411" lon="-121.4592288">
<ele>12</ele><time>2025-08-30T18:18:24.000Z</time><extensions><gpxtpx:TrackPointExtension><gpxtpx:hr>163</gpxtpx:hr><gpxtpx:cad>75</gpxtpx:cad></gpxtpx:TrackPointExtension></extensions><extensions><gpxtpx:PowerExtension><gpxtpx:PowerInWatts>217</gpxtpx:PowerInWatts></gpxtpx:PowerExtension></extensions></trkpt>
<trkpt lat="38.5771861" lon="-121.4592464">
<ele>12</ele><time>2025-08-30T18:18:26.000Z</time><extensions><gpxtpx:TrackPointExtension><gpxtpx:hr>165</gpxtpx:hr><gpxtpx:cad>75</gpxtpx:cad></gpxtpx:TrackPointExtension></extensions><extensions><gpxtpx:PowerExtension><gpxtpx:PowerInWatts>217</gpxtpx:PowerInWatts></gpxtpx:PowerExtension></extensions></trkpt>
<trkpt lat="38.5771245" lon="-121.4592630">
<ele>12</ele><time>2025-08-30T18:18:28.000Z</time><extensions><gpxtpx:TrackPointExtension><gpxtpx:hr>166</gpxtpx:hr><gpxtpx:cad>78</gpxtpx:cad></gpxtpx:TrackPointExtension></extensions><extensions><gpxtpx:PowerExtension><gpxtpx:PowerInWatts>222</gpxtpx:PowerInWatts></gpxtpx:PowerExtension></extensions></trkpt>
<trkpt lat="38.5770674" lon="-121.4592701">
<ele>12</ele><time>2025-08-30T18:18:30.000Z</time><extensions><gpxtpx:TrackPointExtension><gpxtpx:hr>167</gpxtpx:hr><gpxtpx:cad>79</gpxtpx:cad></gpxtpx:TrackPointExtension></extensions><extensions><gpxtpx:PowerExtension><gpxtpx:PowerInWatts>222</gpxtpx:PowerInWatts></gpxtpx:PowerExtension></extensions></trkpt>
<trkpt lat="38.5770001" lon="-121.4593009">
<ele>12</ele><time>2025-08-30T18:18:32.000Z</time><extensions><gpxtpx:TrackPointExtension><gpxtpx:hr>167</gpxtpx:hr><gpxtpx:cad>78</gpxtpx:cad></gpxtpx:TrackPointExtension></extensions><extensions><gpxtpx:PowerExtension><gpxtpx:PowerInWatts>222</gpxtpx:PowerInWatts></gpxtpx:PowerExtension></extensions></trkpt>
<trkpt lat="38.5769515" lon="-121.4593061">
<ele>11</ele><time>2025-08-30T18:18:34.000Z</time><extensions><gpxtpx:TrackPointExtension><gpxtpx:hr>168</gpxtpx:hr><gpxtpx:cad>79</gpxtpx:cad></gpxtpx:TrackPointExtension></extensions><extensions><gpxtpx:PowerExtension><gpxtpx:PowerInWatts>259</gpxtpx:PowerInWatts></gpxtpx:PowerExtension></extensions></trkpt>
<trkpt lat="38.5768871" lon="-121.4593495">
<ele>11</ele><time>2025-08-30T18:18:36.000Z</time><extensions><gpxtpx:TrackPointExtension><gpxtpx:hr>168</gpxtpx:hr><gpxtpx:cad>87</gpxtpx:cad></gpxtpx:TrackPointExtension></extensions><extensions><gpxtpx:PowerExtension><gpxtpx:PowerInWatts>259</gpxtpx:PowerInWatts></gpxtpx:PowerExtension></extensions></trkpt>
<trkpt lat="38.5768396" lon="-121.4593351">
<ele>11</ele><time>2025-08-30T18:18:38.000Z</time><extensions><gpxtpx:TrackPointExtension><gpxtpx:hr>169</gpxtpx:hr><gpxtpx:cad>82</gpxtpx:cad></gpxtpx:TrackPointExtension></extensions><extensions><gpxtpx:PowerExtension><gpxtpx:PowerInWatts>251</gpxtpx:PowerInWatts></gpxtpx:PowerExtension></extensions></trkpt>
<trkpt lat="38.5768118" lon="-121.4592688">
<ele>11</ele><time>2025-08-30T18:18:43.000Z</time><extensions><gpxtpx:TrackPointExtension><gpxtpx:hr>168</gpxtpx:hr><gpxtpx:cad>78</gpxtpx:cad></gpxtpx:TrackPointExtension></extensions><extensions><gpxtpx:PowerExtension><gpxtpx:PowerInWatts>245</gpxtpx:PowerInWatts></gpxtpx:PowerExtension></extensions></trkpt>
<trkpt lat="38.5767601" lon="-121.4590845">
<ele>11</ele><time>2025-08-30T18:18:44.000Z</time><extensions><gpxtpx:TrackPointExtension><gpxtpx:hr>168</gpxtpx:hr><gpxtpx:cad>78</gpxtpx:cad></gpxtpx:TrackPointExtension></extensions><extensions><gpxtpx:PowerExtension><gpxtpx:PowerInWatts>245</gpxtpx:PowerInWatts></gpxtpx:PowerExtension></extensions></trkpt>
<trkpt lat="38.5767337" lon="-121.4590256">
<ele>11</ele><time>2025-08-30T18:18:46.000Z</time><extensions><gpxtpx:TrackPointExtension><gpxtpx:hr>168</gpxtpx:hr><gpxtpx:cad>78</gpxtpx:cad></gpxtpx:TrackPointExtension></extensions><extensions><gpxtpx:PowerExtension><gpxtpx:PowerInWatts>241</gpxtpx:PowerInWatts></gpxtpx:PowerExtension></extensions></trkpt>
<trkpt lat="38.5766810" lon="-121.4589746">
<ele>11</ele><time>2025-08-30T18:18:48.000Z</time><extensions><gpxtpx:TrackPointExtension><gpxtpx:hr>168</gpxtpx:hr><gpxtpx:cad>87</gpxtpx:cad></gpxtpx:TrackPointExtension></extensions><extensions><gpxtpx:PowerExtension><gpxtpx:PowerInWatts>241</gpxtpx:PowerInWatts></gpxtpx:PowerExtension></extensions></trkpt>
<trkpt lat="38.5766424" lon="-121.4589058">
<ele>11</ele><time>2025-08-30T18:18:50.000Z</time><extensions><gpxtpx:TrackPointExtension><gpxtpx:hr>168</gpxtpx:hr><gpxtpx:cad>80</gpxtpx:cad></gpxtpx:TrackPointExtension></extensions><extensions><gpxtpx:PowerExtension><gpxtpx:PowerInWatts>241</gpxtpx:PowerInWatts></gpxtpx:PowerExtension></extensions></trkpt>
<trkpt lat="38.5765954" lon="-121.4588478">
<ele>11</ele><time>2025-08-30T18:18:52.000Z</time><extensions><gpxtpx:TrackPointExtension><gpxtpx:hr>169</gpxtpx:hr><gpxtpx:cad>79</gpxtpx:cad></gpxtpx:TrackPointExtension></extensions><extensions><gpxtpx:PowerExtension><gpxtpx:PowerInWatts>241</gpxtpx:PowerInWatts></gpxtpx:PowerExtension></extensions></trkpt>
<trkpt lat="38.5765510" lon="-121.4587740">
<ele>11</ele><time>2025-08-30T18:18:54.000Z</time><extensions><gpxtpx:TrackPointExtension><gpxtpx:hr>169</gpxtpx:hr><gpxtpx:cad>79</gpxtpx:cad></gpxtpx:TrackPointExtension></extensions><extensions><gpxtpx:PowerExtension><gpxtpx:PowerInWatts>239</gpxtpx:PowerInWatts></gpxtpx:PowerExtension></extensions></trkpt>
<trkpt lat="38.5765224" lon="-121.4587286">
<ele>11</ele><time>2025-08-30T18:18:55.000Z</time><extensions><gpxtpx:TrackPointExtension><gpxtpx:hr>169</gpxtpx:hr><gpxtpx:cad>80</gpxtpx:cad></gpxtpx:TrackPointExtension></extensions><extensions><gpxtpx:PowerExtension><gpxtpx:PowerInWatts>239</gpxtpx:PowerInWatts></gpxtpx:PowerExtension></extensions></trkpt>
<trkpt lat="38.5764951" lon="-121.4586650">
<ele>11</ele><time>2025-08-30T18:18:57.000Z</time><extensions><gpxtpx:TrackPointExtension><gpxtpx:hr>169</gpxtpx:hr><gpxtpx:cad>87</gpxtpx:cad></gpxtpx:TrackPointExtension></extensions><extensions><gpxtpx:PowerExtension><gpxtpx:PowerInWatts>256</gpxtpx:PowerInWatts></gpxtpx:PowerExtension></extensions></trkpt>
<trkpt lat="38.5764707" lon="-121.4586125">
<ele>11</ele><time>2025-08-30T18:18:58.000Z</time><extensions><gpxtpx:TrackPointExtension><gpxtpx:hr>169</gpxtpx:hr><gpxtpx:cad>85</gpxtpx:cad></gpxtpx:TrackPointExtension></extensions><extensions><gpxtpx:PowerExtension><gpxtpx:PowerInWatts>256</gpxtpx:PowerInWatts></gpxtpx:PowerExtension></extensions></trkpt>
<trkpt lat="38.5764353" lon="-121.4585303">
<ele>11</ele><time>2025-08-30T18:19:00.000Z</time><extensions><gpxtpx:TrackPointExtension><gpxtpx:hr>169</gpxtpx:hr><gpxtpx:cad>88</gpxtpx:cad></gpxtpx:TrackPointExtension></extensions><extensions><gpxtpx:PowerExtension><gpxtpx:PowerInWatts>256</gpxtpx:PowerInWatts></gpxtpx:PowerExtension></extensions></trkpt>
<trkpt lat="38.5764113" lon="-121.4584422">
<ele>11</ele><time>2025-08-30T18:19:02.000Z</time><extensions><gpxtpx:TrackPointExtension><gpxtpx:hr>169</gpxtpx:hr><gpxtpx:cad>88</gpxtpx:cad></gpxtpx:TrackPointExtension></extensions><extensions><gpxtpx:PowerExtension><gpxtpx:PowerInWatts>273</gpxtpx:PowerInWatts></gpxtpx:PowerExtension></extensions></trkpt>
<trkpt lat="38.5763889" lon="-121.4583912">
<ele>11</ele><time>2025-08-30T18:19:03.000Z</time><extensions><gpxtpx:TrackPointExtension><gpxtpx:hr>169</gpxtpx:hr><gpxtpx:cad>89</gpxtpx:cad></gpxtpx:TrackPointExtension></extensions><extensions><gpxtpx:PowerExtension><gpxtpx:PowerInWatts>273</gpxtpx:PowerInWatts></gpxtpx:PowerExtension></extensions></trkpt>
<trkpt lat="38.5763654" lon="-121.4583408">
<ele>11</ele><time>2025-08-30T18:19:05.000Z</time><extensions><gpxtpx:TrackPointExtension><gpxtpx:hr>169</gpxtpx:hr><gpxtpx:cad>91</gpxtpx:cad></gpxtpx:TrackPointExtension></extensions><extensions><gpxtpx:PowerExtension><gpxtpx:PowerInWatts>272</gpxtpx:PowerInWatts></gpxtpx:PowerExtension></extensions></trkpt>
</trkseg><trkseg>
</trkseg></trk>
</gpx>
