<gpx version="1.1" creator="Apple Watch" xsi:schemaLocation="http://www.topografix.com/GPX/1/1 http://www.topografix.com/GPX/1/1/gpx.xsd http://www.garmin.com/xmlschemas/GpxExtensions/v3 http://www.garmin.com/xmlschemas/GpxExtensionsv3.xsd http://www.garmin.com/xmlschemas/TrackPointExtension/v1 http://www.garmin.com/xmlschemas/TrackPointExtensionv1.xsd" xmlns="http://www.topografix.com/GPX/1/1" xmlns:gpxtpx="http://www.garmin.com/xmlschemas/TrackPointExtension/v1" xmlns:gpxx="http://www.garmin.com/xmlschemas/GpxExtensions/v3" xmlns:xsi="http://www.w3.org/2001/XMLSchema-instance"><metadata><name>Easy Run</name></metadata>
<trk><name>Easy Run</name><type>running</type>
<wpt lat="38.5761011" lon="-121.4575549">
<name>Start</name>
<ele>7</ele>
<time>2025-01-28T18:23:47.613Z</time>
<type>user</type>
</wpt>
<wpt lat="38.5744201" lon="-121.4617844">
<name>Lap 2</name>
<ele>9</ele>
<time>2025-01-28T18:33:06.000Z</time>
<type>user</type>
</wpt>
<wpt lat="38.5745032" lon="-121.4620243">
<name>Lap 3</name>
<ele>10</ele>
<time>2025-01-28T18:41:16.999Z</time>
<type>user</type>
</wpt>
<wpt lat="38.5746169" lon="-121.4623469">
<name>Lap 4</name>
<ele>11</ele>
<time>2025-01-28T18:50:50.000Z</time>
<type>user</type>
</wpt>
<wpt lat="38.5747064" lon="-121.4626493">
<name>Lap 5</name>
<ele>12</ele>
<time>2025-01-28T18:59:35.999Z</time>
<type>user</type>
</wpt>
<trkseg>
<trkpt lat="38.5761011" lon="-121.4575549">
<ele>7</ele><time>2025-01-28T18:23:47.613Z</time><extensions><gpxtpx:TrackPointExtension><gpxtpx:hr>77</gpxtpx:hr><gpxtpx:cad>127</gpxtpx:cad></gpxtpx:TrackPointExtension></extensions><extensions><gpxtpx:PowerExtension><gpxtpx:PowerInWatts>0</gpxtpx:PowerInWatts></gpxtpx:PowerExtension></extensions></trkpt>
<trkpt lat="38.5761411" lon="-121.4575188">
<ele>7</ele><time>2025-01-28T18:23:56.000Z</time><extensions><gpxtpx:TrackPointExtension><gpxtpx:hr>77</gpxtpx:hr><gpxtpx:cad>73</gpxtpx:cad></gpxtpx:TrackPointExtension></extensions><extensions><gpxtpx:PowerExtension><gpxtpx:PowerInWatts>0</gpxtpx:PowerInWatts></gpxtpx:PowerExtension></extensions></trkpt>
<trkpt lat="38.5761876" lon="-121.4574832">
<ele>7</ele><time>2025-01-28T18:23:58.000Z</time><extensions><gpxtpx:TrackPointExtension><gpxtpx:hr>77</gpxtpx:hr><gpxtpx:cad>70</gpxtpx:cad></gpxtpx:TrackPointExtension></extensions><extensions><gpxtpx:PowerExtension><gpxtpx:PowerInWatts>0</gpxtpx:PowerInWatts></gpxtpx:PowerExtension></extensions></trkpt>
<trkpt lat="38.5762434" lon="-121.4574438">
<ele>7</ele><time>2025-01-28T18:24:01.000Z</time><extensions><gpxtpx:TrackPointExtension><gpxtpx:hr>83</gpxtpx:hr><gpxtpx:cad>69</gpxtpx:cad></gpxtpx:TrackPointExtension></extensions><extensions><gpxtpx:PowerExtension><gpxtpx:PowerInWatts>114</gpxtpx:PowerInWatts></gpxtpx:PowerExtension></extensions></trkpt>
<trkpt lat="38.5763052" lon="-121.4574173">
<ele>7</ele><time>2025-01-28T18:24:04.000Z</time><extensions><gpxtpx:TrackPointExtension><gpxtpx:hr>83</gpxtpx:hr><gpxtpx:cad>71</gpxtpx:cad></gpxtpx:TrackPointExtension></extensions><extensions><gpxtpx:PowerExtension><gpxtpx:PowerInWatts>114</gpxtpx:PowerInWatts></gpxtpx:PowerExtension></extensions></trkpt>
<trkpt lat="38.5763580" lon="-121.4573947">
<ele>7</ele><time>2025-01-28T18:24:06.000Z</time><extensions><gpxtpx:TrackPointExtension><gpxtpx:hr>83</gpxtpx:hr><gpxtpx:cad>72</gpxtpx:cad></gpxtpx:TrackPointExtension></extensions><extensions><gpxtpx:PowerExtension><gpxtpx:PowerInWatts>248</gpxtpx:PowerInWatts></gpxtpx:PowerExtension></extensions></trkpt>
<trkpt lat="38.5764054" lon="-121.4573504">
<ele>7</ele><time>2025-01-28T18:24:08.000Z</time><extensions><gpxtpx:TrackPointExtension><gpxtpx:hr>83</gpxtpx:hr><gpxtpx:cad>72</gpxtpx:cad></gpxtpx:TrackPointExtension></extensions><extensions><gpxtpx:PowerExtension><gpxtpx:PowerInWatts>185</gpxtpx:PowerInWatts></gpxtpx:PowerExtension></extensions></trkpt>
<trkpt lat="38.5764501" lon="-121.4573316">
<ele>7</ele><time>2025-01-28T18:24:10.000Z</time><extensions><gpxtpx:TrackPointExtension><gpxtpx:hr>83</gpxtpx:hr><gpxtpx:cad>74</gpxtpx:cad></gpxtpx:TrackPointExtension></extensions><extensions><gpxtpx:PowerExtension><gpxtpx:PowerInWatts>215</gpxtpx:PowerInWatts></gpxtpx:PowerExtension></extensions></trkpt>
<trkpt lat="38.5764938" lon="-121.4573163">
<ele>7</ele><time>2025-01-28T18:24:11.999Z</time><extensions><gpxtpx:TrackPointExtension><gpxtpx:hr>84</gpxtpx:hr><gpxtpx:cad>79</gpxtpx:cad></gpxtpx:TrackPointExtension></extensions><extensions><gpxtpx:PowerExtension><gpxtpx:PowerInWatts>215</gpxtpx:PowerInWatts></gpxtpx:PowerExtension></extensions></trkpt>
<trkpt lat="38.5765366" lon="-121.4572985">
<ele>7</ele><time>2025-01-28T18:24:13.999Z</time><extensions><gpxtpx:TrackPointExtension><gpxtpx:hr>85</gpxtpx:hr><gpxtpx:cad>80</gpxtpx:cad></gpxtpx:TrackPointExtension></extensions><extensions><gpxtpx:PowerExtension><gpxtpx:PowerInWatts>215</gpxtpx:PowerInWatts></gpxtpx:PowerExtension></extensions></trkpt>
<trkpt lat="38.5765859" lon="-121.4572717">
<ele>7</ele><time>2025-01-28T18:24:15.999Z</time><extensions><gpxtpx:TrackPointExtension><gpxtpx:hr>85</gpxtpx:hr><gpxtpx:cad>82</gpxtpx:cad></gpxtpx:TrackPointExtension></extensions><extensions><gpxtpx:PowerExtension><gpxtpx:PowerInWatts>206</gpxtpx:PowerInWatts></gpxtpx:PowerExtension></extensions></trkpt>
<trkpt lat="38.5766317" lon="-121.4572527">
<ele>7</ele><time>2025-01-28T18:24:17.999Z</time><extensions><gpxtpx:TrackPointExtension><gpxtpx:hr>85</gpxtpx:hr><gpxtpx:cad>84</gpxtpx:cad></gpxtpx:TrackPointExtension></extensions><extensions><gpxtpx:PowerExtension><gpxtpx:PowerInWatts>206</gpxtpx:PowerInWatts></gpxtpx:PowerExtension></extensions></trkpt>
<trkpt lat="38.5767178" lon="-121.4572409">
<ele>7</ele><time>2025-01-28T18:24:20.999Z</time><extensions><gpxtpx:TrackPointExtension><gpxtpx:hr>85</gpxtpx:hr><gpxtpx:cad>88</gpxtpx:cad></gpxtpx:TrackPointExtension></extensions><extensions><gpxtpx:PowerExtension><gpxtpx:PowerInWatts>204</gpxtpx:PowerInWatts></gpxtpx:PowerExtension></extensions></trkpt>
<trkpt lat="38.5767750" lon="-121.4572126">
<ele>7</ele><time>2025-01-28T18:24:22.999Z</time><extensions><gpxtpx:TrackPointExtension><gpxtpx:hr>87</gpxtpx:hr><gpxtpx:cad>79</gpxtpx:cad></gpxtpx:TrackPointExtension></extensions><extensions><gpxtpx:PowerExtension><gpxtpx:PowerInWatts>204</gpxtpx:PowerInWatts></gpxtpx:PowerExtension></extensions></trkpt>
<trkpt lat="38.5768269" lon="-121.4571920">
<ele>8</ele><time>2025-01-28T18:24:24.999Z</time><extensions><gpxtpx:TrackPointExtension><gpxtpx:hr>87</gpxtpx:hr><gpxtpx:cad>76</gpxtpx:cad></gpxtpx:TrackPointExtension></extensions><extensions><gpxtpx:PowerExtension><gpxtpx:PowerInWatts>204</gpxtpx:PowerInWatts></gpxtpx:PowerExtension></extensions></trkpt>
<trkpt lat="38.5768838" lon="-121.4571703">
<ele>8</ele><time>2025-01-28T18:24:26.999Z</time><extensions><gpxtpx:TrackPointExtension><gpxtpx:hr>87</gpxtpx:hr><gpxtpx:cad>76</gpxtpx:cad></gpxtpx:TrackPointExtension></extensions><extensions><gpxtpx:PowerExtension><gpxtpx:PowerInWatts>204</gpxtpx:PowerInWatts></gpxtpx:PowerExtension></extensions></trkpt>
<trkpt lat="38.5769264" lon="-121.4571514">
<ele>8</ele><time>2025-01-28T18:24:28.999Z</time><extensions><gpxtpx:TrackPointExtension><gpxtpx:hr>87</gpxtpx:hr><gpxtpx:cad>80</gpxtpx:cad></gpxtpx:TrackPointExtension></extensions><extensions><gpxtpx:PowerExtension><gpxtpx:PowerInWatts>209</gpxtpx:PowerInWatts></gpxtpx:PowerExtension></extensions></trkpt>
<trkpt lat="38.5769688" lon="-121.4570864">
<ele>8</ele><time>2025-01-28T18:24:30.999Z</time><extensions><gpxtpx:TrackPointExtension><gpxtpx:hr>89</gpxtpx:hr><gpxtpx:cad>82</gpxtpx:cad></gpxtpx:TrackPointExtension></extensions><extensions><gpxtpx:PowerExtension><gpxtpx:PowerInWatts>216</gpxtpx:PowerInWatts></gpxtpx:PowerExtension></extensions></trkpt>
<trkpt lat="38.5770257" lon="-121.4571101">
<ele>8</ele><time>2025-01-28T18:24:32.999Z</time><extensions><gpxtpx:TrackPointExtension><gpxtpx:hr>89</gpxtpx:hr><gpxtpx:cad>79</gpxtpx:cad></gpxtpx:TrackPointExtension></extensions><extensions><gpxtpx:PowerExtension><gpxtpx:PowerInWatts>216</gpxtpx:PowerInWatts></gpxtpx:PowerExtension></extensions></trkpt>
<trkpt lat="38.5770725" lon="-121.4570903">
<ele>8</ele><time>2025-01-28T18:24:34.999Z</time><extensions><gpxtpx:TrackPointExtension><gpxtpx:hr>89</gpxtpx:hr><gpxtpx:cad>78</gpxtpx:cad></gpxtpx:TrackPointExtension></extensions><extensions><gpxtpx:PowerExtension><gpxtpx:PowerInWatts>221</gpxtpx:PowerInWatts></gpxtpx:PowerExtension></extensions></trkpt>
<trkpt lat="38.5771287" lon="-121.4570664">
<ele>8</ele><time>2025-01-28T18:24:36.999Z</time><extensions><gpxtpx:TrackPointExtension><gpxtpx:hr>94</gpxtpx:hr><gpxtpx:cad>80</gpxtpx:cad></gpxtpx:TrackPointExtension></extensions><extensions><gpxtpx:PowerExtension><gpxtpx:PowerInWatts>221</gpxtpx:PowerInWatts></gpxtpx:PowerExtension></extensions></trkpt>
<trkpt lat="38.5771741" lon="-121.4570464">
<ele>8</ele><time>2025-01-28T18:24:38.999Z</time><extensions><gpxtpx:TrackPointExtension><gpxtpx:hr>94</gpxtpx:hr><gpxtpx:cad>80</gpxtpx:cad></gpxtpx:TrackPointExtension></extensions><extensions><gpxtpx:PowerExtension><gpxtpx:PowerInWatts>217</gpxtpx:PowerInWatts></gpxtpx:PowerExtension></extensions></trkpt>
<trkpt lat="38.5772255" lon="-121.4570233">
<ele>8</ele><time>2025-01-28T18:24:40.999Z</time><extensions><gpxtpx:TrackPointExtension><gpxtpx:hr>94</gpxtpx:hr><gpxtpx:cad>76</gpxtpx:cad></gpxtpx:TrackPointExtension></extensions><extensions><gpxtpx:PowerExtension><gpxtpx:PowerInWatts>217</gpxtpx:PowerInWatts></gpxtpx:PowerExtension></extensions></trkpt>
<trkpt lat="38.5772951" lon="-121.4569921">
<ele>7</ele><time>2025-01-28T18:24:42.999Z</time><extensions><gpxtpx:TrackPointExtension><gpxtpx:hr>100</gpxtpx:hr><gpxtpx:cad>76</gpxtpx:cad></gpxtpx:TrackPointExtension></extensions><extensions><gpxtpx:PowerExtension><gpxtpx:PowerInWatts>215</gpxtpx:PowerInWatts></gpxtpx:PowerExtension></extensions></trkpt>
<trkpt lat="38.5773530" lon="-121.4569661">
<ele>7</ele><time>2025-01-28T18:24:44.999Z</time><extensions><gpxtpx:TrackPointExtension><gpxtpx:hr>101</gpxtpx:hr><gpxtpx:cad>75</gpxtpx:cad></gpxtpx:TrackPointExtension></extensions><extensions><gpxtpx:PowerExtension><gpxtpx:PowerInWatts>215</gpxtpx:PowerInWatts></gpxtpx:PowerExtension></extensions></trkpt>
<trkpt lat="38.5773957" lon="-121.4569469">
<ele>7</ele><time>2025-01-28T18:24:46.999Z</time><extensions><gpxtpx:TrackPointExtension><gpxtpx:hr>101</gpxtpx:hr><gpxtpx:cad>68</gpxtpx:cad></gpxtpx:TrackPointExtension></extensions><extensions><gpxtpx:PowerExtension><gpxtpx:PowerInWatts>215</gpxtpx:PowerInWatts></gpxtpx:PowerExtension></extensions></trkpt>
<trkpt lat="38.5774482" lon="-121.4569241">
<ele>7</ele><time>2025-01-28T18:24:48.999Z</time><extensions><gpxtpx:TrackPointExtension><gpxtpx:hr>103</gpxtpx:hr><gpxtpx:cad>72</gpxtpx:cad></gpxtpx:TrackPointExtension></extensions><extensions><gpxtpx:PowerExtension><gpxtpx:PowerInWatts>215</gpxtpx:PowerInWatts></gpxtpx:PowerExtension></extensions></trkpt>
<trkpt lat="38.5774987" lon="-121.4569026">
<ele>7</ele><time>2025-01-28T18:24:50.999Z</time><extensions><gpxtpx:TrackPointExtension><gpxtpx:hr>103</gpxtpx:hr><gpxtpx:cad>78</gpxtpx:cad></gpxtpx:TrackPointExtension></extensions><extensions><gpxtpx:PowerExtension><gpxtpx:PowerInWatts>222</gpxtpx:PowerInWatts></gpxtpx:PowerExtension></extensions></trkpt>
<trkpt lat="38.5775487" lon="-121.4568814">
<ele>7</ele><time>2025-01-28T18:24:52.999Z</time><extensions><gpxtpx:TrackPointExtension><gpxtpx:hr>106</gpxtpx:hr><gpxtpx:cad>81</gpxtpx:cad></gpxtpx:TrackPointExtension></extensions><extensions><gpxtpx:PowerExtension><gpxtpx:PowerInWatts>220</gpxtpx:PowerInWatts></gpxtpx:PowerExtension></extensions></trkpt>
<trkpt lat="38.5776044" lon="-121.4568578">
<ele>7</ele><time>2025-01-28T18:24:54.999Z</time><extensions><gpxtpx:TrackPointExtension><gpxtpx:hr>110</gpxtpx:hr><gpxtpx:cad>81</gpxtpx:cad></gpxtpx:TrackPointExtension></extensions><extensions><gpxtpx:PowerExtension><gpxtpx:PowerInWatts>220</gpxtpx:PowerInWatts></gpxtpx:PowerExtension></extensions></trkpt>
<trkpt lat="38.5776650" lon="-121.4568213">
<ele>7</ele><time>2025-01-28T18:24:56.999Z</time><extensions><gpxtpx:TrackPointExtension><gpxtpx:hr>113</gpxtpx:hr><gpxtpx:cad>77</gpxtpx:cad></gpxtpx:TrackPointExtension></extensions><extensions><gpxtpx:PowerExtension><gpxtpx:PowerInWatts>220</gpxtpx:PowerInWatts></gpxtpx:PowerExtension></extensions></trkpt>
<trkpt lat="38.5777339" lon="-121.4567911">
<ele>7</ele><time>2025-01-28T18:24:59.999Z</time><extensions><gpxtpx:TrackPointExtension><gpxtpx:hr>120</gpxtpx:hr><gpxtpx:cad>76</gpxtpx:cad></gpxtpx:TrackPointExtension></extensions><extensions><gpxtpx:PowerExtension><gpxtpx:PowerInWatts>219</gpxtpx:PowerInWatts></gpxtpx:PowerExtension></extensions></trkpt>
<trkpt lat="38.5777807" lon="-121.4567668">
<ele>7</ele><time>2025-01-28T18:25:01.999Z</time><extensions><gpxtpx:TrackPointExtension><gpxtpx:hr>123</gpxtpx:hr><gpxtpx:cad>77</gpxtpx:cad></gpxtpx:TrackPointExtension></extensions><extensions><gpxtpx:PowerExtension><gpxtpx:PowerInWatts>219</gpxtpx:PowerInWatts></gpxtpx:PowerExtension></extensions></trkpt>
<trkpt lat="38.5778277" lon="-121.4567225">
<ele>7</ele><time>2025-01-28T18:25:03.999Z</time><extensions><gpxtpx:TrackPointExtension><gpxtpx:hr>124</gpxtpx:hr><gpxtpx:cad>77</gpxtpx:cad></gpxtpx:TrackPointExtension></extensions><extensions><gpxtpx:PowerExtension><gpxtpx:PowerInWatts>222</gpxtpx:PowerInWatts></gpxtpx:PowerExtension></extensions></trkpt>
<trkpt lat="38.5778780" lon="-121.4566886">
<ele>7</ele><time>2025-01-28T18:25:05.999Z</time><extensions><gpxtpx:TrackPointExtension><gpxtpx:hr>126</gpxtpx:hr><gpxtpx:cad>79</gpxtpx:cad></gpxtpx:TrackPointExtension></extensions><extensions><gpxtpx:PowerExtension><gpxtpx:PowerInWatts>222</gpxtpx:PowerInWatts></gpxtpx:PowerExtension></extensions></trkpt>
<trkpt lat="38.5779287" lon="-121.4566419">
<ele>7</ele><time>2025-01-28T18:25:07.999Z</time><extensions><gpxtpx:TrackPointExtension><gpxtpx:hr>126</gpxtpx:hr><gpxtpx:cad>76</gpxtpx:cad></gpxtpx:TrackPointExtension></extensions><extensions><gpxtpx:PowerExtension><gpxtpx:PowerInWatts>222</gpxtpx:PowerInWatts></gpxtpx:PowerExtension></extensions></trkpt>
<trkpt lat="38.5779771" lon="-121.4566213">
<ele>8</ele><time>2025-01-28T18:25:10.999Z</time><extensions><gpxtpx:TrackPointExtension><gpxtpx:hr>126</gpxtpx:hr><gpxtpx:cad>77</gpxtpx:cad></gpxtpx:TrackPointExtension></extensions><extensions><gpxtpx:PowerExtension><gpxtpx:PowerInWatts>227</gpxtpx:PowerInWatts></gpxtpx:PowerExtension></extensions></trkpt>
<trkpt lat="38.5780221" lon="-121.4566129">
<ele>8</ele><time>2025-01-28T18:25:12.999Z</time><extensions><gpxtpx:TrackPointExtension><gpxtpx:hr>126</gpxtpx:hr><gpxtpx:cad>81</gpxtpx:cad></gpxtpx:TrackPointExtension></extensions><extensions><gpxtpx:PowerExtension><gpxtpx:PowerInWatts>227</gpxtpx:PowerInWatts></gpxtpx:PowerExtension></extensions></trkpt>
<trkpt lat="38.5780820" lon="-121.4565997">
<ele>8</ele><time>2025-01-28T18:25:14.999Z</time><extensions><gpxtpx:TrackPointExtension><gpxtpx:hr>126</gpxtpx:hr><gpxtpx:cad>79</gpxtpx:cad></gpxtpx:TrackPointExtension></extensions><extensions><gpxtpx:PowerExtension><gpxtpx:PowerInWatts>230</gpxtpx:PowerInWatts></gpxtpx:PowerExtension></extensions></trkpt>
<trkpt lat="38.5781230" lon="-121.4565755">
<ele>8</ele><time>2025-01-28T18:25:16.999Z</time><extensions><gpxtpx:TrackPointExtension><gpxtpx:hr>126</gpxtpx:hr><gpxtpx:cad>79</gpxtpx:cad></gpxtpx:TrackPointExtension></extensions><extensions><gpxtpx:PowerExtension><gpxtpx:PowerInWatts>230</gpxtpx:PowerInWatts></gpxtpx:PowerExtension></extensions></trkpt>
<trkpt lat="38.5781904" lon="-121.4565767">
<ele>8</ele><time>2025-01-28T18:25:18.999Z</time><extensions><gpxtpx:TrackPointExtension><gpxtpx:hr>126</gpxtpx:hr><gpxtpx:cad>78</gpxtpx:cad></gpxtpx:TrackPointExtension></extensions><extensions><gpxtpx:PowerExtension><gpxtpx:PowerInWatts>226</gpxtpx:PowerInWatts></gpxtpx:PowerExtension></extensions></trkpt>
<trkpt lat="38.5782453" lon="-121.4565462">
<ele>8</ele><time>2025-01-28T18:25:20.999Z</time><extensions><gpxtpx:TrackPointExtension><gpxtpx:hr>126</gpxtpx:hr><gpxtpx:cad>77</gpxtpx:cad></gpxtpx:TrackPointExtension></extensions><extensions><gpxtpx:PowerExtension><gpxtpx:PowerInWatts>226</gpxtpx:PowerInWatts></gpxtpx:PowerExtension></extensions></trkpt>
<trkpt lat="38.5782897" lon="-121.4565332">
<ele>8</ele><time>2025-01-28T18:25:22.999Z</time><extensions><gpxtpx:TrackPointExtension><gpxtpx:hr>126</gpxtpx:hr><gpxtpx:cad>74</gpxtpx:cad></gpxtpx:TrackPointExtension></extensions><extensions><gpxtpx:PowerExtension><gpxtpx:PowerInWatts>221</gpxtpx:PowerInWatts></gpxtpx:PowerExtension></extensions></trkpt>
<trkpt lat="38.5783497" lon="-121.4565073">
<ele>8</ele><time>2025-01-28T18:25:24.999Z</time><extensions><gpxtpx:TrackPointExtension><gpxtpx:hr>127</gpxtpx:hr><gpxtpx:cad>75</gpxtpx:cad></gpxtpx:TrackPointExtension></extensions><extensions><gpxtpx:PowerExtension><gpxtpx:PowerInWatts>225</gpxtpx:PowerInWatts></gpxtpx:PowerExtension></extensions></trkpt>
<trkpt lat="38.5784052" lon="-121.4565041">
<ele>8</ele><time>2025-01-28T18:25:26.999Z</time><extensions><gpxtpx:TrackPointExtension><gpxtpx:hr>127</gpxtpx:hr><gpxtpx:cad>72</gpxtpx:cad></gpxtpx:TrackPointExtension></extensions><extensions><gpxtpx:PowerExtension><gpxtpx:PowerInWatts>225</gpxtpx:PowerInWatts></gpxtpx:PowerExtension></extensions></trkpt>
<trkpt lat="38.5784757" lon="-121.4564785">
<ele>8</ele><time>2025-01-28T18:25:29.999Z</time><extensions><gpxtpx:TrackPointExtension><gpxtpx:hr>127</gpxtpx:hr><gpxtpx:cad>76</gpxtpx:cad></gpxtpx:TrackPointExtension></extensions><extensions><gpxtpx:PowerExtension><gpxtpx:PowerInWatts>224</gpxtpx:PowerInWatts></gpxtpx:PowerExtension></extensions></trkpt>
<trkpt lat="38.5785371" lon="-121.4564583">
<ele>8</ele><time>2025-01-28T18:25:31.999Z</time><extensions><gpxtpx:TrackPointExtension><gpxtpx:hr>127</gpxtpx:hr><gpxtpx:cad>75</gpxtpx:cad></gpxtpx:TrackPointExtension></extensions><extensions><gpxtpx:PowerExtension><gpxtpx:PowerInWatts>227</gpxtpx:PowerInWatts></gpxtpx:PowerExtension></extensions></trkpt>
<trkpt lat="38.5785845" lon="-121.4564382">
<ele>8</ele><time>2025-01-28T18:25:33.999Z</time><extensions><gpxtpx:TrackPointExtension><gpxtpx:hr>128</gpxtpx:hr><gpxtpx:cad>73</gpxtpx:cad></gpxtpx:TrackPointExtension></extensions><extensions><gpxtpx:PowerExtension><gpxtpx:PowerInWatts>225</gpxtpx:PowerInWatts></gpxtpx:PowerExtension></extensions></trkpt>
<trkpt lat="38.5786617" lon="-121.4564054">
<ele>8</ele><time>2025-01-28T18:25:37.999Z</time><extensions><gpxtpx:TrackPointExtension><gpxtpx:hr>128</gpxtpx:hr><gpxtpx:cad>76</gpxtpx:cad></gpxtpx:TrackPointExtension></extensions><extensions><gpxtpx:PowerExtension><gpxtpx:PowerInWatts>225</gpxtpx:PowerInWatts></gpxtpx:PowerExtension></extensions></trkpt>
<trkpt lat="38.5787085" lon="-121.4563856">
<ele>8</ele><time>2025-01-28T18:25:39.999Z</time><extensions><gpxtpx:TrackPointExtension><gpxtpx:hr>128</gpxtpx:hr><gpxtpx:cad>76</gpxtpx:cad></gpxtpx:TrackPointExtension></extensions><extensions><gpxtpx:PowerExtension><gpxtpx:PowerInWatts>230</gpxtpx:PowerInWatts></gpxtpx:PowerExtension></extensions></trkpt>
<trkpt lat="38.5787772" lon="-121.4563565">
<ele>8</ele><time>2025-01-28T18:25:42.999Z</time><extensions><gpxtpx:TrackPointExtension><gpxtpx:hr>129</gpxtpx:hr><gpxtpx:cad>75</gpxtpx:cad></gpxtpx:TrackPointExtension></extensions><extensions><gpxtpx:PowerExtension><gpxtpx:PowerInWatts>230</gpxtpx:PowerInWatts></gpxtpx:PowerExtension></extensions></trkpt>
<trkpt lat="38.5788232" lon="-121.4563358">
<ele>8</ele><time>2025-01-28T18:25:44.999Z</time><extensions><gpxtpx:TrackPointExtension><gpxtpx:hr>129</gpxtpx:hr><gpxtpx:cad>77</gpxtpx:cad></gpxtpx:TrackPointExtension></extensions><extensions><gpxtpx:PowerExtension><gpxtpx:PowerInWatts>221</gpxtpx:PowerInWatts></gpxtpx:PowerExtension></extensions></trkpt>
<trkpt lat="38.5788683" lon="-121.4563146">
<ele>8</ele><time>2025-01-28T18:25:47.999Z</time><extensions><gpxtpx:TrackPointExtension><gpxtpx:hr>128</gpxtpx:hr><gpxtpx:cad>75</gpxtpx:cad></gpxtpx:TrackPointExtension></extensions><extensions><gpxtpx:PowerExtension><gpxtpx:PowerInWatts>219</gpxtpx:PowerInWatts></gpxtpx:PowerExtension></extensions></trkpt>
<trkpt lat="38.5789100" lon="-121.4564163">
<ele>8</ele><time>2025-01-28T18:25:50.999Z</time><extensions><gpxtpx:TrackPointExtension><gpxtpx:hr>126</gpxtpx:hr><gpxtpx:cad>74</gpxtpx:cad></gpxtpx:TrackPointExtension></extensions><extensions><gpxtpx:PowerExtension><gpxtpx:PowerInWatts>219</gpxtpx:PowerInWatts></gpxtpx:PowerExtension></extensions></trkpt>
<trkpt lat="38.5789133" lon="-121.4564784">
<ele>8</ele><time>2025-01-28T18:25:52.999Z</time><extensions><gpxtpx:TrackPointExtension><gpxtpx:hr>124</gpxtpx:hr><gpxtpx:cad>75</gpxtpx:cad></gpxtpx:TrackPointExtension></extensions><extensions><gpxtpx:PowerExtension><gpxtpx:PowerInWatts>217</gpxtpx:PowerInWatts></gpxtpx:PowerExtension></extensions></trkpt>
<trkpt lat="38.5789312" lon="-121.4565453">
<ele>8</ele><time>2025-01-28T18:25:54.999Z</time><extensions><gpxtpx:TrackPointExtension><gpxtpx:hr>122</gpxtpx:hr><gpxtpx:cad>78</gpxtpx:cad></gpxtpx:TrackPointExtension></extensions><extensions><gpxtpx:PowerExtension><gpxtpx:PowerInWatts>210</gpxtpx:PowerInWatts></gpxtpx:PowerExtension></extensions></trkpt>
<trkpt lat="38.5789410" lon="-121.4566249">
<ele>8</ele><time>2025-01-28T18:25:57.999Z</time><extensions><gpxtpx:TrackPointExtension><gpxtpx:hr>122</gpxtpx:hr><gpxtpx:cad>77</gpxtpx:cad></gpxtpx:TrackPointExtension></extensions><extensions><gpxtpx:PowerExtension><gpxtpx:PowerInWatts>210</gpxtpx:PowerInWatts></gpxtpx:PowerExtension></extensions></trkpt>
<trkpt lat="38.5789315" lon="-121.4567060">
<ele>8</ele><time>2025-01-28T18:26:00.999Z</time><extensions><gpxtpx:TrackPointExtension><gpxtpx:hr>121</gpxtpx:hr><gpxtpx:cad>75</gpxtpx:cad></gpxtpx:TrackPointExtension></extensions><extensions><gpxtpx:PowerExtension><gpxtpx:PowerInWatts>207</gpxtpx:PowerInWatts></gpxtpx:PowerExtension></extensions></trkpt>
<trkpt lat="38.5789498" lon="-121.4567784">
<ele>8</ele><time>2025-01-28T18:26:02.999Z</time><extensions><gpxtpx:TrackPointExtension><gpxtpx:hr>122</gpxtpx:hr><gpxtpx:cad>77</gpxtpx:cad></gpxtpx:TrackPointExtension></extensions><extensions><gpxtpx:PowerExtension><gpxtpx:PowerInWatts>203</gpxtpx:PowerInWatts></gpxtpx:PowerExtension></extensions></trkpt>
<trkpt lat="38.5789724" lon="-121.4568621">
<ele>8</ele><time>2025-01-28T18:26:05.999Z</time><extensions><gpxtpx:TrackPointExtension><gpxtpx:hr>127</gpxtpx:hr><gpxtpx:cad>80</gpxtpx:cad></gpxtpx:TrackPointExtension></extensions><extensions><gpxtpx:PowerExtension><gpxtpx:PowerInWatts>203</gpxtpx:PowerInWatts></gpxtpx:PowerExtension></extensions></trkpt>
<trkpt lat="38.5789891" lon="-121.4569216">
<ele>8</ele><time>2025-01-28T18:26:07.999Z</time><extensions><gpxtpx:TrackPointExtension><gpxtpx:hr>127</gpxtpx:hr><gpxtpx:cad>80</gpxtpx:cad></gpxtpx:TrackPointExtension></extensions><extensions><gpxtpx:PowerExtension><gpxtpx:PowerInWatts>204</gpxtpx:PowerInWatts></gpxtpx:PowerExtension></extensions></trkpt>
<trkpt lat="38.5790115" lon="-121.4569918">
<ele>8</ele><time>2025-01-28T18:26:09.999Z</time><extensions><gpxtpx:TrackPointExtension><gpxtpx:hr>130</gpxtpx:hr><gpxtpx:cad>80</gpxtpx:cad></gpxtpx:TrackPointExtension></extensions><extensions><gpxtpx:PowerExtension><gpxtpx:PowerInWatts>203</gpxtpx:PowerInWatts></gpxtpx:PowerExtension></extensions></trkpt>
<trkpt lat="38.5790348" lon="-121.4570822">
<ele>8</ele><time>2025-01-28T18:26:12.999Z</time><extensions><gpxtpx:TrackPointExtension><gpxtpx:hr>130</gpxtpx:hr><gpxtpx:cad>78</gpxtpx:cad></gpxtpx:TrackPointExtension></extensions><extensions><gpxtpx:PowerExtension><gpxtpx:PowerInWatts>203</gpxtpx:PowerInWatts></gpxtpx:PowerExtension></extensions></trkpt>
<trkpt lat="38.5790478" lon="-121.4571804">
<ele>8</ele><time>2025-01-28T18:26:15.999Z</time><extensions><gpxtpx:TrackPointExtension><gpxtpx:hr>131</gpxtpx:hr><gpxtpx:cad>77</gpxtpx:cad></gpxtpx:TrackPointExtension></extensions><extensions><gpxtpx:PowerExtension><gpxtpx:PowerInWatts>206</gpxtpx:PowerInWatts></gpxtpx:PowerExtension></extensions></trkpt>
<trkpt lat="38.5790734" lon="-121.4572419">
<ele>8</ele><time>2025-01-28T18:26:17.999Z</time><extensions><gpxtpx:TrackPointExtension><gpxtpx:hr>131</gpxtpx:hr><gpxtpx:cad>78</gpxtpx:cad></gpxtpx:TrackPointExtension></extensions><extensions><gpxtpx:PowerExtension><gpxtpx:PowerInWatts>208</gpxtpx:PowerInWatts></gpxtpx:PowerExtension></extensions></trkpt>
<trkpt lat="38.5790915" lon="-121.4573094">
<ele>8</ele><time>2025-01-28T18:26:19.999Z</time><extensions><gpxtpx:TrackPointExtension><gpxtpx:hr>131</gpxtpx:hr><gpxtpx:cad>77</gpxtpx:cad></gpxtpx:TrackPointExtension></extensions><extensions><gpxtpx:PowerExtension><gpxtpx:PowerInWatts>208</gpxtpx:PowerInWatts></gpxtpx:PowerExtension></extensions></trkpt>
<trkpt lat="38.5791060" lon="-121.4573764">
<ele>8</ele><time>2025-01-28T18:26:21.999Z</time><extensions><gpxtpx:TrackPointExtension><gpxtpx:hr>131</gpxtpx:hr><gpxtpx:cad>77</gpxtpx:cad></gpxtpx:TrackPointExtension></extensions><extensions><gpxtpx:PowerExtension><gpxtpx:PowerInWatts>208</gpxtpx:PowerInWatts></gpxtpx:PowerExtension></extensions></trkpt>
<trkpt lat="38.5791159" lon="-121.4574517">
<ele>8</ele><time>2025-01-28T18:26:23.999Z</time><extensions><gpxtpx:TrackPointExtension><gpxtpx:hr>131</gpxtpx:hr><gpxtpx:cad>77</gpxtpx:cad></gpxtpx:TrackPointExtension></extensions><extensions><gpxtpx:PowerExtension><gpxtpx:PowerInWatts>207</gpxtpx:PowerInWatts></gpxtpx:PowerExtension></extensions></trkpt>
<trkpt lat="38.5791450" lon="-121.4575490">
<ele>8</ele><time>2025-01-28T18:26:26.999Z</time><extensions><gpxtpx:TrackPointExtension><gpxtpx:hr>131</gpxtpx:hr><gpxtpx:cad>78</gpxtpx:cad></gpxtpx:TrackPointExtension></extensions><extensions><gpxtpx:PowerExtension><gpxtpx:PowerInWatts>211</gpxtpx:PowerInWatts></gpxtpx:PowerExtension></extensions></trkpt>
<trkpt lat="38.5791611" lon="-121.4576172">
<ele>8</ele><time>2025-01-28T18:26:28.999Z</time><extensions><gpxtpx:TrackPointExtension><gpxtpx:hr>131</gpxtpx:hr><gpxtpx:cad>75</gpxtpx:cad></gpxtpx:TrackPointExtension></extensions><extensions><gpxtpx:PowerExtension><gpxtpx:PowerInWatts>211</gpxtpx:PowerInWatts></gpxtpx:PowerExtension></extensions></trkpt>
<trkpt lat="38.5791765" lon="-121.4576839">
<ele>8</ele><time>2025-01-28T18:26:30.999Z</time><extensions><gpxtpx:TrackPointExtension><gpxtpx:hr>131</gpxtpx:hr><gpxtpx:cad>75</gpxtpx:cad></gpxtpx:TrackPointExtension></extensions><extensions><gpxtpx:PowerExtension><gpxtpx:PowerInWatts>211</gpxtpx:PowerInWatts></gpxtpx:PowerExtension></extensions></trkpt>
<trkpt lat="38.5792047" lon="-121.4577675">
<ele>9</ele><time>2025-01-28T18:26:33.999Z</time><extensions><gpxtpx:TrackPointExtension><gpxtpx:hr>131</gpxtpx:hr><gpxtpx:cad>74</gpxtpx:cad></gpxtpx:TrackPointExtension></extensions><extensions><gpxtpx:PowerExtension><gpxtpx:PowerInWatts>213</gpxtpx:PowerInWatts></gpxtpx:PowerExtension></extensions></trkpt>
<trkpt lat="38.5792385" lon="-121.4578196">
<ele>9</ele><time>2025-01-28T18:26:35.999Z</time><extensions><gpxtpx:TrackPointExtension><gpxtpx:hr>131</gpxtpx:hr><gpxtpx:cad>69</gpxtpx:cad></gpxtpx:TrackPointExtension></extensions><extensions><gpxtpx:PowerExtension><gpxtpx:PowerInWatts>213</gpxtpx:PowerInWatts></gpxtpx:PowerExtension></extensions></trkpt>
<trkpt lat="38.5792456" lon="-121.4578806">
<ele>9</ele><time>2025-01-28T18:26:37.999Z</time><extensions><gpxtpx:TrackPointExtension><gpxtpx:hr>132</gpxtpx:hr><gpxtpx:cad>66</gpxtpx:cad></gpxtpx:TrackPointExtension></extensions><extensions><gpxtpx:PowerExtension><gpxtpx:PowerInWatts>199</gpxtpx:PowerInWatts></gpxtpx:PowerExtension></extensions></trkpt>
<trkpt lat="38.5792612" lon="-121.4579440">
<ele>9</ele><time>2025-01-28T18:26:39.999Z</time><extensions><gpxtpx:TrackPointExtension><gpxtpx:hr>132</gpxtpx:hr><gpxtpx:cad>68</gpxtpx:cad></gpxtpx:TrackPointExtension></extensions><extensions><gpxtpx:PowerExtension><gpxtpx:PowerInWatts>199</gpxtpx:PowerInWatts></gpxtpx:PowerExtension></extensions></trkpt>
<trkpt lat="38.5792752" lon="-121.4580019">
<ele>9</ele><time>2025-01-28T18:26:41.999Z</time><extensions><gpxtpx:TrackPointExtension><gpxtpx:hr>132</gpxtpx:hr><gpxtpx:cad>74</gpxtpx:cad></gpxtpx:TrackPointExtension></extensions><extensions><gpxtpx:PowerExtension><gpxtpx:PowerInWatts>199</gpxtpx:PowerInWatts></gpxtpx:PowerExtension></extensions></trkpt>
<trkpt lat="38.5792910" lon="-121.4580623">
<ele>9</ele><time>2025-01-28T18:26:43.999Z</time><extensions><gpxtpx:TrackPointExtension><gpxtpx:hr>132</gpxtpx:hr><gpxtpx:cad>74</gpxtpx:cad></gpxtpx:TrackPointExtension></extensions><extensions><gpxtpx:PowerExtension><gpxtpx:PowerInWatts>193</gpxtpx:PowerInWatts></gpxtpx:PowerExtension></extensions></trkpt>
<trkpt lat="38.5793040" lon="-121.4581237">
<ele>9</ele><time>2025-01-28T18:26:45.999Z</time><extensions><gpxtpx:TrackPointExtension><gpxtpx:hr>132</gpxtpx:hr><gpxtpx:cad>74</gpxtpx:cad></gpxtpx:TrackPointExtension></extensions><extensions><gpxtpx:PowerExtension><gpxtpx:PowerInWatts>193</gpxtpx:PowerInWatts></gpxtpx:PowerExtension></extensions></trkpt>
<trkpt lat="38.5793153" lon="-121.4581817">
<ele>9</ele><time>2025-01-28T18:26:47.999Z</time><extensions><gpxtpx:TrackPointExtension><gpxtpx:hr>132</gpxtpx:hr><gpxtpx:cad>76</gpxtpx:cad></gpxtpx:TrackPointExtension></extensions><extensions><gpxtpx:PowerExtension><gpxtpx:PowerInWatts>196</gpxtpx:PowerInWatts></gpxtpx:PowerExtension></extensions></trkpt>
<trkpt lat="38.5793502" lon="-121.4582548">
<ele>9</ele><time>2025-01-28T18:26:49.999Z</time><extensions><gpxtpx:TrackPointExtension><gpxtpx:hr>132</gpxtpx:hr><gpxtpx:cad>75</gpxtpx:cad></gpxtpx:TrackPointExtension></extensions><extensions><gpxtpx:PowerExtension><gpxtpx:PowerInWatts>196</gpxtpx:PowerInWatts></gpxtpx:PowerExtension></extensions></trkpt>
<trkpt lat="38.5793522" lon="-121.4583172">
<ele>9</ele><time>2025-01-28T18:26:51.999Z</time><extensions><gpxtpx:TrackPointExtension><gpxtpx:hr>132</gpxtpx:hr><gpxtpx:cad>75</gpxtpx:cad></gpxtpx:TrackPointExtension></extensions><extensions><gpxtpx:PowerExtension><gpxtpx:PowerInWatts>196</gpxtpx:PowerInWatts></gpxtpx:PowerExtension></extensions></trkpt>
<trkpt lat="38.5793241" lon="-121.4583644">
<ele>9</ele><time>2025-01-28T18:26:54.999Z</time><extensions><gpxtpx:TrackPointExtension><gpxtpx:hr>132</gpxtpx:hr><gpxtpx:cad>73</gpxtpx:cad></gpxtpx:TrackPointExtension></extensions><extensions><gpxtpx:PowerExtension><gpxtpx:PowerInWatts>196</gpxtpx:PowerInWatts></gpxtpx:PowerExtension></extensions></trkpt>
<trkpt lat="38.5792601" lon="-121.4583757">
<ele>9</ele><time>2025-01-28T18:26:56.999Z</time><extensions><gpxtpx:TrackPointExtension><gpxtpx:hr>132</gpxtpx:hr><gpxtpx:cad>72</gpxtpx:cad></gpxtpx:TrackPointExtension></extensions><extensions><gpxtpx:PowerExtension><gpxtpx:PowerInWatts>203</gpxtpx:PowerInWatts></gpxtpx:PowerExtension></extensions></trkpt>
<trkpt lat="38.5792131" lon="-121.4583922">
<ele>9</ele><time>2025-01-28T18:26:58.999Z</time><extensions><gpxtpx:TrackPointExtension><gpxtpx:hr>132</gpxtpx:hr><gpxtpx:cad>72</gpxtpx:cad></gpxtpx:TrackPointExtension></extensions><extensions><gpxtpx:PowerExtension><gpxtpx:PowerInWatts>209</gpxtpx:PowerInWatts></gpxtpx:PowerExtension></extensions></trkpt>
<trkpt lat="38.5791580" lon="-121.4584078">
<ele>9</ele><time>2025-01-28T18:27:00.999Z</time><extensions><gpxtpx:TrackPointExtension><gpxtpx:hr>132</gpxtpx:hr><gpxtpx:cad>73</gpxtpx:cad></gpxtpx:TrackPointExtension></extensions><extensions><gpxtpx:PowerExtension><gpxtpx:PowerInWatts>204</gpxtpx:PowerInWatts></gpxtpx:PowerExtension></extensions></trkpt>
<trkpt lat="38.5791126" lon="-121.4584440">
<ele>9</ele><time>2025-01-28T18:27:02.999Z</time><extensions><gpxtpx:TrackPointExtension><gpxtpx:hr>132</gpxtpx:hr><gpxtpx:cad>75</gpxtpx:cad></gpxtpx:TrackPointExtension></extensions><extensions><gpxtpx:PowerExtension><gpxtpx:PowerInWatts>204</gpxtpx:PowerInWatts></gpxtpx:PowerExtension></extensions></trkpt>
<trkpt lat="38.5790543" lon="-121.4584616">
<ele>9</ele><time>2025-01-28T18:27:05.999Z</time><extensions><gpxtpx:TrackPointExtension><gpxtpx:hr>133</gpxtpx:hr><gpxtpx:cad>79</gpxtpx:cad></gpxtpx:TrackPointExtension></extensions><extensions><gpxtpx:PowerExtension><gpxtpx:PowerInWatts>213</gpxtpx:PowerInWatts></gpxtpx:PowerExtension></extensions></trkpt>
<trkpt lat="38.5789931" lon="-121.4584934">
<ele>9</ele><time>2025-01-28T18:27:07.999Z</time><extensions><gpxtpx:TrackPointExtension><gpxtpx:hr>133</gpxtpx:hr><gpxtpx:cad>78</gpxtpx:cad></gpxtpx:TrackPointExtension></extensions><extensions><gpxtpx:PowerExtension><gpxtpx:PowerInWatts>213</gpxtpx:PowerInWatts></gpxtpx:PowerExtension></extensions></trkpt>
<trkpt lat="38.5789303" lon="-121.4585196">
<ele>9</ele><time>2025-01-28T18:27:10.999Z</time><extensions><gpxtpx:TrackPointExtension><gpxtpx:hr>132</gpxtpx:hr><gpxtpx:cad>79</gpxtpx:cad></gpxtpx:TrackPointExtension></extensions><extensions><gpxtpx:PowerExtension><gpxtpx:PowerInWatts>213</gpxtpx:PowerInWatts></gpxtpx:PowerExtension></extensions></trkpt>
<trkpt lat="38.5788755" lon="-121.4585260">
<ele>9</ele><time>2025-01-28T18:27:12.999Z</time><extensions><gpxtpx:TrackPointExtension><gpxtpx:hr>132</gpxtpx:hr><gpxtpx:cad>78</gpxtpx:cad></gpxtpx:TrackPointExtension></extensions><extensions><gpxtpx:PowerExtension><gpxtpx:PowerInWatts>213</gpxtpx:PowerInWatts></gpxtpx:PowerExtension></extensions></trkpt>
<trkpt lat="38.5788259" lon="-121.4585614">
<ele>9</ele><time>2025-01-28T18:27:14.999Z</time><extensions><gpxtpx:TrackPointExtension><gpxtpx:hr>132</gpxtpx:hr><gpxtpx:cad>78</gpxtpx:cad></gpxtpx:TrackPointExtension></extensions><extensions><gpxtpx:PowerExtension><gpxtpx:PowerInWatts>213</gpxtpx:PowerInWatts></gpxtpx:PowerExtension></extensions></trkpt>
<trkpt lat="38.5787813" lon="-121.4585794">
<ele>9</ele><time>2025-01-28T18:27:16.999Z</time><extensions><gpxtpx:TrackPointExtension><gpxtpx:hr>132</gpxtpx:hr><gpxtpx:cad>77</gpxtpx:cad></gpxtpx:TrackPointExtension></extensions><extensions><gpxtpx:PowerExtension><gpxtpx:PowerInWatts>216</gpxtpx:PowerInWatts></gpxtpx:PowerExtension></extensions></trkpt>
<trkpt lat="38.5787375" lon="-121.4586107">
<ele>9</ele><time>2025-01-28T18:27:18.999Z</time><extensions><gpxtpx:TrackPointExtension><gpxtpx:hr>132</gpxtpx:hr><gpxtpx:cad>73</gpxtpx:cad></gpxtpx:TrackPointExtension></extensions><extensions><gpxtpx:PowerExtension><gpxtpx:PowerInWatts>219</gpxtpx:PowerInWatts></gpxtpx:PowerExtension></extensions></trkpt>
<trkpt lat="38.5786875" lon="-121.4586429">
<ele>9</ele><time>2025-01-28T18:27:20.999Z</time><extensions><gpxtpx:TrackPointExtension><gpxtpx:hr>132</gpxtpx:hr><gpxtpx:cad>74</gpxtpx:cad></gpxtpx:TrackPointExtension></extensions><extensions><gpxtpx:PowerExtension><gpxtpx:PowerInWatts>219</gpxtpx:PowerInWatts></gpxtpx:PowerExtension></extensions></trkpt>
<trkpt lat="38.5786460" lon="-121.4586713">
<ele>9</ele><time>2025-01-28T18:27:22.999Z</time><extensions><gpxtpx:TrackPointExtension><gpxtpx:hr>132</gpxtpx:hr><gpxtpx:cad>73</gpxtpx:cad></gpxtpx:TrackPointExtension></extensions><extensions><gpxtpx:PowerExtension><gpxtpx:PowerInWatts>217</gpxtpx:PowerInWatts></gpxtpx:PowerExtension></extensions></trkpt>
<trkpt lat="38.5785980" lon="-121.4586889">
<ele>9</ele><time>2025-01-28T18:27:24.999Z</time><extensions><gpxtpx:TrackPointExtension><gpxtpx:hr>133</gpxtpx:hr><gpxtpx:cad>74</gpxtpx:cad></gpxtpx:TrackPointExtension></extensions><extensions><gpxtpx:PowerExtension><gpxtpx:PowerInWatts>217</gpxtpx:PowerInWatts></gpxtpx:PowerExtension></extensions></trkpt>
<trkpt lat="38.5785460" lon="-121.4586932">
<ele>9</ele><time>2025-01-28T18:27:26.999Z</time><extensions><gpxtpx:TrackPointExtension><gpxtpx:hr>133</gpxtpx:hr><gpxtpx:cad>76</gpxtpx:cad></gpxtpx:TrackPointExtension></extensions><extensions><gpxtpx:PowerExtension><gpxtpx:PowerInWatts>220</gpxtpx:PowerInWatts></gpxtpx:PowerExtension></extensions></trkpt>
<trkpt lat="38.5784968" lon="-121.4587212">
<ele>9</ele><time>2025-01-28T18:27:28.999Z</time><extensions><gpxtpx:TrackPointExtension><gpxtpx:hr>134</gpxtpx:hr><gpxtpx:cad>79</gpxtpx:cad></gpxtpx:TrackPointExtension></extensions><extensions><gpxtpx:PowerExtension><gpxtpx:PowerInWatts>218</gpxtpx:PowerInWatts></gpxtpx:PowerExtension></extensions></trkpt>
<trkpt lat="38.5784520" lon="-121.4587363">
<ele>9</ele><time>2025-01-28T18:27:30.999Z</time><extensions><gpxtpx:TrackPointExtension><gpxtpx:hr>134</gpxtpx:hr><gpxtpx:cad>79</gpxtpx:cad></gpxtpx:TrackPointExtension></extensions><extensions><gpxtpx:PowerExtension><gpxtpx:PowerInWatts>218</gpxtpx:PowerInWatts></gpxtpx:PowerExtension></extensions></trkpt>
<trkpt lat="38.5784088" lon="-121.4587796">
<ele>9</ele><time>2025-01-28T18:27:33.999Z</time><extensions><gpxtpx:TrackPointExtension><gpxtpx:hr>134</gpxtpx:hr><gpxtpx:cad>78</gpxtpx:cad></gpxtpx:TrackPointExtension></extensions><extensions><gpxtpx:PowerExtension><gpxtpx:PowerInWatts>216</gpxtpx:PowerInWatts></gpxtpx:PowerExtension></extensions></trkpt>
<trkpt lat="38.5783651" lon="-121.4588648">
<ele>9</ele><time>2025-01-28T18:27:35.999Z</time><extensions><gpxtpx:TrackPointExtension><gpxtpx:hr>134</gpxtpx:hr><gpxtpx:cad>74</gpxtpx:cad></gpxtpx:TrackPointExtension></extensions><extensions><gpxtpx:PowerExtension><gpxtpx:PowerInWatts>216</gpxtpx:PowerInWatts></gpxtpx:PowerExtension></extensions></trkpt>
<trkpt lat="38.5783583" lon="-121.4589306">
<ele>9</ele><time>2025-01-28T18:27:38.000Z</time><extensions><gpxtpx:TrackPointExtension><gpxtpx:hr>133</gpxtpx:hr><gpxtpx:cad>75</gpxtpx:cad></gpxtpx:TrackPointExtension></extensions><extensions><gpxtpx:PowerExtension><gpxtpx:PowerInWatts>216</gpxtpx:PowerInWatts></gpxtpx:PowerExtension></extensions></trkpt>
<trkpt lat="38.5783882" lon="-121.4589908">
<ele>9</ele><time>2025-01-28T18:27:40.000Z</time><extensions><gpxtpx:TrackPointExtension><gpxtpx:hr>133</gpxtpx:hr><gpxtpx:cad>75</gpxtpx:cad></gpxtpx:TrackPointExtension></extensions><extensions><gpxtpx:PowerExtension><gpxtpx:PowerInWatts>212</gpxtpx:PowerInWatts></gpxtpx:PowerExtension></extensions></trkpt>
<trkpt lat="38.5784104" lon="-121.4590836">
<ele>9</ele><time>2025-01-28T18:27:43.000Z</time><extensions><gpxtpx:TrackPointExtension><gpxtpx:hr>133</gpxtpx:hr><gpxtpx:cad>75</gpxtpx:cad></gpxtpx:TrackPointExtension></extensions><extensions><gpxtpx:PowerExtension><gpxtpx:PowerInWatts>218</gpxtpx:PowerInWatts></gpxtpx:PowerExtension></extensions></trkpt>
<trkpt lat="38.5784058" lon="-121.4591452">
<ele>9</ele><time>2025-01-28T18:27:45.000Z</time><extensions><gpxtpx:TrackPointExtension><gpxtpx:hr>133</gpxtpx:hr><gpxtpx:cad>76</gpxtpx:cad></gpxtpx:TrackPointExtension></extensions><extensions><gpxtpx:PowerExtension><gpxtpx:PowerInWatts>218</gpxtpx:PowerInWatts></gpxtpx:PowerExtension></extensions></trkpt>
<trkpt lat="38.5784113" lon="-121.4592176">
<ele>9</ele><time>2025-01-28T18:27:47.000Z</time><extensions><gpxtpx:TrackPointExtension><gpxtpx:hr>133</gpxtpx:hr><gpxtpx:cad>74</gpxtpx:cad></gpxtpx:TrackPointExtension></extensions><extensions><gpxtpx:PowerExtension><gpxtpx:PowerInWatts>211</gpxtpx:PowerInWatts></gpxtpx:PowerExtension></extensions></trkpt>
<trkpt lat="38.5784369" lon="-121.4592667">
<ele>9</ele><time>2025-01-28T18:27:49.000Z</time><extensions><gpxtpx:TrackPointExtension><gpxtpx:hr>133</gpxtpx:hr><gpxtpx:cad>76</gpxtpx:cad></gpxtpx:TrackPointExtension></extensions><extensions><gpxtpx:PowerExtension><gpxtpx:PowerInWatts>211</gpxtpx:PowerInWatts></gpxtpx:PowerExtension></extensions></trkpt>
<trkpt lat="38.5784577" lon="-121.4593252">
<ele>9</ele><time>2025-01-28T18:27:51.000Z</time><extensions><gpxtpx:TrackPointExtension><gpxtpx:hr>133</gpxtpx:hr><gpxtpx:cad>79</gpxtpx:cad></gpxtpx:TrackPointExtension></extensions><extensions><gpxtpx:PowerExtension><gpxtpx:PowerInWatts>211</gpxtpx:PowerInWatts></gpxtpx:PowerExtension></extensions></trkpt>
<trkpt lat="38.5784685" lon="-121.4593823">
<ele>9</ele><time>2025-01-28T18:27:53.000Z</time><extensions><gpxtpx:TrackPointExtension><gpxtpx:hr>133</gpxtpx:hr><gpxtpx:cad>80</gpxtpx:cad></gpxtpx:TrackPointExtension></extensions><extensions><gpxtpx:PowerExtension><gpxtpx:PowerInWatts>210</gpxtpx:PowerInWatts></gpxtpx:PowerExtension></extensions></trkpt>
<trkpt lat="38.5784667" lon="-121.4594648">
<ele>9</ele><time>2025-01-28T18:27:56.000Z</time><extensions><gpxtpx:TrackPointExtension><gpxtpx:hr>134</gpxtpx:hr><gpxtpx:cad>79</gpxtpx:cad></gpxtpx:TrackPointExtension></extensions><extensions><gpxtpx:PowerExtension><gpxtpx:PowerInWatts>209</gpxtpx:PowerInWatts></gpxtpx:PowerExtension></extensions></trkpt>
<trkpt lat="38.5784789" lon="-121.4595256">
<ele>9</ele><time>2025-01-28T18:27:58.000Z</time><extensions><gpxtpx:TrackPointExtension><gpxtpx:hr>134</gpxtpx:hr><gpxtpx:cad>83</gpxtpx:cad></gpxtpx:TrackPointExtension></extensions><extensions><gpxtpx:PowerExtension><gpxtpx:PowerInWatts>209</gpxtpx:PowerInWatts></gpxtpx:PowerExtension></extensions></trkpt>
<trkpt lat="38.5785171" lon="-121.4596288">
<ele>9</ele><time>2025-01-28T18:28:02.000Z</time><extensions><gpxtpx:TrackPointExtension><gpxtpx:hr>134</gpxtpx:hr><gpxtpx:cad>78</gpxtpx:cad></gpxtpx:TrackPointExtension></extensions><extensions><gpxtpx:PowerExtension><gpxtpx:PowerInWatts>205</gpxtpx:PowerInWatts></gpxtpx:PowerExtension></extensions></trkpt>
<trkpt lat="38.5785337" lon="-121.4596900">
<ele>9</ele><time>2025-01-28T18:28:04.000Z</time><extensions><gpxtpx:TrackPointExtension><gpxtpx:hr>134</gpxtpx:hr><gpxtpx:cad>76</gpxtpx:cad></gpxtpx:TrackPointExtension></extensions><extensions><gpxtpx:PowerExtension><gpxtpx:PowerInWatts>205</gpxtpx:PowerInWatts></gpxtpx:PowerExtension></extensions></trkpt>
<trkpt lat="38.5785486" lon="-121.4597448">
<ele>9</ele><time>2025-01-28T18:28:06.000Z</time><extensions><gpxtpx:TrackPointExtension><gpxtpx:hr>134</gpxtpx:hr><gpxtpx:cad>78</gpxtpx:cad></gpxtpx:TrackPointExtension></extensions><extensions><gpxtpx:PowerExtension><gpxtpx:PowerInWatts>201</gpxtpx:PowerInWatts></gpxtpx:PowerExtension></extensions></trkpt>
<trkpt lat="38.5785652" lon="-121.4598059">
<ele>9</ele><time>2025-01-28T18:28:08.000Z</time><extensions><gpxtpx:TrackPointExtension><gpxtpx:hr>134</gpxtpx:hr><gpxtpx:cad>81</gpxtpx:cad></gpxtpx:TrackPointExtension></extensions><extensions><gpxtpx:PowerExtension><gpxtpx:PowerInWatts>201</gpxtpx:PowerInWatts></gpxtpx:PowerExtension></extensions></trkpt>
<trkpt lat="38.5785819" lon="-121.4598677">
<ele>9</ele><time>2025-01-28T18:28:10.000Z</time><extensions><gpxtpx:TrackPointExtension><gpxtpx:hr>134</gpxtpx:hr><gpxtpx:cad>82</gpxtpx:cad></gpxtpx:TrackPointExtension></extensions><extensions><gpxtpx:PowerExtension><gpxtpx:PowerInWatts>207</gpxtpx:PowerInWatts></gpxtpx:PowerExtension></extensions></trkpt>
<trkpt lat="38.5785982" lon="-121.4599276">
<ele>9</ele><time>2025-01-28T18:28:12.000Z</time><extensions><gpxtpx:TrackPointExtension><gpxtpx:hr>134</gpxtpx:hr><gpxtpx:cad>81</gpxtpx:cad></gpxtpx:TrackPointExtension></extensions><extensions><gpxtpx:PowerExtension><gpxtpx:PowerInWatts>207</gpxtpx:PowerInWatts></gpxtpx:PowerExtension></extensions></trkpt>
<trkpt lat="38.5786173" lon="-121.4599982">
<ele>9</ele><time>2025-01-28T18:28:14.000Z</time><extensions><gpxtpx:TrackPointExtension><gpxtpx:hr>135</gpxtpx:hr><gpxtpx:cad>78</gpxtpx:cad></gpxtpx:TrackPointExtension></extensions><extensions><gpxtpx:PowerExtension><gpxtpx:PowerInWatts>207</gpxtpx:PowerInWatts></gpxtpx:PowerExtension></extensions></trkpt>
<trkpt lat="38.5786377" lon="-121.4600731">
<ele>9</ele><time>2025-01-28T18:28:17.000Z</time><extensions><gpxtpx:TrackPointExtension><gpxtpx:hr>135</gpxtpx:hr><gpxtpx:cad>75</gpxtpx:cad></gpxtpx:TrackPointExtension></extensions><extensions><gpxtpx:PowerExtension><gpxtpx:PowerInWatts>208</gpxtpx:PowerInWatts></gpxtpx:PowerExtension></extensions></trkpt>
<trkpt lat="38.5786559" lon="-121.4601401">
<ele>9</ele><time>2025-01-28T18:28:19.000Z</time><extensions><gpxtpx:TrackPointExtension><gpxtpx:hr>135</gpxtpx:hr><gpxtpx:cad>79</gpxtpx:cad></gpxtpx:TrackPointExtension></extensions><extensions><gpxtpx:PowerExtension><gpxtpx:PowerInWatts>208</gpxtpx:PowerInWatts></gpxtpx:PowerExtension></extensions></trkpt>
<trkpt lat="38.5786709" lon="-121.4601953">
<ele>9</ele><time>2025-01-28T18:28:21.000Z</time><extensions><gpxtpx:TrackPointExtension><gpxtpx:hr>135</gpxtpx:hr><gpxtpx:cad>81</gpxtpx:cad></gpxtpx:TrackPointExtension></extensions><extensions><gpxtpx:PowerExtension><gpxtpx:PowerInWatts>210</gpxtpx:PowerInWatts></gpxtpx:PowerExtension></extensions></trkpt>
<trkpt lat="38.5786894" lon="-121.4602635">
<ele>9</ele><time>2025-01-28T18:28:23.000Z</time><extensions><gpxtpx:TrackPointExtension><gpxtpx:hr>135</gpxtpx:hr><gpxtpx:cad>81</gpxtpx:cad></gpxtpx:TrackPointExtension></extensions><extensions><gpxtpx:PowerExtension><gpxtpx:PowerInWatts>210</gpxtpx:PowerInWatts></gpxtpx:PowerExtension></extensions></trkpt>
<trkpt lat="38.5787071" lon="-121.4603289">
<ele>9</ele><time>2025-01-28T18:28:25.000Z</time><extensions><gpxtpx:TrackPointExtension><gpxtpx:hr>135</gpxtpx:hr><gpxtpx:cad>77</gpxtpx:cad></gpxtpx:TrackPointExtension></extensions><extensions><gpxtpx:PowerExtension><gpxtpx:PowerInWatts>210</gpxtpx:PowerInWatts></gpxtpx:PowerExtension></extensions></trkpt>
<trkpt lat="38.5787219" lon="-121.4603834">
<ele>9</ele><time>2025-01-28T18:28:27.000Z</time><extensions><gpxtpx:TrackPointExtension><gpxtpx:hr>135</gpxtpx:hr><gpxtpx:cad>75</gpxtpx:cad></gpxtpx:TrackPointExtension></extensions><extensions><gpxtpx:PowerExtension><gpxtpx:PowerInWatts>207</gpxtpx:PowerInWatts></gpxtpx:PowerExtension></extensions></trkpt>
<trkpt lat="38.5787408" lon="-121.4604528">
<ele>9</ele><time>2025-01-28T18:28:29.000Z</time><extensions><gpxtpx:TrackPointExtension><gpxtpx:hr>135</gpxtpx:hr><gpxtpx:cad>71</gpxtpx:cad></gpxtpx:TrackPointExtension></extensions><extensions><gpxtpx:PowerExtension><gpxtpx:PowerInWatts>207</gpxtpx:PowerInWatts></gpxtpx:PowerExtension></extensions></trkpt>
<trkpt lat="38.5787644" lon="-121.4605397">
<ele>9</ele><time>2025-01-28T18:28:32.000Z</time><extensions><gpxtpx:TrackPointExtension><gpxtpx:hr>135</gpxtpx:hr><gpxtpx:cad>77</gpxtpx:cad></gpxtpx:TrackPointExtension></extensions><extensions><gpxtpx:PowerExtension><gpxtpx:PowerInWatts>211</gpxtpx:PowerInWatts></gpxtpx:PowerExtension></extensions></trkpt>
<trkpt lat="38.5787798" lon="-121.4605966">
<ele>9</ele><time>2025-01-28T18:28:34.000Z</time><extensions><gpxtpx:TrackPointExtension><gpxtpx:hr>135</gpxtpx:hr><gpxtpx:cad>80</gpxtpx:cad></gpxtpx:TrackPointExtension></extensions><extensions><gpxtpx:PowerExtension><gpxtpx:PowerInWatts>211</gpxtpx:PowerInWatts></gpxtpx:PowerExtension></extensions></trkpt>
<trkpt lat="38.5787957" lon="-121.4606551">
<ele>9</ele><time>2025-01-28T18:28:36.000Z</time><extensions><gpxtpx:TrackPointExtension><gpxtpx:hr>135</gpxtpx:hr><gpxtpx:cad>81</gpxtpx:cad></gpxtpx:TrackPointExtension></extensions><extensions><gpxtpx:PowerExtension><gpxtpx:PowerInWatts>213</gpxtpx:PowerInWatts></gpxtpx:PowerExtension></extensions></trkpt>
<trkpt lat="38.5788135" lon="-121.4607204">
<ele>9</ele><time>2025-01-28T18:28:38.000Z</time><extensions><gpxtpx:TrackPointExtension><gpxtpx:hr>135</gpxtpx:hr><gpxtpx:cad>80</gpxtpx:cad></gpxtpx:TrackPointExtension></extensions><extensions><gpxtpx:PowerExtension><gpxtpx:PowerInWatts>213</gpxtpx:PowerInWatts></gpxtpx:PowerExtension></extensions></trkpt>
<trkpt lat="38.5788337" lon="-121.4607949">
<ele>9</ele><time>2025-01-28T18:28:40.000Z</time><extensions><gpxtpx:TrackPointExtension><gpxtpx:hr>135</gpxtpx:hr><gpxtpx:cad>76</gpxtpx:cad></gpxtpx:TrackPointExtension></extensions><extensions><gpxtpx:PowerExtension><gpxtpx:PowerInWatts>213</gpxtpx:PowerInWatts></gpxtpx:PowerExtension></extensions></trkpt>
<trkpt lat="38.5788486" lon="-121.4608497">
<ele>9</ele><time>2025-01-28T18:28:42.000Z</time><extensions><gpxtpx:TrackPointExtension><gpxtpx:hr>135</gpxtpx:hr><gpxtpx:cad>77</gpxtpx:cad></gpxtpx:TrackPointExtension></extensions><extensions><gpxtpx:PowerExtension><gpxtpx:PowerInWatts>211</gpxtpx:PowerInWatts></gpxtpx:PowerExtension></extensions></trkpt>
<trkpt lat="38.5788718" lon="-121.4609348">
<ele>9</ele><time>2025-01-28T18:28:45.000Z</time><extensions><gpxtpx:TrackPointExtension><gpxtpx:hr>134</gpxtpx:hr><gpxtpx:cad>81</gpxtpx:cad></gpxtpx:TrackPointExtension></extensions><extensions><gpxtpx:PowerExtension><gpxtpx:PowerInWatts>211</gpxtpx:PowerInWatts></gpxtpx:PowerExtension></extensions></trkpt>
<trkpt lat="38.5788877" lon="-121.4609935">
<ele>9</ele><time>2025-01-28T18:28:47.000Z</time><extensions><gpxtpx:TrackPointExtension><gpxtpx:hr>135</gpxtpx:hr><gpxtpx:cad>84</gpxtpx:cad></gpxtpx:TrackPointExtension></extensions><extensions><gpxtpx:PowerExtension><gpxtpx:PowerInWatts>212</gpxtpx:PowerInWatts></gpxtpx:PowerExtension></extensions></trkpt>
<trkpt lat="38.5789074" lon="-121.4610659">
<ele>9</ele><time>2025-01-28T18:28:49.000Z</time><extensions><gpxtpx:TrackPointExtension><gpxtpx:hr>135</gpxtpx:hr><gpxtpx:cad>78</gpxtpx:cad></gpxtpx:TrackPointExtension></extensions><extensions><gpxtpx:PowerExtension><gpxtpx:PowerInWatts>212</gpxtpx:PowerInWatts></gpxtpx:PowerExtension></extensions></trkpt>
<trkpt lat="38.5789231" lon="-121.4611236">
<ele>9</ele><time>2025-01-28T18:28:51.000Z</time><extensions><gpxtpx:TrackPointExtension><gpxtpx:hr>135</gpxtpx:hr><gpxtpx:cad>76</gpxtpx:cad></gpxtpx:TrackPointExtension></extensions><extensions><gpxtpx:PowerExtension><gpxtpx:PowerInWatts>211</gpxtpx:PowerInWatts></gpxtpx:PowerExtension></extensions></trkpt>
<trkpt lat="38.5789380" lon="-121.4611784">
<ele>9</ele><time>2025-01-28T18:28:53.000Z</time><extensions><gpxtpx:TrackPointExtension><gpxtpx:hr>135</gpxtpx:hr><gpxtpx:cad>76</gpxtpx:cad></gpxtpx:TrackPointExtension></extensions><extensions><gpxtpx:PowerExtension><gpxtpx:PowerInWatts>211</gpxtpx:PowerInWatts></gpxtpx:PowerExtension></extensions></trkpt>
<trkpt lat="38.5789541" lon="-121.4612379">
<ele>9</ele><time>2025-01-28T18:28:55.000Z</time><extensions><gpxtpx:TrackPointExtension><gpxtpx:hr>135</gpxtpx:hr><gpxtpx:cad>80</gpxtpx:cad></gpxtpx:TrackPointExtension></extensions><extensions><gpxtpx:PowerExtension><gpxtpx:PowerInWatts>211</gpxtpx:PowerInWatts></gpxtpx:PowerExtension></extensions></trkpt>
<trkpt lat="38.5789718" lon="-121.4613028">
<ele>9</ele><time>2025-01-28T18:28:57.000Z</time><extensions><gpxtpx:TrackPointExtension><gpxtpx:hr>135</gpxtpx:hr><gpxtpx:cad>84</gpxtpx:cad></gpxtpx:TrackPointExtension></extensions><extensions><gpxtpx:PowerExtension><gpxtpx:PowerInWatts>212</gpxtpx:PowerInWatts></gpxtpx:PowerExtension></extensions></trkpt>
<trkpt lat="38.5789902" lon="-121.4613707">
<ele>9</ele><time>2025-01-28T18:28:59.000Z</time><extensions><gpxtpx:TrackPointExtension><gpxtpx:hr>136</gpxtpx:hr><gpxtpx:cad>85</gpxtpx:cad></gpxtpx:TrackPointExtension></extensions><extensions><gpxtpx:PowerExtension><gpxtpx:PowerInWatts>211</gpxtpx:PowerInWatts></gpxtpx:PowerExtension></extensions></trkpt>
<trkpt lat="38.5790088" lon="-121.4614390">
<ele>9</ele><time>2025-01-28T18:29:01.000Z</time><extensions><gpxtpx:TrackPointExtension><gpxtpx:hr>136</gpxtpx:hr><gpxtpx:cad>84</gpxtpx:cad></gpxtpx:TrackPointExtension></extensions><extensions><gpxtpx:PowerExtension><gpxtpx:PowerInWatts>213</gpxtpx:PowerInWatts></gpxtpx:PowerExtension></extensions></trkpt>
<trkpt lat="38.5790290" lon="-121.4615134">
<ele>9</ele><time>2025-01-28T18:29:03.000Z</time><extensions><gpxtpx:TrackPointExtension><gpxtpx:hr>136</gpxtpx:hr><gpxtpx:cad>79</gpxtpx:cad></gpxtpx:TrackPointExtension></extensions><extensions><gpxtpx:PowerExtension><gpxtpx:PowerInWatts>213</gpxtpx:PowerInWatts></gpxtpx:PowerExtension></extensions></trkpt>
<trkpt lat="38.5790495" lon="-121.4615888">
<ele>9</ele><time>2025-01-28T18:29:05.000Z</time><extensions><gpxtpx:TrackPointExtension><gpxtpx:hr>137</gpxtpx:hr><gpxtpx:cad>76</gpxtpx:cad></gpxtpx:TrackPointExtension></extensions><extensions><gpxtpx:PowerExtension><gpxtpx:PowerInWatts>213</gpxtpx:PowerInWatts></gpxtpx:PowerExtension></extensions></trkpt>
<trkpt lat="38.5790696" lon="-121.4616630">
<ele>9</ele><time>2025-01-28T18:29:07.000Z</time><extensions><gpxtpx:TrackPointExtension><gpxtpx:hr>137</gpxtpx:hr><gpxtpx:cad>77</gpxtpx:cad></gpxtpx:TrackPointExtension></extensions><extensions><gpxtpx:PowerExtension><gpxtpx:PowerInWatts>218</gpxtpx:PowerInWatts></gpxtpx:PowerExtension></extensions></trkpt>
<trkpt lat="38.5790854" lon="-121.4617211">
<ele>9</ele><time>2025-01-28T18:29:09.000Z</time><extensions><gpxtpx:TrackPointExtension><gpxtpx:hr>137</gpxtpx:hr><gpxtpx:cad>81</gpxtpx:cad></gpxtpx:TrackPointExtension></extensions><extensions><gpxtpx:PowerExtension><gpxtpx:PowerInWatts>223</gpxtpx:PowerInWatts></gpxtpx:PowerExtension></extensions></trkpt>
<trkpt lat="38.5791038" lon="-121.4617885">
<ele>9</ele><time>2025-01-28T18:29:11.000Z</time><extensions><gpxtpx:TrackPointExtension><gpxtpx:hr>137</gpxtpx:hr><gpxtpx:cad>83</gpxtpx:cad></gpxtpx:TrackPointExtension></extensions><extensions><gpxtpx:PowerExtension><gpxtpx:PowerInWatts>225</gpxtpx:PowerInWatts></gpxtpx:PowerExtension></extensions></trkpt>
<trkpt lat="38.5791261" lon="-121.4618707">
<ele>9</ele><time>2025-01-28T18:29:14.000Z</time><extensions><gpxtpx:TrackPointExtension><gpxtpx:hr>137</gpxtpx:hr><gpxtpx:cad>80</gpxtpx:cad></gpxtpx:TrackPointExtension></extensions><extensions><gpxtpx:PowerExtension><gpxtpx:PowerInWatts>222</gpxtpx:PowerInWatts></gpxtpx:PowerExtension></extensions></trkpt>
<trkpt lat="38.5791434" lon="-121.4619343">
<ele>9</ele><time>2025-01-28T18:29:16.000Z</time><extensions><gpxtpx:TrackPointExtension><gpxtpx:hr>138</gpxtpx:hr><gpxtpx:cad>80</gpxtpx:cad></gpxtpx:TrackPointExtension></extensions><extensions><gpxtpx:PowerExtension><gpxtpx:PowerInWatts>222</gpxtpx:PowerInWatts></gpxtpx:PowerExtension></extensions></trkpt>
<trkpt lat="38.5791642" lon="-121.4620108">
<ele>9</ele><time>2025-01-28T18:29:18.000Z</time><extensions><gpxtpx:TrackPointExtension><gpxtpx:hr>138</gpxtpx:hr><gpxtpx:cad>81</gpxtpx:cad></gpxtpx:TrackPointExtension></extensions><extensions><gpxtpx:PowerExtension><gpxtpx:PowerInWatts>221</gpxtpx:PowerInWatts></gpxtpx:PowerExtension></extensions></trkpt>
<trkpt lat="38.5791811" lon="-121.4620731">
<ele>9</ele><time>2025-01-28T18:29:20.000Z</time><extensions><gpxtpx:TrackPointExtension><gpxtpx:hr>138</gpxtpx:hr><gpxtpx:cad>82</gpxtpx:cad></gpxtpx:TrackPointExtension></extensions><extensions><gpxtpx:PowerExtension><gpxtpx:PowerInWatts>221</gpxtpx:PowerInWatts></gpxtpx:PowerExtension></extensions></trkpt>
<trkpt lat="38.5791966" lon="-121.4621303">
<ele>9</ele><time>2025-01-28T18:29:22.000Z</time><extensions><gpxtpx:TrackPointExtension><gpxtpx:hr>138</gpxtpx:hr><gpxtpx:cad>80</gpxtpx:cad></gpxtpx:TrackPointExtension></extensions><extensions><gpxtpx:PowerExtension><gpxtpx:PowerInWatts>221</gpxtpx:PowerInWatts></gpxtpx:PowerExtension></extensions></trkpt>
<trkpt lat="38.5792116" lon="-121.4621855">
<ele>9</ele><time>2025-01-28T18:29:24.000Z</time><extensions><gpxtpx:TrackPointExtension><gpxtpx:hr>138</gpxtpx:hr><gpxtpx:cad>78</gpxtpx:cad></gpxtpx:TrackPointExtension></extensions><extensions><gpxtpx:PowerExtension><gpxtpx:PowerInWatts>221</gpxtpx:PowerInWatts></gpxtpx:PowerExtension></extensions></trkpt>
<trkpt lat="38.5792296" lon="-121.4622514">
<ele>9</ele><time>2025-01-28T18:29:26.000Z</time><extensions><gpxtpx:TrackPointExtension><gpxtpx:hr>138</gpxtpx:hr><gpxtpx:cad>78</gpxtpx:cad></gpxtpx:TrackPointExtension></extensions><extensions><gpxtpx:PowerExtension><gpxtpx:PowerInWatts>221</gpxtpx:PowerInWatts></gpxtpx:PowerExtension></extensions></trkpt>
<trkpt lat="38.5791943" lon="-121.4622979">
<ele>9</ele><time>2025-01-28T18:29:32.000Z</time><extensions><gpxtpx:TrackPointExtension><gpxtpx:hr>138</gpxtpx:hr><gpxtpx:cad>77</gpxtpx:cad></gpxtpx:TrackPointExtension></extensions><extensions><gpxtpx:PowerExtension><gpxtpx:PowerInWatts>218</gpxtpx:PowerInWatts></gpxtpx:PowerExtension></extensions></trkpt>
<trkpt lat="38.5791412" lon="-121.4623253">
<ele>9</ele><time>2025-01-28T18:29:34.000Z</time><extensions><gpxtpx:TrackPointExtension><gpxtpx:hr>138</gpxtpx:hr><gpxtpx:cad>76</gpxtpx:cad></gpxtpx:TrackPointExtension></extensions><extensions><gpxtpx:PowerExtension><gpxtpx:PowerInWatts>218</gpxtpx:PowerInWatts></gpxtpx:PowerExtension></extensions></trkpt>
<trkpt lat="38.5790865" lon="-121.4623734">
<ele>9</ele><time>2025-01-28T18:29:36.000Z</time><extensions><gpxtpx:TrackPointExtension><gpxtpx:hr>138</gpxtpx:hr><gpxtpx:cad>76</gpxtpx:cad></gpxtpx:TrackPointExtension></extensions><extensions><gpxtpx:PowerExtension><gpxtpx:PowerInWatts>218</gpxtpx:PowerInWatts></gpxtpx:PowerExtension></extensions></trkpt>
<trkpt lat="38.5789863" lon="-121.4624127">
<ele>9</ele><time>2025-01-28T18:29:37.000Z</time><extensions><gpxtpx:TrackPointExtension><gpxtpx:hr>138</gpxtpx:hr><gpxtpx:cad>81</gpxtpx:cad></gpxtpx:TrackPointExtension></extensions><extensions><gpxtpx:PowerExtension><gpxtpx:PowerInWatts>218</gpxtpx:PowerInWatts></gpxtpx:PowerExtension></extensions></trkpt>
<trkpt lat="38.5789264" lon="-121.4624515">
<ele>9</ele><time>2025-01-28T18:29:40.000Z</time><extensions><gpxtpx:TrackPointExtension><gpxtpx:hr>139</gpxtpx:hr><gpxtpx:cad>81</gpxtpx:cad></gpxtpx:TrackPointExtension></extensions><extensions><gpxtpx:PowerExtension><gpxtpx:PowerInWatts>213</gpxtpx:PowerInWatts></gpxtpx:PowerExtension></extensions></trkpt>
<trkpt lat="38.5788681" lon="-121.4624861">
<ele>9</ele><time>2025-01-28T18:29:42.000Z</time><extensions><gpxtpx:TrackPointExtension><gpxtpx:hr>139</gpxtpx:hr><gpxtpx:cad>76</gpxtpx:cad></gpxtpx:TrackPointExtension></extensions><extensions><gpxtpx:PowerExtension><gpxtpx:PowerInWatts>213</gpxtpx:PowerInWatts></gpxtpx:PowerExtension></extensions></trkpt>
<trkpt lat="38.5788057" lon="-121.4624936">
<ele>9</ele><time>2025-01-28T18:29:44.000Z</time><extensions><gpxtpx:TrackPointExtension><gpxtpx:hr>139</gpxtpx:hr><gpxtpx:cad>72</gpxtpx:cad></gpxtpx:TrackPointExtension></extensions><extensions><gpxtpx:PowerExtension><gpxtpx:PowerInWatts>210</gpxtpx:PowerInWatts></gpxtpx:PowerExtension></extensions></trkpt>
<trkpt lat="38.5787521" lon="-121.4625135">
<ele>9</ele><time>2025-01-28T18:29:46.000Z</time><extensions><gpxtpx:TrackPointExtension><gpxtpx:hr>139</gpxtpx:hr><gpxtpx:cad>74</gpxtpx:cad></gpxtpx:TrackPointExtension></extensions><extensions><gpxtpx:PowerExtension><gpxtpx:PowerInWatts>212</gpxtpx:PowerInWatts></gpxtpx:PowerExtension></extensions></trkpt>
<trkpt lat="38.5786911" lon="-121.4625523">
<ele>9</ele><time>2025-01-28T18:29:48.000Z</time><extensions><gpxtpx:TrackPointExtension><gpxtpx:hr>139</gpxtpx:hr><gpxtpx:cad>73</gpxtpx:cad></gpxtpx:TrackPointExtension></extensions><extensions><gpxtpx:PowerExtension><gpxtpx:PowerInWatts>215</gpxtpx:PowerInWatts></gpxtpx:PowerExtension></extensions></trkpt>
<trkpt lat="38.5786229" lon="-121.4625516">
<ele>9</ele><time>2025-01-28T18:29:50.000Z</time><extensions><gpxtpx:TrackPointExtension><gpxtpx:hr>139</gpxtpx:hr><gpxtpx:cad>80</gpxtpx:cad></gpxtpx:TrackPointExtension></extensions><extensions><gpxtpx:PowerExtension><gpxtpx:PowerInWatts>220</gpxtpx:PowerInWatts></gpxtpx:PowerExtension></extensions></trkpt>
<trkpt lat="38.5785709" lon="-121.4625652">
<ele>9</ele><time>2025-01-28T18:29:52.000Z</time><extensions><gpxtpx:TrackPointExtension><gpxtpx:hr>139</gpxtpx:hr><gpxtpx:cad>78</gpxtpx:cad></gpxtpx:TrackPointExtension></extensions><extensions><gpxtpx:PowerExtension><gpxtpx:PowerInWatts>226</gpxtpx:PowerInWatts></gpxtpx:PowerExtension></extensions></trkpt>
<trkpt lat="38.5785325" lon="-121.4625963">
<ele>9</ele><time>2025-01-28T18:29:54.000Z</time><extensions><gpxtpx:TrackPointExtension><gpxtpx:hr>139</gpxtpx:hr><gpxtpx:cad>73</gpxtpx:cad></gpxtpx:TrackPointExtension></extensions><extensions><gpxtpx:PowerExtension><gpxtpx:PowerInWatts>226</gpxtpx:PowerInWatts></gpxtpx:PowerExtension></extensions></trkpt>
<trkpt lat="38.5784802" lon="-121.4626255">
<ele>9</ele><time>2025-01-28T18:29:56.000Z</time><extensions><gpxtpx:TrackPointExtension><gpxtpx:hr>139</gpxtpx:hr><gpxtpx:cad>75</gpxtpx:cad></gpxtpx:TrackPointExtension></extensions><extensions><gpxtpx:PowerExtension><gpxtpx:PowerInWatts>226</gpxtpx:PowerInWatts></gpxtpx:PowerExtension></extensions></trkpt>
<trkpt lat="38.5784132" lon="-121.4626403">
<ele>9</ele><time>2025-01-28T18:29:59.000Z</time><extensions><gpxtpx:TrackPointExtension><gpxtpx:hr>141</gpxtpx:hr><gpxtpx:cad>78</gpxtpx:cad></gpxtpx:TrackPointExtension></extensions><extensions><gpxtpx:PowerExtension><gpxtpx:PowerInWatts>228</gpxtpx:PowerInWatts></gpxtpx:PowerExtension></extensions></trkpt>
<trkpt lat="38.5783628" lon="-121.4626487">
<ele>9</ele><time>2025-01-28T18:30:01.000Z</time><extensions><gpxtpx:TrackPointExtension><gpxtpx:hr>140</gpxtpx:hr><gpxtpx:cad>83</gpxtpx:cad></gpxtpx:TrackPointExtension></extensions><extensions><gpxtpx:PowerExtension><gpxtpx:PowerInWatts>224</gpxtpx:PowerInWatts></gpxtpx:PowerExtension></extensions></trkpt>
<trkpt lat="38.5783144" lon="-121.4626892">
<ele>9</ele><time>2025-01-28T18:30:03.000Z</time><extensions><gpxtpx:TrackPointExtension><gpxtpx:hr>140</gpxtpx:hr><gpxtpx:cad>79</gpxtpx:cad></gpxtpx:TrackPointExtension></extensions><extensions><gpxtpx:PowerExtension><gpxtpx:PowerInWatts>217</gpxtpx:PowerInWatts></gpxtpx:PowerExtension></extensions></trkpt>
<trkpt lat="38.5782576" lon="-121.4627299">
<ele>9</ele><time>2025-01-28T18:30:05.000Z</time><extensions><gpxtpx:TrackPointExtension><gpxtpx:hr>140</gpxtpx:hr><gpxtpx:cad>76</gpxtpx:cad></gpxtpx:TrackPointExtension></extensions><extensions><gpxtpx:PowerExtension><gpxtpx:PowerInWatts>218</gpxtpx:PowerInWatts></gpxtpx:PowerExtension></extensions></trkpt>
<trkpt lat="38.5782008" lon="-121.4627608">
<ele>9</ele><time>2025-01-28T18:30:07.000Z</time><extensions><gpxtpx:TrackPointExtension><gpxtpx:hr>141</gpxtpx:hr><gpxtpx:cad>73</gpxtpx:cad></gpxtpx:TrackPointExtension></extensions><extensions><gpxtpx:PowerExtension><gpxtpx:PowerInWatts>218</gpxtpx:PowerInWatts></gpxtpx:PowerExtension></extensions></trkpt>
<trkpt lat="38.5781473" lon="-121.4627812">
<ele>9</ele><time>2025-01-28T18:30:09.000Z</time><extensions><gpxtpx:TrackPointExtension><gpxtpx:hr>141</gpxtpx:hr><gpxtpx:cad>79</gpxtpx:cad></gpxtpx:TrackPointExtension></extensions><extensions><gpxtpx:PowerExtension><gpxtpx:PowerInWatts>218</gpxtpx:PowerInWatts></gpxtpx:PowerExtension></extensions></trkpt>
<trkpt lat="38.5780860" lon="-121.4628146">
<ele>9</ele><time>2025-01-28T18:30:11.000Z</time><extensions><gpxtpx:TrackPointExtension><gpxtpx:hr>141</gpxtpx:hr><gpxtpx:cad>82</gpxtpx:cad></gpxtpx:TrackPointExtension></extensions><extensions><gpxtpx:PowerExtension><gpxtpx:PowerInWatts>228</gpxtpx:PowerInWatts></gpxtpx:PowerExtension></extensions></trkpt>
<trkpt lat="38.5780260" lon="-121.4628279">
<ele>9</ele><time>2025-01-28T18:30:13.000Z</time><extensions><gpxtpx:TrackPointExtension><gpxtpx:hr>142</gpxtpx:hr><gpxtpx:cad>80</gpxtpx:cad></gpxtpx:TrackPointExtension></extensions><extensions><gpxtpx:PowerExtension><gpxtpx:PowerInWatts>229</gpxtpx:PowerInWatts></gpxtpx:PowerExtension></extensions></trkpt>
<trkpt lat="38.5779796" lon="-121.4628585">
<ele>9</ele><time>2025-01-28T18:30:15.000Z</time><extensions><gpxtpx:TrackPointExtension><gpxtpx:hr>142</gpxtpx:hr><gpxtpx:cad>80</gpxtpx:cad></gpxtpx:TrackPointExtension></extensions><extensions><gpxtpx:PowerExtension><gpxtpx:PowerInWatts>229</gpxtpx:PowerInWatts></gpxtpx:PowerExtension></extensions></trkpt>
<trkpt lat="38.5779229" lon="-121.4629009">
<ele>9</ele><time>2025-01-28T18:30:17.000Z</time><extensions><gpxtpx:TrackPointExtension><gpxtpx:hr>142</gpxtpx:hr><gpxtpx:cad>73</gpxtpx:cad></gpxtpx:TrackPointExtension></extensions><extensions><gpxtpx:PowerExtension><gpxtpx:PowerInWatts>229</gpxtpx:PowerInWatts></gpxtpx:PowerExtension></extensions></trkpt>
<trkpt lat="38.5778741" lon="-121.4629279">
<ele>9</ele><time>2025-01-28T18:30:19.000Z</time><extensions><gpxtpx:TrackPointExtension><gpxtpx:hr>143</gpxtpx:hr><gpxtpx:cad>79</gpxtpx:cad></gpxtpx:TrackPointExtension></extensions><extensions><gpxtpx:PowerExtension><gpxtpx:PowerInWatts>233</gpxtpx:PowerInWatts></gpxtpx:PowerExtension></extensions></trkpt>
<trkpt lat="38.5778208" lon="-121.4629579">
<ele>9</ele><time>2025-01-28T18:30:21.000Z</time><extensions><gpxtpx:TrackPointExtension><gpxtpx:hr>143</gpxtpx:hr><gpxtpx:cad>82</gpxtpx:cad></gpxtpx:TrackPointExtension></extensions><extensions><gpxtpx:PowerExtension><gpxtpx:PowerInWatts>233</gpxtpx:PowerInWatts></gpxtpx:PowerExtension></extensions></trkpt>
<trkpt lat="38.5777710" lon="-121.4629832">
<ele>9</ele><time>2025-01-28T18:30:23.000Z</time><extensions><gpxtpx:TrackPointExtension><gpxtpx:hr>144</gpxtpx:hr><gpxtpx:cad>84</gpxtpx:cad></gpxtpx:TrackPointExtension></extensions><extensions><gpxtpx:PowerExtension><gpxtpx:PowerInWatts>234</gpxtpx:PowerInWatts></gpxtpx:PowerExtension></extensions></trkpt>
<trkpt lat="38.5777137" lon="-121.4630020">
<ele>9</ele><time>2025-01-28T18:30:25.000Z</time><extensions><gpxtpx:TrackPointExtension><gpxtpx:hr>144</gpxtpx:hr><gpxtpx:cad>83</gpxtpx:cad></gpxtpx:TrackPointExtension></extensions><extensions><gpxtpx:PowerExtension><gpxtpx:PowerInWatts>234</gpxtpx:PowerInWatts></gpxtpx:PowerExtension></extensions></trkpt>
<trkpt lat="38.5776625" lon="-121.4630187">
<ele>9</ele><time>2025-01-28T18:30:27.000Z</time><extensions><gpxtpx:TrackPointExtension><gpxtpx:hr>144</gpxtpx:hr><gpxtpx:cad>79</gpxtpx:cad></gpxtpx:TrackPointExtension></extensions><extensions><gpxtpx:PowerExtension><gpxtpx:PowerInWatts>233</gpxtpx:PowerInWatts></gpxtpx:PowerExtension></extensions></trkpt>
<trkpt lat="38.5776111" lon="-121.4630556">
<ele>9</ele><time>2025-01-28T18:30:29.000Z</time><extensions><gpxtpx:TrackPointExtension><gpxtpx:hr>144</gpxtpx:hr><gpxtpx:cad>75</gpxtpx:cad></gpxtpx:TrackPointExtension></extensions><extensions><gpxtpx:PowerExtension><gpxtpx:PowerInWatts>233</gpxtpx:PowerInWatts></gpxtpx:PowerExtension></extensions></trkpt>
<trkpt lat="38.5775394" lon="-121.4630764">
<ele>9</ele><time>2025-01-28T18:30:32.000Z</time><extensions><gpxtpx:TrackPointExtension><gpxtpx:hr>144</gpxtpx:hr><gpxtpx:cad>80</gpxtpx:cad></gpxtpx:TrackPointExtension></extensions><extensions><gpxtpx:PowerExtension><gpxtpx:PowerInWatts>233</gpxtpx:PowerInWatts></gpxtpx:PowerExtension></extensions></trkpt>
<trkpt lat="38.5774833" lon="-121.4631042">
<ele>8</ele><time>2025-01-28T18:30:34.000Z</time><extensions><gpxtpx:TrackPointExtension><gpxtpx:hr>144</gpxtpx:hr><gpxtpx:cad>83</gpxtpx:cad></gpxtpx:TrackPointExtension></extensions><extensions><gpxtpx:PowerExtension><gpxtpx:PowerInWatts>234</gpxtpx:PowerInWatts></gpxtpx:PowerExtension></extensions></trkpt>
<trkpt lat="38.5774294" lon="-121.4631247">
<ele>8</ele><time>2025-01-28T18:30:36.000Z</time><extensions><gpxtpx:TrackPointExtension><gpxtpx:hr>143</gpxtpx:hr><gpxtpx:cad>77</gpxtpx:cad></gpxtpx:TrackPointExtension></extensions><extensions><gpxtpx:PowerExtension><gpxtpx:PowerInWatts>230</gpxtpx:PowerInWatts></gpxtpx:PowerExtension></extensions></trkpt>
<trkpt lat="38.5773706" lon="-121.4631521">
<ele>8</ele><time>2025-01-28T18:30:38.000Z</time><extensions><gpxtpx:TrackPointExtension><gpxtpx:hr>143</gpxtpx:hr><gpxtpx:cad>77</gpxtpx:cad></gpxtpx:TrackPointExtension></extensions><extensions><gpxtpx:PowerExtension><gpxtpx:PowerInWatts>230</gpxtpx:PowerInWatts></gpxtpx:PowerExtension></extensions></trkpt>
<trkpt lat="38.5773110" lon="-121.4631796">
<ele>8</ele><time>2025-01-28T18:30:40.000Z</time><extensions><gpxtpx:TrackPointExtension><gpxtpx:hr>143</gpxtpx:hr><gpxtpx:cad>83</gpxtpx:cad></gpxtpx:TrackPointExtension></extensions><extensions><gpxtpx:PowerExtension><gpxtpx:PowerInWatts>230</gpxtpx:PowerInWatts></gpxtpx:PowerExtension></extensions></trkpt>
<trkpt lat="38.5772618" lon="-121.4631934">
<ele>8</ele><time>2025-01-28T18:30:42.000Z</time><extensions><gpxtpx:TrackPointExtension><gpxtpx:hr>143</gpxtpx:hr><gpxtpx:cad>83</gpxtpx:cad></gpxtpx:TrackPointExtension></extensions><extensions><gpxtpx:PowerExtension><gpxtpx:PowerInWatts>233</gpxtpx:PowerInWatts></gpxtpx:PowerExtension></extensions></trkpt>
<trkpt lat="38.5771998" lon="-121.4632282">
<ele>8</ele><time>2025-01-28T18:30:44.000Z</time><extensions><gpxtpx:TrackPointExtension><gpxtpx:hr>142</gpxtpx:hr><gpxtpx:cad>82</gpxtpx:cad></gpxtpx:TrackPointExtension></extensions><extensions><gpxtpx:PowerExtension><gpxtpx:PowerInWatts>234</gpxtpx:PowerInWatts></gpxtpx:PowerExtension></extensions></trkpt>
<trkpt lat="38.5771529" lon="-121.4632482">
<ele>8</ele><time>2025-01-28T18:30:46.000Z</time><extensions><gpxtpx:TrackPointExtension><gpxtpx:hr>141</gpxtpx:hr><gpxtpx:cad>78</gpxtpx:cad></gpxtpx:TrackPointExtension></extensions><extensions><gpxtpx:PowerExtension><gpxtpx:PowerInWatts>234</gpxtpx:PowerInWatts></gpxtpx:PowerExtension></extensions></trkpt>
<trkpt lat="38.5770951" lon="-121.4632436">
<ele>8</ele><time>2025-01-28T18:30:48.000Z</time><extensions><gpxtpx:TrackPointExtension><gpxtpx:hr>142</gpxtpx:hr><gpxtpx:cad>79</gpxtpx:cad></gpxtpx:TrackPointExtension></extensions><extensions><gpxtpx:PowerExtension><gpxtpx:PowerInWatts>234</gpxtpx:PowerInWatts></gpxtpx:PowerExtension></extensions></trkpt>
<trkpt lat="38.5770337" lon="-121.4632525">
<ele>8</ele><time>2025-01-28T18:30:50.000Z</time><extensions><gpxtpx:TrackPointExtension><gpxtpx:hr>142</gpxtpx:hr><gpxtpx:cad>81</gpxtpx:cad></gpxtpx:TrackPointExtension></extensions><extensions><gpxtpx:PowerExtension><gpxtpx:PowerInWatts>235</gpxtpx:PowerInWatts></gpxtpx:PowerExtension></extensions></trkpt>
<trkpt lat="38.5769849" lon="-121.4632418">
<ele>8</ele><time>2025-01-28T18:30:52.000Z</time><extensions><gpxtpx:TrackPointExtension><gpxtpx:hr>139</gpxtpx:hr><gpxtpx:cad>81</gpxtpx:cad></gpxtpx:TrackPointExtension></extensions><extensions><gpxtpx:PowerExtension><gpxtpx:PowerInWatts>234</gpxtpx:PowerInWatts></gpxtpx:PowerExtension></extensions></trkpt>
<trkpt lat="38.5769321" lon="-121.4632563">
<ele>8</ele><time>2025-01-28T18:30:54.000Z</time><extensions><gpxtpx:TrackPointExtension><gpxtpx:hr>139</gpxtpx:hr><gpxtpx:cad>84</gpxtpx:cad></gpxtpx:TrackPointExtension></extensions><extensions><gpxtpx:PowerExtension><gpxtpx:PowerInWatts>237</gpxtpx:PowerInWatts></gpxtpx:PowerExtension></extensions></trkpt>
<trkpt lat="38.5768806" lon="-121.4632834">
<ele>8</ele><time>2025-01-28T18:30:56.000Z</time><extensions><gpxtpx:TrackPointExtension><gpxtpx:hr>139</gpxtpx:hr><gpxtpx:cad>81</gpxtpx:cad></gpxtpx:TrackPointExtension></extensions><extensions><gpxtpx:PowerExtension><gpxtpx:PowerInWatts>237</gpxtpx:PowerInWatts></gpxtpx:PowerExtension></extensions></trkpt>
<trkpt lat="38.5768186" lon="-121.4633066">
<ele>8</ele><time>2025-01-28T18:30:58.000Z</time><extensions><gpxtpx:TrackPointExtension><gpxtpx:hr>139</gpxtpx:hr><gpxtpx:cad>77</gpxtpx:cad></gpxtpx:TrackPointExtension></extensions><extensions><gpxtpx:PowerExtension><gpxtpx:PowerInWatts>237</gpxtpx:PowerInWatts></gpxtpx:PowerExtension></extensions></trkpt>
<trkpt lat="38.5767644" lon="-121.4633196">
<ele>8</ele><time>2025-01-28T18:31:00.000Z</time><extensions><gpxtpx:TrackPointExtension><gpxtpx:hr>141</gpxtpx:hr><gpxtpx:cad>77</gpxtpx:cad></gpxtpx:TrackPointExtension></extensions><extensions><gpxtpx:PowerExtension><gpxtpx:PowerInWatts>232</gpxtpx:PowerInWatts></gpxtpx:PowerExtension></extensions></trkpt>
<trkpt lat="38.5767075" lon="-121.4633555">
<ele>8</ele><time>2025-01-28T18:31:02.000Z</time><extensions><gpxtpx:TrackPointExtension><gpxtpx:hr>142</gpxtpx:hr><gpxtpx:cad>80</gpxtpx:cad></gpxtpx:TrackPointExtension></extensions><extensions><gpxtpx:PowerExtension><gpxtpx:PowerInWatts>231</gpxtpx:PowerInWatts></gpxtpx:PowerExtension></extensions></trkpt>
<trkpt lat="38.5766467" lon="-121.4633937">
<ele>8</ele><time>2025-01-28T18:31:04.000Z</time><extensions><gpxtpx:TrackPointExtension><gpxtpx:hr>143</gpxtpx:hr><gpxtpx:cad>83</gpxtpx:cad></gpxtpx:TrackPointExtension></extensions><extensions><gpxtpx:PowerExtension><gpxtpx:PowerInWatts>233</gpxtpx:PowerInWatts></gpxtpx:PowerExtension></extensions></trkpt>
<trkpt lat="38.5766013" lon="-121.4634179">
<ele>8</ele><time>2025-01-28T18:31:06.000Z</time><extensions><gpxtpx:TrackPointExtension><gpxtpx:hr>144</gpxtpx:hr><gpxtpx:cad>79</gpxtpx:cad></gpxtpx:TrackPointExtension></extensions><extensions><gpxtpx:PowerExtension><gpxtpx:PowerInWatts>233</gpxtpx:PowerInWatts></gpxtpx:PowerExtension></extensions></trkpt>
<trkpt lat="38.5765460" lon="-121.4634274">
<ele>8</ele><time>2025-01-28T18:31:08.000Z</time><extensions><gpxtpx:TrackPointExtension><gpxtpx:hr>144</gpxtpx:hr><gpxtpx:cad>73</gpxtpx:cad></gpxtpx:TrackPointExtension></extensions><extensions><gpxtpx:PowerExtension><gpxtpx:PowerInWatts>234</gpxtpx:PowerInWatts></gpxtpx:PowerExtension></extensions></trkpt>
<trkpt lat="38.5764996" lon="-121.4634498">
<ele>8</ele><time>2025-01-28T18:31:10.000Z</time><extensions><gpxtpx:TrackPointExtension><gpxtpx:hr>145</gpxtpx:hr><gpxtpx:cad>75</gpxtpx:cad></gpxtpx:TrackPointExtension></extensions><extensions><gpxtpx:PowerExtension><gpxtpx:PowerInWatts>236</gpxtpx:PowerInWatts></gpxtpx:PowerExtension></extensions></trkpt>
<trkpt lat="38.5764321" lon="-121.4634750">
<ele>8</ele><time>2025-01-28T18:31:13.000Z</time><extensions><gpxtpx:TrackPointExtension><gpxtpx:hr>147</gpxtpx:hr><gpxtpx:cad>79</gpxtpx:cad></gpxtpx:TrackPointExtension></extensions><extensions><gpxtpx:PowerExtension><gpxtpx:PowerInWatts>234</gpxtpx:PowerInWatts></gpxtpx:PowerExtension></extensions></trkpt>
<trkpt lat="38.5763829" lon="-121.4634972">
<ele>8</ele><time>2025-01-28T18:31:15.000Z</time><extensions><gpxtpx:TrackPointExtension><gpxtpx:hr>147</gpxtpx:hr><gpxtpx:cad>78</gpxtpx:cad></gpxtpx:TrackPointExtension></extensions><extensions><gpxtpx:PowerExtension><gpxtpx:PowerInWatts>231</gpxtpx:PowerInWatts></gpxtpx:PowerExtension></extensions></trkpt>
<trkpt lat="38.5763214" lon="-121.4635195">
<ele>8</ele><time>2025-01-28T18:31:17.000Z</time><extensions><gpxtpx:TrackPointExtension><gpxtpx:hr>147</gpxtpx:hr><gpxtpx:cad>75</gpxtpx:cad></gpxtpx:TrackPointExtension></extensions><extensions><gpxtpx:PowerExtension><gpxtpx:PowerInWatts>222</gpxtpx:PowerInWatts></gpxtpx:PowerExtension></extensions></trkpt>
<trkpt lat="38.5762704" lon="-121.4635318">
<ele>8</ele><time>2025-01-28T18:31:19.000Z</time><extensions><gpxtpx:TrackPointExtension><gpxtpx:hr>147</gpxtpx:hr><gpxtpx:cad>74</gpxtpx:cad></gpxtpx:TrackPointExtension></extensions><extensions><gpxtpx:PowerExtension><gpxtpx:PowerInWatts>222</gpxtpx:PowerInWatts></gpxtpx:PowerExtension></extensions></trkpt>
<trkpt lat="38.5762260" lon="-121.4635536">
<ele>8</ele><time>2025-01-28T18:31:21.000Z</time><extensions><gpxtpx:TrackPointExtension><gpxtpx:hr>147</gpxtpx:hr><gpxtpx:cad>74</gpxtpx:cad></gpxtpx:TrackPointExtension></extensions><extensions><gpxtpx:PowerExtension><gpxtpx:PowerInWatts>222</gpxtpx:PowerInWatts></gpxtpx:PowerExtension></extensions></trkpt>
<trkpt lat="38.5761731" lon="-121.4635961">
<ele>8</ele><time>2025-01-28T18:31:23.000Z</time><extensions><gpxtpx:TrackPointExtension><gpxtpx:hr>148</gpxtpx:hr><gpxtpx:cad>78</gpxtpx:cad></gpxtpx:TrackPointExtension></extensions><extensions><gpxtpx:PowerExtension><gpxtpx:PowerInWatts>223</gpxtpx:PowerInWatts></gpxtpx:PowerExtension></extensions></trkpt>
<trkpt lat="38.5761269" lon="-121.4636225">
<ele>8</ele><time>2025-01-28T18:31:25.000Z</time><extensions><gpxtpx:TrackPointExtension><gpxtpx:hr>148</gpxtpx:hr><gpxtpx:cad>79</gpxtpx:cad></gpxtpx:TrackPointExtension></extensions><extensions><gpxtpx:PowerExtension><gpxtpx:PowerInWatts>224</gpxtpx:PowerInWatts></gpxtpx:PowerExtension></extensions></trkpt>
<trkpt lat="38.5760587" lon="-121.4636338">
<ele>8</ele><time>2025-01-28T18:31:27.000Z</time><extensions><gpxtpx:TrackPointExtension><gpxtpx:hr>148</gpxtpx:hr><gpxtpx:cad>81</gpxtpx:cad></gpxtpx:TrackPointExtension></extensions><extensions><gpxtpx:PowerExtension><gpxtpx:PowerInWatts>224</gpxtpx:PowerInWatts></gpxtpx:PowerExtension></extensions></trkpt>
<trkpt lat="38.5760042" lon="-121.4636403">
<ele>8</ele><time>2025-01-28T18:31:29.000Z</time><extensions><gpxtpx:TrackPointExtension><gpxtpx:hr>148</gpxtpx:hr><gpxtpx:cad>79</gpxtpx:cad></gpxtpx:TrackPointExtension></extensions><extensions><gpxtpx:PowerExtension><gpxtpx:PowerInWatts>225</gpxtpx:PowerInWatts></gpxtpx:PowerExtension></extensions></trkpt>
<trkpt lat="38.5759562" lon="-121.4636000">
<ele>8</ele><time>2025-01-28T18:31:31.000Z</time><extensions><gpxtpx:TrackPointExtension><gpxtpx:hr>147</gpxtpx:hr><gpxtpx:cad>78</gpxtpx:cad></gpxtpx:TrackPointExtension></extensions><extensions><gpxtpx:PowerExtension><gpxtpx:PowerInWatts>225</gpxtpx:PowerInWatts></gpxtpx:PowerExtension></extensions></trkpt>
<trkpt lat="38.5759008" lon="-121.4635699">
<ele>8</ele><time>2025-01-28T18:31:33.000Z</time><extensions><gpxtpx:TrackPointExtension><gpxtpx:hr>147</gpxtpx:hr><gpxtpx:cad>78</gpxtpx:cad></gpxtpx:TrackPointExtension></extensions><extensions><gpxtpx:PowerExtension><gpxtpx:PowerInWatts>226</gpxtpx:PowerInWatts></gpxtpx:PowerExtension></extensions></trkpt>
<trkpt lat="38.5758564" lon="-121.4635503">
<ele>7</ele><time>2025-01-28T18:31:35.000Z</time><extensions><gpxtpx:TrackPointExtension><gpxtpx:hr>147</gpxtpx:hr><gpxtpx:cad>83</gpxtpx:cad></gpxtpx:TrackPointExtension></extensions><extensions><gpxtpx:PowerExtension><gpxtpx:PowerInWatts>229</gpxtpx:PowerInWatts></gpxtpx:PowerExtension></extensions></trkpt>
<trkpt lat="38.5757797" lon="-121.4635580">
<ele>7</ele><time>2025-01-28T18:31:37.000Z</time><extensions><gpxtpx:TrackPointExtension><gpxtpx:hr>147</gpxtpx:hr><gpxtpx:cad>83</gpxtpx:cad></gpxtpx:TrackPointExtension></extensions><extensions><gpxtpx:PowerExtension><gpxtpx:PowerInWatts>229</gpxtpx:PowerInWatts></gpxtpx:PowerExtension></extensions></trkpt>
<trkpt lat="38.5757324" lon="-121.4635869">
<ele>7</ele><time>2025-01-28T18:31:38.000Z</time><extensions><gpxtpx:TrackPointExtension><gpxtpx:hr>147</gpxtpx:hr><gpxtpx:cad>79</gpxtpx:cad></gpxtpx:TrackPointExtension></extensions><extensions><gpxtpx:PowerExtension><gpxtpx:PowerInWatts>231</gpxtpx:PowerInWatts></gpxtpx:PowerExtension></extensions></trkpt>
<trkpt lat="38.5756614" lon="-121.4636283">
<ele>7</ele><time>2025-01-28T18:31:41.000Z</time><extensions><gpxtpx:TrackPointExtension><gpxtpx:hr>147</gpxtpx:hr><gpxtpx:cad>91</gpxtpx:cad></gpxtpx:TrackPointExtension></extensions><extensions><gpxtpx:PowerExtension><gpxtpx:PowerInWatts>231</gpxtpx:PowerInWatts></gpxtpx:PowerExtension></extensions></trkpt>
<trkpt lat="38.5756020" lon="-121.4636485">
<ele>7</ele><time>2025-01-28T18:31:43.000Z</time><extensions><gpxtpx:TrackPointExtension><gpxtpx:hr>147</gpxtpx:hr><gpxtpx:cad>82</gpxtpx:cad></gpxtpx:TrackPointExtension></extensions><extensions><gpxtpx:PowerExtension><gpxtpx:PowerInWatts>231</gpxtpx:PowerInWatts></gpxtpx:PowerExtension></extensions></trkpt>
<trkpt lat="38.5755483" lon="-121.4636796">
<ele>7</ele><time>2025-01-28T18:31:45.000Z</time><extensions><gpxtpx:TrackPointExtension><gpxtpx:hr>147</gpxtpx:hr><gpxtpx:cad>81</gpxtpx:cad></gpxtpx:TrackPointExtension></extensions><extensions><gpxtpx:PowerExtension><gpxtpx:PowerInWatts>239</gpxtpx:PowerInWatts></gpxtpx:PowerExtension></extensions></trkpt>
<trkpt lat="38.5754877" lon="-121.4637121">
<ele>7</ele><time>2025-01-28T18:31:47.000Z</time><extensions><gpxtpx:TrackPointExtension><gpxtpx:hr>148</gpxtpx:hr><gpxtpx:cad>79</gpxtpx:cad></gpxtpx:TrackPointExtension></extensions><extensions><gpxtpx:PowerExtension><gpxtpx:PowerInWatts>239</gpxtpx:PowerInWatts></gpxtpx:PowerExtension></extensions></trkpt>
<trkpt lat="38.5754404" lon="-121.4637317">
<ele>7</ele><time>2025-01-28T18:31:49.000Z</time><extensions><gpxtpx:TrackPointExtension><gpxtpx:hr>148</gpxtpx:hr><gpxtpx:cad>81</gpxtpx:cad></gpxtpx:TrackPointExtension></extensions><extensions><gpxtpx:PowerExtension><gpxtpx:PowerInWatts>239</gpxtpx:PowerInWatts></gpxtpx:PowerExtension></extensions></trkpt>
<trkpt lat="38.5753846" lon="-121.4637565">
<ele>8</ele><time>2025-01-28T18:31:51.000Z</time><extensions><gpxtpx:TrackPointExtension><gpxtpx:hr>148</gpxtpx:hr><gpxtpx:cad>82</gpxtpx:cad></gpxtpx:TrackPointExtension></extensions><extensions><gpxtpx:PowerExtension><gpxtpx:PowerInWatts>240</gpxtpx:PowerInWatts></gpxtpx:PowerExtension></extensions></trkpt>
<trkpt lat="38.5753281" lon="-121.4637899">
<ele>8</ele><time>2025-01-28T18:31:53.000Z</time><extensions><gpxtpx:TrackPointExtension><gpxtpx:hr>148</gpxtpx:hr><gpxtpx:cad>82</gpxtpx:cad></gpxtpx:TrackPointExtension></extensions><extensions><gpxtpx:PowerExtension><gpxtpx:PowerInWatts>240</gpxtpx:PowerInWatts></gpxtpx:PowerExtension></extensions></trkpt>
<trkpt lat="38.5752815" lon="-121.4638053">
<ele>8</ele><time>2025-01-28T18:31:55.000Z</time><extensions><gpxtpx:TrackPointExtension><gpxtpx:hr>148</gpxtpx:hr><gpxtpx:cad>78</gpxtpx:cad></gpxtpx:TrackPointExtension></extensions><extensions><gpxtpx:PowerExtension><gpxtpx:PowerInWatts>239</gpxtpx:PowerInWatts></gpxtpx:PowerExtension></extensions></trkpt>
<trkpt lat="38.5752272" lon="-121.4638233">
<ele>8</ele><time>2025-01-28T18:31:57.000Z</time><extensions><gpxtpx:TrackPointExtension><gpxtpx:hr>149</gpxtpx:hr><gpxtpx:cad>80</gpxtpx:cad></gpxtpx:TrackPointExtension></extensions><extensions><gpxtpx:PowerExtension><gpxtpx:PowerInWatts>239</gpxtpx:PowerInWatts></gpxtpx:PowerExtension></extensions></trkpt>
<trkpt lat="38.5751668" lon="-121.4638382">
<ele>8</ele><time>2025-01-28T18:31:59.000Z</time><extensions><gpxtpx:TrackPointExtension><gpxtpx:hr>148</gpxtpx:hr><gpxtpx:cad>81</gpxtpx:cad></gpxtpx:TrackPointExtension></extensions><extensions><gpxtpx:PowerExtension><gpxtpx:PowerInWatts>239</gpxtpx:PowerInWatts></gpxtpx:PowerExtension></extensions></trkpt>
<trkpt lat="38.5751185" lon="-121.4638251">
<ele>8</ele><time>2025-01-28T18:32:01.000Z</time><extensions><gpxtpx:TrackPointExtension><gpxtpx:hr>149</gpxtpx:hr><gpxtpx:cad>77</gpxtpx:cad></gpxtpx:TrackPointExtension></extensions><extensions><gpxtpx:PowerExtension><gpxtpx:PowerInWatts>239</gpxtpx:PowerInWatts></gpxtpx:PowerExtension></extensions></trkpt>
<trkpt lat="38.5750821" lon="-121.4637914">
<ele>8</ele><time>2025-01-28T18:32:03.000Z</time><extensions><gpxtpx:TrackPointExtension><gpxtpx:hr>148</gpxtpx:hr><gpxtpx:cad>78</gpxtpx:cad></gpxtpx:TrackPointExtension></extensions><extensions><gpxtpx:PowerExtension><gpxtpx:PowerInWatts>239</gpxtpx:PowerInWatts></gpxtpx:PowerExtension></extensions></trkpt>
<trkpt lat="38.5750216" lon="-121.4637542">
<ele>8</ele><time>2025-01-28T18:32:05.000Z</time><extensions><gpxtpx:TrackPointExtension><gpxtpx:hr>148</gpxtpx:hr><gpxtpx:cad>80</gpxtpx:cad></gpxtpx:TrackPointExtension></extensions><extensions><gpxtpx:PowerExtension><gpxtpx:PowerInWatts>234</gpxtpx:PowerInWatts></gpxtpx:PowerExtension></extensions></trkpt>
<trkpt lat="38.5749852" lon="-121.4637186">
<ele>8</ele><time>2025-01-28T18:32:07.000Z</time><extensions><gpxtpx:TrackPointExtension><gpxtpx:hr>148</gpxtpx:hr><gpxtpx:cad>73</gpxtpx:cad></gpxtpx:TrackPointExtension></extensions><extensions><gpxtpx:PowerExtension><gpxtpx:PowerInWatts>234</gpxtpx:PowerInWatts></gpxtpx:PowerExtension></extensions></trkpt>
<trkpt lat="38.5749531" lon="-121.4636548">
<ele>8</ele><time>2025-01-28T18:32:09.000Z</time><extensions><gpxtpx:TrackPointExtension><gpxtpx:hr>148</gpxtpx:hr><gpxtpx:cad>78</gpxtpx:cad></gpxtpx:TrackPointExtension></extensions><extensions><gpxtpx:PowerExtension><gpxtpx:PowerInWatts>234</gpxtpx:PowerInWatts></gpxtpx:PowerExtension></extensions></trkpt>
<trkpt lat="38.5749013" lon="-121.4635965">
<ele>8</ele><time>2025-01-28T18:32:11.000Z</time><extensions><gpxtpx:TrackPointExtension><gpxtpx:hr>149</gpxtpx:hr><gpxtpx:cad>79</gpxtpx:cad></gpxtpx:TrackPointExtension></extensions><extensions><gpxtpx:PowerExtension><gpxtpx:PowerInWatts>229</gpxtpx:PowerInWatts></gpxtpx:PowerExtension></extensions></trkpt>
<trkpt lat="38.5748806" lon="-121.4635398">
<ele>8</ele><time>2025-01-28T18:32:13.000Z</time><extensions><gpxtpx:TrackPointExtension><gpxtpx:hr>149</gpxtpx:hr><gpxtpx:cad>80</gpxtpx:cad></gpxtpx:TrackPointExtension></extensions><extensions><gpxtpx:PowerExtension><gpxtpx:PowerInWatts>229</gpxtpx:PowerInWatts></gpxtpx:PowerExtension></extensions></trkpt>
<trkpt lat="38.5748563" lon="-121.4634739">
<ele>8</ele><time>2025-01-28T18:32:15.000Z</time><extensions><gpxtpx:TrackPointExtension><gpxtpx:hr>149</gpxtpx:hr><gpxtpx:cad>81</gpxtpx:cad></gpxtpx:TrackPointExtension></extensions><extensions><gpxtpx:PowerExtension><gpxtpx:PowerInWatts>230</gpxtpx:PowerInWatts></gpxtpx:PowerExtension></extensions></trkpt>
<trkpt lat="38.5748432" lon="-121.4634032">
<ele>8</ele><time>2025-01-28T18:32:17.000Z</time><extensions><gpxtpx:TrackPointExtension><gpxtpx:hr>149</gpxtpx:hr><gpxtpx:cad>80</gpxtpx:cad></gpxtpx:TrackPointExtension></extensions><extensions><gpxtpx:PowerExtension><gpxtpx:PowerInWatts>230</gpxtpx:PowerInWatts></gpxtpx:PowerExtension></extensions></trkpt>
<trkpt lat="38.5748464" lon="-121.4633455">
<ele>8</ele><time>2025-01-28T18:32:19.000Z</time><extensions><gpxtpx:TrackPointExtension><gpxtpx:hr>149</gpxtpx:hr><gpxtpx:cad>81</gpxtpx:cad></gpxtpx:TrackPointExtension></extensions><extensions><gpxtpx:PowerExtension><gpxtpx:PowerInWatts>231</gpxtpx:PowerInWatts></gpxtpx:PowerExtension></extensions></trkpt>
<trkpt lat="38.5748607" lon="-121.4632837">
<ele>8</ele><time>2025-01-28T18:32:21.000Z</time><extensions><gpxtpx:TrackPointExtension><gpxtpx:hr>149</gpxtpx:hr><gpxtpx:cad>84</gpxtpx:cad></gpxtpx:TrackPointExtension></extensions><extensions><gpxtpx:PowerExtension><gpxtpx:PowerInWatts>231</gpxtpx:PowerInWatts></gpxtpx:PowerExtension></extensions></trkpt>
<trkpt lat="38.5748453" lon="-121.4632029">
<ele>8</ele><time>2025-01-28T18:32:23.000Z</time><extensions><gpxtpx:TrackPointExtension><gpxtpx:hr>150</gpxtpx:hr><gpxtpx:cad>80</gpxtpx:cad></gpxtpx:TrackPointExtension></extensions><extensions><gpxtpx:PowerExtension><gpxtpx:PowerInWatts>230</gpxtpx:PowerInWatts></gpxtpx:PowerExtension></extensions></trkpt>
<trkpt lat="38.5747980" lon="-121.4631485">
<ele>8</ele><time>2025-01-28T18:32:25.000Z</time><extensions><gpxtpx:TrackPointExtension><gpxtpx:hr>150</gpxtpx:hr><gpxtpx:cad>80</gpxtpx:cad></gpxtpx:TrackPointExtension></extensions><extensions><gpxtpx:PowerExtension><gpxtpx:PowerInWatts>230</gpxtpx:PowerInWatts></gpxtpx:PowerExtension></extensions></trkpt>
<trkpt lat="38.5747646" lon="-121.4630874">
<ele>8</ele><time>2025-01-28T18:32:27.000Z</time><extensions><gpxtpx:TrackPointExtension><gpxtpx:hr>149</gpxtpx:hr><gpxtpx:cad>80</gpxtpx:cad></gpxtpx:TrackPointExtension></extensions><extensions><gpxtpx:PowerExtension><gpxtpx:PowerInWatts>228</gpxtpx:PowerInWatts></gpxtpx:PowerExtension></extensions></trkpt>
<trkpt lat="38.5747597" lon="-121.4630036">
<ele>8</ele><time>2025-01-28T18:32:29.000Z</time><extensions><gpxtpx:TrackPointExtension><gpxtpx:hr>150</gpxtpx:hr><gpxtpx:cad>80</gpxtpx:cad></gpxtpx:TrackPointExtension></extensions><extensions><gpxtpx:PowerExtension><gpxtpx:PowerInWatts>228</gpxtpx:PowerInWatts></gpxtpx:PowerExtension></extensions></trkpt>
<trkpt lat="38.5747298" lon="-121.4629397">
<ele>8</ele><time>2025-01-28T18:32:31.000Z</time><extensions><gpxtpx:TrackPointExtension><gpxtpx:hr>150</gpxtpx:hr><gpxtpx:cad>80</gpxtpx:cad></gpxtpx:TrackPointExtension></extensions><extensions><gpxtpx:PowerExtension><gpxtpx:PowerInWatts>231</gpxtpx:PowerInWatts></gpxtpx:PowerExtension></extensions></trkpt>
<trkpt lat="38.5747192" lon="-121.4628832">
<ele>9</ele><time>2025-01-28T18:32:33.000Z</time><extensions><gpxtpx:TrackPointExtension><gpxtpx:hr>150</gpxtpx:hr><gpxtpx:cad>81</gpxtpx:cad></gpxtpx:TrackPointExtension></extensions><extensions><gpxtpx:PowerExtension><gpxtpx:PowerInWatts>231</gpxtpx:PowerInWatts></gpxtpx:PowerExtension></extensions></trkpt>
<trkpt lat="38.5747110" lon="-121.4628069">
<ele>9</ele><time>2025-01-28T18:32:35.000Z</time><extensions><gpxtpx:TrackPointExtension><gpxtpx:hr>150</gpxtpx:hr><gpxtpx:cad>79</gpxtpx:cad></gpxtpx:TrackPointExtension></extensions><extensions><gpxtpx:PowerExtension><gpxtpx:PowerInWatts>233</gpxtpx:PowerInWatts></gpxtpx:PowerExtension></extensions></trkpt>
<trkpt lat="38.5746858" lon="-121.4627297">
<ele>9</ele><time>2025-01-28T18:32:37.000Z</time><extensions><gpxtpx:TrackPointExtension><gpxtpx:hr>150</gpxtpx:hr><gpxtpx:cad>78</gpxtpx:cad></gpxtpx:TrackPointExtension></extensions><extensions><gpxtpx:PowerExtension><gpxtpx:PowerInWatts>233</gpxtpx:PowerInWatts></gpxtpx:PowerExtension></extensions></trkpt>
<trkpt lat="38.5746778" lon="-121.4626655">
<ele>9</ele><time>2025-01-28T18:32:39.000Z</time><extensions><gpxtpx:TrackPointExtension><gpxtpx:hr>150</gpxtpx:hr><gpxtpx:cad>81</gpxtpx:cad></gpxtpx:TrackPointExtension></extensions><extensions><gpxtpx:PowerExtension><gpxtpx:PowerInWatts>233</gpxtpx:PowerInWatts></gpxtpx:PowerExtension></extensions></trkpt>
<trkpt lat="38.5746422" lon="-121.4625989">
<ele>9</ele><time>2025-01-28T18:32:41.000Z</time><extensions><gpxtpx:TrackPointExtension><gpxtpx:hr>150</gpxtpx:hr><gpxtpx:cad>85</gpxtpx:cad></gpxtpx:TrackPointExtension></extensions><extensions><gpxtpx:PowerExtension><gpxtpx:PowerInWatts>233</gpxtpx:PowerInWatts></gpxtpx:PowerExtension></extensions></trkpt>
<trkpt lat="38.5746305" lon="-121.4625356">
<ele>9</ele><time>2025-01-28T18:32:43.000Z</time><extensions><gpxtpx:TrackPointExtension><gpxtpx:hr>150</gpxtpx:hr><gpxtpx:cad>80</gpxtpx:cad></gpxtpx:TrackPointExtension></extensions><extensions><gpxtpx:PowerExtension><gpxtpx:PowerInWatts>233</gpxtpx:PowerInWatts></gpxtpx:PowerExtension></extensions></trkpt>
<trkpt lat="38.5746174" lon="-121.4624682">
<ele>9</ele><time>2025-01-28T18:32:45.000Z</time><extensions><gpxtpx:TrackPointExtension><gpxtpx:hr>150</gpxtpx:hr><gpxtpx:cad>77</gpxtpx:cad></gpxtpx:TrackPointExtension></extensions><extensions><gpxtpx:PowerExtension><gpxtpx:PowerInWatts>235</gpxtpx:PowerInWatts></gpxtpx:PowerExtension></extensions></trkpt>
<trkpt lat="38.5745961" lon="-121.4624054">
<ele>9</ele><time>2025-01-28T18:32:47.000Z</time><extensions><gpxtpx:TrackPointExtension><gpxtpx:hr>150</gpxtpx:hr><gpxtpx:cad>76</gpxtpx:cad></gpxtpx:TrackPointExtension></extensions><extensions><gpxtpx:PowerExtension><gpxtpx:PowerInWatts>235</gpxtpx:PowerInWatts></gpxtpx:PowerExtension></extensions></trkpt>
<trkpt lat="38.5745710" lon="-121.4623298">
<ele>9</ele><time>2025-01-28T18:32:49.000Z</time><extensions><gpxtpx:TrackPointExtension><gpxtpx:hr>150</gpxtpx:hr><gpxtpx:cad>80</gpxtpx:cad></gpxtpx:TrackPointExtension></extensions><extensions><gpxtpx:PowerExtension><gpxtpx:PowerInWatts>231</gpxtpx:PowerInWatts></gpxtpx:PowerExtension></extensions></trkpt>
<trkpt lat="38.5745488" lon="-121.4622459">
<ele>9</ele><time>2025-01-28T18:32:52.000Z</time><extensions><gpxtpx:TrackPointExtension><gpxtpx:hr>151</gpxtpx:hr><gpxtpx:cad>80</gpxtpx:cad></gpxtpx:TrackPointExtension></extensions><extensions><gpxtpx:PowerExtension><gpxtpx:PowerInWatts>231</gpxtpx:PowerInWatts></gpxtpx:PowerExtension></extensions></trkpt>
<trkpt lat="38.5745308" lon="-121.4621708">
<ele>9</ele><time>2025-01-28T18:32:54.000Z</time><extensions><gpxtpx:TrackPointExtension><gpxtpx:hr>150</gpxtpx:hr><gpxtpx:cad>77</gpxtpx:cad></gpxtpx:TrackPointExtension></extensions><extensions><gpxtpx:PowerExtension><gpxtpx:PowerInWatts>229</gpxtpx:PowerInWatts></gpxtpx:PowerExtension></extensions></trkpt>
<trkpt lat="38.5745119" lon="-121.4621148">
<ele>9</ele><time>2025-01-28T18:32:56.000Z</time><extensions><gpxtpx:TrackPointExtension><gpxtpx:hr>150</gpxtpx:hr><gpxtpx:cad>76</gpxtpx:cad></gpxtpx:TrackPointExtension></extensions><extensions><gpxtpx:PowerExtension><gpxtpx:PowerInWatts>229</gpxtpx:PowerInWatts></gpxtpx:PowerExtension></extensions></trkpt>
<trkpt lat="38.5745034" lon="-121.4620479">
<ele>9</ele><time>2025-01-28T18:32:58.000Z</time><extensions><gpxtpx:TrackPointExtension><gpxtpx:hr>150</gpxtpx:hr><gpxtpx:cad>80</gpxtpx:cad></gpxtpx:TrackPointExtension></extensions><extensions><gpxtpx:PowerExtension><gpxtpx:PowerInWatts>230</gpxtpx:PowerInWatts></gpxtpx:PowerExtension></extensions></trkpt>
<trkpt lat="38.5744883" lon="-121.4619919">
<ele>9</ele><time>2025-01-28T18:33:00.000Z</time><extensions><gpxtpx:TrackPointExtension><gpxtpx:hr>150</gpxtpx:hr><gpxtpx:cad>79</gpxtpx:cad></gpxtpx:TrackPointExtension></extensions><extensions><gpxtpx:PowerExtension><gpxtpx:PowerInWatts>225</gpxtpx:PowerInWatts></gpxtpx:PowerExtension></extensions></trkpt>
<trkpt lat="38.5744550" lon="-121.4619219">
<ele>9</ele><time>2025-01-28T18:33:02.000Z</time><extensions><gpxtpx:TrackPointExtension><gpxtpx:hr>150</gpxtpx:hr><gpxtpx:cad>80</gpxtpx:cad></gpxtpx:TrackPointExtension></extensions><extensions><gpxtpx:PowerExtension><gpxtpx:PowerInWatts>225</gpxtpx:PowerInWatts></gpxtpx:PowerExtension></extensions></trkpt>
<trkpt lat="38.5744511" lon="-121.4618538">
<ele>9</ele><time>2025-01-28T18:33:04.000Z</time><extensions><gpxtpx:TrackPointExtension><gpxtpx:hr>150</gpxtpx:hr><gpxtpx:cad>75</gpxtpx:cad></gpxtpx:TrackPointExtension></extensions><extensions><gpxtpx:PowerExtension><gpxtpx:PowerInWatts>225</gpxtpx:PowerInWatts></gpxtpx:PowerExtension></extensions></trkpt>
<trkpt lat="38.5744201" lon="-121.4617844">
<ele>9</ele><time>2025-01-28T18:33:06.000Z</time><extensions><gpxtpx:TrackPointExtension><gpxtpx:hr>150</gpxtpx:hr><gpxtpx:cad>76</gpxtpx:cad></gpxtpx:TrackPointExtension></extensions><extensions><gpxtpx:PowerExtension><gpxtpx:PowerInWatts>222</gpxtpx:PowerInWatts></gpxtpx:PowerExtension></extensions></trkpt>
<trkpt lat="38.5744000" lon="-121.4617076">
<ele>9</ele><time>2025-01-28T18:33:08.000Z</time><extensions><gpxtpx:TrackPointExtension><gpxtpx:hr>150</gpxtpx:hr><gpxtpx:cad>77</gpxtpx:cad></gpxtpx:TrackPointExtension></extensions><extensions><gpxtpx:PowerExtension><gpxtpx:PowerInWatts>222</gpxtpx:PowerInWatts></gpxtpx:PowerExtension></extensions></trkpt>
<trkpt lat="38.5743835" lon="-121.4616461">
<ele>9</ele><time>2025-01-28T18:33:10.000Z</time><extensions><gpxtpx:TrackPointExtension><gpxtpx:hr>150</gpxtpx:hr><gpxtpx:cad>73</gpxtpx:cad></gpxtpx:TrackPointExtension></extensions><extensions><gpxtpx:PowerExtension><gpxtpx:PowerInWatts>224</gpxtpx:PowerInWatts></gpxtpx:PowerExtension></extensions></trkpt>
<trkpt lat="38.5743731" lon="-121.4615755">
<ele>9</ele><time>2025-01-28T18:33:12.000Z</time><extensions><gpxtpx:TrackPointExtension><gpxtpx:hr>150</gpxtpx:hr><gpxtpx:cad>74</gpxtpx:cad></gpxtpx:TrackPointExtension></extensions><extensions><gpxtpx:PowerExtension><gpxtpx:PowerInWatts>224</gpxtpx:PowerInWatts></gpxtpx:PowerExtension></extensions></trkpt>
<trkpt lat="38.5743642" lon="-121.4614865">
<ele>9</ele><time>2025-01-28T18:33:15.000Z</time><extensions><gpxtpx:TrackPointExtension><gpxtpx:hr>150</gpxtpx:hr><gpxtpx:cad>76</gpxtpx:cad></gpxtpx:TrackPointExtension></extensions><extensions><gpxtpx:PowerExtension><gpxtpx:PowerInWatts>231</gpxtpx:PowerInWatts></gpxtpx:PowerExtension></extensions></trkpt>
<trkpt lat="38.5743493" lon="-121.4614026">
<ele>9</ele><time>2025-01-28T18:33:17.000Z</time><extensions><gpxtpx:TrackPointExtension><gpxtpx:hr>149</gpxtpx:hr><gpxtpx:cad>77</gpxtpx:cad></gpxtpx:TrackPointExtension></extensions><extensions><gpxtpx:PowerExtension><gpxtpx:PowerInWatts>231</gpxtpx:PowerInWatts></gpxtpx:PowerExtension></extensions></trkpt>
<trkpt lat="38.5743304" lon="-121.4613127">
<ele>9</ele><time>2025-01-28T18:33:20.000Z</time><extensions><gpxtpx:TrackPointExtension><gpxtpx:hr>149</gpxtpx:hr><gpxtpx:cad>75</gpxtpx:cad></gpxtpx:TrackPointExtension></extensions><extensions><gpxtpx:PowerExtension><gpxtpx:PowerInWatts>222</gpxtpx:PowerInWatts></gpxtpx:PowerExtension></extensions></trkpt>
<trkpt lat="38.5743094" lon="-121.4612358">
<ele>9</ele><time>2025-01-28T18:33:22.000Z</time><extensions><gpxtpx:TrackPointExtension><gpxtpx:hr>149</gpxtpx:hr><gpxtpx:cad>78</gpxtpx:cad></gpxtpx:TrackPointExtension></extensions><extensions><gpxtpx:PowerExtension><gpxtpx:PowerInWatts>222</gpxtpx:PowerInWatts></gpxtpx:PowerExtension></extensions></trkpt>
<trkpt lat="38.5742922" lon="-121.4611726">
<ele>9</ele><time>2025-01-28T18:33:24.000Z</time><extensions><gpxtpx:TrackPointExtension><gpxtpx:hr>149</gpxtpx:hr><gpxtpx:cad>78</gpxtpx:cad></gpxtpx:TrackPointExtension></extensions><extensions><gpxtpx:PowerExtension><gpxtpx:PowerInWatts>222</gpxtpx:PowerInWatts></gpxtpx:PowerExtension></extensions></trkpt>
<trkpt lat="38.5742730" lon="-121.4611022">
<ele>9</ele><time>2025-01-28T18:33:26.000Z</time><extensions><gpxtpx:TrackPointExtension><gpxtpx:hr>150</gpxtpx:hr><gpxtpx:cad>74</gpxtpx:cad></gpxtpx:TrackPointExtension></extensions><extensions><gpxtpx:PowerExtension><gpxtpx:PowerInWatts>226</gpxtpx:PowerInWatts></gpxtpx:PowerExtension></extensions></trkpt>
<trkpt lat="38.5742538" lon="-121.4610317">
<ele>9</ele><time>2025-01-28T18:33:28.000Z</time><extensions><gpxtpx:TrackPointExtension><gpxtpx:hr>150</gpxtpx:hr><gpxtpx:cad>76</gpxtpx:cad></gpxtpx:TrackPointExtension></extensions><extensions><gpxtpx:PowerExtension><gpxtpx:PowerInWatts>226</gpxtpx:PowerInWatts></gpxtpx:PowerExtension></extensions></trkpt>
<trkpt lat="38.5742374" lon="-121.4609717">
<ele>9</ele><time>2025-01-28T18:33:30.000Z</time><extensions><gpxtpx:TrackPointExtension><gpxtpx:hr>150</gpxtpx:hr><gpxtpx:cad>76</gpxtpx:cad></gpxtpx:TrackPointExtension></extensions><extensions><gpxtpx:PowerExtension><gpxtpx:PowerInWatts>226</gpxtpx:PowerInWatts></gpxtpx:PowerExtension></extensions></trkpt>
<trkpt lat="38.5742189" lon="-121.4609036">
<ele>9</ele><time>2025-01-28T18:33:33.000Z</time><extensions><gpxtpx:TrackPointExtension><gpxtpx:hr>150</gpxtpx:hr><gpxtpx:cad>78</gpxtpx:cad></gpxtpx:TrackPointExtension></extensions><extensions><gpxtpx:PowerExtension><gpxtpx:PowerInWatts>233</gpxtpx:PowerInWatts></gpxtpx:PowerExtension></extensions></trkpt>
<trkpt lat="38.5742061" lon="-121.4608475">
<ele>9</ele><time>2025-01-28T18:33:35.000Z</time><extensions><gpxtpx:TrackPointExtension><gpxtpx:hr>150</gpxtpx:hr><gpxtpx:cad>78</gpxtpx:cad></gpxtpx:TrackPointExtension></extensions><extensions><gpxtpx:PowerExtension><gpxtpx:PowerInWatts>229</gpxtpx:PowerInWatts></gpxtpx:PowerExtension></extensions></trkpt>
<trkpt lat="38.5741975" lon="-121.4607904">
<ele>9</ele><time>2025-01-28T18:33:38.000Z</time><extensions><gpxtpx:TrackPointExtension><gpxtpx:hr>149</gpxtpx:hr><gpxtpx:cad>76</gpxtpx:cad></gpxtpx:TrackPointExtension></extensions><extensions><gpxtpx:PowerExtension><gpxtpx:PowerInWatts>229</gpxtpx:PowerInWatts></gpxtpx:PowerExtension></extensions></trkpt>
<trkpt lat="38.5742229" lon="-121.4607307">
<ele>9</ele><time>2025-01-28T18:33:45.000Z</time><extensions><gpxtpx:TrackPointExtension><gpxtpx:hr>147</gpxtpx:hr><gpxtpx:cad>80</gpxtpx:cad></gpxtpx:TrackPointExtension></extensions><extensions><gpxtpx:PowerExtension><gpxtpx:PowerInWatts>220</gpxtpx:PowerInWatts></gpxtpx:PowerExtension></extensions></trkpt>
<trkpt lat="38.5742794" lon="-121.4607043">
<ele>9</ele><time>2025-01-28T18:33:47.000Z</time><extensions><gpxtpx:TrackPointExtension><gpxtpx:hr>147</gpxtpx:hr><gpxtpx:cad>79</gpxtpx:cad></gpxtpx:TrackPointExtension></extensions><extensions><gpxtpx:PowerExtension><gpxtpx:PowerInWatts>212</gpxtpx:PowerInWatts></gpxtpx:PowerExtension></extensions></trkpt>
<trkpt lat="38.5743454" lon="-121.4606674">
<ele>9</ele><time>2025-01-28T18:33:49.000Z</time><extensions><gpxtpx:TrackPointExtension><gpxtpx:hr>147</gpxtpx:hr><gpxtpx:cad>77</gpxtpx:cad></gpxtpx:TrackPointExtension></extensions><extensions><gpxtpx:PowerExtension><gpxtpx:PowerInWatts>212</gpxtpx:PowerInWatts></gpxtpx:PowerExtension></extensions></trkpt>
<trkpt lat="38.5743891" lon="-121.4606510">
<ele>9</ele><time>2025-01-28T18:33:50.000Z</time><extensions><gpxtpx:TrackPointExtension><gpxtpx:hr>147</gpxtpx:hr><gpxtpx:cad>77</gpxtpx:cad></gpxtpx:TrackPointExtension></extensions><extensions><gpxtpx:PowerExtension><gpxtpx:PowerInWatts>211</gpxtpx:PowerInWatts></gpxtpx:PowerExtension></extensions></trkpt>
<trkpt lat="38.5744466" lon="-121.4605641">
<ele>8</ele><time>2025-01-28T18:33:51.000Z</time><extensions><gpxtpx:TrackPointExtension><gpxtpx:hr>147</gpxtpx:hr><gpxtpx:cad>80</gpxtpx:cad></gpxtpx:TrackPointExtension></extensions><extensions><gpxtpx:PowerExtension><gpxtpx:PowerInWatts>211</gpxtpx:PowerInWatts></gpxtpx:PowerExtension></extensions></trkpt>
<trkpt lat="38.5745183" lon="-121.4605281">
<ele>8</ele><time>2025-01-28T18:33:53.000Z</time><extensions><gpxtpx:TrackPointExtension><gpxtpx:hr>148</gpxtpx:hr><gpxtpx:cad>78</gpxtpx:cad></gpxtpx:TrackPointExtension></extensions><extensions><gpxtpx:PowerExtension><gpxtpx:PowerInWatts>208</gpxtpx:PowerInWatts></gpxtpx:PowerExtension></extensions></trkpt>
<trkpt lat="38.5745660" lon="-121.4605033">
<ele>8</ele><time>2025-01-28T18:33:55.000Z</time><extensions><gpxtpx:TrackPointExtension><gpxtpx:hr>149</gpxtpx:hr><gpxtpx:cad>77</gpxtpx:cad></gpxtpx:TrackPointExtension></extensions><extensions><gpxtpx:PowerExtension><gpxtpx:PowerInWatts>208</gpxtpx:PowerInWatts></gpxtpx:PowerExtension></extensions></trkpt>
<trkpt lat="38.5746197" lon="-121.4604731">
<ele>8</ele><time>2025-01-28T18:33:57.000Z</time><extensions><gpxtpx:TrackPointExtension><gpxtpx:hr>149</gpxtpx:hr><gpxtpx:cad>79</gpxtpx:cad></gpxtpx:TrackPointExtension></extensions><extensions><gpxtpx:PowerExtension><gpxtpx:PowerInWatts>208</gpxtpx:PowerInWatts></gpxtpx:PowerExtension></extensions></trkpt>
<trkpt lat="38.5746863" lon="-121.4604410">
<ele>8</ele><time>2025-01-28T18:33:59.000Z</time><extensions><gpxtpx:TrackPointExtension><gpxtpx:hr>150</gpxtpx:hr><gpxtpx:cad>79</gpxtpx:cad></gpxtpx:TrackPointExtension></extensions><extensions><gpxtpx:PowerExtension><gpxtpx:PowerInWatts>213</gpxtpx:PowerInWatts></gpxtpx:PowerExtension></extensions></trkpt>
<trkpt lat="38.5747365" lon="-121.4604193">
<ele>8</ele><time>2025-01-28T18:34:01.000Z</time><extensions><gpxtpx:TrackPointExtension><gpxtpx:hr>151</gpxtpx:hr><gpxtpx:cad>77</gpxtpx:cad></gpxtpx:TrackPointExtension></extensions><extensions><gpxtpx:PowerExtension><gpxtpx:PowerInWatts>213</gpxtpx:PowerInWatts></gpxtpx:PowerExtension></extensions></trkpt>
<trkpt lat="38.5747933" lon="-121.4603948">
<ele>8</ele><time>2025-01-28T18:34:03.000Z</time><extensions><gpxtpx:TrackPointExtension><gpxtpx:hr>151</gpxtpx:hr><gpxtpx:cad>79</gpxtpx:cad></gpxtpx:TrackPointExtension></extensions><extensions><gpxtpx:PowerExtension><gpxtpx:PowerInWatts>229</gpxtpx:PowerInWatts></gpxtpx:PowerExtension></extensions></trkpt>
<trkpt lat="38.5748517" lon="-121.4603696">
<ele>8</ele><time>2025-01-28T18:34:05.000Z</time><extensions><gpxtpx:TrackPointExtension><gpxtpx:hr>151</gpxtpx:hr><gpxtpx:cad>80</gpxtpx:cad></gpxtpx:TrackPointExtension></extensions><extensions><gpxtpx:PowerExtension><gpxtpx:PowerInWatts>229</gpxtpx:PowerInWatts></gpxtpx:PowerExtension></extensions></trkpt>
<trkpt lat="38.5749190" lon="-121.4603305">
<ele>8</ele><time>2025-01-28T18:34:08.000Z</time><extensions><gpxtpx:TrackPointExtension><gpxtpx:hr>152</gpxtpx:hr><gpxtpx:cad>74</gpxtpx:cad></gpxtpx:TrackPointExtension></extensions><extensions><gpxtpx:PowerExtension><gpxtpx:PowerInWatts>230</gpxtpx:PowerInWatts></gpxtpx:PowerExtension></extensions></trkpt>
<trkpt lat="38.5749831" lon="-121.4603130">
<ele>8</ele><time>2025-01-28T18:34:10.000Z</time><extensions><gpxtpx:TrackPointExtension><gpxtpx:hr>152</gpxtpx:hr><gpxtpx:cad>72</gpxtpx:cad></gpxtpx:TrackPointExtension></extensions><extensions><gpxtpx:PowerExtension><gpxtpx:PowerInWatts>230</gpxtpx:PowerInWatts></gpxtpx:PowerExtension></extensions></trkpt>
<trkpt lat="38.5750585" lon="-121.4602805">
<ele>8</ele><time>2025-01-28T18:34:12.000Z</time><extensions><gpxtpx:TrackPointExtension><gpxtpx:hr>152</gpxtpx:hr><gpxtpx:cad>81</gpxtpx:cad></gpxtpx:TrackPointExtension></extensions><extensions><gpxtpx:PowerExtension><gpxtpx:PowerInWatts>230</gpxtpx:PowerInWatts></gpxtpx:PowerExtension></extensions></trkpt>
<trkpt lat="38.5751053" lon="-121.4602606">
<ele>8</ele><time>2025-01-28T18:34:14.000Z</time><extensions><gpxtpx:TrackPointExtension><gpxtpx:hr>152</gpxtpx:hr><gpxtpx:cad>76</gpxtpx:cad></gpxtpx:TrackPointExtension></extensions><extensions><gpxtpx:PowerExtension><gpxtpx:PowerInWatts>228</gpxtpx:PowerInWatts></gpxtpx:PowerExtension></extensions></trkpt>
<trkpt lat="38.5751620" lon="-121.4602369">
<ele>8</ele><time>2025-01-28T18:34:16.000Z</time><extensions><gpxtpx:TrackPointExtension><gpxtpx:hr>152</gpxtpx:hr><gpxtpx:cad>73</gpxtpx:cad></gpxtpx:TrackPointExtension></extensions><extensions><gpxtpx:PowerExtension><gpxtpx:PowerInWatts>239</gpxtpx:PowerInWatts></gpxtpx:PowerExtension></extensions></trkpt>
<trkpt lat="38.5752158" lon="-121.4602144">
<ele>8</ele><time>2025-01-28T18:34:18.000Z</time><extensions><gpxtpx:TrackPointExtension><gpxtpx:hr>152</gpxtpx:hr><gpxtpx:cad>75</gpxtpx:cad></gpxtpx:TrackPointExtension></extensions><extensions><gpxtpx:PowerExtension><gpxtpx:PowerInWatts>239</gpxtpx:PowerInWatts></gpxtpx:PowerExtension></extensions></trkpt>
<trkpt lat="38.5752647" lon="-121.4601940">
<ele>8</ele><time>2025-01-28T18:34:20.000Z</time><extensions><gpxtpx:TrackPointExtension><gpxtpx:hr>152</gpxtpx:hr><gpxtpx:cad>76</gpxtpx:cad></gpxtpx:TrackPointExtension></extensions><extensions><gpxtpx:PowerExtension><gpxtpx:PowerInWatts>239</gpxtpx:PowerInWatts></gpxtpx:PowerExtension></extensions></trkpt>
<trkpt lat="38.5753155" lon="-121.4601728">
<ele>8</ele><time>2025-01-28T18:34:22.000Z</time><extensions><gpxtpx:TrackPointExtension><gpxtpx:hr>152</gpxtpx:hr><gpxtpx:cad>81</gpxtpx:cad></gpxtpx:TrackPointExtension></extensions><extensions><gpxtpx:PowerExtension><gpxtpx:PowerInWatts>237</gpxtpx:PowerInWatts></gpxtpx:PowerExtension></extensions></trkpt>
<trkpt lat="38.5753679" lon="-121.4601509">
<ele>8</ele><time>2025-01-28T18:34:24.000Z</time><extensions><gpxtpx:TrackPointExtension><gpxtpx:hr>152</gpxtpx:hr><gpxtpx:cad>82</gpxtpx:cad></gpxtpx:TrackPointExtension></extensions><extensions><gpxtpx:PowerExtension><gpxtpx:PowerInWatts>237</gpxtpx:PowerInWatts></gpxtpx:PowerExtension></extensions></trkpt>
<trkpt lat="38.5754218" lon="-121.4601285">
<ele>8</ele><time>2025-01-28T18:34:26.000Z</time><extensions><gpxtpx:TrackPointExtension><gpxtpx:hr>152</gpxtpx:hr><gpxtpx:cad>79</gpxtpx:cad></gpxtpx:TrackPointExtension></extensions><extensions><gpxtpx:PowerExtension><gpxtpx:PowerInWatts>237</gpxtpx:PowerInWatts></gpxtpx:PowerExtension></extensions></trkpt>
<trkpt lat="38.5754870" lon="-121.4601013">
<ele>8</ele><time>2025-01-28T18:34:28.000Z</time><extensions><gpxtpx:TrackPointExtension><gpxtpx:hr>152</gpxtpx:hr><gpxtpx:cad>76</gpxtpx:cad></gpxtpx:TrackPointExtension></extensions><extensions><gpxtpx:PowerExtension><gpxtpx:PowerInWatts>234</gpxtpx:PowerInWatts></gpxtpx:PowerExtension></extensions></trkpt>
<trkpt lat="38.5755446" lon="-121.4600772">
<ele>8</ele><time>2025-01-28T18:34:30.000Z</time><extensions><gpxtpx:TrackPointExtension><gpxtpx:hr>152</gpxtpx:hr><gpxtpx:cad>79</gpxtpx:cad></gpxtpx:TrackPointExtension></extensions><extensions><gpxtpx:PowerExtension><gpxtpx:PowerInWatts>231</gpxtpx:PowerInWatts></gpxtpx:PowerExtension></extensions></trkpt>
<trkpt lat="38.5755969" lon="-121.4600554">
<ele>8</ele><time>2025-01-28T18:34:32.000Z</time><extensions><gpxtpx:TrackPointExtension><gpxtpx:hr>152</gpxtpx:hr><gpxtpx:cad>79</gpxtpx:cad></gpxtpx:TrackPointExtension></extensions><extensions><gpxtpx:PowerExtension><gpxtpx:PowerInWatts>231</gpxtpx:PowerInWatts></gpxtpx:PowerExtension></extensions></trkpt>
<trkpt lat="38.5756610" lon="-121.4600286">
<ele>8</ele><time>2025-01-28T18:34:34.000Z</time><extensions><gpxtpx:TrackPointExtension><gpxtpx:hr>152</gpxtpx:hr><gpxtpx:cad>80</gpxtpx:cad></gpxtpx:TrackPointExtension></extensions><extensions><gpxtpx:PowerExtension><gpxtpx:PowerInWatts>235</gpxtpx:PowerInWatts></gpxtpx:PowerExtension></extensions></trkpt>
<trkpt lat="38.5757136" lon="-121.4599924">
<ele>8</ele><time>2025-01-28T18:34:36.000Z</time><extensions><gpxtpx:TrackPointExtension><gpxtpx:hr>152</gpxtpx:hr><gpxtpx:cad>81</gpxtpx:cad></gpxtpx:TrackPointExtension></extensions><extensions><gpxtpx:PowerExtension><gpxtpx:PowerInWatts>235</gpxtpx:PowerInWatts></gpxtpx:PowerExtension></extensions></trkpt>
<trkpt lat="38.5757606" lon="-121.4599731">
<ele>8</ele><time>2025-01-28T18:34:38.000Z</time><extensions><gpxtpx:TrackPointExtension><gpxtpx:hr>152</gpxtpx:hr><gpxtpx:cad>76</gpxtpx:cad></gpxtpx:TrackPointExtension></extensions><extensions><gpxtpx:PowerExtension><gpxtpx:PowerInWatts>235</gpxtpx:PowerInWatts></gpxtpx:PowerExtension></extensions></trkpt>
<trkpt lat="38.5758135" lon="-121.4599626">
<ele>8</ele><time>2025-01-28T18:34:40.000Z</time><extensions><gpxtpx:TrackPointExtension><gpxtpx:hr>152</gpxtpx:hr><gpxtpx:cad>81</gpxtpx:cad></gpxtpx:TrackPointExtension></extensions><extensions><gpxtpx:PowerExtension><gpxtpx:PowerInWatts>239</gpxtpx:PowerInWatts></gpxtpx:PowerExtension></extensions></trkpt>
<trkpt lat="38.5758695" lon="-121.4599263">
<ele>8</ele><time>2025-01-28T18:34:42.000Z</time><extensions><gpxtpx:TrackPointExtension><gpxtpx:hr>152</gpxtpx:hr><gpxtpx:cad>81</gpxtpx:cad></gpxtpx:TrackPointExtension></extensions><extensions><gpxtpx:PowerExtension><gpxtpx:PowerInWatts>239</gpxtpx:PowerInWatts></gpxtpx:PowerExtension></extensions></trkpt>
<trkpt lat="38.5759231" lon="-121.4599192">
<ele>8</ele><time>2025-01-28T18:34:44.000Z</time><extensions><gpxtpx:TrackPointExtension><gpxtpx:hr>152</gpxtpx:hr><gpxtpx:cad>83</gpxtpx:cad></gpxtpx:TrackPointExtension></extensions><extensions><gpxtpx:PowerExtension><gpxtpx:PowerInWatts>240</gpxtpx:PowerInWatts></gpxtpx:PowerExtension></extensions></trkpt>
<trkpt lat="38.5759947" lon="-121.4598894">
<ele>8</ele><time>2025-01-28T18:34:46.000Z</time><extensions><gpxtpx:TrackPointExtension><gpxtpx:hr>152</gpxtpx:hr><gpxtpx:cad>83</gpxtpx:cad></gpxtpx:TrackPointExtension></extensions><extensions><gpxtpx:PowerExtension><gpxtpx:PowerInWatts>240</gpxtpx:PowerInWatts></gpxtpx:PowerExtension></extensions></trkpt>
<trkpt lat="38.5760399" lon="-121.4598263">
<ele>8</ele><time>2025-01-28T18:34:48.000Z</time><extensions><gpxtpx:TrackPointExtension><gpxtpx:hr>152</gpxtpx:hr><gpxtpx:cad>79</gpxtpx:cad></gpxtpx:TrackPointExtension></extensions><extensions><gpxtpx:PowerExtension><gpxtpx:PowerInWatts>240</gpxtpx:PowerInWatts></gpxtpx:PowerExtension></extensions></trkpt>
<trkpt lat="38.5761102" lon="-121.4598159">
<ele>8</ele><time>2025-01-28T18:34:50.000Z</time><extensions><gpxtpx:TrackPointExtension><gpxtpx:hr>152</gpxtpx:hr><gpxtpx:cad>74</gpxtpx:cad></gpxtpx:TrackPointExtension></extensions><extensions><gpxtpx:PowerExtension><gpxtpx:PowerInWatts>241</gpxtpx:PowerInWatts></gpxtpx:PowerExtension></extensions></trkpt>
<trkpt lat="38.5761649" lon="-121.4597907">
<ele>8</ele><time>2025-01-28T18:34:52.000Z</time><extensions><gpxtpx:TrackPointExtension><gpxtpx:hr>152</gpxtpx:hr><gpxtpx:cad>80</gpxtpx:cad></gpxtpx:TrackPointExtension></extensions><extensions><gpxtpx:PowerExtension><gpxtpx:PowerInWatts>248</gpxtpx:PowerInWatts></gpxtpx:PowerExtension></extensions></trkpt>
<trkpt lat="38.5762213" lon="-121.4597618">
<ele>8</ele><time>2025-01-28T18:34:55.000Z</time><extensions><gpxtpx:TrackPointExtension><gpxtpx:hr>151</gpxtpx:hr><gpxtpx:cad>81</gpxtpx:cad></gpxtpx:TrackPointExtension></extensions><extensions><gpxtpx:PowerExtension><gpxtpx:PowerInWatts>248</gpxtpx:PowerInWatts></gpxtpx:PowerExtension></extensions></trkpt>
<trkpt lat="38.5762728" lon="-121.4597432">
<ele>8</ele><time>2025-01-28T18:34:57.000Z</time><extensions><gpxtpx:TrackPointExtension><gpxtpx:hr>152</gpxtpx:hr><gpxtpx:cad>74</gpxtpx:cad></gpxtpx:TrackPointExtension></extensions><extensions><gpxtpx:PowerExtension><gpxtpx:PowerInWatts>249</gpxtpx:PowerInWatts></gpxtpx:PowerExtension></extensions></trkpt>
<trkpt lat="38.5763306" lon="-121.4597023">
<ele>8</ele><time>2025-01-28T18:34:59.000Z</time><extensions><gpxtpx:TrackPointExtension><gpxtpx:hr>152</gpxtpx:hr><gpxtpx:cad>72</gpxtpx:cad></gpxtpx:TrackPointExtension></extensions><extensions><gpxtpx:PowerExtension><gpxtpx:PowerInWatts>249</gpxtpx:PowerInWatts></gpxtpx:PowerExtension></extensions></trkpt>
<trkpt lat="38.5763975" lon="-121.4596894">
<ele>8</ele><time>2025-01-28T18:35:01.000Z</time><extensions><gpxtpx:TrackPointExtension><gpxtpx:hr>152</gpxtpx:hr><gpxtpx:cad>80</gpxtpx:cad></gpxtpx:TrackPointExtension></extensions><extensions><gpxtpx:PowerExtension><gpxtpx:PowerInWatts>249</gpxtpx:PowerInWatts></gpxtpx:PowerExtension></extensions></trkpt>
<trkpt lat="38.5764260" lon="-121.4596084">
<ele>8</ele><time>2025-01-28T18:35:03.000Z</time><extensions><gpxtpx:TrackPointExtension><gpxtpx:hr>153</gpxtpx:hr><gpxtpx:cad>78</gpxtpx:cad></gpxtpx:TrackPointExtension></extensions><extensions><gpxtpx:PowerExtension><gpxtpx:PowerInWatts>234</gpxtpx:PowerInWatts></gpxtpx:PowerExtension></extensions></trkpt>
<trkpt lat="38.5764442" lon="-121.4595252">
<ele>8</ele><time>2025-01-28T18:35:05.000Z</time><extensions><gpxtpx:TrackPointExtension><gpxtpx:hr>153</gpxtpx:hr><gpxtpx:cad>75</gpxtpx:cad></gpxtpx:TrackPointExtension></extensions><extensions><gpxtpx:PowerExtension><gpxtpx:PowerInWatts>239</gpxtpx:PowerInWatts></gpxtpx:PowerExtension></extensions></trkpt>
<trkpt lat="38.5764644" lon="-121.4594376">
<ele>8</ele><time>2025-01-28T18:35:07.000Z</time><extensions><gpxtpx:TrackPointExtension><gpxtpx:hr>153</gpxtpx:hr><gpxtpx:cad>81</gpxtpx:cad></gpxtpx:TrackPointExtension></extensions><extensions><gpxtpx:PowerExtension><gpxtpx:PowerInWatts>242</gpxtpx:PowerInWatts></gpxtpx:PowerExtension></extensions></trkpt>
<trkpt lat="38.5764405" lon="-121.4593628">
<ele>8</ele><time>2025-01-28T18:35:09.000Z</time><extensions><gpxtpx:TrackPointExtension><gpxtpx:hr>153</gpxtpx:hr><gpxtpx:cad>81</gpxtpx:cad></gpxtpx:TrackPointExtension></extensions><extensions><gpxtpx:PowerExtension><gpxtpx:PowerInWatts>242</gpxtpx:PowerInWatts></gpxtpx:PowerExtension></extensions></trkpt>
<trkpt lat="38.5764379" lon="-121.4592876">
<ele>8</ele><time>2025-01-28T18:35:11.000Z</time><extensions><gpxtpx:TrackPointExtension><gpxtpx:hr>153</gpxtpx:hr><gpxtpx:cad>77</gpxtpx:cad></gpxtpx:TrackPointExtension></extensions><extensions><gpxtpx:PowerExtension><gpxtpx:PowerInWatts>242</gpxtpx:PowerInWatts></gpxtpx:PowerExtension></extensions></trkpt>
<trkpt lat="38.5764129" lon="-121.4592358">
<ele>8</ele><time>2025-01-28T18:35:12.000Z</time><extensions><gpxtpx:TrackPointExtension><gpxtpx:hr>153</gpxtpx:hr><gpxtpx:cad>79</gpxtpx:cad></gpxtpx:TrackPointExtension></extensions><extensions><gpxtpx:PowerExtension><gpxtpx:PowerInWatts>248</gpxtpx:PowerInWatts></gpxtpx:PowerExtension></extensions></trkpt>
<trkpt lat="38.5763836" lon="-121.4591618">
<ele>8</ele><time>2025-01-28T18:35:14.000Z</time><extensions><gpxtpx:TrackPointExtension><gpxtpx:hr>153</gpxtpx:hr><gpxtpx:cad>81</gpxtpx:cad></gpxtpx:TrackPointExtension></extensions><extensions><gpxtpx:PowerExtension><gpxtpx:PowerInWatts>248</gpxtpx:PowerInWatts></gpxtpx:PowerExtension></extensions></trkpt>
<trkpt lat="38.5763685" lon="-121.4590959">
<ele>8</ele><time>2025-01-28T18:35:16.000Z</time><extensions><gpxtpx:TrackPointExtension><gpxtpx:hr>153</gpxtpx:hr><gpxtpx:cad>81</gpxtpx:cad></gpxtpx:TrackPointExtension></extensions><extensions><gpxtpx:PowerExtension><gpxtpx:PowerInWatts>249</gpxtpx:PowerInWatts></gpxtpx:PowerExtension></extensions></trkpt>
<trkpt lat="38.5763344" lon="-121.4590181">
<ele>8</ele><time>2025-01-28T18:35:18.000Z</time><extensions><gpxtpx:TrackPointExtension><gpxtpx:hr>153</gpxtpx:hr><gpxtpx:cad>77</gpxtpx:cad></gpxtpx:TrackPointExtension></extensions><extensions><gpxtpx:PowerExtension><gpxtpx:PowerInWatts>249</gpxtpx:PowerInWatts></gpxtpx:PowerExtension></extensions></trkpt>
<trkpt lat="38.5763114" lon="-121.4589551">
<ele>8</ele><time>2025-01-28T18:35:20.000Z</time><extensions><gpxtpx:TrackPointExtension><gpxtpx:hr>153</gpxtpx:hr><gpxtpx:cad>78</gpxtpx:cad></gpxtpx:TrackPointExtension></extensions><extensions><gpxtpx:PowerExtension><gpxtpx:PowerInWatts>253</gpxtpx:PowerInWatts></gpxtpx:PowerExtension></extensions></trkpt>
<trkpt lat="38.5762816" lon="-121.4588710">
<ele>8</ele><time>2025-01-28T18:35:22.000Z</time><extensions><gpxtpx:TrackPointExtension><gpxtpx:hr>154</gpxtpx:hr><gpxtpx:cad>85</gpxtpx:cad></gpxtpx:TrackPointExtension></extensions><extensions><gpxtpx:PowerExtension><gpxtpx:PowerInWatts>253</gpxtpx:PowerInWatts></gpxtpx:PowerExtension></extensions></trkpt>
<trkpt lat="38.5762673" lon="-121.4587880">
<ele>8</ele><time>2025-01-28T18:35:24.000Z</time><extensions><gpxtpx:TrackPointExtension><gpxtpx:hr>154</gpxtpx:hr><gpxtpx:cad>84</gpxtpx:cad></gpxtpx:TrackPointExtension></extensions><extensions><gpxtpx:PowerExtension><gpxtpx:PowerInWatts>253</gpxtpx:PowerInWatts></gpxtpx:PowerExtension></extensions></trkpt>
<trkpt lat="38.5762400" lon="-121.4587304">
<ele>8</ele><time>2025-01-28T18:35:26.000Z</time><extensions><gpxtpx:TrackPointExtension><gpxtpx:hr>153</gpxtpx:hr><gpxtpx:cad>78</gpxtpx:cad></gpxtpx:TrackPointExtension></extensions><extensions><gpxtpx:PowerExtension><gpxtpx:PowerInWatts>253</gpxtpx:PowerInWatts></gpxtpx:PowerExtension></extensions></trkpt>
<trkpt lat="38.5762378" lon="-121.4586532">
<ele>8</ele><time>2025-01-28T18:35:28.000Z</time><extensions><gpxtpx:TrackPointExtension><gpxtpx:hr>153</gpxtpx:hr><gpxtpx:cad>79</gpxtpx:cad></gpxtpx:TrackPointExtension></extensions><extensions><gpxtpx:PowerExtension><gpxtpx:PowerInWatts>253</gpxtpx:PowerInWatts></gpxtpx:PowerExtension></extensions></trkpt>
<trkpt lat="38.5762076" lon="-121.4585714">
<ele>8</ele><time>2025-01-28T18:35:31.000Z</time><extensions><gpxtpx:TrackPointExtension><gpxtpx:hr>153</gpxtpx:hr><gpxtpx:cad>76</gpxtpx:cad></gpxtpx:TrackPointExtension></extensions><extensions><gpxtpx:PowerExtension><gpxtpx:PowerInWatts>255</gpxtpx:PowerInWatts></gpxtpx:PowerExtension></extensions></trkpt>
<trkpt lat="38.5761905" lon="-121.4584903">
<ele>7</ele><time>2025-01-28T18:35:33.000Z</time><extensions><gpxtpx:TrackPointExtension><gpxtpx:hr>154</gpxtpx:hr><gpxtpx:cad>76</gpxtpx:cad></gpxtpx:TrackPointExtension></extensions><extensions><gpxtpx:PowerExtension><gpxtpx:PowerInWatts>252</gpxtpx:PowerInWatts></gpxtpx:PowerExtension></extensions></trkpt>
<trkpt lat="38.5761775" lon="-121.4584246">
<ele>7</ele><time>2025-01-28T18:35:35.000Z</time><extensions><gpxtpx:TrackPointExtension><gpxtpx:hr>155</gpxtpx:hr><gpxtpx:cad>76</gpxtpx:cad></gpxtpx:TrackPointExtension></extensions><extensions><gpxtpx:PowerExtension><gpxtpx:PowerInWatts>243</gpxtpx:PowerInWatts></gpxtpx:PowerExtension></extensions></trkpt>
<trkpt lat="38.5761603" lon="-121.4583564">
<ele>7</ele><time>2025-01-28T18:35:37.000Z</time><extensions><gpxtpx:TrackPointExtension><gpxtpx:hr>155</gpxtpx:hr><gpxtpx:cad>81</gpxtpx:cad></gpxtpx:TrackPointExtension></extensions><extensions><gpxtpx:PowerExtension><gpxtpx:PowerInWatts>243</gpxtpx:PowerInWatts></gpxtpx:PowerExtension></extensions></trkpt>
<trkpt lat="38.5761507" lon="-121.4582796">
<ele>7</ele><time>2025-01-28T18:35:39.000Z</time><extensions><gpxtpx:TrackPointExtension><gpxtpx:hr>155</gpxtpx:hr><gpxtpx:cad>79</gpxtpx:cad></gpxtpx:TrackPointExtension></extensions><extensions><gpxtpx:PowerExtension><gpxtpx:PowerInWatts>243</gpxtpx:PowerInWatts></gpxtpx:PowerExtension></extensions></trkpt>
<trkpt lat="38.5761256" lon="-121.4582058">
<ele>7</ele><time>2025-01-28T18:35:41.000Z</time><extensions><gpxtpx:TrackPointExtension><gpxtpx:hr>155</gpxtpx:hr><gpxtpx:cad>78</gpxtpx:cad></gpxtpx:TrackPointExtension></extensions><extensions><gpxtpx:PowerExtension><gpxtpx:PowerInWatts>245</gpxtpx:PowerInWatts></gpxtpx:PowerExtension></extensions></trkpt>
<trkpt lat="38.5760945" lon="-121.4581235">
<ele>7</ele><time>2025-01-28T18:35:44.000Z</time><extensions><gpxtpx:TrackPointExtension><gpxtpx:hr>155</gpxtpx:hr><gpxtpx:cad>79</gpxtpx:cad></gpxtpx:TrackPointExtension></extensions><extensions><gpxtpx:PowerExtension><gpxtpx:PowerInWatts>240</gpxtpx:PowerInWatts></gpxtpx:PowerExtension></extensions></trkpt>
<trkpt lat="38.5760529" lon="-121.4580562">
<ele>7</ele><time>2025-01-28T18:35:46.000Z</time><extensions><gpxtpx:TrackPointExtension><gpxtpx:hr>155</gpxtpx:hr><gpxtpx:cad>80</gpxtpx:cad></gpxtpx:TrackPointExtension></extensions><extensions><gpxtpx:PowerExtension><gpxtpx:PowerInWatts>240</gpxtpx:PowerInWatts></gpxtpx:PowerExtension></extensions></trkpt>
<trkpt lat="38.5760674" lon="-121.4579614">
<ele>7</ele><time>2025-01-28T18:35:48.000Z</time><extensions><gpxtpx:TrackPointExtension><gpxtpx:hr>155</gpxtpx:hr><gpxtpx:cad>74</gpxtpx:cad></gpxtpx:TrackPointExtension></extensions><extensions><gpxtpx:PowerExtension><gpxtpx:PowerInWatts>241</gpxtpx:PowerInWatts></gpxtpx:PowerExtension></extensions></trkpt>
<trkpt lat="38.5760683" lon="-121.4578807">
<ele>7</ele><time>2025-01-28T18:35:50.000Z</time><extensions><gpxtpx:TrackPointExtension><gpxtpx:hr>155</gpxtpx:hr><gpxtpx:cad>75</gpxtpx:cad></gpxtpx:TrackPointExtension></extensions><extensions><gpxtpx:PowerExtension><gpxtpx:PowerInWatts>241</gpxtpx:PowerInWatts></gpxtpx:PowerExtension></extensions></trkpt>
<trkpt lat="38.5760371" lon="-121.4577916">
<ele>8</ele><time>2025-01-28T18:35:52.000Z</time><extensions><gpxtpx:TrackPointExtension><gpxtpx:hr>155</gpxtpx:hr><gpxtpx:cad>80</gpxtpx:cad></gpxtpx:TrackPointExtension></extensions><extensions><gpxtpx:PowerExtension><gpxtpx:PowerInWatts>241</gpxtpx:PowerInWatts></gpxtpx:PowerExtension></extensions></trkpt>
<trkpt lat="38.5760330" lon="-121.4577097">
<ele>8</ele><time>2025-01-28T18:35:54.000Z</time><extensions><gpxtpx:TrackPointExtension><gpxtpx:hr>155</gpxtpx:hr><gpxtpx:cad>83</gpxtpx:cad></gpxtpx:TrackPointExtension></extensions><extensions><gpxtpx:PowerExtension><gpxtpx:PowerInWatts>243</gpxtpx:PowerInWatts></gpxtpx:PowerExtension></extensions></trkpt>
<trkpt lat="38.5760156" lon="-121.4576502">
<ele>8</ele><time>2025-01-28T18:35:56.000Z</time><extensions><gpxtpx:TrackPointExtension><gpxtpx:hr>155</gpxtpx:hr><gpxtpx:cad>86</gpxtpx:cad></gpxtpx:TrackPointExtension></extensions><extensions><gpxtpx:PowerExtension><gpxtpx:PowerInWatts>259</gpxtpx:PowerInWatts></gpxtpx:PowerExtension></extensions></trkpt>
<trkpt lat="38.5760655" lon="-121.4575640">
<ele>8</ele><time>2025-01-28T18:35:58.000Z</time><extensions><gpxtpx:TrackPointExtension><gpxtpx:hr>156</gpxtpx:hr><gpxtpx:cad>81</gpxtpx:cad></gpxtpx:TrackPointExtension></extensions><extensions><gpxtpx:PowerExtension><gpxtpx:PowerInWatts>259</gpxtpx:PowerInWatts></gpxtpx:PowerExtension></extensions></trkpt>
<trkpt lat="38.5761349" lon="-121.4575349">
<ele>8</ele><time>2025-01-28T18:36:00.000Z</time><extensions><gpxtpx:TrackPointExtension><gpxtpx:hr>156</gpxtpx:hr><gpxtpx:cad>77</gpxtpx:cad></gpxtpx:TrackPointExtension></extensions><extensions><gpxtpx:PowerExtension><gpxtpx:PowerInWatts>259</gpxtpx:PowerInWatts></gpxtpx:PowerExtension></extensions></trkpt>
<trkpt lat="38.5761820" lon="-121.4575479">
<ele>8</ele><time>2025-01-28T18:36:02.000Z</time><extensions><gpxtpx:TrackPointExtension><gpxtpx:hr>156</gpxtpx:hr><gpxtpx:cad>78</gpxtpx:cad></gpxtpx:TrackPointExtension></extensions><extensions><gpxtpx:PowerExtension><gpxtpx:PowerInWatts>257</gpxtpx:PowerInWatts></gpxtpx:PowerExtension></extensions></trkpt>
<trkpt lat="38.5762447" lon="-121.4575359">
<ele>8</ele><time>2025-01-28T18:36:04.000Z</time><extensions><gpxtpx:TrackPointExtension><gpxtpx:hr>156</gpxtpx:hr><gpxtpx:cad>81</gpxtpx:cad></gpxtpx:TrackPointExtension></extensions><extensions><gpxtpx:PowerExtension><gpxtpx:PowerInWatts>257</gpxtpx:PowerInWatts></gpxtpx:PowerExtension></extensions></trkpt>
<trkpt lat="38.5762992" lon="-121.4575053">
<ele>8</ele><time>2025-01-28T18:36:06.000Z</time><extensions><gpxtpx:TrackPointExtension><gpxtpx:hr>156</gpxtpx:hr><gpxtpx:cad>78</gpxtpx:cad></gpxtpx:TrackPointExtension></extensions><extensions><gpxtpx:PowerExtension><gpxtpx:PowerInWatts>257</gpxtpx:PowerInWatts></gpxtpx:PowerExtension></extensions></trkpt>
<trkpt lat="38.5763535" lon="-121.4574862">
<ele>8</ele><time>2025-01-28T18:36:08.000Z</time><extensions><gpxtpx:TrackPointExtension><gpxtpx:hr>157</gpxtpx:hr><gpxtpx:cad>78</gpxtpx:cad></gpxtpx:TrackPointExtension></extensions><extensions><gpxtpx:PowerExtension><gpxtpx:PowerInWatts>257</gpxtpx:PowerInWatts></gpxtpx:PowerExtension></extensions></trkpt>
<trkpt lat="38.5764061" lon="-121.4574491">
<ele>8</ele><time>2025-01-28T18:36:10.000Z</time><extensions><gpxtpx:TrackPointExtension><gpxtpx:hr>157</gpxtpx:hr><gpxtpx:cad>76</gpxtpx:cad></gpxtpx:TrackPointExtension></extensions><extensions><gpxtpx:PowerExtension><gpxtpx:PowerInWatts>257</gpxtpx:PowerInWatts></gpxtpx:PowerExtension></extensions></trkpt>
<trkpt lat="38.5764663" lon="-121.4574097">
<ele>8</ele><time>2025-01-28T18:36:12.000Z</time><extensions><gpxtpx:TrackPointExtension><gpxtpx:hr>158</gpxtpx:hr><gpxtpx:cad>80</gpxtpx:cad></gpxtpx:TrackPointExtension></extensions><extensions><gpxtpx:PowerExtension><gpxtpx:PowerInWatts>255</gpxtpx:PowerInWatts></gpxtpx:PowerExtension></extensions></trkpt>
<trkpt lat="38.5765136" lon="-121.4573730">
<ele>8</ele><time>2025-01-28T18:36:14.000Z</time><extensions><gpxtpx:TrackPointExtension><gpxtpx:hr>158</gpxtpx:hr><gpxtpx:cad>84</gpxtpx:cad></gpxtpx:TrackPointExtension></extensions><extensions><gpxtpx:PowerExtension><gpxtpx:PowerInWatts>255</gpxtpx:PowerInWatts></gpxtpx:PowerExtension></extensions></trkpt>
<trkpt lat="38.5765693" lon="-121.4573904">
<ele>8</ele><time>2025-01-28T18:36:16.000Z</time><extensions><gpxtpx:TrackPointExtension><gpxtpx:hr>158</gpxtpx:hr><gpxtpx:cad>79</gpxtpx:cad></gpxtpx:TrackPointExtension></extensions><extensions><gpxtpx:PowerExtension><gpxtpx:PowerInWatts>254</gpxtpx:PowerInWatts></gpxtpx:PowerExtension></extensions></trkpt>
<trkpt lat="38.5766089" lon="-121.4574374">
<ele>8</ele><time>2025-01-28T18:36:18.000Z</time><extensions><gpxtpx:TrackPointExtension><gpxtpx:hr>159</gpxtpx:hr><gpxtpx:cad>75</gpxtpx:cad></gpxtpx:TrackPointExtension></extensions><extensions><gpxtpx:PowerExtension><gpxtpx:PowerInWatts>254</gpxtpx:PowerInWatts></gpxtpx:PowerExtension></extensions></trkpt>
<trkpt lat="38.5766628" lon="-121.4574856">
<ele>8</ele><time>2025-01-28T18:36:20.000Z</time><extensions><gpxtpx:TrackPointExtension><gpxtpx:hr>159</gpxtpx:hr><gpxtpx:cad>74</gpxtpx:cad></gpxtpx:TrackPointExtension></extensions><extensions><gpxtpx:PowerExtension><gpxtpx:PowerInWatts>254</gpxtpx:PowerInWatts></gpxtpx:PowerExtension></extensions></trkpt>
<trkpt lat="38.5766883" lon="-121.4575710">
<ele>8</ele><time>2025-01-28T18:36:22.000Z</time><extensions><gpxtpx:TrackPointExtension><gpxtpx:hr>159</gpxtpx:hr><gpxtpx:cad>70</gpxtpx:cad></gpxtpx:TrackPointExtension></extensions><extensions><gpxtpx:PowerExtension><gpxtpx:PowerInWatts>252</gpxtpx:PowerInWatts></gpxtpx:PowerExtension></extensions></trkpt>
<trkpt lat="38.5766885" lon="-121.4576565">
<ele>8</ele><time>2025-01-28T18:36:24.000Z</time><extensions><gpxtpx:TrackPointExtension><gpxtpx:hr>160</gpxtpx:hr><gpxtpx:cad>75</gpxtpx:cad></gpxtpx:TrackPointExtension></extensions><extensions><gpxtpx:PowerExtension><gpxtpx:PowerInWatts>248</gpxtpx:PowerInWatts></gpxtpx:PowerExtension></extensions></trkpt>
<trkpt lat="38.5767150" lon="-121.4577442">
<ele>8</ele><time>2025-01-28T18:36:26.000Z</time><extensions><gpxtpx:TrackPointExtension><gpxtpx:hr>160</gpxtpx:hr><gpxtpx:cad>73</gpxtpx:cad></gpxtpx:TrackPointExtension></extensions><extensions><gpxtpx:PowerExtension><gpxtpx:PowerInWatts>253</gpxtpx:PowerInWatts></gpxtpx:PowerExtension></extensions></trkpt>
<trkpt lat="38.5767287" lon="-121.4578085">
<ele>8</ele><time>2025-01-28T18:36:28.000Z</time><extensions><gpxtpx:TrackPointExtension><gpxtpx:hr>160</gpxtpx:hr><gpxtpx:cad>72</gpxtpx:cad></gpxtpx:TrackPointExtension></extensions><extensions><gpxtpx:PowerExtension><gpxtpx:PowerInWatts>253</gpxtpx:PowerInWatts></gpxtpx:PowerExtension></extensions></trkpt>
<trkpt lat="38.5767482" lon="-121.4578919">
<ele>8</ele><time>2025-01-28T18:36:30.000Z</time><extensions><gpxtpx:TrackPointExtension><gpxtpx:hr>160</gpxtpx:hr><gpxtpx:cad>74</gpxtpx:cad></gpxtpx:TrackPointExtension></extensions><extensions><gpxtpx:PowerExtension><gpxtpx:PowerInWatts>253</gpxtpx:PowerInWatts></gpxtpx:PowerExtension></extensions></trkpt>
<trkpt lat="38.5767723" lon="-121.4579998">
<ele>8</ele><time>2025-01-28T18:36:32.000Z</time><extensions><gpxtpx:TrackPointExtension><gpxtpx:hr>161</gpxtpx:hr><gpxtpx:cad>73</gpxtpx:cad></gpxtpx:TrackPointExtension></extensions><extensions><gpxtpx:PowerExtension><gpxtpx:PowerInWatts>253</gpxtpx:PowerInWatts></gpxtpx:PowerExtension></extensions></trkpt>
<trkpt lat="38.5768144" lon="-121.4580862">
<ele>8</ele><time>2025-01-28T18:36:35.000Z</time><extensions><gpxtpx:TrackPointExtension><gpxtpx:hr>161</gpxtpx:hr><gpxtpx:cad>75</gpxtpx:cad></gpxtpx:TrackPointExtension></extensions><extensions><gpxtpx:PowerExtension><gpxtpx:PowerInWatts>253</gpxtpx:PowerInWatts></gpxtpx:PowerExtension></extensions></trkpt>
<trkpt lat="38.5768261" lon="-121.4581576">
<ele>8</ele><time>2025-01-28T18:36:37.000Z</time><extensions><gpxtpx:TrackPointExtension><gpxtpx:hr>161</gpxtpx:hr><gpxtpx:cad>75</gpxtpx:cad></gpxtpx:TrackPointExtension></extensions><extensions><gpxtpx:PowerExtension><gpxtpx:PowerInWatts>269</gpxtpx:PowerInWatts></gpxtpx:PowerExtension></extensions></trkpt>
<trkpt lat="38.5768628" lon="-121.4582508">
<ele>8</ele><time>2025-01-28T18:36:39.000Z</time><extensions><gpxtpx:TrackPointExtension><gpxtpx:hr>162</gpxtpx:hr><gpxtpx:cad>74</gpxtpx:cad></gpxtpx:TrackPointExtension></extensions><extensions><gpxtpx:PowerExtension><gpxtpx:PowerInWatts>262</gpxtpx:PowerInWatts></gpxtpx:PowerExtension></extensions></trkpt>
<trkpt lat="38.5768698" lon="-121.4583256">
<ele>8</ele><time>2025-01-28T18:36:41.000Z</time><extensions><gpxtpx:TrackPointExtension><gpxtpx:hr>162</gpxtpx:hr><gpxtpx:cad>73</gpxtpx:cad></gpxtpx:TrackPointExtension></extensions><extensions><gpxtpx:PowerExtension><gpxtpx:PowerInWatts>262</gpxtpx:PowerInWatts></gpxtpx:PowerExtension></extensions></trkpt>
<trkpt lat="38.5769003" lon="-121.4583827">
<ele>8</ele><time>2025-01-28T18:36:43.000Z</time><extensions><gpxtpx:TrackPointExtension><gpxtpx:hr>162</gpxtpx:hr><gpxtpx:cad>78</gpxtpx:cad></gpxtpx:TrackPointExtension></extensions><extensions><gpxtpx:PowerExtension><gpxtpx:PowerInWatts>262</gpxtpx:PowerInWatts></gpxtpx:PowerExtension></extensions></trkpt>
<trkpt lat="38.5769303" lon="-121.4584664">
<ele>8</ele><time>2025-01-28T18:36:45.000Z</time><extensions><gpxtpx:TrackPointExtension><gpxtpx:hr>163</gpxtpx:hr><gpxtpx:cad>82</gpxtpx:cad></gpxtpx:TrackPointExtension></extensions><extensions><gpxtpx:PowerExtension><gpxtpx:PowerInWatts>265</gpxtpx:PowerInWatts></gpxtpx:PowerExtension></extensions></trkpt>
<trkpt lat="38.5769232" lon="-121.4585441">
<ele>8</ele><time>2025-01-28T18:36:47.000Z</time><extensions><gpxtpx:TrackPointExtension><gpxtpx:hr>163</gpxtpx:hr><gpxtpx:cad>83</gpxtpx:cad></gpxtpx:TrackPointExtension></extensions><extensions><gpxtpx:PowerExtension><gpxtpx:PowerInWatts>265</gpxtpx:PowerInWatts></gpxtpx:PowerExtension></extensions></trkpt>
<trkpt lat="38.5769574" lon="-121.4586229">
<ele>8</ele><time>2025-01-28T18:36:49.000Z</time><extensions><gpxtpx:TrackPointExtension><gpxtpx:hr>163</gpxtpx:hr><gpxtpx:cad>78</gpxtpx:cad></gpxtpx:TrackPointExtension></extensions><extensions><gpxtpx:PowerExtension><gpxtpx:PowerInWatts>265</gpxtpx:PowerInWatts></gpxtpx:PowerExtension></extensions></trkpt>
<trkpt lat="38.5769822" lon="-121.4587003">
<ele>8</ele><time>2025-01-28T18:36:51.000Z</time><extensions><gpxtpx:TrackPointExtension><gpxtpx:hr>163</gpxtpx:hr><gpxtpx:cad>75</gpxtpx:cad></gpxtpx:TrackPointExtension></extensions><extensions><gpxtpx:PowerExtension><gpxtpx:PowerInWatts>263</gpxtpx:PowerInWatts></gpxtpx:PowerExtension></extensions></trkpt>
<trkpt lat="38.5769895" lon="-121.4587793">
<ele>8</ele><time>2025-01-28T18:36:53.000Z</time><extensions><gpxtpx:TrackPointExtension><gpxtpx:hr>164</gpxtpx:hr><gpxtpx:cad>78</gpxtpx:cad></gpxtpx:TrackPointExtension></extensions><extensions><gpxtpx:PowerExtension><gpxtpx:PowerInWatts>263</gpxtpx:PowerInWatts></gpxtpx:PowerExtension></extensions></trkpt>
<trkpt lat="38.5770299" lon="-121.4588652">
<ele>8</ele><time>2025-01-28T18:36:55.000Z</time><extensions><gpxtpx:TrackPointExtension><gpxtpx:hr>164</gpxtpx:hr><gpxtpx:cad>83</gpxtpx:cad></gpxtpx:TrackPointExtension></extensions><extensions><gpxtpx:PowerExtension><gpxtpx:PowerInWatts>259</gpxtpx:PowerInWatts></gpxtpx:PowerExtension></extensions></trkpt>
<trkpt lat="38.5770427" lon="-121.4589487">
<ele>8</ele><time>2025-01-28T18:36:57.000Z</time><extensions><gpxtpx:TrackPointExtension><gpxtpx:hr>164</gpxtpx:hr><gpxtpx:cad>78</gpxtpx:cad></gpxtpx:TrackPointExtension></extensions><extensions><gpxtpx:PowerExtension><gpxtpx:PowerInWatts>259</gpxtpx:PowerInWatts></gpxtpx:PowerExtension></extensions></trkpt>
<trkpt lat="38.5770696" lon="-121.4590385">
<ele>8</ele><time>2025-01-28T18:36:59.000Z</time><extensions><gpxtpx:TrackPointExtension><gpxtpx:hr>164</gpxtpx:hr><gpxtpx:cad>75</gpxtpx:cad></gpxtpx:TrackPointExtension></extensions><extensions><gpxtpx:PowerExtension><gpxtpx:PowerInWatts>259</gpxtpx:PowerInWatts></gpxtpx:PowerExtension></extensions></trkpt>
<trkpt lat="38.5770607" lon="-121.4591073">
<ele>8</ele><time>2025-01-28T18:37:01.000Z</time><extensions><gpxtpx:TrackPointExtension><gpxtpx:hr>164</gpxtpx:hr><gpxtpx:cad>75</gpxtpx:cad></gpxtpx:TrackPointExtension></extensions><extensions><gpxtpx:PowerExtension><gpxtpx:PowerInWatts>263</gpxtpx:PowerInWatts></gpxtpx:PowerExtension></extensions></trkpt>
<trkpt lat="38.5770811" lon="-121.4591807">
<ele>8</ele><time>2025-01-28T18:37:03.000Z</time><extensions><gpxtpx:TrackPointExtension><gpxtpx:hr>165</gpxtpx:hr><gpxtpx:cad>80</gpxtpx:cad></gpxtpx:TrackPointExtension></extensions><extensions><gpxtpx:PowerExtension><gpxtpx:PowerInWatts>270</gpxtpx:PowerInWatts></gpxtpx:PowerExtension></extensions></trkpt>
<trkpt lat="38.5771226" lon="-121.4592521">
<ele>8</ele><time>2025-01-28T18:37:05.000Z</time><extensions><gpxtpx:TrackPointExtension><gpxtpx:hr>165</gpxtpx:hr><gpxtpx:cad>83</gpxtpx:cad></gpxtpx:TrackPointExtension></extensions><extensions><gpxtpx:PowerExtension><gpxtpx:PowerInWatts>267</gpxtpx:PowerInWatts></gpxtpx:PowerExtension></extensions></trkpt>
<trkpt lat="38.5771431" lon="-121.4593420">
<ele>9</ele><time>2025-01-28T18:37:07.000Z</time><extensions><gpxtpx:TrackPointExtension><gpxtpx:hr>165</gpxtpx:hr><gpxtpx:cad>78</gpxtpx:cad></gpxtpx:TrackPointExtension></extensions><extensions><gpxtpx:PowerExtension><gpxtpx:PowerInWatts>267</gpxtpx:PowerInWatts></gpxtpx:PowerExtension></extensions></trkpt>
<trkpt lat="38.5771780" lon="-121.4594263">
<ele>9</ele><time>2025-01-28T18:37:09.000Z</time><extensions><gpxtpx:TrackPointExtension><gpxtpx:hr>165</gpxtpx:hr><gpxtpx:cad>76</gpxtpx:cad></gpxtpx:TrackPointExtension></extensions><extensions><gpxtpx:PowerExtension><gpxtpx:PowerInWatts>267</gpxtpx:PowerInWatts></gpxtpx:PowerExtension></extensions></trkpt>
<trkpt lat="38.5772074" lon="-121.4595140">
<ele>9</ele><time>2025-01-28T18:37:11.000Z</time><extensions><gpxtpx:TrackPointExtension><gpxtpx:hr>165</gpxtpx:hr><gpxtpx:cad>75</gpxtpx:cad></gpxtpx:TrackPointExtension></extensions><extensions><gpxtpx:PowerExtension><gpxtpx:PowerInWatts>264</gpxtpx:PowerInWatts></gpxtpx:PowerExtension></extensions></trkpt>
<trkpt lat="38.5772076" lon="-121.4595924">
<ele>9</ele><time>2025-01-28T18:37:13.000Z</time><extensions><gpxtpx:TrackPointExtension><gpxtpx:hr>165</gpxtpx:hr><gpxtpx:cad>80</gpxtpx:cad></gpxtpx:TrackPointExtension></extensions><extensions><gpxtpx:PowerExtension><gpxtpx:PowerInWatts>266</gpxtpx:PowerInWatts></gpxtpx:PowerExtension></extensions></trkpt>
<trkpt lat="38.5772307" lon="-121.4596481">
<ele>9</ele><time>2025-01-28T18:37:15.000Z</time><extensions><gpxtpx:TrackPointExtension><gpxtpx:hr>165</gpxtpx:hr><gpxtpx:cad>78</gpxtpx:cad></gpxtpx:TrackPointExtension></extensions><extensions><gpxtpx:PowerExtension><gpxtpx:PowerInWatts>274</gpxtpx:PowerInWatts></gpxtpx:PowerExtension></extensions></trkpt>
<trkpt lat="38.5772547" lon="-121.4597175">
<ele>9</ele><time>2025-01-28T18:37:17.000Z</time><extensions><gpxtpx:TrackPointExtension><gpxtpx:hr>164</gpxtpx:hr><gpxtpx:cad>76</gpxtpx:cad></gpxtpx:TrackPointExtension></extensions><extensions><gpxtpx:PowerExtension><gpxtpx:PowerInWatts>274</gpxtpx:PowerInWatts></gpxtpx:PowerExtension></extensions></trkpt>
<trkpt lat="38.5772655" lon="-121.4597955">
<ele>9</ele><time>2025-01-28T18:37:19.000Z</time><extensions><gpxtpx:TrackPointExtension><gpxtpx:hr>164</gpxtpx:hr><gpxtpx:cad>75</gpxtpx:cad></gpxtpx:TrackPointExtension></extensions><extensions><gpxtpx:PowerExtension><gpxtpx:PowerInWatts>274</gpxtpx:PowerInWatts></gpxtpx:PowerExtension></extensions></trkpt>
<trkpt lat="38.5773057" lon="-121.4598868">
<ele>9</ele><time>2025-01-28T18:37:21.000Z</time><extensions><gpxtpx:TrackPointExtension><gpxtpx:hr>164</gpxtpx:hr><gpxtpx:cad>80</gpxtpx:cad></gpxtpx:TrackPointExtension></extensions><extensions><gpxtpx:PowerExtension><gpxtpx:PowerInWatts>273</gpxtpx:PowerInWatts></gpxtpx:PowerExtension></extensions></trkpt>
<trkpt lat="38.5773192" lon="-121.4599570">
<ele>9</ele><time>2025-01-28T18:37:23.000Z</time><extensions><gpxtpx:TrackPointExtension><gpxtpx:hr>164</gpxtpx:hr><gpxtpx:cad>83</gpxtpx:cad></gpxtpx:TrackPointExtension></extensions><extensions><gpxtpx:PowerExtension><gpxtpx:PowerInWatts>265</gpxtpx:PowerInWatts></gpxtpx:PowerExtension></extensions></trkpt>
<trkpt lat="38.5773344" lon="-121.4600360">
<ele>9</ele><time>2025-01-28T18:37:25.000Z</time><extensions><gpxtpx:TrackPointExtension><gpxtpx:hr>164</gpxtpx:hr><gpxtpx:cad>80</gpxtpx:cad></gpxtpx:TrackPointExtension></extensions><extensions><gpxtpx:PowerExtension><gpxtpx:PowerInWatts>265</gpxtpx:PowerInWatts></gpxtpx:PowerExtension></extensions></trkpt>
<trkpt lat="38.5773644" lon="-121.4600957">
<ele>9</ele><time>2025-01-28T18:37:27.000Z</time><extensions><gpxtpx:TrackPointExtension><gpxtpx:hr>164</gpxtpx:hr><gpxtpx:cad>76</gpxtpx:cad></gpxtpx:TrackPointExtension></extensions><extensions><gpxtpx:PowerExtension><gpxtpx:PowerInWatts>265</gpxtpx:PowerInWatts></gpxtpx:PowerExtension></extensions></trkpt>
<trkpt lat="38.5773822" lon="-121.4601628">
<ele>9</ele><time>2025-01-28T18:37:29.000Z</time><extensions><gpxtpx:TrackPointExtension><gpxtpx:hr>164</gpxtpx:hr><gpxtpx:cad>75</gpxtpx:cad></gpxtpx:TrackPointExtension></extensions><extensions><gpxtpx:PowerExtension><gpxtpx:PowerInWatts>269</gpxtpx:PowerInWatts></gpxtpx:PowerExtension></extensions></trkpt>
<trkpt lat="38.5774228" lon="-121.4602488">
<ele>9</ele><time>2025-01-28T18:37:31.000Z</time><extensions><gpxtpx:TrackPointExtension><gpxtpx:hr>165</gpxtpx:hr><gpxtpx:cad>80</gpxtpx:cad></gpxtpx:TrackPointExtension></extensions><extensions><gpxtpx:PowerExtension><gpxtpx:PowerInWatts>267</gpxtpx:PowerInWatts></gpxtpx:PowerExtension></extensions></trkpt>
<trkpt lat="38.5774435" lon="-121.4603135">
<ele>9</ele><time>2025-01-28T18:37:33.000Z</time><extensions><gpxtpx:TrackPointExtension><gpxtpx:hr>165</gpxtpx:hr><gpxtpx:cad>82</gpxtpx:cad></gpxtpx:TrackPointExtension></extensions><extensions><gpxtpx:PowerExtension><gpxtpx:PowerInWatts>262</gpxtpx:PowerInWatts></gpxtpx:PowerExtension></extensions></trkpt>
<trkpt lat="38.5774568" lon="-121.4603996">
<ele>9</ele><time>2025-01-28T18:37:35.000Z</time><extensions><gpxtpx:TrackPointExtension><gpxtpx:hr>165</gpxtpx:hr><gpxtpx:cad>85</gpxtpx:cad></gpxtpx:TrackPointExtension></extensions><extensions><gpxtpx:PowerExtension><gpxtpx:PowerInWatts>262</gpxtpx:PowerInWatts></gpxtpx:PowerExtension></extensions></trkpt>
<trkpt lat="38.5774927" lon="-121.4604848">
<ele>9</ele><time>2025-01-28T18:37:37.000Z</time><extensions><gpxtpx:TrackPointExtension><gpxtpx:hr>165</gpxtpx:hr><gpxtpx:cad>80</gpxtpx:cad></gpxtpx:TrackPointExtension></extensions><extensions><gpxtpx:PowerExtension><gpxtpx:PowerInWatts>262</gpxtpx:PowerInWatts></gpxtpx:PowerExtension></extensions></trkpt>
<trkpt lat="38.5775080" lon="-121.4605606">
<ele>9</ele><time>2025-01-28T18:37:39.000Z</time><extensions><gpxtpx:TrackPointExtension><gpxtpx:hr>165</gpxtpx:hr><gpxtpx:cad>81</gpxtpx:cad></gpxtpx:TrackPointExtension></extensions><extensions><gpxtpx:PowerExtension><gpxtpx:PowerInWatts>262</gpxtpx:PowerInWatts></gpxtpx:PowerExtension></extensions></trkpt>
<trkpt lat="38.5775165" lon="-121.4606421">
<ele>9</ele><time>2025-01-28T18:37:41.000Z</time><extensions><gpxtpx:TrackPointExtension><gpxtpx:hr>165</gpxtpx:hr><gpxtpx:cad>83</gpxtpx:cad></gpxtpx:TrackPointExtension></extensions><extensions><gpxtpx:PowerExtension><gpxtpx:PowerInWatts>266</gpxtpx:PowerInWatts></gpxtpx:PowerExtension></extensions></trkpt>
<trkpt lat="38.5775453" lon="-121.4607241">
<ele>9</ele><time>2025-01-28T18:37:43.000Z</time><extensions><gpxtpx:TrackPointExtension><gpxtpx:hr>165</gpxtpx:hr><gpxtpx:cad>80</gpxtpx:cad></gpxtpx:TrackPointExtension></extensions><extensions><gpxtpx:PowerExtension><gpxtpx:PowerInWatts>266</gpxtpx:PowerInWatts></gpxtpx:PowerExtension></extensions></trkpt>
<trkpt lat="38.5775564" lon="-121.4608136">
<ele>9</ele><time>2025-01-28T18:37:45.000Z</time><extensions><gpxtpx:TrackPointExtension><gpxtpx:hr>165</gpxtpx:hr><gpxtpx:cad>76</gpxtpx:cad></gpxtpx:TrackPointExtension></extensions><extensions><gpxtpx:PowerExtension><gpxtpx:PowerInWatts>269</gpxtpx:PowerInWatts></gpxtpx:PowerExtension></extensions></trkpt>
<trkpt lat="38.5775587" lon="-121.4609000">
<ele>9</ele><time>2025-01-28T18:37:47.000Z</time><extensions><gpxtpx:TrackPointExtension><gpxtpx:hr>165</gpxtpx:hr><gpxtpx:cad>76</gpxtpx:cad></gpxtpx:TrackPointExtension></extensions><extensions><gpxtpx:PowerExtension><gpxtpx:PowerInWatts>269</gpxtpx:PowerInWatts></gpxtpx:PowerExtension></extensions></trkpt>
<trkpt lat="38.5775795" lon="-121.4609834">
<ele>9</ele><time>2025-01-28T18:37:49.000Z</time><extensions><gpxtpx:TrackPointExtension><gpxtpx:hr>165</gpxtpx:hr><gpxtpx:cad>80</gpxtpx:cad></gpxtpx:TrackPointExtension></extensions><extensions><gpxtpx:PowerExtension><gpxtpx:PowerInWatts>274</gpxtpx:PowerInWatts></gpxtpx:PowerExtension></extensions></trkpt>
<trkpt lat="38.5776039" lon="-121.4610481">
<ele>9</ele><time>2025-01-28T18:37:51.000Z</time><extensions><gpxtpx:TrackPointExtension><gpxtpx:hr>165</gpxtpx:hr><gpxtpx:cad>83</gpxtpx:cad></gpxtpx:TrackPointExtension></extensions><extensions><gpxtpx:PowerExtension><gpxtpx:PowerInWatts>276</gpxtpx:PowerInWatts></gpxtpx:PowerExtension></extensions></trkpt>
<trkpt lat="38.5776345" lon="-121.4611117">
<ele>9</ele><time>2025-01-28T18:37:53.000Z</time><extensions><gpxtpx:TrackPointExtension><gpxtpx:hr>165</gpxtpx:hr><gpxtpx:cad>80</gpxtpx:cad></gpxtpx:TrackPointExtension></extensions><extensions><gpxtpx:PowerExtension><gpxtpx:PowerInWatts>276</gpxtpx:PowerInWatts></gpxtpx:PowerExtension></extensions></trkpt>
<trkpt lat="38.5776532" lon="-121.4611889">
<ele>9</ele><time>2025-01-28T18:37:55.000Z</time><extensions><gpxtpx:TrackPointExtension><gpxtpx:hr>165</gpxtpx:hr><gpxtpx:cad>76</gpxtpx:cad></gpxtpx:TrackPointExtension></extensions><extensions><gpxtpx:PowerExtension><gpxtpx:PowerInWatts>276</gpxtpx:PowerInWatts></gpxtpx:PowerExtension></extensions></trkpt>
<trkpt lat="38.5776690" lon="-121.4612655">
<ele>9</ele><time>2025-01-28T18:37:57.000Z</time><extensions><gpxtpx:TrackPointExtension><gpxtpx:hr>165</gpxtpx:hr><gpxtpx:cad>77</gpxtpx:cad></gpxtpx:TrackPointExtension></extensions><extensions><gpxtpx:PowerExtension><gpxtpx:PowerInWatts>276</gpxtpx:PowerInWatts></gpxtpx:PowerExtension></extensions></trkpt>
<trkpt lat="38.5777001" lon="-121.4613454">
<ele>9</ele><time>2025-01-28T18:37:59.000Z</time><extensions><gpxtpx:TrackPointExtension><gpxtpx:hr>165</gpxtpx:hr><gpxtpx:cad>76</gpxtpx:cad></gpxtpx:TrackPointExtension></extensions><extensions><gpxtpx:PowerExtension><gpxtpx:PowerInWatts>272</gpxtpx:PowerInWatts></gpxtpx:PowerExtension></extensions></trkpt>
<trkpt lat="38.5777285" lon="-121.4614150">
<ele>9</ele><time>2025-01-28T18:38:01.000Z</time><extensions><gpxtpx:TrackPointExtension><gpxtpx:hr>165</gpxtpx:hr><gpxtpx:cad>76</gpxtpx:cad></gpxtpx:TrackPointExtension></extensions><extensions><gpxtpx:PowerExtension><gpxtpx:PowerInWatts>268</gpxtpx:PowerInWatts></gpxtpx:PowerExtension></extensions></trkpt>
<trkpt lat="38.5777491" lon="-121.4614834">
<ele>9</ele><time>2025-01-28T18:38:03.000Z</time><extensions><gpxtpx:TrackPointExtension><gpxtpx:hr>165</gpxtpx:hr><gpxtpx:cad>76</gpxtpx:cad></gpxtpx:TrackPointExtension></extensions><extensions><gpxtpx:PowerExtension><gpxtpx:PowerInWatts>268</gpxtpx:PowerInWatts></gpxtpx:PowerExtension></extensions></trkpt>
<trkpt lat="38.5777729" lon="-121.4615648">
<ele>9</ele><time>2025-01-28T18:38:05.000Z</time><extensions><gpxtpx:TrackPointExtension><gpxtpx:hr>165</gpxtpx:hr><gpxtpx:cad>76</gpxtpx:cad></gpxtpx:TrackPointExtension></extensions><extensions><gpxtpx:PowerExtension><gpxtpx:PowerInWatts>267</gpxtpx:PowerInWatts></gpxtpx:PowerExtension></extensions></trkpt>
<trkpt lat="38.5777751" lon="-121.4616345">
<ele>9</ele><time>2025-01-28T18:38:07.000Z</time><extensions><gpxtpx:TrackPointExtension><gpxtpx:hr>165</gpxtpx:hr><gpxtpx:cad>81</gpxtpx:cad></gpxtpx:TrackPointExtension></extensions><extensions><gpxtpx:PowerExtension><gpxtpx:PowerInWatts>268</gpxtpx:PowerInWatts></gpxtpx:PowerExtension></extensions></trkpt>
<trkpt lat="38.5777768" lon="-121.4617315">
<ele>9</ele><time>2025-01-28T18:38:09.000Z</time><extensions><gpxtpx:TrackPointExtension><gpxtpx:hr>165</gpxtpx:hr><gpxtpx:cad>85</gpxtpx:cad></gpxtpx:TrackPointExtension></extensions><extensions><gpxtpx:PowerExtension><gpxtpx:PowerInWatts>268</gpxtpx:PowerInWatts></gpxtpx:PowerExtension></extensions></trkpt>
<trkpt lat="38.5778187" lon="-121.4618035">
<ele>9</ele><time>2025-01-28T18:38:11.000Z</time><extensions><gpxtpx:TrackPointExtension><gpxtpx:hr>164</gpxtpx:hr><gpxtpx:cad>80</gpxtpx:cad></gpxtpx:TrackPointExtension></extensions><extensions><gpxtpx:PowerExtension><gpxtpx:PowerInWatts>264</gpxtpx:PowerInWatts></gpxtpx:PowerExtension></extensions></trkpt>
<trkpt lat="38.5778393" lon="-121.4618789">
<ele>9</ele><time>2025-01-28T18:38:13.000Z</time><extensions><gpxtpx:TrackPointExtension><gpxtpx:hr>164</gpxtpx:hr><gpxtpx:cad>77</gpxtpx:cad></gpxtpx:TrackPointExtension></extensions><extensions><gpxtpx:PowerExtension><gpxtpx:PowerInWatts>264</gpxtpx:PowerInWatts></gpxtpx:PowerExtension></extensions></trkpt>
<trkpt lat="38.5778544" lon="-121.4619422">
<ele>9</ele><time>2025-01-28T18:38:15.000Z</time><extensions><gpxtpx:TrackPointExtension><gpxtpx:hr>164</gpxtpx:hr><gpxtpx:cad>77</gpxtpx:cad></gpxtpx:TrackPointExtension></extensions><extensions><gpxtpx:PowerExtension><gpxtpx:PowerInWatts>264</gpxtpx:PowerInWatts></gpxtpx:PowerExtension></extensions></trkpt>
<trkpt lat="38.5778786" lon="-121.4620275">
<ele>9</ele><time>2025-01-28T18:38:17.000Z</time><extensions><gpxtpx:TrackPointExtension><gpxtpx:hr>164</gpxtpx:hr><gpxtpx:cad>82</gpxtpx:cad></gpxtpx:TrackPointExtension></extensions><extensions><gpxtpx:PowerExtension><gpxtpx:PowerInWatts>266</gpxtpx:PowerInWatts></gpxtpx:PowerExtension></extensions></trkpt>
<trkpt lat="38.5778881" lon="-121.4621002">
<ele>9</ele><time>2025-01-28T18:38:19.000Z</time><extensions><gpxtpx:TrackPointExtension><gpxtpx:hr>165</gpxtpx:hr><gpxtpx:cad>80</gpxtpx:cad></gpxtpx:TrackPointExtension></extensions><extensions><gpxtpx:PowerExtension><gpxtpx:PowerInWatts>266</gpxtpx:PowerInWatts></gpxtpx:PowerExtension></extensions></trkpt>
<trkpt lat="38.5779020" lon="-121.4621729">
<ele>9</ele><time>2025-01-28T18:38:21.000Z</time><extensions><gpxtpx:TrackPointExtension><gpxtpx:hr>165</gpxtpx:hr><gpxtpx:cad>76</gpxtpx:cad></gpxtpx:TrackPointExtension></extensions><extensions><gpxtpx:PowerExtension><gpxtpx:PowerInWatts>266</gpxtpx:PowerInWatts></gpxtpx:PowerExtension></extensions></trkpt>
<trkpt lat="38.5779181" lon="-121.4622659">
<ele>9</ele><time>2025-01-28T18:38:23.000Z</time><extensions><gpxtpx:TrackPointExtension><gpxtpx:hr>165</gpxtpx:hr><gpxtpx:cad>76</gpxtpx:cad></gpxtpx:TrackPointExtension></extensions><extensions><gpxtpx:PowerExtension><gpxtpx:PowerInWatts>266</gpxtpx:PowerInWatts></gpxtpx:PowerExtension></extensions></trkpt>
<trkpt lat="38.5779349" lon="-121.4623375">
<ele>9</ele><time>2025-01-28T18:38:25.000Z</time><extensions><gpxtpx:TrackPointExtension><gpxtpx:hr>165</gpxtpx:hr><gpxtpx:cad>81</gpxtpx:cad></gpxtpx:TrackPointExtension></extensions><extensions><gpxtpx:PowerExtension><gpxtpx:PowerInWatts>266</gpxtpx:PowerInWatts></gpxtpx:PowerExtension></extensions></trkpt>
<trkpt lat="38.5779429" lon="-121.4623988">
<ele>9</ele><time>2025-01-28T18:38:27.000Z</time><extensions><gpxtpx:TrackPointExtension><gpxtpx:hr>165</gpxtpx:hr><gpxtpx:cad>84</gpxtpx:cad></gpxtpx:TrackPointExtension></extensions><extensions><gpxtpx:PowerExtension><gpxtpx:PowerInWatts>265</gpxtpx:PowerInWatts></gpxtpx:PowerExtension></extensions></trkpt>
<trkpt lat="38.5779530" lon="-121.4624899">
<ele>10</ele><time>2025-01-28T18:38:29.000Z</time><extensions><gpxtpx:TrackPointExtension><gpxtpx:hr>166</gpxtpx:hr><gpxtpx:cad>80</gpxtpx:cad></gpxtpx:TrackPointExtension></extensions><extensions><gpxtpx:PowerExtension><gpxtpx:PowerInWatts>265</gpxtpx:PowerInWatts></gpxtpx:PowerExtension></extensions></trkpt>
<trkpt lat="38.5779795" lon="-121.4625624">
<ele>10</ele><time>2025-01-28T18:38:31.000Z</time><extensions><gpxtpx:TrackPointExtension><gpxtpx:hr>165</gpxtpx:hr><gpxtpx:cad>76</gpxtpx:cad></gpxtpx:TrackPointExtension></extensions><extensions><gpxtpx:PowerExtension><gpxtpx:PowerInWatts>265</gpxtpx:PowerInWatts></gpxtpx:PowerExtension></extensions></trkpt>
<trkpt lat="38.5779851" lon="-121.4626471">
<ele>10</ele><time>2025-01-28T18:38:33.000Z</time><extensions><gpxtpx:TrackPointExtension><gpxtpx:hr>165</gpxtpx:hr><gpxtpx:cad>73</gpxtpx:cad></gpxtpx:TrackPointExtension></extensions><extensions><gpxtpx:PowerExtension><gpxtpx:PowerInWatts>264</gpxtpx:PowerInWatts></gpxtpx:PowerExtension></extensions></trkpt>
<trkpt lat="38.5779789" lon="-121.4627431">
<ele>10</ele><time>2025-01-28T18:38:35.000Z</time><extensions><gpxtpx:TrackPointExtension><gpxtpx:hr>165</gpxtpx:hr><gpxtpx:cad>78</gpxtpx:cad></gpxtpx:TrackPointExtension></extensions><extensions><gpxtpx:PowerExtension><gpxtpx:PowerInWatts>258</gpxtpx:PowerInWatts></gpxtpx:PowerExtension></extensions></trkpt>
<trkpt lat="38.5779310" lon="-121.4627815">
<ele>10</ele><time>2025-01-28T18:38:37.000Z</time><extensions><gpxtpx:TrackPointExtension><gpxtpx:hr>165</gpxtpx:hr><gpxtpx:cad>81</gpxtpx:cad></gpxtpx:TrackPointExtension></extensions><extensions><gpxtpx:PowerExtension><gpxtpx:PowerInWatts>258</gpxtpx:PowerInWatts></gpxtpx:PowerExtension></extensions></trkpt>
<trkpt lat="38.5778894" lon="-121.4628528">
<ele>10</ele><time>2025-01-28T18:38:39.000Z</time><extensions><gpxtpx:TrackPointExtension><gpxtpx:hr>165</gpxtpx:hr><gpxtpx:cad>80</gpxtpx:cad></gpxtpx:TrackPointExtension></extensions><extensions><gpxtpx:PowerExtension><gpxtpx:PowerInWatts>258</gpxtpx:PowerInWatts></gpxtpx:PowerExtension></extensions></trkpt>
<trkpt lat="38.5778282" lon="-121.4628789">
<ele>10</ele><time>2025-01-28T18:38:41.000Z</time><extensions><gpxtpx:TrackPointExtension><gpxtpx:hr>165</gpxtpx:hr><gpxtpx:cad>74</gpxtpx:cad></gpxtpx:TrackPointExtension></extensions><extensions><gpxtpx:PowerExtension><gpxtpx:PowerInWatts>258</gpxtpx:PowerInWatts></gpxtpx:PowerExtension></extensions></trkpt>
<trkpt lat="38.5777765" lon="-121.4629098">
<ele>10</ele><time>2025-01-28T18:38:43.000Z</time><extensions><gpxtpx:TrackPointExtension><gpxtpx:hr>165</gpxtpx:hr><gpxtpx:cad>80</gpxtpx:cad></gpxtpx:TrackPointExtension></extensions><extensions><gpxtpx:PowerExtension><gpxtpx:PowerInWatts>257</gpxtpx:PowerInWatts></gpxtpx:PowerExtension></extensions></trkpt>
<trkpt lat="38.5777238" lon="-121.4629338">
<ele>10</ele><time>2025-01-28T18:38:46.000Z</time><extensions><gpxtpx:TrackPointExtension><gpxtpx:hr>165</gpxtpx:hr><gpxtpx:cad>81</gpxtpx:cad></gpxtpx:TrackPointExtension></extensions><extensions><gpxtpx:PowerExtension><gpxtpx:PowerInWatts>257</gpxtpx:PowerInWatts></gpxtpx:PowerExtension></extensions></trkpt>
<trkpt lat="38.5776655" lon="-121.4629866">
<ele>10</ele><time>2025-01-28T18:38:48.000Z</time><extensions><gpxtpx:TrackPointExtension><gpxtpx:hr>165</gpxtpx:hr><gpxtpx:cad>80</gpxtpx:cad></gpxtpx:TrackPointExtension></extensions><extensions><gpxtpx:PowerExtension><gpxtpx:PowerInWatts>259</gpxtpx:PowerInWatts></gpxtpx:PowerExtension></extensions></trkpt>
<trkpt lat="38.5776153" lon="-121.4630029">
<ele>10</ele><time>2025-01-28T18:38:50.000Z</time><extensions><gpxtpx:TrackPointExtension><gpxtpx:hr>165</gpxtpx:hr><gpxtpx:cad>80</gpxtpx:cad></gpxtpx:TrackPointExtension></extensions><extensions><gpxtpx:PowerExtension><gpxtpx:PowerInWatts>259</gpxtpx:PowerInWatts></gpxtpx:PowerExtension></extensions></trkpt>
<trkpt lat="38.5775642" lon="-121.4630248">
<ele>10</ele><time>2025-01-28T18:38:52.000Z</time><extensions><gpxtpx:TrackPointExtension><gpxtpx:hr>165</gpxtpx:hr><gpxtpx:cad>77</gpxtpx:cad></gpxtpx:TrackPointExtension></extensions><extensions><gpxtpx:PowerExtension><gpxtpx:PowerInWatts>256</gpxtpx:PowerInWatts></gpxtpx:PowerExtension></extensions></trkpt>
<trkpt lat="38.5775091" lon="-121.4630628">
<ele>10</ele><time>2025-01-28T18:38:54.000Z</time><extensions><gpxtpx:TrackPointExtension><gpxtpx:hr>165</gpxtpx:hr><gpxtpx:cad>78</gpxtpx:cad></gpxtpx:TrackPointExtension></extensions><extensions><gpxtpx:PowerExtension><gpxtpx:PowerInWatts>256</gpxtpx:PowerInWatts></gpxtpx:PowerExtension></extensions></trkpt>
<trkpt lat="38.5774385" lon="-121.4630914">
<ele>10</ele><time>2025-01-28T18:38:56.000Z</time><extensions><gpxtpx:TrackPointExtension><gpxtpx:hr>166</gpxtpx:hr><gpxtpx:cad>78</gpxtpx:cad></gpxtpx:TrackPointExtension></extensions><extensions><gpxtpx:PowerExtension><gpxtpx:PowerInWatts>245</gpxtpx:PowerInWatts></gpxtpx:PowerExtension></extensions></trkpt>
<trkpt lat="38.5773633" lon="-121.4631103">
<ele>10</ele><time>2025-01-28T18:38:58.000Z</time><extensions><gpxtpx:TrackPointExtension><gpxtpx:hr>165</gpxtpx:hr><gpxtpx:cad>79</gpxtpx:cad></gpxtpx:TrackPointExtension></extensions><extensions><gpxtpx:PowerExtension><gpxtpx:PowerInWatts>245</gpxtpx:PowerInWatts></gpxtpx:PowerExtension></extensions></trkpt>
<trkpt lat="38.5772989" lon="-121.4631216">
<ele>9</ele><time>2025-01-28T18:39:00.000Z</time><extensions><gpxtpx:TrackPointExtension><gpxtpx:hr>166</gpxtpx:hr><gpxtpx:cad>76</gpxtpx:cad></gpxtpx:TrackPointExtension></extensions><extensions><gpxtpx:PowerExtension><gpxtpx:PowerInWatts>246</gpxtpx:PowerInWatts></gpxtpx:PowerExtension></extensions></trkpt>
<trkpt lat="38.5772446" lon="-121.4631468">
<ele>9</ele><time>2025-01-28T18:39:02.000Z</time><extensions><gpxtpx:TrackPointExtension><gpxtpx:hr>166</gpxtpx:hr><gpxtpx:cad>71</gpxtpx:cad></gpxtpx:TrackPointExtension></extensions><extensions><gpxtpx:PowerExtension><gpxtpx:PowerInWatts>254</gpxtpx:PowerInWatts></gpxtpx:PowerExtension></extensions></trkpt>
<trkpt lat="38.5771859" lon="-121.4631894">
<ele>9</ele><time>2025-01-28T18:39:03.999Z</time><extensions><gpxtpx:TrackPointExtension><gpxtpx:hr>166</gpxtpx:hr><gpxtpx:cad>69</gpxtpx:cad></gpxtpx:TrackPointExtension></extensions><extensions><gpxtpx:PowerExtension><gpxtpx:PowerInWatts>254</gpxtpx:PowerInWatts></gpxtpx:PowerExtension></extensions></trkpt>
<trkpt lat="38.5771197" lon="-121.4632232">
<ele>9</ele><time>2025-01-28T18:39:05.999Z</time><extensions><gpxtpx:TrackPointExtension><gpxtpx:hr>165</gpxtpx:hr><gpxtpx:cad>74</gpxtpx:cad></gpxtpx:TrackPointExtension></extensions><extensions><gpxtpx:PowerExtension><gpxtpx:PowerInWatts>256</gpxtpx:PowerInWatts></gpxtpx:PowerExtension></extensions></trkpt>
<trkpt lat="38.5770507" lon="-121.4632326">
<ele>9</ele><time>2025-01-28T18:39:07.999Z</time><extensions><gpxtpx:TrackPointExtension><gpxtpx:hr>165</gpxtpx:hr><gpxtpx:cad>74</gpxtpx:cad></gpxtpx:TrackPointExtension></extensions><extensions><gpxtpx:PowerExtension><gpxtpx:PowerInWatts>252</gpxtpx:PowerInWatts></gpxtpx:PowerExtension></extensions></trkpt>
<trkpt lat="38.5769939" lon="-121.4632417">
<ele>9</ele><time>2025-01-28T18:39:09.999Z</time><extensions><gpxtpx:TrackPointExtension><gpxtpx:hr>166</gpxtpx:hr><gpxtpx:cad>70</gpxtpx:cad></gpxtpx:TrackPointExtension></extensions><extensions><gpxtpx:PowerExtension><gpxtpx:PowerInWatts>252</gpxtpx:PowerInWatts></gpxtpx:PowerExtension></extensions></trkpt>
<trkpt lat="38.5769297" lon="-121.4632685">
<ele>9</ele><time>2025-01-28T18:39:11.999Z</time><extensions><gpxtpx:TrackPointExtension><gpxtpx:hr>165</gpxtpx:hr><gpxtpx:cad>71</gpxtpx:cad></gpxtpx:TrackPointExtension></extensions><extensions><gpxtpx:PowerExtension><gpxtpx:PowerInWatts>252</gpxtpx:PowerInWatts></gpxtpx:PowerExtension></extensions></trkpt>
<trkpt lat="38.5768812" lon="-121.4632931">
<ele>9</ele><time>2025-01-28T18:39:13.999Z</time><extensions><gpxtpx:TrackPointExtension><gpxtpx:hr>165</gpxtpx:hr><gpxtpx:cad>70</gpxtpx:cad></gpxtpx:TrackPointExtension></extensions><extensions><gpxtpx:PowerExtension><gpxtpx:PowerInWatts>253</gpxtpx:PowerInWatts></gpxtpx:PowerExtension></extensions></trkpt>
<trkpt lat="38.5768309" lon="-121.4633151">
<ele>9</ele><time>2025-01-28T18:39:15.999Z</time><extensions><gpxtpx:TrackPointExtension><gpxtpx:hr>165</gpxtpx:hr><gpxtpx:cad>75</gpxtpx:cad></gpxtpx:TrackPointExtension></extensions><extensions><gpxtpx:PowerExtension><gpxtpx:PowerInWatts>255</gpxtpx:PowerInWatts></gpxtpx:PowerExtension></extensions></trkpt>
<trkpt lat="38.5767810" lon="-121.4633364">
<ele>9</ele><time>2025-01-28T18:39:17.999Z</time><extensions><gpxtpx:TrackPointExtension><gpxtpx:hr>165</gpxtpx:hr><gpxtpx:cad>75</gpxtpx:cad></gpxtpx:TrackPointExtension></extensions><extensions><gpxtpx:PowerExtension><gpxtpx:PowerInWatts>255</gpxtpx:PowerInWatts></gpxtpx:PowerExtension></extensions></trkpt>
<trkpt lat="38.5767257" lon="-121.4633605">
<ele>9</ele><time>2025-01-28T18:39:19.999Z</time><extensions><gpxtpx:TrackPointExtension><gpxtpx:hr>165</gpxtpx:hr><gpxtpx:cad>73</gpxtpx:cad></gpxtpx:TrackPointExtension></extensions><extensions><gpxtpx:PowerExtension><gpxtpx:PowerInWatts>255</gpxtpx:PowerInWatts></gpxtpx:PowerExtension></extensions></trkpt>
<trkpt lat="38.5766739" lon="-121.4633831">
<ele>9</ele><time>2025-01-28T18:39:21.999Z</time><extensions><gpxtpx:TrackPointExtension><gpxtpx:hr>165</gpxtpx:hr><gpxtpx:cad>73</gpxtpx:cad></gpxtpx:TrackPointExtension></extensions><extensions><gpxtpx:PowerExtension><gpxtpx:PowerInWatts>249</gpxtpx:PowerInWatts></gpxtpx:PowerExtension></extensions></trkpt>
<trkpt lat="38.5766136" lon="-121.4634095">
<ele>9</ele><time>2025-01-28T18:39:23.999Z</time><extensions><gpxtpx:TrackPointExtension><gpxtpx:hr>164</gpxtpx:hr><gpxtpx:cad>72</gpxtpx:cad></gpxtpx:TrackPointExtension></extensions><extensions><gpxtpx:PowerExtension><gpxtpx:PowerInWatts>245</gpxtpx:PowerInWatts></gpxtpx:PowerExtension></extensions></trkpt>
<trkpt lat="38.5765692" lon="-121.4634288">
<ele>9</ele><time>2025-01-28T18:39:25.999Z</time><extensions><gpxtpx:TrackPointExtension><gpxtpx:hr>164</gpxtpx:hr><gpxtpx:cad>77</gpxtpx:cad></gpxtpx:TrackPointExtension></extensions><extensions><gpxtpx:PowerExtension><gpxtpx:PowerInWatts>245</gpxtpx:PowerInWatts></gpxtpx:PowerExtension></extensions></trkpt>
<trkpt lat="38.5765150" lon="-121.4634519">
<ele>9</ele><time>2025-01-28T18:39:27.999Z</time><extensions><gpxtpx:TrackPointExtension><gpxtpx:hr>163</gpxtpx:hr><gpxtpx:cad>80</gpxtpx:cad></gpxtpx:TrackPointExtension></extensions><extensions><gpxtpx:PowerExtension><gpxtpx:PowerInWatts>244</gpxtpx:PowerInWatts></gpxtpx:PowerExtension></extensions></trkpt>
<trkpt lat="38.5764592" lon="-121.4634757">
<ele>9</ele><time>2025-01-28T18:39:29.999Z</time><extensions><gpxtpx:TrackPointExtension><gpxtpx:hr>163</gpxtpx:hr><gpxtpx:cad>79</gpxtpx:cad></gpxtpx:TrackPointExtension></extensions><extensions><gpxtpx:PowerExtension><gpxtpx:PowerInWatts>244</gpxtpx:PowerInWatts></gpxtpx:PowerExtension></extensions></trkpt>
<trkpt lat="38.5763848" lon="-121.4635094">
<ele>9</ele><time>2025-01-28T18:39:32.999Z</time><extensions><gpxtpx:TrackPointExtension><gpxtpx:hr>162</gpxtpx:hr><gpxtpx:cad>76</gpxtpx:cad></gpxtpx:TrackPointExtension></extensions><extensions><gpxtpx:PowerExtension><gpxtpx:PowerInWatts>241</gpxtpx:PowerInWatts></gpxtpx:PowerExtension></extensions></trkpt>
<trkpt lat="38.5763298" lon="-121.4635333">
<ele>9</ele><time>2025-01-28T18:39:34.999Z</time><extensions><gpxtpx:TrackPointExtension><gpxtpx:hr>162</gpxtpx:hr><gpxtpx:cad>78</gpxtpx:cad></gpxtpx:TrackPointExtension></extensions><extensions><gpxtpx:PowerExtension><gpxtpx:PowerInWatts>241</gpxtpx:PowerInWatts></gpxtpx:PowerExtension></extensions></trkpt>
<trkpt lat="38.5762833" lon="-121.4635535">
<ele>9</ele><time>2025-01-28T18:39:36.999Z</time><extensions><gpxtpx:TrackPointExtension><gpxtpx:hr>162</gpxtpx:hr><gpxtpx:cad>84</gpxtpx:cad></gpxtpx:TrackPointExtension></extensions><extensions><gpxtpx:PowerExtension><gpxtpx:PowerInWatts>241</gpxtpx:PowerInWatts></gpxtpx:PowerExtension></extensions></trkpt>
<trkpt lat="38.5762346" lon="-121.4635746">
<ele>9</ele><time>2025-01-28T18:39:38.999Z</time><extensions><gpxtpx:TrackPointExtension><gpxtpx:hr>162</gpxtpx:hr><gpxtpx:cad>82</gpxtpx:cad></gpxtpx:TrackPointExtension></extensions><extensions><gpxtpx:PowerExtension><gpxtpx:PowerInWatts>241</gpxtpx:PowerInWatts></gpxtpx:PowerExtension></extensions></trkpt>
<trkpt lat="38.5761809" lon="-121.4635980">
<ele>9</ele><time>2025-01-28T18:39:40.999Z</time><extensions><gpxtpx:TrackPointExtension><gpxtpx:hr>162</gpxtpx:hr><gpxtpx:cad>79</gpxtpx:cad></gpxtpx:TrackPointExtension></extensions><extensions><gpxtpx:PowerExtension><gpxtpx:PowerInWatts>241</gpxtpx:PowerInWatts></gpxtpx:PowerExtension></extensions></trkpt>
<trkpt lat="38.5761202" lon="-121.4636243">
<ele>9</ele><time>2025-01-28T18:39:42.999Z</time><extensions><gpxtpx:TrackPointExtension><gpxtpx:hr>162</gpxtpx:hr><gpxtpx:cad>77</gpxtpx:cad></gpxtpx:TrackPointExtension></extensions><extensions><gpxtpx:PowerExtension><gpxtpx:PowerInWatts>237</gpxtpx:PowerInWatts></gpxtpx:PowerExtension></extensions></trkpt>
<trkpt lat="38.5760680" lon="-121.4636471">
<ele>9</ele><time>2025-01-28T18:39:44.999Z</time><extensions><gpxtpx:TrackPointExtension><gpxtpx:hr>162</gpxtpx:hr><gpxtpx:cad>84</gpxtpx:cad></gpxtpx:TrackPointExtension></extensions><extensions><gpxtpx:PowerExtension><gpxtpx:PowerInWatts>237</gpxtpx:PowerInWatts></gpxtpx:PowerExtension></extensions></trkpt>
<trkpt lat="38.5760055" lon="-121.4636518">
<ele>9</ele><time>2025-01-28T18:39:46.999Z</time><extensions><gpxtpx:TrackPointExtension><gpxtpx:hr>162</gpxtpx:hr><gpxtpx:cad>85</gpxtpx:cad></gpxtpx:TrackPointExtension></extensions><extensions><gpxtpx:PowerExtension><gpxtpx:PowerInWatts>237</gpxtpx:PowerInWatts></gpxtpx:PowerExtension></extensions></trkpt>
<trkpt lat="38.5759236" lon="-121.4636381">
<ele>8</ele><time>2025-01-28T18:39:50.999Z</time><extensions><gpxtpx:TrackPointExtension><gpxtpx:hr>161</gpxtpx:hr><gpxtpx:cad>80</gpxtpx:cad></gpxtpx:TrackPointExtension></extensions><extensions><gpxtpx:PowerExtension><gpxtpx:PowerInWatts>240</gpxtpx:PowerInWatts></gpxtpx:PowerExtension></extensions></trkpt>
<trkpt lat="38.5758371" lon="-121.4635888">
<ele>8</ele><time>2025-01-28T18:39:52.999Z</time><extensions><gpxtpx:TrackPointExtension><gpxtpx:hr>161</gpxtpx:hr><gpxtpx:cad>78</gpxtpx:cad></gpxtpx:TrackPointExtension></extensions><extensions><gpxtpx:PowerExtension><gpxtpx:PowerInWatts>240</gpxtpx:PowerInWatts></gpxtpx:PowerExtension></extensions></trkpt>
<trkpt lat="38.5757784" lon="-121.4635986">
<ele>8</ele><time>2025-01-28T18:39:54.999Z</time><extensions><gpxtpx:TrackPointExtension><gpxtpx:hr>161</gpxtpx:hr><gpxtpx:cad>75</gpxtpx:cad></gpxtpx:TrackPointExtension></extensions><extensions><gpxtpx:PowerExtension><gpxtpx:PowerInWatts>236</gpxtpx:PowerInWatts></gpxtpx:PowerExtension></extensions></trkpt>
<trkpt lat="38.5757202" lon="-121.4636205">
<ele>8</ele><time>2025-01-28T18:39:56.999Z</time><extensions><gpxtpx:TrackPointExtension><gpxtpx:hr>161</gpxtpx:hr><gpxtpx:cad>74</gpxtpx:cad></gpxtpx:TrackPointExtension></extensions><extensions><gpxtpx:PowerExtension><gpxtpx:PowerInWatts>238</gpxtpx:PowerInWatts></gpxtpx:PowerExtension></extensions></trkpt>
<trkpt lat="38.5756623" lon="-121.4636466">
<ele>8</ele><time>2025-01-28T18:39:58.999Z</time><extensions><gpxtpx:TrackPointExtension><gpxtpx:hr>160</gpxtpx:hr><gpxtpx:cad>79</gpxtpx:cad></gpxtpx:TrackPointExtension></extensions><extensions><gpxtpx:PowerExtension><gpxtpx:PowerInWatts>238</gpxtpx:PowerInWatts></gpxtpx:PowerExtension></extensions></trkpt>
<trkpt lat="38.5756084" lon="-121.4636700">
<ele>8</ele><time>2025-01-28T18:40:00.999Z</time><extensions><gpxtpx:TrackPointExtension><gpxtpx:hr>160</gpxtpx:hr><gpxtpx:cad>79</gpxtpx:cad></gpxtpx:TrackPointExtension></extensions><extensions><gpxtpx:PowerExtension><gpxtpx:PowerInWatts>237</gpxtpx:PowerInWatts></gpxtpx:PowerExtension></extensions></trkpt>
<trkpt lat="38.5755433" lon="-121.4636980">
<ele>8</ele><time>2025-01-28T18:40:02.999Z</time><extensions><gpxtpx:TrackPointExtension><gpxtpx:hr>160</gpxtpx:hr><gpxtpx:cad>77</gpxtpx:cad></gpxtpx:TrackPointExtension></extensions><extensions><gpxtpx:PowerExtension><gpxtpx:PowerInWatts>237</gpxtpx:PowerInWatts></gpxtpx:PowerExtension></extensions></trkpt>
<trkpt lat="38.5754939" lon="-121.4637192">
<ele>8</ele><time>2025-01-28T18:40:04.999Z</time><extensions><gpxtpx:TrackPointExtension><gpxtpx:hr>160</gpxtpx:hr><gpxtpx:cad>77</gpxtpx:cad></gpxtpx:TrackPointExtension></extensions><extensions><gpxtpx:PowerExtension><gpxtpx:PowerInWatts>237</gpxtpx:PowerInWatts></gpxtpx:PowerExtension></extensions></trkpt>
<trkpt lat="38.5754165" lon="-121.4637525">
<ele>8</ele><time>2025-01-28T18:40:07.999Z</time><extensions><gpxtpx:TrackPointExtension><gpxtpx:hr>160</gpxtpx:hr><gpxtpx:cad>77</gpxtpx:cad></gpxtpx:TrackPointExtension></extensions><extensions><gpxtpx:PowerExtension><gpxtpx:PowerInWatts>239</gpxtpx:PowerInWatts></gpxtpx:PowerExtension></extensions></trkpt>
<trkpt lat="38.5753652" lon="-121.4637746">
<ele>8</ele><time>2025-01-28T18:40:09.999Z</time><extensions><gpxtpx:TrackPointExtension><gpxtpx:hr>160</gpxtpx:hr><gpxtpx:cad>76</gpxtpx:cad></gpxtpx:TrackPointExtension></extensions><extensions><gpxtpx:PowerExtension><gpxtpx:PowerInWatts>242</gpxtpx:PowerInWatts></gpxtpx:PowerExtension></extensions></trkpt>
<trkpt lat="38.5752991" lon="-121.4637973">
<ele>9</ele><time>2025-01-28T18:40:11.999Z</time><extensions><gpxtpx:TrackPointExtension><gpxtpx:hr>160</gpxtpx:hr><gpxtpx:cad>70</gpxtpx:cad></gpxtpx:TrackPointExtension></extensions><extensions><gpxtpx:PowerExtension><gpxtpx:PowerInWatts>234</gpxtpx:PowerInWatts></gpxtpx:PowerExtension></extensions></trkpt>
<trkpt lat="38.5752331" lon="-121.4638059">
<ele>9</ele><time>2025-01-28T18:40:13.999Z</time><extensions><gpxtpx:TrackPointExtension><gpxtpx:hr>159</gpxtpx:hr><gpxtpx:cad>77</gpxtpx:cad></gpxtpx:TrackPointExtension></extensions><extensions><gpxtpx:PowerExtension><gpxtpx:PowerInWatts>234</gpxtpx:PowerInWatts></gpxtpx:PowerExtension></extensions></trkpt>
<trkpt lat="38.5751583" lon="-121.4638142">
<ele>9</ele><time>2025-01-28T18:40:16.999Z</time><extensions><gpxtpx:TrackPointExtension><gpxtpx:hr>159</gpxtpx:hr><gpxtpx:cad>79</gpxtpx:cad></gpxtpx:TrackPointExtension></extensions><extensions><gpxtpx:PowerExtension><gpxtpx:PowerInWatts>242</gpxtpx:PowerInWatts></gpxtpx:PowerExtension></extensions></trkpt>
<trkpt lat="38.5751064" lon="-121.4637790">
<ele>9</ele><time>2025-01-28T18:40:18.999Z</time><extensions><gpxtpx:TrackPointExtension><gpxtpx:hr>158</gpxtpx:hr><gpxtpx:cad>84</gpxtpx:cad></gpxtpx:TrackPointExtension></extensions><extensions><gpxtpx:PowerExtension><gpxtpx:PowerInWatts>242</gpxtpx:PowerInWatts></gpxtpx:PowerExtension></extensions></trkpt>
<trkpt lat="38.5750563" lon="-121.4637622">
<ele>9</ele><time>2025-01-28T18:40:20.999Z</time><extensions><gpxtpx:TrackPointExtension><gpxtpx:hr>157</gpxtpx:hr><gpxtpx:cad>84</gpxtpx:cad></gpxtpx:TrackPointExtension></extensions><extensions><gpxtpx:PowerExtension><gpxtpx:PowerInWatts>242</gpxtpx:PowerInWatts></gpxtpx:PowerExtension></extensions></trkpt>
<trkpt lat="38.5750088" lon="-121.4637336">
<ele>9</ele><time>2025-01-28T18:40:22.999Z</time><extensions><gpxtpx:TrackPointExtension><gpxtpx:hr>157</gpxtpx:hr><gpxtpx:cad>81</gpxtpx:cad></gpxtpx:TrackPointExtension></extensions><extensions><gpxtpx:PowerExtension><gpxtpx:PowerInWatts>240</gpxtpx:PowerInWatts></gpxtpx:PowerExtension></extensions></trkpt>
<trkpt lat="38.5749636" lon="-121.4636880">
<ele>9</ele><time>2025-01-28T18:40:24.999Z</time><extensions><gpxtpx:TrackPointExtension><gpxtpx:hr>157</gpxtpx:hr><gpxtpx:cad>79</gpxtpx:cad></gpxtpx:TrackPointExtension></extensions><extensions><gpxtpx:PowerExtension><gpxtpx:PowerInWatts>240</gpxtpx:PowerInWatts></gpxtpx:PowerExtension></extensions></trkpt>
<trkpt lat="38.5749251" lon="-121.4636397">
<ele>9</ele><time>2025-01-28T18:40:26.999Z</time><extensions><gpxtpx:TrackPointExtension><gpxtpx:hr>157</gpxtpx:hr><gpxtpx:cad>79</gpxtpx:cad></gpxtpx:TrackPointExtension></extensions><extensions><gpxtpx:PowerExtension><gpxtpx:PowerInWatts>233</gpxtpx:PowerInWatts></gpxtpx:PowerExtension></extensions></trkpt>
<trkpt lat="38.5748750" lon="-121.4635752">
<ele>9</ele><time>2025-01-28T18:40:29.999Z</time><extensions><gpxtpx:TrackPointExtension><gpxtpx:hr>157</gpxtpx:hr><gpxtpx:cad>79</gpxtpx:cad></gpxtpx:TrackPointExtension></extensions><extensions><gpxtpx:PowerExtension><gpxtpx:PowerInWatts>233</gpxtpx:PowerInWatts></gpxtpx:PowerExtension></extensions></trkpt>
<trkpt lat="38.5748659" lon="-121.4635033">
<ele>9</ele><time>2025-01-28T18:40:31.999Z</time><extensions><gpxtpx:TrackPointExtension><gpxtpx:hr>158</gpxtpx:hr><gpxtpx:cad>77</gpxtpx:cad></gpxtpx:TrackPointExtension></extensions><extensions><gpxtpx:PowerExtension><gpxtpx:PowerInWatts>231</gpxtpx:PowerInWatts></gpxtpx:PowerExtension></extensions></trkpt>
<trkpt lat="38.5748488" lon="-121.4634358">
<ele>9</ele><time>2025-01-28T18:40:33.999Z</time><extensions><gpxtpx:TrackPointExtension><gpxtpx:hr>159</gpxtpx:hr><gpxtpx:cad>76</gpxtpx:cad></gpxtpx:TrackPointExtension></extensions><extensions><gpxtpx:PowerExtension><gpxtpx:PowerInWatts>228</gpxtpx:PowerInWatts></gpxtpx:PowerExtension></extensions></trkpt>
<trkpt lat="38.5748263" lon="-121.4633505">
<ele>9</ele><time>2025-01-28T18:40:36.999Z</time><extensions><gpxtpx:TrackPointExtension><gpxtpx:hr>159</gpxtpx:hr><gpxtpx:cad>80</gpxtpx:cad></gpxtpx:TrackPointExtension></extensions><extensions><gpxtpx:PowerExtension><gpxtpx:PowerInWatts>226</gpxtpx:PowerInWatts></gpxtpx:PowerExtension></extensions></trkpt>
<trkpt lat="38.5748050" lon="-121.4632567">
<ele>9</ele><time>2025-01-28T18:40:39.999Z</time><extensions><gpxtpx:TrackPointExtension><gpxtpx:hr>158</gpxtpx:hr><gpxtpx:cad>82</gpxtpx:cad></gpxtpx:TrackPointExtension></extensions><extensions><gpxtpx:PowerExtension><gpxtpx:PowerInWatts>224</gpxtpx:PowerInWatts></gpxtpx:PowerExtension></extensions></trkpt>
<trkpt lat="38.5747991" lon="-121.4631919">
<ele>9</ele><time>2025-01-28T18:40:41.999Z</time><extensions><gpxtpx:TrackPointExtension><gpxtpx:hr>158</gpxtpx:hr><gpxtpx:cad>77</gpxtpx:cad></gpxtpx:TrackPointExtension></extensions><extensions><gpxtpx:PowerExtension><gpxtpx:PowerInWatts>223</gpxtpx:PowerInWatts></gpxtpx:PowerExtension></extensions></trkpt>
<trkpt lat="38.5747827" lon="-121.4631130">
<ele>9</ele><time>2025-01-28T18:40:43.999Z</time><extensions><gpxtpx:TrackPointExtension><gpxtpx:hr>158</gpxtpx:hr><gpxtpx:cad>81</gpxtpx:cad></gpxtpx:TrackPointExtension></extensions><extensions><gpxtpx:PowerExtension><gpxtpx:PowerInWatts>223</gpxtpx:PowerInWatts></gpxtpx:PowerExtension></extensions></trkpt>
<trkpt lat="38.5747587" lon="-121.4630426">
<ele>9</ele><time>2025-01-28T18:40:45.999Z</time><extensions><gpxtpx:TrackPointExtension><gpxtpx:hr>157</gpxtpx:hr><gpxtpx:cad>79</gpxtpx:cad></gpxtpx:TrackPointExtension></extensions><extensions><gpxtpx:PowerExtension><gpxtpx:PowerInWatts>222</gpxtpx:PowerInWatts></gpxtpx:PowerExtension></extensions></trkpt>
<trkpt lat="38.5747431" lon="-121.4629866">
<ele>10</ele><time>2025-01-28T18:40:47.999Z</time><extensions><gpxtpx:TrackPointExtension><gpxtpx:hr>157</gpxtpx:hr><gpxtpx:cad>79</gpxtpx:cad></gpxtpx:TrackPointExtension></extensions><extensions><gpxtpx:PowerExtension><gpxtpx:PowerInWatts>226</gpxtpx:PowerInWatts></gpxtpx:PowerExtension></extensions></trkpt>
<trkpt lat="38.5747222" lon="-121.4629253">
<ele>10</ele><time>2025-01-28T18:40:49.999Z</time><extensions><gpxtpx:TrackPointExtension><gpxtpx:hr>157</gpxtpx:hr><gpxtpx:cad>79</gpxtpx:cad></gpxtpx:TrackPointExtension></extensions><extensions><gpxtpx:PowerExtension><gpxtpx:PowerInWatts>229</gpxtpx:PowerInWatts></gpxtpx:PowerExtension></extensions></trkpt>
<trkpt lat="38.5746994" lon="-121.4628575">
<ele>10</ele><time>2025-01-28T18:40:51.999Z</time><extensions><gpxtpx:TrackPointExtension><gpxtpx:hr>158</gpxtpx:hr><gpxtpx:cad>78</gpxtpx:cad></gpxtpx:TrackPointExtension></extensions><extensions><gpxtpx:PowerExtension><gpxtpx:PowerInWatts>229</gpxtpx:PowerInWatts></gpxtpx:PowerExtension></extensions></trkpt>
<trkpt lat="38.5746773" lon="-121.4627686">
<ele>10</ele><time>2025-01-28T18:40:54.999Z</time><extensions><gpxtpx:TrackPointExtension><gpxtpx:hr>158</gpxtpx:hr><gpxtpx:cad>76</gpxtpx:cad></gpxtpx:TrackPointExtension></extensions><extensions><gpxtpx:PowerExtension><gpxtpx:PowerInWatts>225</gpxtpx:PowerInWatts></gpxtpx:PowerExtension></extensions></trkpt>
<trkpt lat="38.5746547" lon="-121.4626793">
<ele>10</ele><time>2025-01-28T18:40:57.999Z</time><extensions><gpxtpx:TrackPointExtension><gpxtpx:hr>158</gpxtpx:hr><gpxtpx:cad>76</gpxtpx:cad></gpxtpx:TrackPointExtension></extensions><extensions><gpxtpx:PowerExtension><gpxtpx:PowerInWatts>225</gpxtpx:PowerInWatts></gpxtpx:PowerExtension></extensions></trkpt>
<trkpt lat="38.5746316" lon="-121.4626052">
<ele>10</ele><time>2025-01-28T18:40:59.999Z</time><extensions><gpxtpx:TrackPointExtension><gpxtpx:hr>159</gpxtpx:hr><gpxtpx:cad>79</gpxtpx:cad></gpxtpx:TrackPointExtension></extensions><extensions><gpxtpx:PowerExtension><gpxtpx:PowerInWatts>222</gpxtpx:PowerInWatts></gpxtpx:PowerExtension></extensions></trkpt>
<trkpt lat="38.5746103" lon="-121.4625391">
<ele>10</ele><time>2025-01-28T18:41:01.999Z</time><extensions><gpxtpx:TrackPointExtension><gpxtpx:hr>159</gpxtpx:hr><gpxtpx:cad>82</gpxtpx:cad></gpxtpx:TrackPointExtension></extensions><extensions><gpxtpx:PowerExtension><gpxtpx:PowerInWatts>222</gpxtpx:PowerInWatts></gpxtpx:PowerExtension></extensions></trkpt>
<trkpt lat="38.5745942" lon="-121.4624533">
<ele>10</ele><time>2025-01-28T18:41:04.999Z</time><extensions><gpxtpx:TrackPointExtension><gpxtpx:hr>158</gpxtpx:hr><gpxtpx:cad>78</gpxtpx:cad></gpxtpx:TrackPointExtension></extensions><extensions><gpxtpx:PowerExtension><gpxtpx:PowerInWatts>223</gpxtpx:PowerInWatts></gpxtpx:PowerExtension></extensions></trkpt>
<trkpt lat="38.5745879" lon="-121.4623808">
<ele>10</ele><time>2025-01-28T18:41:06.999Z</time><extensions><gpxtpx:TrackPointExtension><gpxtpx:hr>157</gpxtpx:hr><gpxtpx:cad>75</gpxtpx:cad></gpxtpx:TrackPointExtension></extensions><extensions><gpxtpx:PowerExtension><gpxtpx:PowerInWatts>223</gpxtpx:PowerInWatts></gpxtpx:PowerExtension></extensions></trkpt>
<trkpt lat="38.5745674" lon="-121.4622981">
<ele>10</ele><time>2025-01-28T18:41:08.999Z</time><extensions><gpxtpx:TrackPointExtension><gpxtpx:hr>157</gpxtpx:hr><gpxtpx:cad>78</gpxtpx:cad></gpxtpx:TrackPointExtension></extensions><extensions><gpxtpx:PowerExtension><gpxtpx:PowerInWatts>223</gpxtpx:PowerInWatts></gpxtpx:PowerExtension></extensions></trkpt>
<trkpt lat="38.5745552" lon="-121.4622353">
<ele>10</ele><time>2025-01-28T18:41:10.999Z</time><extensions><gpxtpx:TrackPointExtension><gpxtpx:hr>157</gpxtpx:hr><gpxtpx:cad>76</gpxtpx:cad></gpxtpx:TrackPointExtension></extensions><extensions><gpxtpx:PowerExtension><gpxtpx:PowerInWatts>223</gpxtpx:PowerInWatts></gpxtpx:PowerExtension></extensions></trkpt>
<trkpt lat="38.5745348" lon="-121.4621583">
<ele>10</ele><time>2025-01-28T18:41:12.999Z</time><extensions><gpxtpx:TrackPointExtension><gpxtpx:hr>157</gpxtpx:hr><gpxtpx:cad>73</gpxtpx:cad></gpxtpx:TrackPointExtension></extensions><extensions><gpxtpx:PowerExtension><gpxtpx:PowerInWatts>222</gpxtpx:PowerInWatts></gpxtpx:PowerExtension></extensions></trkpt>
<trkpt lat="38.5745160" lon="-121.4620903">
<ele>10</ele><time>2025-01-28T18:41:14.999Z</time><extensions><gpxtpx:TrackPointExtension><gpxtpx:hr>156</gpxtpx:hr><gpxtpx:cad>74</gpxtpx:cad></gpxtpx:TrackPointExtension></extensions><extensions><gpxtpx:PowerExtension><gpxtpx:PowerInWatts>222</gpxtpx:PowerInWatts></gpxtpx:PowerExtension></extensions></trkpt>
<trkpt lat="38.5745032" lon="-121.4620243">
<ele>10</ele><time>2025-01-28T18:41:16.999Z</time><extensions><gpxtpx:TrackPointExtension><gpxtpx:hr>156</gpxtpx:hr><gpxtpx:cad>76</gpxtpx:cad></gpxtpx:TrackPointExtension></extensions><extensions><gpxtpx:PowerExtension><gpxtpx:PowerInWatts>226</gpxtpx:PowerInWatts></gpxtpx:PowerExtension></extensions></trkpt>
<trkpt lat="38.5744899" lon="-121.4619611">
<ele>10</ele><time>2025-01-28T18:41:18.999Z</time><extensions><gpxtpx:TrackPointExtension><gpxtpx:hr>155</gpxtpx:hr><gpxtpx:cad>78</gpxtpx:cad></gpxtpx:TrackPointExtension></extensions><extensions><gpxtpx:PowerExtension><gpxtpx:PowerInWatts>227</gpxtpx:PowerInWatts></gpxtpx:PowerExtension></extensions></trkpt>
<trkpt lat="38.5744540" lon="-121.4618963">
<ele>10</ele><time>2025-01-28T18:41:20.999Z</time><extensions><gpxtpx:TrackPointExtension><gpxtpx:hr>155</gpxtpx:hr><gpxtpx:cad>81</gpxtpx:cad></gpxtpx:TrackPointExtension></extensions><extensions><gpxtpx:PowerExtension><gpxtpx:PowerInWatts>231</gpxtpx:PowerInWatts></gpxtpx:PowerExtension></extensions></trkpt>
<trkpt lat="38.5744349" lon="-121.4618313">
<ele>10</ele><time>2025-01-28T18:41:22.999Z</time><extensions><gpxtpx:TrackPointExtension><gpxtpx:hr>155</gpxtpx:hr><gpxtpx:cad>79</gpxtpx:cad></gpxtpx:TrackPointExtension></extensions><extensions><gpxtpx:PowerExtension><gpxtpx:PowerInWatts>231</gpxtpx:PowerInWatts></gpxtpx:PowerExtension></extensions></trkpt>
<trkpt lat="38.5743963" lon="-121.4617510">
<ele>10</ele><time>2025-01-28T18:41:24.999Z</time><extensions><gpxtpx:TrackPointExtension><gpxtpx:hr>155</gpxtpx:hr><gpxtpx:cad>76</gpxtpx:cad></gpxtpx:TrackPointExtension></extensions><extensions><gpxtpx:PowerExtension><gpxtpx:PowerInWatts>231</gpxtpx:PowerInWatts></gpxtpx:PowerExtension></extensions></trkpt>
<trkpt lat="38.5743724" lon="-121.4616744">
<ele>10</ele><time>2025-01-28T18:41:26.999Z</time><extensions><gpxtpx:TrackPointExtension><gpxtpx:hr>155</gpxtpx:hr><gpxtpx:cad>78</gpxtpx:cad></gpxtpx:TrackPointExtension></extensions><extensions><gpxtpx:PowerExtension><gpxtpx:PowerInWatts>231</gpxtpx:PowerInWatts></gpxtpx:PowerExtension></extensions></trkpt>
<trkpt lat="38.5743508" lon="-121.4615953">
<ele>10</ele><time>2025-01-28T18:41:28.999Z</time><extensions><gpxtpx:TrackPointExtension><gpxtpx:hr>155</gpxtpx:hr><gpxtpx:cad>78</gpxtpx:cad></gpxtpx:TrackPointExtension></extensions><extensions><gpxtpx:PowerExtension><gpxtpx:PowerInWatts>229</gpxtpx:PowerInWatts></gpxtpx:PowerExtension></extensions></trkpt>
<trkpt lat="38.5743336" lon="-121.4615297">
<ele>10</ele><time>2025-01-28T18:41:30.999Z</time><extensions><gpxtpx:TrackPointExtension><gpxtpx:hr>156</gpxtpx:hr><gpxtpx:cad>78</gpxtpx:cad></gpxtpx:TrackPointExtension></extensions><extensions><gpxtpx:PowerExtension><gpxtpx:PowerInWatts>239</gpxtpx:PowerInWatts></gpxtpx:PowerExtension></extensions></trkpt>
<trkpt lat="38.5743288" lon="-121.4614605">
<ele>10</ele><time>2025-01-28T18:41:32.999Z</time><extensions><gpxtpx:TrackPointExtension><gpxtpx:hr>156</gpxtpx:hr><gpxtpx:cad>77</gpxtpx:cad></gpxtpx:TrackPointExtension></extensions><extensions><gpxtpx:PowerExtension><gpxtpx:PowerInWatts>239</gpxtpx:PowerInWatts></gpxtpx:PowerExtension></extensions></trkpt>
<trkpt lat="38.5742966" lon="-121.4613954">
<ele>10</ele><time>2025-01-28T18:41:34.999Z</time><extensions><gpxtpx:TrackPointExtension><gpxtpx:hr>156</gpxtpx:hr><gpxtpx:cad>84</gpxtpx:cad></gpxtpx:TrackPointExtension></extensions><extensions><gpxtpx:PowerExtension><gpxtpx:PowerInWatts>239</gpxtpx:PowerInWatts></gpxtpx:PowerExtension></extensions></trkpt>
<trkpt lat="38.5742956" lon="-121.4613176">
<ele>10</ele><time>2025-01-28T18:41:36.999Z</time><extensions><gpxtpx:TrackPointExtension><gpxtpx:hr>157</gpxtpx:hr><gpxtpx:cad>84</gpxtpx:cad></gpxtpx:TrackPointExtension></extensions><extensions><gpxtpx:PowerExtension><gpxtpx:PowerInWatts>245</gpxtpx:PowerInWatts></gpxtpx:PowerExtension></extensions></trkpt>
<trkpt lat="38.5742705" lon="-121.4612575">
<ele>10</ele><time>2025-01-28T18:41:38.999Z</time><extensions><gpxtpx:TrackPointExtension><gpxtpx:hr>157</gpxtpx:hr><gpxtpx:cad>82</gpxtpx:cad></gpxtpx:TrackPointExtension></extensions><extensions><gpxtpx:PowerExtension><gpxtpx:PowerInWatts>241</gpxtpx:PowerInWatts></gpxtpx:PowerExtension></extensions></trkpt>
<trkpt lat="38.5742398" lon="-121.4611855">
<ele>10</ele><time>2025-01-28T18:41:40.999Z</time><extensions><gpxtpx:TrackPointExtension><gpxtpx:hr>157</gpxtpx:hr><gpxtpx:cad>79</gpxtpx:cad></gpxtpx:TrackPointExtension></extensions><extensions><gpxtpx:PowerExtension><gpxtpx:PowerInWatts>240</gpxtpx:PowerInWatts></gpxtpx:PowerExtension></extensions></trkpt>
<trkpt lat="38.5742307" lon="-121.4611245">
<ele>10</ele><time>2025-01-28T18:41:42.999Z</time><extensions><gpxtpx:TrackPointExtension><gpxtpx:hr>156</gpxtpx:hr><gpxtpx:cad>79</gpxtpx:cad></gpxtpx:TrackPointExtension></extensions><extensions><gpxtpx:PowerExtension><gpxtpx:PowerInWatts>240</gpxtpx:PowerInWatts></gpxtpx:PowerExtension></extensions></trkpt>
<trkpt lat="38.5741969" lon="-121.4610500">
<ele>10</ele><time>2025-01-28T18:41:44.999Z</time><extensions><gpxtpx:TrackPointExtension><gpxtpx:hr>156</gpxtpx:hr><gpxtpx:cad>79</gpxtpx:cad></gpxtpx:TrackPointExtension></extensions><extensions><gpxtpx:PowerExtension><gpxtpx:PowerInWatts>240</gpxtpx:PowerInWatts></gpxtpx:PowerExtension></extensions></trkpt>
<trkpt lat="38.5741910" lon="-121.4609824">
<ele>10</ele><time>2025-01-28T18:41:46.999Z</time><extensions><gpxtpx:TrackPointExtension><gpxtpx:hr>155</gpxtpx:hr><gpxtpx:cad>79</gpxtpx:cad></gpxtpx:TrackPointExtension></extensions><extensions><gpxtpx:PowerExtension><gpxtpx:PowerInWatts>240</gpxtpx:PowerInWatts></gpxtpx:PowerExtension></extensions></trkpt>
<trkpt lat="38.5741777" lon="-121.4609150">
<ele>10</ele><time>2025-01-28T18:41:48.999Z</time><extensions><gpxtpx:TrackPointExtension><gpxtpx:hr>155</gpxtpx:hr><gpxtpx:cad>79</gpxtpx:cad></gpxtpx:TrackPointExtension></extensions><extensions><gpxtpx:PowerExtension><gpxtpx:PowerInWatts>241</gpxtpx:PowerInWatts></gpxtpx:PowerExtension></extensions></trkpt>
<trkpt lat="38.5742107" lon="-121.4608518">
<ele>10</ele><time>2025-01-28T18:41:50.999Z</time><extensions><gpxtpx:TrackPointExtension><gpxtpx:hr>155</gpxtpx:hr><gpxtpx:cad>79</gpxtpx:cad></gpxtpx:TrackPointExtension></extensions><extensions><gpxtpx:PowerExtension><gpxtpx:PowerInWatts>241</gpxtpx:PowerInWatts></gpxtpx:PowerExtension></extensions></trkpt>
<trkpt lat="38.5742036" lon="-121.4607867">
<ele>10</ele><time>2025-01-28T18:41:52.999Z</time><extensions><gpxtpx:TrackPointExtension><gpxtpx:hr>155</gpxtpx:hr><gpxtpx:cad>78</gpxtpx:cad></gpxtpx:TrackPointExtension></extensions><extensions><gpxtpx:PowerExtension><gpxtpx:PowerInWatts>241</gpxtpx:PowerInWatts></gpxtpx:PowerExtension></extensions></trkpt>
<trkpt lat="38.5742132" lon="-121.4607296">
<ele>10</ele><time>2025-01-28T18:41:54.999Z</time><extensions><gpxtpx:TrackPointExtension><gpxtpx:hr>155</gpxtpx:hr><gpxtpx:cad>76</gpxtpx:cad></gpxtpx:TrackPointExtension></extensions><extensions><gpxtpx:PowerExtension><gpxtpx:PowerInWatts>241</gpxtpx:PowerInWatts></gpxtpx:PowerExtension></extensions></trkpt>
<trkpt lat="38.5742395" lon="-121.4606764">
<ele>9</ele><time>2025-01-28T18:41:56.999Z</time><extensions><gpxtpx:TrackPointExtension><gpxtpx:hr>155</gpxtpx:hr><gpxtpx:cad>74</gpxtpx:cad></gpxtpx:TrackPointExtension></extensions><extensions><gpxtpx:PowerExtension><gpxtpx:PowerInWatts>235</gpxtpx:PowerInWatts></gpxtpx:PowerExtension></extensions></trkpt>
<trkpt lat="38.5742917" lon="-121.4606445">
<ele>9</ele><time>2025-01-28T18:41:58.999Z</time><extensions><gpxtpx:TrackPointExtension><gpxtpx:hr>156</gpxtpx:hr><gpxtpx:cad>76</gpxtpx:cad></gpxtpx:TrackPointExtension></extensions><extensions><gpxtpx:PowerExtension><gpxtpx:PowerInWatts>233</gpxtpx:PowerInWatts></gpxtpx:PowerExtension></extensions></trkpt>
<trkpt lat="38.5743371" lon="-121.4606320">
<ele>9</ele><time>2025-01-28T18:42:00.999Z</time><extensions><gpxtpx:TrackPointExtension><gpxtpx:hr>156</gpxtpx:hr><gpxtpx:cad>78</gpxtpx:cad></gpxtpx:TrackPointExtension></extensions><extensions><gpxtpx:PowerExtension><gpxtpx:PowerInWatts>231</gpxtpx:PowerInWatts></gpxtpx:PowerExtension></extensions></trkpt>
<trkpt lat="38.5743863" lon="-121.4606137">
<ele>9</ele><time>2025-01-28T18:42:02.999Z</time><extensions><gpxtpx:TrackPointExtension><gpxtpx:hr>156</gpxtpx:hr><gpxtpx:cad>71</gpxtpx:cad></gpxtpx:TrackPointExtension></extensions><extensions><gpxtpx:PowerExtension><gpxtpx:PowerInWatts>231</gpxtpx:PowerInWatts></gpxtpx:PowerExtension></extensions></trkpt>
<trkpt lat="38.5744343" lon="-121.4605931">
<ele>9</ele><time>2025-01-28T18:42:04.999Z</time><extensions><gpxtpx:TrackPointExtension><gpxtpx:hr>156</gpxtpx:hr><gpxtpx:cad>74</gpxtpx:cad></gpxtpx:TrackPointExtension></extensions><extensions><gpxtpx:PowerExtension><gpxtpx:PowerInWatts>231</gpxtpx:PowerInWatts></gpxtpx:PowerExtension></extensions></trkpt>
<trkpt lat="38.5744804" lon="-121.4605801">
<ele>9</ele><time>2025-01-28T18:42:05.999Z</time><extensions><gpxtpx:TrackPointExtension><gpxtpx:hr>157</gpxtpx:hr><gpxtpx:cad>78</gpxtpx:cad></gpxtpx:TrackPointExtension></extensions><extensions><gpxtpx:PowerExtension><gpxtpx:PowerInWatts>231</gpxtpx:PowerInWatts></gpxtpx:PowerExtension></extensions></trkpt>
<trkpt lat="38.5745599" lon="-121.4605697">
<ele>9</ele><time>2025-01-28T18:42:07.999Z</time><extensions><gpxtpx:TrackPointExtension><gpxtpx:hr>157</gpxtpx:hr><gpxtpx:cad>78</gpxtpx:cad></gpxtpx:TrackPointExtension></extensions><extensions><gpxtpx:PowerExtension><gpxtpx:PowerInWatts>224</gpxtpx:PowerInWatts></gpxtpx:PowerExtension></extensions></trkpt>
<trkpt lat="38.5746106" lon="-121.4605402">
<ele>9</ele><time>2025-01-28T18:42:09.999Z</time><extensions><gpxtpx:TrackPointExtension><gpxtpx:hr>157</gpxtpx:hr><gpxtpx:cad>83</gpxtpx:cad></gpxtpx:TrackPointExtension></extensions><extensions><gpxtpx:PowerExtension><gpxtpx:PowerInWatts>233</gpxtpx:PowerInWatts></gpxtpx:PowerExtension></extensions></trkpt>
<trkpt lat="38.5746572" lon="-121.4605194">
<ele>9</ele><time>2025-01-28T18:42:10.999Z</time><extensions><gpxtpx:TrackPointExtension><gpxtpx:hr>157</gpxtpx:hr><gpxtpx:cad>81</gpxtpx:cad></gpxtpx:TrackPointExtension></extensions><extensions><gpxtpx:PowerExtension><gpxtpx:PowerInWatts>233</gpxtpx:PowerInWatts></gpxtpx:PowerExtension></extensions></trkpt>
<trkpt lat="38.5747185" lon="-121.4604898">
<ele>9</ele><time>2025-01-28T18:42:12.999Z</time><extensions><gpxtpx:TrackPointExtension><gpxtpx:hr>158</gpxtpx:hr><gpxtpx:cad>81</gpxtpx:cad></gpxtpx:TrackPointExtension></extensions><extensions><gpxtpx:PowerExtension><gpxtpx:PowerInWatts>233</gpxtpx:PowerInWatts></gpxtpx:PowerExtension></extensions></trkpt>
<trkpt lat="38.5747785" lon="-121.4604580">
<ele>9</ele><time>2025-01-28T18:42:14.999Z</time><extensions><gpxtpx:TrackPointExtension><gpxtpx:hr>158</gpxtpx:hr><gpxtpx:cad>81</gpxtpx:cad></gpxtpx:TrackPointExtension></extensions><extensions><gpxtpx:PowerExtension><gpxtpx:PowerInWatts>293</gpxtpx:PowerInWatts></gpxtpx:PowerExtension></extensions></trkpt>
<trkpt lat="38.5748202" lon="-121.4604294">
<ele>9</ele><time>2025-01-28T18:42:15.999Z</time><extensions><gpxtpx:TrackPointExtension><gpxtpx:hr>159</gpxtpx:hr><gpxtpx:cad>81</gpxtpx:cad></gpxtpx:TrackPointExtension></extensions><extensions><gpxtpx:PowerExtension><gpxtpx:PowerInWatts>293</gpxtpx:PowerInWatts></gpxtpx:PowerExtension></extensions></trkpt>
<trkpt lat="38.5748823" lon="-121.4604089">
<ele>9</ele><time>2025-01-28T18:42:17.999Z</time><extensions><gpxtpx:TrackPointExtension><gpxtpx:hr>159</gpxtpx:hr><gpxtpx:cad>82</gpxtpx:cad></gpxtpx:TrackPointExtension></extensions><extensions><gpxtpx:PowerExtension><gpxtpx:PowerInWatts>277</gpxtpx:PowerInWatts></gpxtpx:PowerExtension></extensions></trkpt>
<trkpt lat="38.5749452" lon="-121.4603680">
<ele>9</ele><time>2025-01-28T18:42:19.999Z</time><extensions><gpxtpx:TrackPointExtension><gpxtpx:hr>159</gpxtpx:hr><gpxtpx:cad>86</gpxtpx:cad></gpxtpx:TrackPointExtension></extensions><extensions><gpxtpx:PowerExtension><gpxtpx:PowerInWatts>277</gpxtpx:PowerInWatts></gpxtpx:PowerExtension></extensions></trkpt>
<trkpt lat="38.5749988" lon="-121.4603559">
<ele>9</ele><time>2025-01-28T18:42:21.999Z</time><extensions><gpxtpx:TrackPointExtension><gpxtpx:hr>160</gpxtpx:hr><gpxtpx:cad>82</gpxtpx:cad></gpxtpx:TrackPointExtension></extensions><extensions><gpxtpx:PowerExtension><gpxtpx:PowerInWatts>273</gpxtpx:PowerInWatts></gpxtpx:PowerExtension></extensions></trkpt>
<trkpt lat="38.5750600" lon="-121.4603268">
<ele>9</ele><time>2025-01-28T18:42:23.999Z</time><extensions><gpxtpx:TrackPointExtension><gpxtpx:hr>160</gpxtpx:hr><gpxtpx:cad>81</gpxtpx:cad></gpxtpx:TrackPointExtension></extensions><extensions><gpxtpx:PowerExtension><gpxtpx:PowerInWatts>272</gpxtpx:PowerInWatts></gpxtpx:PowerExtension></extensions></trkpt>
<trkpt lat="38.5751318" lon="-121.4602927">
<ele>9</ele><time>2025-01-28T18:42:25.999Z</time><extensions><gpxtpx:TrackPointExtension><gpxtpx:hr>160</gpxtpx:hr><gpxtpx:cad>79</gpxtpx:cad></gpxtpx:TrackPointExtension></extensions><extensions><gpxtpx:PowerExtension><gpxtpx:PowerInWatts>272</gpxtpx:PowerInWatts></gpxtpx:PowerExtension></extensions></trkpt>
<trkpt lat="38.5752051" lon="-121.4602739">
<ele>9</ele><time>2025-01-28T18:42:27.999Z</time><extensions><gpxtpx:TrackPointExtension><gpxtpx:hr>160</gpxtpx:hr><gpxtpx:cad>82</gpxtpx:cad></gpxtpx:TrackPointExtension></extensions><extensions><gpxtpx:PowerExtension><gpxtpx:PowerInWatts>275</gpxtpx:PowerInWatts></gpxtpx:PowerExtension></extensions></trkpt>
<trkpt lat="38.5752558" lon="-121.4602552">
<ele>9</ele><time>2025-01-28T18:42:29.999Z</time><extensions><gpxtpx:TrackPointExtension><gpxtpx:hr>160</gpxtpx:hr><gpxtpx:cad>85</gpxtpx:cad></gpxtpx:TrackPointExtension></extensions><extensions><gpxtpx:PowerExtension><gpxtpx:PowerInWatts>261</gpxtpx:PowerInWatts></gpxtpx:PowerExtension></extensions></trkpt>
<trkpt lat="38.5753380" lon="-121.4602308">
<ele>9</ele><time>2025-01-28T18:42:31.999Z</time><extensions><gpxtpx:TrackPointExtension><gpxtpx:hr>161</gpxtpx:hr><gpxtpx:cad>83</gpxtpx:cad></gpxtpx:TrackPointExtension></extensions><extensions><gpxtpx:PowerExtension><gpxtpx:PowerInWatts>263</gpxtpx:PowerInWatts></gpxtpx:PowerExtension></extensions></trkpt>
<trkpt lat="38.5753996" lon="-121.4601924">
<ele>9</ele><time>2025-01-28T18:42:33.999Z</time><extensions><gpxtpx:TrackPointExtension><gpxtpx:hr>161</gpxtpx:hr><gpxtpx:cad>81</gpxtpx:cad></gpxtpx:TrackPointExtension></extensions><extensions><gpxtpx:PowerExtension><gpxtpx:PowerInWatts>263</gpxtpx:PowerInWatts></gpxtpx:PowerExtension></extensions></trkpt>
<trkpt lat="38.5754488" lon="-121.4601505">
<ele>9</ele><time>2025-01-28T18:42:35.999Z</time><extensions><gpxtpx:TrackPointExtension><gpxtpx:hr>161</gpxtpx:hr><gpxtpx:cad>77</gpxtpx:cad></gpxtpx:TrackPointExtension></extensions><extensions><gpxtpx:PowerExtension><gpxtpx:PowerInWatts>268</gpxtpx:PowerInWatts></gpxtpx:PowerExtension></extensions></trkpt>
<trkpt lat="38.5755098" lon="-121.4600953">
<ele>9</ele><time>2025-01-28T18:42:37.999Z</time><extensions><gpxtpx:TrackPointExtension><gpxtpx:hr>161</gpxtpx:hr><gpxtpx:cad>82</gpxtpx:cad></gpxtpx:TrackPointExtension></extensions><extensions><gpxtpx:PowerExtension><gpxtpx:PowerInWatts>265</gpxtpx:PowerInWatts></gpxtpx:PowerExtension></extensions></trkpt>
<trkpt lat="38.5755657" lon="-121.4600559">
<ele>9</ele><time>2025-01-28T18:42:39.999Z</time><extensions><gpxtpx:TrackPointExtension><gpxtpx:hr>161</gpxtpx:hr><gpxtpx:cad>86</gpxtpx:cad></gpxtpx:TrackPointExtension></extensions><extensions><gpxtpx:PowerExtension><gpxtpx:PowerInWatts>269</gpxtpx:PowerInWatts></gpxtpx:PowerExtension></extensions></trkpt>
<trkpt lat="38.5756231" lon="-121.4600569">
<ele>9</ele><time>2025-01-28T18:42:41.999Z</time><extensions><gpxtpx:TrackPointExtension><gpxtpx:hr>161</gpxtpx:hr><gpxtpx:cad>81</gpxtpx:cad></gpxtpx:TrackPointExtension></extensions><extensions><gpxtpx:PowerExtension><gpxtpx:PowerInWatts>269</gpxtpx:PowerInWatts></gpxtpx:PowerExtension></extensions></trkpt>
<trkpt lat="38.5756685" lon="-121.4600332">
<ele>9</ele><time>2025-01-28T18:42:42.999Z</time><extensions><gpxtpx:TrackPointExtension><gpxtpx:hr>161</gpxtpx:hr><gpxtpx:cad>79</gpxtpx:cad></gpxtpx:TrackPointExtension></extensions><extensions><gpxtpx:PowerExtension><gpxtpx:PowerInWatts>270</gpxtpx:PowerInWatts></gpxtpx:PowerExtension></extensions></trkpt>
<trkpt lat="38.5757220" lon="-121.4600122">
<ele>9</ele><time>2025-01-28T18:42:44.999Z</time><extensions><gpxtpx:TrackPointExtension><gpxtpx:hr>162</gpxtpx:hr><gpxtpx:cad>83</gpxtpx:cad></gpxtpx:TrackPointExtension></extensions><extensions><gpxtpx:PowerExtension><gpxtpx:PowerInWatts>270</gpxtpx:PowerInWatts></gpxtpx:PowerExtension></extensions></trkpt>
<trkpt lat="38.5757690" lon="-121.4599866">
<ele>9</ele><time>2025-01-28T18:42:45.999Z</time><extensions><gpxtpx:TrackPointExtension><gpxtpx:hr>162</gpxtpx:hr><gpxtpx:cad>81</gpxtpx:cad></gpxtpx:TrackPointExtension></extensions><extensions><gpxtpx:PowerExtension><gpxtpx:PowerInWatts>270</gpxtpx:PowerInWatts></gpxtpx:PowerExtension></extensions></trkpt>
<trkpt lat="38.5758262" lon="-121.4599749">
<ele>9</ele><time>2025-01-28T18:42:47.999Z</time><extensions><gpxtpx:TrackPointExtension><gpxtpx:hr>162</gpxtpx:hr><gpxtpx:cad>81</gpxtpx:cad></gpxtpx:TrackPointExtension></extensions><extensions><gpxtpx:PowerExtension><gpxtpx:PowerInWatts>271</gpxtpx:PowerInWatts></gpxtpx:PowerExtension></extensions></trkpt>
<trkpt lat="38.5758897" lon="-121.4599399">
<ele>9</ele><time>2025-01-28T18:42:49.999Z</time><extensions><gpxtpx:TrackPointExtension><gpxtpx:hr>162</gpxtpx:hr><gpxtpx:cad>81</gpxtpx:cad></gpxtpx:TrackPointExtension></extensions><extensions><gpxtpx:PowerExtension><gpxtpx:PowerInWatts>272</gpxtpx:PowerInWatts></gpxtpx:PowerExtension></extensions></trkpt>
<trkpt lat="38.5759639" lon="-121.4598985">
<ele>9</ele><time>2025-01-28T18:42:51.999Z</time><extensions><gpxtpx:TrackPointExtension><gpxtpx:hr>162</gpxtpx:hr><gpxtpx:cad>81</gpxtpx:cad></gpxtpx:TrackPointExtension></extensions><extensions><gpxtpx:PowerExtension><gpxtpx:PowerInWatts>272</gpxtpx:PowerInWatts></gpxtpx:PowerExtension></extensions></trkpt>
<trkpt lat="38.5760092" lon="-121.4598580">
<ele>9</ele><time>2025-01-28T18:42:53.999Z</time><extensions><gpxtpx:TrackPointExtension><gpxtpx:hr>163</gpxtpx:hr><gpxtpx:cad>75</gpxtpx:cad></gpxtpx:TrackPointExtension></extensions><extensions><gpxtpx:PowerExtension><gpxtpx:PowerInWatts>272</gpxtpx:PowerInWatts></gpxtpx:PowerExtension></extensions></trkpt>
<trkpt lat="38.5760446" lon="-121.4598126">
<ele>9</ele><time>2025-01-28T18:42:54.999Z</time><extensions><gpxtpx:TrackPointExtension><gpxtpx:hr>163</gpxtpx:hr><gpxtpx:cad>77</gpxtpx:cad></gpxtpx:TrackPointExtension></extensions><extensions><gpxtpx:PowerExtension><gpxtpx:PowerInWatts>272</gpxtpx:PowerInWatts></gpxtpx:PowerExtension></extensions></trkpt>
<trkpt lat="38.5760883" lon="-121.4597988">
<ele>9</ele><time>2025-01-28T18:42:56.999Z</time><extensions><gpxtpx:TrackPointExtension><gpxtpx:hr>163</gpxtpx:hr><gpxtpx:cad>78</gpxtpx:cad></gpxtpx:TrackPointExtension></extensions><extensions><gpxtpx:PowerExtension><gpxtpx:PowerInWatts>272</gpxtpx:PowerInWatts></gpxtpx:PowerExtension></extensions></trkpt>
<trkpt lat="38.5761416" lon="-121.4597852">
<ele>9</ele><time>2025-01-28T18:42:58.999Z</time><extensions><gpxtpx:TrackPointExtension><gpxtpx:hr>163</gpxtpx:hr><gpxtpx:cad>80</gpxtpx:cad></gpxtpx:TrackPointExtension></extensions><extensions><gpxtpx:PowerExtension><gpxtpx:PowerInWatts>272</gpxtpx:PowerInWatts></gpxtpx:PowerExtension></extensions></trkpt>
<trkpt lat="38.5761964" lon="-121.4597581">
<ele>9</ele><time>2025-01-28T18:43:00.999Z</time><extensions><gpxtpx:TrackPointExtension><gpxtpx:hr>163</gpxtpx:hr><gpxtpx:cad>81</gpxtpx:cad></gpxtpx:TrackPointExtension></extensions><extensions><gpxtpx:PowerExtension><gpxtpx:PowerInWatts>272</gpxtpx:PowerInWatts></gpxtpx:PowerExtension></extensions></trkpt>
<trkpt lat="38.5762432" lon="-121.4597458">
<ele>9</ele><time>2025-01-28T18:43:02.999Z</time><extensions><gpxtpx:TrackPointExtension><gpxtpx:hr>163</gpxtpx:hr><gpxtpx:cad>76</gpxtpx:cad></gpxtpx:TrackPointExtension></extensions><extensions><gpxtpx:PowerExtension><gpxtpx:PowerInWatts>269</gpxtpx:PowerInWatts></gpxtpx:PowerExtension></extensions></trkpt>
<trkpt lat="38.5762846" lon="-121.4597150">
<ele>9</ele><time>2025-01-28T18:43:04.999Z</time><extensions><gpxtpx:TrackPointExtension><gpxtpx:hr>163</gpxtpx:hr><gpxtpx:cad>73</gpxtpx:cad></gpxtpx:TrackPointExtension></extensions><extensions><gpxtpx:PowerExtension><gpxtpx:PowerInWatts>261</gpxtpx:PowerInWatts></gpxtpx:PowerExtension></extensions></trkpt>
<trkpt lat="38.5763297" lon="-121.4597045">
<ele>9</ele><time>2025-01-28T18:43:06.999Z</time><extensions><gpxtpx:TrackPointExtension><gpxtpx:hr>163</gpxtpx:hr><gpxtpx:cad>78</gpxtpx:cad></gpxtpx:TrackPointExtension></extensions><extensions><gpxtpx:PowerExtension><gpxtpx:PowerInWatts>261</gpxtpx:PowerInWatts></gpxtpx:PowerExtension></extensions></trkpt>
<trkpt lat="38.5763759" lon="-121.4596443">
<ele>9</ele><time>2025-01-28T18:43:08.999Z</time><extensions><gpxtpx:TrackPointExtension><gpxtpx:hr>163</gpxtpx:hr><gpxtpx:cad>78</gpxtpx:cad></gpxtpx:TrackPointExtension></extensions><extensions><gpxtpx:PowerExtension><gpxtpx:PowerInWatts>223</gpxtpx:PowerInWatts></gpxtpx:PowerExtension></extensions></trkpt>
<trkpt lat="38.5763891" lon="-121.4595783">
<ele>9</ele><time>2025-01-28T18:43:10.999Z</time><extensions><gpxtpx:TrackPointExtension><gpxtpx:hr>162</gpxtpx:hr><gpxtpx:cad>78</gpxtpx:cad></gpxtpx:TrackPointExtension></extensions><extensions><gpxtpx:PowerExtension><gpxtpx:PowerInWatts>223</gpxtpx:PowerInWatts></gpxtpx:PowerExtension></extensions></trkpt>
<trkpt lat="38.5764121" lon="-121.4595038">
<ele>9</ele><time>2025-01-28T18:43:12.999Z</time><extensions><gpxtpx:TrackPointExtension><gpxtpx:hr>162</gpxtpx:hr><gpxtpx:cad>79</gpxtpx:cad></gpxtpx:TrackPointExtension></extensions><extensions><gpxtpx:PowerExtension><gpxtpx:PowerInWatts>224</gpxtpx:PowerInWatts></gpxtpx:PowerExtension></extensions></trkpt>
<trkpt lat="38.5764300" lon="-121.4594208">
<ele>9</ele><time>2025-01-28T18:43:14.999Z</time><extensions><gpxtpx:TrackPointExtension><gpxtpx:hr>162</gpxtpx:hr><gpxtpx:cad>76</gpxtpx:cad></gpxtpx:TrackPointExtension></extensions><extensions><gpxtpx:PowerExtension><gpxtpx:PowerInWatts>224</gpxtpx:PowerInWatts></gpxtpx:PowerExtension></extensions></trkpt>
<trkpt lat="38.5764020" lon="-121.4593551">
<ele>9</ele><time>2025-01-28T18:43:16.999Z</time><extensions><gpxtpx:TrackPointExtension><gpxtpx:hr>161</gpxtpx:hr><gpxtpx:cad>77</gpxtpx:cad></gpxtpx:TrackPointExtension></extensions><extensions><gpxtpx:PowerExtension><gpxtpx:PowerInWatts>225</gpxtpx:PowerInWatts></gpxtpx:PowerExtension></extensions></trkpt>
<trkpt lat="38.5763479" lon="-121.4592884">
<ele>9</ele><time>2025-01-28T18:43:18.999Z</time><extensions><gpxtpx:TrackPointExtension><gpxtpx:hr>161</gpxtpx:hr><gpxtpx:cad>76</gpxtpx:cad></gpxtpx:TrackPointExtension></extensions><extensions><gpxtpx:PowerExtension><gpxtpx:PowerInWatts>225</gpxtpx:PowerInWatts></gpxtpx:PowerExtension></extensions></trkpt>
<trkpt lat="38.5763774" lon="-121.4592144">
<ele>9</ele><time>2025-01-28T18:43:20.999Z</time><extensions><gpxtpx:TrackPointExtension><gpxtpx:hr>161</gpxtpx:hr><gpxtpx:cad>78</gpxtpx:cad></gpxtpx:TrackPointExtension></extensions><extensions><gpxtpx:PowerExtension><gpxtpx:PowerInWatts>231</gpxtpx:PowerInWatts></gpxtpx:PowerExtension></extensions></trkpt>
<trkpt lat="38.5763660" lon="-121.4591321">
<ele>9</ele><time>2025-01-28T18:43:22.999Z</time><extensions><gpxtpx:TrackPointExtension><gpxtpx:hr>161</gpxtpx:hr><gpxtpx:cad>77</gpxtpx:cad></gpxtpx:TrackPointExtension></extensions><extensions><gpxtpx:PowerExtension><gpxtpx:PowerInWatts>233</gpxtpx:PowerInWatts></gpxtpx:PowerExtension></extensions></trkpt>
<trkpt lat="38.5763442" lon="-121.4590664">
<ele>9</ele><time>2025-01-28T18:43:24.999Z</time><extensions><gpxtpx:TrackPointExtension><gpxtpx:hr>161</gpxtpx:hr><gpxtpx:cad>77</gpxtpx:cad></gpxtpx:TrackPointExtension></extensions><extensions><gpxtpx:PowerExtension><gpxtpx:PowerInWatts>233</gpxtpx:PowerInWatts></gpxtpx:PowerExtension></extensions></trkpt>
<trkpt lat="38.5763432" lon="-121.4589998">
<ele>9</ele><time>2025-01-28T18:43:26.999Z</time><extensions><gpxtpx:TrackPointExtension><gpxtpx:hr>161</gpxtpx:hr><gpxtpx:cad>77</gpxtpx:cad></gpxtpx:TrackPointExtension></extensions><extensions><gpxtpx:PowerExtension><gpxtpx:PowerInWatts>233</gpxtpx:PowerInWatts></gpxtpx:PowerExtension></extensions></trkpt>
<trkpt lat="38.5763031" lon="-121.4589247">
<ele>9</ele><time>2025-01-28T18:43:28.999Z</time><extensions><gpxtpx:TrackPointExtension><gpxtpx:hr>161</gpxtpx:hr><gpxtpx:cad>77</gpxtpx:cad></gpxtpx:TrackPointExtension></extensions><extensions><gpxtpx:PowerExtension><gpxtpx:PowerInWatts>233</gpxtpx:PowerInWatts></gpxtpx:PowerExtension></extensions></trkpt>
<trkpt lat="38.5762762" lon="-121.4588703">
<ele>9</ele><time>2025-01-28T18:43:30.999Z</time><extensions><gpxtpx:TrackPointExtension><gpxtpx:hr>160</gpxtpx:hr><gpxtpx:cad>77</gpxtpx:cad></gpxtpx:TrackPointExtension></extensions><extensions><gpxtpx:PowerExtension><gpxtpx:PowerInWatts>231</gpxtpx:PowerInWatts></gpxtpx:PowerExtension></extensions></trkpt>
<trkpt lat="38.5762645" lon="-121.4588017">
<ele>9</ele><time>2025-01-28T18:43:32.999Z</time><extensions><gpxtpx:TrackPointExtension><gpxtpx:hr>160</gpxtpx:hr><gpxtpx:cad>74</gpxtpx:cad></gpxtpx:TrackPointExtension></extensions><extensions><gpxtpx:PowerExtension><gpxtpx:PowerInWatts>231</gpxtpx:PowerInWatts></gpxtpx:PowerExtension></extensions></trkpt>
<trkpt lat="38.5762425" lon="-121.4587421">
<ele>9</ele><time>2025-01-28T18:43:34.999Z</time><extensions><gpxtpx:TrackPointExtension><gpxtpx:hr>160</gpxtpx:hr><gpxtpx:cad>75</gpxtpx:cad></gpxtpx:TrackPointExtension></extensions><extensions><gpxtpx:PowerExtension><gpxtpx:PowerInWatts>231</gpxtpx:PowerInWatts></gpxtpx:PowerExtension></extensions></trkpt>
<trkpt lat="38.5762345" lon="-121.4586819">
<ele>9</ele><time>2025-01-28T18:43:36.999Z</time><extensions><gpxtpx:TrackPointExtension><gpxtpx:hr>160</gpxtpx:hr><gpxtpx:cad>76</gpxtpx:cad></gpxtpx:TrackPointExtension></extensions><extensions><gpxtpx:PowerExtension><gpxtpx:PowerInWatts>231</gpxtpx:PowerInWatts></gpxtpx:PowerExtension></extensions></trkpt>
<trkpt lat="38.5762225" lon="-121.4586136">
<ele>9</ele><time>2025-01-28T18:43:38.999Z</time><extensions><gpxtpx:TrackPointExtension><gpxtpx:hr>160</gpxtpx:hr><gpxtpx:cad>80</gpxtpx:cad></gpxtpx:TrackPointExtension></extensions><extensions><gpxtpx:PowerExtension><gpxtpx:PowerInWatts>232</gpxtpx:PowerInWatts></gpxtpx:PowerExtension></extensions></trkpt>
<trkpt lat="38.5762134" lon="-121.4585475">
<ele>9</ele><time>2025-01-28T18:43:40.999Z</time><extensions><gpxtpx:TrackPointExtension><gpxtpx:hr>160</gpxtpx:hr><gpxtpx:cad>83</gpxtpx:cad></gpxtpx:TrackPointExtension></extensions><extensions><gpxtpx:PowerExtension><gpxtpx:PowerInWatts>228</gpxtpx:PowerInWatts></gpxtpx:PowerExtension></extensions></trkpt>
<trkpt lat="38.5761837" lon="-121.4584884">
<ele>9</ele><time>2025-01-28T18:43:42.999Z</time><extensions><gpxtpx:TrackPointExtension><gpxtpx:hr>160</gpxtpx:hr><gpxtpx:cad>81</gpxtpx:cad></gpxtpx:TrackPointExtension></extensions><extensions><gpxtpx:PowerExtension><gpxtpx:PowerInWatts>228</gpxtpx:PowerInWatts></gpxtpx:PowerExtension></extensions></trkpt>
<trkpt lat="38.5761535" lon="-121.4584104">
<ele>9</ele><time>2025-01-28T18:43:44.999Z</time><extensions><gpxtpx:TrackPointExtension><gpxtpx:hr>160</gpxtpx:hr><gpxtpx:cad>78</gpxtpx:cad></gpxtpx:TrackPointExtension></extensions><extensions><gpxtpx:PowerExtension><gpxtpx:PowerInWatts>226</gpxtpx:PowerInWatts></gpxtpx:PowerExtension></extensions></trkpt>
<trkpt lat="38.5761637" lon="-121.4583321">
<ele>9</ele><time>2025-01-28T18:43:47.999Z</time><extensions><gpxtpx:TrackPointExtension><gpxtpx:hr>160</gpxtpx:hr><gpxtpx:cad>74</gpxtpx:cad></gpxtpx:TrackPointExtension></extensions><extensions><gpxtpx:PowerExtension><gpxtpx:PowerInWatts>226</gpxtpx:PowerInWatts></gpxtpx:PowerExtension></extensions></trkpt>
<trkpt lat="38.5761847" lon="-121.4582729">
<ele>9</ele><time>2025-01-28T18:43:49.999Z</time><extensions><gpxtpx:TrackPointExtension><gpxtpx:hr>160</gpxtpx:hr><gpxtpx:cad>86</gpxtpx:cad></gpxtpx:TrackPointExtension></extensions><extensions><gpxtpx:PowerExtension><gpxtpx:PowerInWatts>226</gpxtpx:PowerInWatts></gpxtpx:PowerExtension></extensions></trkpt>
<trkpt lat="38.5761474" lon="-121.4581996">
<ele>9</ele><time>2025-01-28T18:43:51.999Z</time><extensions><gpxtpx:TrackPointExtension><gpxtpx:hr>159</gpxtpx:hr><gpxtpx:cad>85</gpxtpx:cad></gpxtpx:TrackPointExtension></extensions><extensions><gpxtpx:PowerExtension><gpxtpx:PowerInWatts>230</gpxtpx:PowerInWatts></gpxtpx:PowerExtension></extensions></trkpt>
<trkpt lat="38.5761318" lon="-121.4581277">
<ele>9</ele><time>2025-01-28T18:43:53.999Z</time><extensions><gpxtpx:TrackPointExtension><gpxtpx:hr>159</gpxtpx:hr><gpxtpx:cad>82</gpxtpx:cad></gpxtpx:TrackPointExtension></extensions><extensions><gpxtpx:PowerExtension><gpxtpx:PowerInWatts>223</gpxtpx:PowerInWatts></gpxtpx:PowerExtension></extensions></trkpt>
<trkpt lat="38.5761265" lon="-121.4580429">
<ele>9</ele><time>2025-01-28T18:43:55.999Z</time><extensions><gpxtpx:TrackPointExtension><gpxtpx:hr>160</gpxtpx:hr><gpxtpx:cad>78</gpxtpx:cad></gpxtpx:TrackPointExtension></extensions><extensions><gpxtpx:PowerExtension><gpxtpx:PowerInWatts>223</gpxtpx:PowerInWatts></gpxtpx:PowerExtension></extensions></trkpt>
<trkpt lat="38.5760747" lon="-121.4579736">
<ele>9</ele><time>2025-01-28T18:43:57.999Z</time><extensions><gpxtpx:TrackPointExtension><gpxtpx:hr>160</gpxtpx:hr><gpxtpx:cad>84</gpxtpx:cad></gpxtpx:TrackPointExtension></extensions><extensions><gpxtpx:PowerExtension><gpxtpx:PowerInWatts>223</gpxtpx:PowerInWatts></gpxtpx:PowerExtension></extensions></trkpt>
<trkpt lat="38.5760396" lon="-121.4579020">
<ele>9</ele><time>2025-01-28T18:43:59.999Z</time><extensions><gpxtpx:TrackPointExtension><gpxtpx:hr>160</gpxtpx:hr><gpxtpx:cad>81</gpxtpx:cad></gpxtpx:TrackPointExtension></extensions><extensions><gpxtpx:PowerExtension><gpxtpx:PowerInWatts>229</gpxtpx:PowerInWatts></gpxtpx:PowerExtension></extensions></trkpt>
<trkpt lat="38.5760225" lon="-121.4578139">
<ele>9</ele><time>2025-01-28T18:44:01.999Z</time><extensions><gpxtpx:TrackPointExtension><gpxtpx:hr>160</gpxtpx:hr><gpxtpx:cad>79</gpxtpx:cad></gpxtpx:TrackPointExtension></extensions><extensions><gpxtpx:PowerExtension><gpxtpx:PowerInWatts>229</gpxtpx:PowerInWatts></gpxtpx:PowerExtension></extensions></trkpt>
<trkpt lat="38.5760015" lon="-121.4577426">
<ele>9</ele><time>2025-01-28T18:44:03.999Z</time><extensions><gpxtpx:TrackPointExtension><gpxtpx:hr>160</gpxtpx:hr><gpxtpx:cad>77</gpxtpx:cad></gpxtpx:TrackPointExtension></extensions><extensions><gpxtpx:PowerExtension><gpxtpx:PowerInWatts>238</gpxtpx:PowerInWatts></gpxtpx:PowerExtension></extensions></trkpt>
<trkpt lat="38.5759843" lon="-121.4576822">
<ele>9</ele><time>2025-01-28T18:44:05.999Z</time><extensions><gpxtpx:TrackPointExtension><gpxtpx:hr>160</gpxtpx:hr><gpxtpx:cad>77</gpxtpx:cad></gpxtpx:TrackPointExtension></extensions><extensions><gpxtpx:PowerExtension><gpxtpx:PowerInWatts>238</gpxtpx:PowerInWatts></gpxtpx:PowerExtension></extensions></trkpt>
<trkpt lat="38.5760401" lon="-121.4576460">
<ele>9</ele><time>2025-01-28T18:44:11.999Z</time><extensions><gpxtpx:TrackPointExtension><gpxtpx:hr>161</gpxtpx:hr><gpxtpx:cad>77</gpxtpx:cad></gpxtpx:TrackPointExtension></extensions><extensions><gpxtpx:PowerExtension><gpxtpx:PowerInWatts>241</gpxtpx:PowerInWatts></gpxtpx:PowerExtension></extensions></trkpt>
<trkpt lat="38.5760980" lon="-121.4575981">
<ele>9</ele><time>2025-01-28T18:44:13.999Z</time><extensions><gpxtpx:TrackPointExtension><gpxtpx:hr>160</gpxtpx:hr><gpxtpx:cad>77</gpxtpx:cad></gpxtpx:TrackPointExtension></extensions><extensions><gpxtpx:PowerExtension><gpxtpx:PowerInWatts>236</gpxtpx:PowerInWatts></gpxtpx:PowerExtension></extensions></trkpt>
<trkpt lat="38.5762361" lon="-121.4575240">
<ele>9</ele><time>2025-01-28T18:44:15.999Z</time><extensions><gpxtpx:TrackPointExtension><gpxtpx:hr>160</gpxtpx:hr><gpxtpx:cad>77</gpxtpx:cad></gpxtpx:TrackPointExtension></extensions><extensions><gpxtpx:PowerExtension><gpxtpx:PowerInWatts>236</gpxtpx:PowerInWatts></gpxtpx:PowerExtension></extensions></trkpt>
<trkpt lat="38.5762859" lon="-121.4574790">
<ele>9</ele><time>2025-01-28T18:44:17.999Z</time><extensions><gpxtpx:TrackPointExtension><gpxtpx:hr>160</gpxtpx:hr><gpxtpx:cad>71</gpxtpx:cad></gpxtpx:TrackPointExtension></extensions><extensions><gpxtpx:PowerExtension><gpxtpx:PowerInWatts>233</gpxtpx:PowerInWatts></gpxtpx:PowerExtension></extensions></trkpt>
<trkpt lat="38.5763319" lon="-121.4574384">
<ele>9</ele><time>2025-01-28T18:44:19.999Z</time><extensions><gpxtpx:TrackPointExtension><gpxtpx:hr>160</gpxtpx:hr><gpxtpx:cad>80</gpxtpx:cad></gpxtpx:TrackPointExtension></extensions><extensions><gpxtpx:PowerExtension><gpxtpx:PowerInWatts>233</gpxtpx:PowerInWatts></gpxtpx:PowerExtension></extensions></trkpt>
<trkpt lat="38.5763739" lon="-121.4574077">
<ele>9</ele><time>2025-01-28T18:44:21.999Z</time><extensions><gpxtpx:TrackPointExtension><gpxtpx:hr>160</gpxtpx:hr><gpxtpx:cad>85</gpxtpx:cad></gpxtpx:TrackPointExtension></extensions><extensions><gpxtpx:PowerExtension><gpxtpx:PowerInWatts>229</gpxtpx:PowerInWatts></gpxtpx:PowerExtension></extensions></trkpt>
<trkpt lat="38.5764248" lon="-121.4573662">
<ele>9</ele><time>2025-01-28T18:44:23.999Z</time><extensions><gpxtpx:TrackPointExtension><gpxtpx:hr>160</gpxtpx:hr><gpxtpx:cad>82</gpxtpx:cad></gpxtpx:TrackPointExtension></extensions><extensions><gpxtpx:PowerExtension><gpxtpx:PowerInWatts>229</gpxtpx:PowerInWatts></gpxtpx:PowerExtension></extensions></trkpt>
<trkpt lat="38.5764861" lon="-121.4573399">
<ele>9</ele><time>2025-01-28T18:44:25.999Z</time><extensions><gpxtpx:TrackPointExtension><gpxtpx:hr>160</gpxtpx:hr><gpxtpx:cad>82</gpxtpx:cad></gpxtpx:TrackPointExtension></extensions><extensions><gpxtpx:PowerExtension><gpxtpx:PowerInWatts>229</gpxtpx:PowerInWatts></gpxtpx:PowerExtension></extensions></trkpt>
<trkpt lat="38.5765300" lon="-121.4573212">
<ele>9</ele><time>2025-01-28T18:44:27.999Z</time><extensions><gpxtpx:TrackPointExtension><gpxtpx:hr>160</gpxtpx:hr><gpxtpx:cad>69</gpxtpx:cad></gpxtpx:TrackPointExtension></extensions><extensions><gpxtpx:PowerExtension><gpxtpx:PowerInWatts>230</gpxtpx:PowerInWatts></gpxtpx:PowerExtension></extensions></trkpt>
<trkpt lat="38.5765881" lon="-121.4573215">
<ele>9</ele><time>2025-01-28T18:44:29.999Z</time><extensions><gpxtpx:TrackPointExtension><gpxtpx:hr>160</gpxtpx:hr><gpxtpx:cad>69</gpxtpx:cad></gpxtpx:TrackPointExtension></extensions><extensions><gpxtpx:PowerExtension><gpxtpx:PowerInWatts>229</gpxtpx:PowerInWatts></gpxtpx:PowerExtension></extensions></trkpt>
<trkpt lat="38.5766262" lon="-121.4573593">
<ele>9</ele><time>2025-01-28T18:44:32.999Z</time><extensions><gpxtpx:TrackPointExtension><gpxtpx:hr>159</gpxtpx:hr><gpxtpx:cad>61</gpxtpx:cad></gpxtpx:TrackPointExtension></extensions><extensions><gpxtpx:PowerExtension><gpxtpx:PowerInWatts>232</gpxtpx:PowerInWatts></gpxtpx:PowerExtension></extensions></trkpt>
</trkseg><trkseg>
<trkpt lat="38.5766890" lon="-121.4575215">
<ele>9</ele><time>2025-01-28T18:44:58.999Z</time><extensions><gpxtpx:TrackPointExtension><gpxtpx:hr>143</gpxtpx:hr><gpxtpx:cad>60</gpxtpx:cad></gpxtpx:TrackPointExtension></extensions><extensions><gpxtpx:PowerExtension><gpxtpx:PowerInWatts>105</gpxtpx:PowerInWatts></gpxtpx:PowerExtension></extensions></trkpt>
<trkpt lat="38.5767249" lon="-121.4575642">
<ele>9</ele><time>2025-01-28T18:45:01.999Z</time><extensions><gpxtpx:TrackPointExtension><gpxtpx:hr>140</gpxtpx:hr><gpxtpx:cad>62</gpxtpx:cad></gpxtpx:TrackPointExtension></extensions><extensions><gpxtpx:PowerExtension><gpxtpx:PowerInWatts>105</gpxtpx:PowerInWatts></gpxtpx:PowerExtension></extensions></trkpt>
<trkpt lat="38.5767612" lon="-121.4576177">
<ele>9</ele><time>2025-01-28T18:45:06.999Z</time><extensions><gpxtpx:TrackPointExtension><gpxtpx:hr>139</gpxtpx:hr><gpxtpx:cad>62</gpxtpx:cad></gpxtpx:TrackPointExtension></extensions><extensions><gpxtpx:PowerExtension><gpxtpx:PowerInWatts>66</gpxtpx:PowerInWatts></gpxtpx:PowerExtension></extensions></trkpt>
<trkpt lat="38.5767767" lon="-121.4576760">
<ele>9</ele><time>2025-01-28T18:45:27.999Z</time><extensions><gpxtpx:TrackPointExtension><gpxtpx:hr>130</gpxtpx:hr><gpxtpx:cad>64</gpxtpx:cad></gpxtpx:TrackPointExtension></extensions><extensions><gpxtpx:PowerExtension><gpxtpx:PowerInWatts>71</gpxtpx:PowerInWatts></gpxtpx:PowerExtension></extensions></trkpt>
<trkpt lat="38.5767924" lon="-121.4577346">
<ele>9</ele><time>2025-01-28T18:45:32.999Z</time><extensions><gpxtpx:TrackPointExtension><gpxtpx:hr>129</gpxtpx:hr><gpxtpx:cad>61</gpxtpx:cad></gpxtpx:TrackPointExtension></extensions><extensions><gpxtpx:PowerExtension><gpxtpx:PowerInWatts>71</gpxtpx:PowerInWatts></gpxtpx:PowerExtension></extensions></trkpt>
<trkpt lat="38.5768156" lon="-121.4578212">
<ele>9</ele><time>2025-01-28T18:45:34.999Z</time><extensions><gpxtpx:TrackPointExtension><gpxtpx:hr>129</gpxtpx:hr><gpxtpx:cad>61</gpxtpx:cad></gpxtpx:TrackPointExtension></extensions><extensions><gpxtpx:PowerExtension><gpxtpx:PowerInWatts>62</gpxtpx:PowerInWatts></gpxtpx:PowerExtension></extensions></trkpt>
<trkpt lat="38.5768362" lon="-121.4578984">
<ele>9</ele><time>2025-01-28T18:45:37.999Z</time><extensions><gpxtpx:TrackPointExtension><gpxtpx:hr>129</gpxtpx:hr><gpxtpx:cad>57</gpxtpx:cad></gpxtpx:TrackPointExtension></extensions><extensions><gpxtpx:PowerExtension><gpxtpx:PowerInWatts>138</gpxtpx:PowerInWatts></gpxtpx:PowerExtension></extensions></trkpt>
<trkpt lat="38.5768528" lon="-121.4579605">
<ele>9</ele><time>2025-01-28T18:45:39.999Z</time><extensions><gpxtpx:TrackPointExtension><gpxtpx:hr>129</gpxtpx:hr><gpxtpx:cad>58</gpxtpx:cad></gpxtpx:TrackPointExtension></extensions><extensions><gpxtpx:PowerExtension><gpxtpx:PowerInWatts>138</gpxtpx:PowerInWatts></gpxtpx:PowerExtension></extensions></trkpt>
<trkpt lat="38.5768708" lon="-121.4580290">
<ele>9</ele><time>2025-01-28T18:45:41.999Z</time><extensions><gpxtpx:TrackPointExtension><gpxtpx:hr>130</gpxtpx:hr><gpxtpx:cad>60</gpxtpx:cad></gpxtpx:TrackPointExtension></extensions><extensions><gpxtpx:PowerExtension><gpxtpx:PowerInWatts>194</gpxtpx:PowerInWatts></gpxtpx:PowerExtension></extensions></trkpt>
<trkpt lat="38.5768859" lon="-121.4580876">
<ele>9</ele><time>2025-01-28T18:45:43.999Z</time><extensions><gpxtpx:TrackPointExtension><gpxtpx:hr>131</gpxtpx:hr><gpxtpx:cad>60</gpxtpx:cad></gpxtpx:TrackPointExtension></extensions><extensions><gpxtpx:PowerExtension><gpxtpx:PowerInWatts>214</gpxtpx:PowerInWatts></gpxtpx:PowerExtension></extensions></trkpt>
<trkpt lat="38.5769030" lon="-121.4581539">
<ele>9</ele><time>2025-01-28T18:45:45.999Z</time><extensions><gpxtpx:TrackPointExtension><gpxtpx:hr>131</gpxtpx:hr><gpxtpx:cad>65</gpxtpx:cad></gpxtpx:TrackPointExtension></extensions><extensions><gpxtpx:PowerExtension><gpxtpx:PowerInWatts>214</gpxtpx:PowerInWatts></gpxtpx:PowerExtension></extensions></trkpt>
<trkpt lat="38.5769223" lon="-121.4582290">
<ele>9</ele><time>2025-01-28T18:45:47.999Z</time><extensions><gpxtpx:TrackPointExtension><gpxtpx:hr>131</gpxtpx:hr><gpxtpx:cad>77</gpxtpx:cad></gpxtpx:TrackPointExtension></extensions><extensions><gpxtpx:PowerExtension><gpxtpx:PowerInWatts>211</gpxtpx:PowerInWatts></gpxtpx:PowerExtension></extensions></trkpt>
<trkpt lat="38.5769397" lon="-121.4582972">
<ele>9</ele><time>2025-01-28T18:45:49.999Z</time><extensions><gpxtpx:TrackPointExtension><gpxtpx:hr>131</gpxtpx:hr><gpxtpx:cad>80</gpxtpx:cad></gpxtpx:TrackPointExtension></extensions><extensions><gpxtpx:PowerExtension><gpxtpx:PowerInWatts>211</gpxtpx:PowerInWatts></gpxtpx:PowerExtension></extensions></trkpt>
<trkpt lat="38.5769536" lon="-121.4583834">
<ele>9</ele><time>2025-01-28T18:45:52.999Z</time><extensions><gpxtpx:TrackPointExtension><gpxtpx:hr>132</gpxtpx:hr><gpxtpx:cad>85</gpxtpx:cad></gpxtpx:TrackPointExtension></extensions><extensions><gpxtpx:PowerExtension><gpxtpx:PowerInWatts>207</gpxtpx:PowerInWatts></gpxtpx:PowerExtension></extensions></trkpt>
<trkpt lat="38.5769771" lon="-121.4584724">
<ele>9</ele><time>2025-01-28T18:45:55.999Z</time><extensions><gpxtpx:TrackPointExtension><gpxtpx:hr>133</gpxtpx:hr><gpxtpx:cad>85</gpxtpx:cad></gpxtpx:TrackPointExtension></extensions><extensions><gpxtpx:PowerExtension><gpxtpx:PowerInWatts>218</gpxtpx:PowerInWatts></gpxtpx:PowerExtension></extensions></trkpt>
<trkpt lat="38.5770011" lon="-121.4585414">
<ele>10</ele><time>2025-01-28T18:45:57.999Z</time><extensions><gpxtpx:TrackPointExtension><gpxtpx:hr>133</gpxtpx:hr><gpxtpx:cad>79</gpxtpx:cad></gpxtpx:TrackPointExtension></extensions><extensions><gpxtpx:PowerExtension><gpxtpx:PowerInWatts>218</gpxtpx:PowerInWatts></gpxtpx:PowerExtension></extensions></trkpt>
<trkpt lat="38.5769927" lon="-121.4586159">
<ele>10</ele><time>2025-01-28T18:45:59.999Z</time><extensions><gpxtpx:TrackPointExtension><gpxtpx:hr>133</gpxtpx:hr><gpxtpx:cad>73</gpxtpx:cad></gpxtpx:TrackPointExtension></extensions><extensions><gpxtpx:PowerExtension><gpxtpx:PowerInWatts>217</gpxtpx:PowerInWatts></gpxtpx:PowerExtension></extensions></trkpt>
<trkpt lat="38.5770135" lon="-121.4586910">
<ele>10</ele><time>2025-01-28T18:46:01.999Z</time><extensions><gpxtpx:TrackPointExtension><gpxtpx:hr>133</gpxtpx:hr><gpxtpx:cad>76</gpxtpx:cad></gpxtpx:TrackPointExtension></extensions><extensions><gpxtpx:PowerExtension><gpxtpx:PowerInWatts>217</gpxtpx:PowerInWatts></gpxtpx:PowerExtension></extensions></trkpt>
<trkpt lat="38.5770374" lon="-121.4587858">
<ele>10</ele><time>2025-01-28T18:46:04.999Z</time><extensions><gpxtpx:TrackPointExtension><gpxtpx:hr>132</gpxtpx:hr><gpxtpx:cad>79</gpxtpx:cad></gpxtpx:TrackPointExtension></extensions><extensions><gpxtpx:PowerExtension><gpxtpx:PowerInWatts>217</gpxtpx:PowerInWatts></gpxtpx:PowerExtension></extensions></trkpt>
<trkpt lat="38.5770514" lon="-121.4588620">
<ele>10</ele><time>2025-01-28T18:46:06.999Z</time><extensions><gpxtpx:TrackPointExtension><gpxtpx:hr>132</gpxtpx:hr><gpxtpx:cad>85</gpxtpx:cad></gpxtpx:TrackPointExtension></extensions><extensions><gpxtpx:PowerExtension><gpxtpx:PowerInWatts>217</gpxtpx:PowerInWatts></gpxtpx:PowerExtension></extensions></trkpt>
<trkpt lat="38.5770773" lon="-121.4589128">
<ele>10</ele><time>2025-01-28T18:46:08.999Z</time><extensions><gpxtpx:TrackPointExtension><gpxtpx:hr>132</gpxtpx:hr><gpxtpx:cad>83</gpxtpx:cad></gpxtpx:TrackPointExtension></extensions><extensions><gpxtpx:PowerExtension><gpxtpx:PowerInWatts>217</gpxtpx:PowerInWatts></gpxtpx:PowerExtension></extensions></trkpt>
<trkpt lat="38.5770936" lon="-121.4589898">
<ele>10</ele><time>2025-01-28T18:46:10.999Z</time><extensions><gpxtpx:TrackPointExtension><gpxtpx:hr>132</gpxtpx:hr><gpxtpx:cad>82</gpxtpx:cad></gpxtpx:TrackPointExtension></extensions><extensions><gpxtpx:PowerExtension><gpxtpx:PowerInWatts>218</gpxtpx:PowerInWatts></gpxtpx:PowerExtension></extensions></trkpt>
<trkpt lat="38.5771226" lon="-121.4590796">
<ele>10</ele><time>2025-01-28T18:46:13.999Z</time><extensions><gpxtpx:TrackPointExtension><gpxtpx:hr>135</gpxtpx:hr><gpxtpx:cad>78</gpxtpx:cad></gpxtpx:TrackPointExtension></extensions><extensions><gpxtpx:PowerExtension><gpxtpx:PowerInWatts>219</gpxtpx:PowerInWatts></gpxtpx:PowerExtension></extensions></trkpt>
<trkpt lat="38.5771509" lon="-121.4591467">
<ele>10</ele><time>2025-01-28T18:46:15.999Z</time><extensions><gpxtpx:TrackPointExtension><gpxtpx:hr>135</gpxtpx:hr><gpxtpx:cad>75</gpxtpx:cad></gpxtpx:TrackPointExtension></extensions><extensions><gpxtpx:PowerExtension><gpxtpx:PowerInWatts>219</gpxtpx:PowerInWatts></gpxtpx:PowerExtension></extensions></trkpt>
<trkpt lat="38.5771680" lon="-121.4592087">
<ele>10</ele><time>2025-01-28T18:46:17.999Z</time><extensions><gpxtpx:TrackPointExtension><gpxtpx:hr>135</gpxtpx:hr><gpxtpx:cad>83</gpxtpx:cad></gpxtpx:TrackPointExtension></extensions><extensions><gpxtpx:PowerExtension><gpxtpx:PowerInWatts>219</gpxtpx:PowerInWatts></gpxtpx:PowerExtension></extensions></trkpt>
<trkpt lat="38.5771673" lon="-121.4592852">
<ele>10</ele><time>2025-01-28T18:46:19.999Z</time><extensions><gpxtpx:TrackPointExtension><gpxtpx:hr>137</gpxtpx:hr><gpxtpx:cad>79</gpxtpx:cad></gpxtpx:TrackPointExtension></extensions><extensions><gpxtpx:PowerExtension><gpxtpx:PowerInWatts>219</gpxtpx:PowerInWatts></gpxtpx:PowerExtension></extensions></trkpt>
<trkpt lat="38.5771708" lon="-121.4593673">
<ele>10</ele><time>2025-01-28T18:46:21.999Z</time><extensions><gpxtpx:TrackPointExtension><gpxtpx:hr>139</gpxtpx:hr><gpxtpx:cad>77</gpxtpx:cad></gpxtpx:TrackPointExtension></extensions><extensions><gpxtpx:PowerExtension><gpxtpx:PowerInWatts>221</gpxtpx:PowerInWatts></gpxtpx:PowerExtension></extensions></trkpt>
<trkpt lat="38.5771843" lon="-121.4594713">
<ele>10</ele><time>2025-01-28T18:46:23.999Z</time><extensions><gpxtpx:TrackPointExtension><gpxtpx:hr>141</gpxtpx:hr><gpxtpx:cad>75</gpxtpx:cad></gpxtpx:TrackPointExtension></extensions><extensions><gpxtpx:PowerExtension><gpxtpx:PowerInWatts>221</gpxtpx:PowerInWatts></gpxtpx:PowerExtension></extensions></trkpt>
<trkpt lat="38.5772196" lon="-121.4595509">
<ele>10</ele><time>2025-01-28T18:46:25.999Z</time><extensions><gpxtpx:TrackPointExtension><gpxtpx:hr>142</gpxtpx:hr><gpxtpx:cad>79</gpxtpx:cad></gpxtpx:TrackPointExtension></extensions><extensions><gpxtpx:PowerExtension><gpxtpx:PowerInWatts>222</gpxtpx:PowerInWatts></gpxtpx:PowerExtension></extensions></trkpt>
<trkpt lat="38.5772435" lon="-121.4596335">
<ele>10</ele><time>2025-01-28T18:46:28.999Z</time><extensions><gpxtpx:TrackPointExtension><gpxtpx:hr>143</gpxtpx:hr><gpxtpx:cad>84</gpxtpx:cad></gpxtpx:TrackPointExtension></extensions><extensions><gpxtpx:PowerExtension><gpxtpx:PowerInWatts>236</gpxtpx:PowerInWatts></gpxtpx:PowerExtension></extensions></trkpt>
<trkpt lat="38.5772613" lon="-121.4597155">
<ele>10</ele><time>2025-01-28T18:46:31.999Z</time><extensions><gpxtpx:TrackPointExtension><gpxtpx:hr>144</gpxtpx:hr><gpxtpx:cad>79</gpxtpx:cad></gpxtpx:TrackPointExtension></extensions><extensions><gpxtpx:PowerExtension><gpxtpx:PowerInWatts>259</gpxtpx:PowerInWatts></gpxtpx:PowerExtension></extensions></trkpt>
<trkpt lat="38.5772939" lon="-121.4598014">
<ele>10</ele><time>2025-01-28T18:46:33.999Z</time><extensions><gpxtpx:TrackPointExtension><gpxtpx:hr>145</gpxtpx:hr><gpxtpx:cad>76</gpxtpx:cad></gpxtpx:TrackPointExtension></extensions><extensions><gpxtpx:PowerExtension><gpxtpx:PowerInWatts>259</gpxtpx:PowerInWatts></gpxtpx:PowerExtension></extensions></trkpt>
<trkpt lat="38.5773010" lon="-121.4598841">
<ele>10</ele><time>2025-01-28T18:46:35.999Z</time><extensions><gpxtpx:TrackPointExtension><gpxtpx:hr>145</gpxtpx:hr><gpxtpx:cad>76</gpxtpx:cad></gpxtpx:TrackPointExtension></extensions><extensions><gpxtpx:PowerExtension><gpxtpx:PowerInWatts>239</gpxtpx:PowerInWatts></gpxtpx:PowerExtension></extensions></trkpt>
<trkpt lat="38.5773149" lon="-121.4599802">
<ele>10</ele><time>2025-01-28T18:46:38.999Z</time><extensions><gpxtpx:TrackPointExtension><gpxtpx:hr>146</gpxtpx:hr><gpxtpx:cad>81</gpxtpx:cad></gpxtpx:TrackPointExtension></extensions><extensions><gpxtpx:PowerExtension><gpxtpx:PowerInWatts>234</gpxtpx:PowerInWatts></gpxtpx:PowerExtension></extensions></trkpt>
<trkpt lat="38.5773371" lon="-121.4600658">
<ele>10</ele><time>2025-01-28T18:46:41.999Z</time><extensions><gpxtpx:TrackPointExtension><gpxtpx:hr>147</gpxtpx:hr><gpxtpx:cad>79</gpxtpx:cad></gpxtpx:TrackPointExtension></extensions><extensions><gpxtpx:PowerExtension><gpxtpx:PowerInWatts>234</gpxtpx:PowerInWatts></gpxtpx:PowerExtension></extensions></trkpt>
<trkpt lat="38.5773624" lon="-121.4601404">
<ele>10</ele><time>2025-01-28T18:46:44.999Z</time><extensions><gpxtpx:TrackPointExtension><gpxtpx:hr>147</gpxtpx:hr><gpxtpx:cad>76</gpxtpx:cad></gpxtpx:TrackPointExtension></extensions><extensions><gpxtpx:PowerExtension><gpxtpx:PowerInWatts>234</gpxtpx:PowerInWatts></gpxtpx:PowerExtension></extensions></trkpt>
<trkpt lat="38.5773797" lon="-121.4602212">
<ele>10</ele><time>2025-01-28T18:46:46.999Z</time><extensions><gpxtpx:TrackPointExtension><gpxtpx:hr>147</gpxtpx:hr><gpxtpx:cad>73</gpxtpx:cad></gpxtpx:TrackPointExtension></extensions><extensions><gpxtpx:PowerExtension><gpxtpx:PowerInWatts>230</gpxtpx:PowerInWatts></gpxtpx:PowerExtension></extensions></trkpt>
<trkpt lat="38.5774042" lon="-121.4602833">
<ele>10</ele><time>2025-01-28T18:46:48.999Z</time><extensions><gpxtpx:TrackPointExtension><gpxtpx:hr>147</gpxtpx:hr><gpxtpx:cad>76</gpxtpx:cad></gpxtpx:TrackPointExtension></extensions><extensions><gpxtpx:PowerExtension><gpxtpx:PowerInWatts>224</gpxtpx:PowerInWatts></gpxtpx:PowerExtension></extensions></trkpt>
<trkpt lat="38.5774191" lon="-121.4603447">
<ele>10</ele><time>2025-01-28T18:46:50.999Z</time><extensions><gpxtpx:TrackPointExtension><gpxtpx:hr>147</gpxtpx:hr><gpxtpx:cad>79</gpxtpx:cad></gpxtpx:TrackPointExtension></extensions><extensions><gpxtpx:PowerExtension><gpxtpx:PowerInWatts>224</gpxtpx:PowerInWatts></gpxtpx:PowerExtension></extensions></trkpt>
<trkpt lat="38.5774358" lon="-121.4604121">
<ele>10</ele><time>2025-01-28T18:46:52.999Z</time><extensions><gpxtpx:TrackPointExtension><gpxtpx:hr>147</gpxtpx:hr><gpxtpx:cad>81</gpxtpx:cad></gpxtpx:TrackPointExtension></extensions><extensions><gpxtpx:PowerExtension><gpxtpx:PowerInWatts>224</gpxtpx:PowerInWatts></gpxtpx:PowerExtension></extensions></trkpt>
<trkpt lat="38.5774580" lon="-121.4604669">
<ele>10</ele><time>2025-01-28T18:46:54.999Z</time><extensions><gpxtpx:TrackPointExtension><gpxtpx:hr>147</gpxtpx:hr><gpxtpx:cad>80</gpxtpx:cad></gpxtpx:TrackPointExtension></extensions><extensions><gpxtpx:PowerExtension><gpxtpx:PowerInWatts>224</gpxtpx:PowerInWatts></gpxtpx:PowerExtension></extensions></trkpt>
<trkpt lat="38.5774786" lon="-121.4605317">
<ele>10</ele><time>2025-01-28T18:46:56.999Z</time><extensions><gpxtpx:TrackPointExtension><gpxtpx:hr>148</gpxtpx:hr><gpxtpx:cad>79</gpxtpx:cad></gpxtpx:TrackPointExtension></extensions><extensions><gpxtpx:PowerExtension><gpxtpx:PowerInWatts>223</gpxtpx:PowerInWatts></gpxtpx:PowerExtension></extensions></trkpt>
<trkpt lat="38.5775025" lon="-121.4606266">
<ele>10</ele><time>2025-01-28T18:46:59.999Z</time><extensions><gpxtpx:TrackPointExtension><gpxtpx:hr>148</gpxtpx:hr><gpxtpx:cad>73</gpxtpx:cad></gpxtpx:TrackPointExtension></extensions><extensions><gpxtpx:PowerExtension><gpxtpx:PowerInWatts>222</gpxtpx:PowerInWatts></gpxtpx:PowerExtension></extensions></trkpt>
<trkpt lat="38.5775169" lon="-121.4606856">
<ele>10</ele><time>2025-01-28T18:47:01.999Z</time><extensions><gpxtpx:TrackPointExtension><gpxtpx:hr>148</gpxtpx:hr><gpxtpx:cad>77</gpxtpx:cad></gpxtpx:TrackPointExtension></extensions><extensions><gpxtpx:PowerExtension><gpxtpx:PowerInWatts>222</gpxtpx:PowerInWatts></gpxtpx:PowerExtension></extensions></trkpt>
<trkpt lat="38.5775471" lon="-121.4607586">
<ele>10</ele><time>2025-01-28T18:47:03.999Z</time><extensions><gpxtpx:TrackPointExtension><gpxtpx:hr>148</gpxtpx:hr><gpxtpx:cad>80</gpxtpx:cad></gpxtpx:TrackPointExtension></extensions><extensions><gpxtpx:PowerExtension><gpxtpx:PowerInWatts>222</gpxtpx:PowerInWatts></gpxtpx:PowerExtension></extensions></trkpt>
<trkpt lat="38.5775602" lon="-121.4608155">
<ele>10</ele><time>2025-01-28T18:47:05.999Z</time><extensions><gpxtpx:TrackPointExtension><gpxtpx:hr>148</gpxtpx:hr><gpxtpx:cad>79</gpxtpx:cad></gpxtpx:TrackPointExtension></extensions><extensions><gpxtpx:PowerExtension><gpxtpx:PowerInWatts>222</gpxtpx:PowerInWatts></gpxtpx:PowerExtension></extensions></trkpt>
<trkpt lat="38.5775760" lon="-121.4608818">
<ele>10</ele><time>2025-01-28T18:47:07.999Z</time><extensions><gpxtpx:TrackPointExtension><gpxtpx:hr>148</gpxtpx:hr><gpxtpx:cad>76</gpxtpx:cad></gpxtpx:TrackPointExtension></extensions><extensions><gpxtpx:PowerExtension><gpxtpx:PowerInWatts>220</gpxtpx:PowerInWatts></gpxtpx:PowerExtension></extensions></trkpt>
<trkpt lat="38.5775901" lon="-121.4609417">
<ele>10</ele><time>2025-01-28T18:47:09.999Z</time><extensions><gpxtpx:TrackPointExtension><gpxtpx:hr>148</gpxtpx:hr><gpxtpx:cad>73</gpxtpx:cad></gpxtpx:TrackPointExtension></extensions><extensions><gpxtpx:PowerExtension><gpxtpx:PowerInWatts>220</gpxtpx:PowerInWatts></gpxtpx:PowerExtension></extensions></trkpt>
<trkpt lat="38.5776053" lon="-121.4610015">
<ele>10</ele><time>2025-01-28T18:47:11.999Z</time><extensions><gpxtpx:TrackPointExtension><gpxtpx:hr>148</gpxtpx:hr><gpxtpx:cad>75</gpxtpx:cad></gpxtpx:TrackPointExtension></extensions><extensions><gpxtpx:PowerExtension><gpxtpx:PowerInWatts>223</gpxtpx:PowerInWatts></gpxtpx:PowerExtension></extensions></trkpt>
<trkpt lat="38.5776256" lon="-121.4610703">
<ele>10</ele><time>2025-01-28T18:47:14.999Z</time><extensions><gpxtpx:TrackPointExtension><gpxtpx:hr>148</gpxtpx:hr><gpxtpx:cad>81</gpxtpx:cad></gpxtpx:TrackPointExtension></extensions><extensions><gpxtpx:PowerExtension><gpxtpx:PowerInWatts>221</gpxtpx:PowerInWatts></gpxtpx:PowerExtension></extensions></trkpt>
<trkpt lat="38.5776418" lon="-121.4611405">
<ele>10</ele><time>2025-01-28T18:47:16.999Z</time><extensions><gpxtpx:TrackPointExtension><gpxtpx:hr>148</gpxtpx:hr><gpxtpx:cad>80</gpxtpx:cad></gpxtpx:TrackPointExtension></extensions><extensions><gpxtpx:PowerExtension><gpxtpx:PowerInWatts>220</gpxtpx:PowerInWatts></gpxtpx:PowerExtension></extensions></trkpt>
<trkpt lat="38.5776601" lon="-121.4612049">
<ele>10</ele><time>2025-01-28T18:47:18.999Z</time><extensions><gpxtpx:TrackPointExtension><gpxtpx:hr>148</gpxtpx:hr><gpxtpx:cad>81</gpxtpx:cad></gpxtpx:TrackPointExtension></extensions><extensions><gpxtpx:PowerExtension><gpxtpx:PowerInWatts>220</gpxtpx:PowerInWatts></gpxtpx:PowerExtension></extensions></trkpt>
<trkpt lat="38.5776747" lon="-121.4612713">
<ele>10</ele><time>2025-01-28T18:47:20.999Z</time><extensions><gpxtpx:TrackPointExtension><gpxtpx:hr>148</gpxtpx:hr><gpxtpx:cad>81</gpxtpx:cad></gpxtpx:TrackPointExtension></extensions><extensions><gpxtpx:PowerExtension><gpxtpx:PowerInWatts>216</gpxtpx:PowerInWatts></gpxtpx:PowerExtension></extensions></trkpt>
<trkpt lat="38.5776953" lon="-121.4613417">
<ele>10</ele><time>2025-01-28T18:47:22.999Z</time><extensions><gpxtpx:TrackPointExtension><gpxtpx:hr>148</gpxtpx:hr><gpxtpx:cad>76</gpxtpx:cad></gpxtpx:TrackPointExtension></extensions><extensions><gpxtpx:PowerExtension><gpxtpx:PowerInWatts>216</gpxtpx:PowerInWatts></gpxtpx:PowerExtension></extensions></trkpt>
<trkpt lat="38.5777209" lon="-121.4614000">
<ele>10</ele><time>2025-01-28T18:47:24.999Z</time><extensions><gpxtpx:TrackPointExtension><gpxtpx:hr>148</gpxtpx:hr><gpxtpx:cad>76</gpxtpx:cad></gpxtpx:TrackPointExtension></extensions><extensions><gpxtpx:PowerExtension><gpxtpx:PowerInWatts>219</gpxtpx:PowerInWatts></gpxtpx:PowerExtension></extensions></trkpt>
<trkpt lat="38.5777340" lon="-121.4614793">
<ele>10</ele><time>2025-01-28T18:47:27.999Z</time><extensions><gpxtpx:TrackPointExtension><gpxtpx:hr>148</gpxtpx:hr><gpxtpx:cad>82</gpxtpx:cad></gpxtpx:TrackPointExtension></extensions><extensions><gpxtpx:PowerExtension><gpxtpx:PowerInWatts>219</gpxtpx:PowerInWatts></gpxtpx:PowerExtension></extensions></trkpt>
<trkpt lat="38.5777543" lon="-121.4615333">
<ele>10</ele><time>2025-01-28T18:47:29.999Z</time><extensions><gpxtpx:TrackPointExtension><gpxtpx:hr>148</gpxtpx:hr><gpxtpx:cad>82</gpxtpx:cad></gpxtpx:TrackPointExtension></extensions><extensions><gpxtpx:PowerExtension><gpxtpx:PowerInWatts>219</gpxtpx:PowerInWatts></gpxtpx:PowerExtension></extensions></trkpt>
<trkpt lat="38.5777782" lon="-121.4615997">
<ele>10</ele><time>2025-01-28T18:47:31.999Z</time><extensions><gpxtpx:TrackPointExtension><gpxtpx:hr>148</gpxtpx:hr><gpxtpx:cad>81</gpxtpx:cad></gpxtpx:TrackPointExtension></extensions><extensions><gpxtpx:PowerExtension><gpxtpx:PowerInWatts>220</gpxtpx:PowerInWatts></gpxtpx:PowerExtension></extensions></trkpt>
<trkpt lat="38.5777878" lon="-121.4616643">
<ele>10</ele><time>2025-01-28T18:47:33.999Z</time><extensions><gpxtpx:TrackPointExtension><gpxtpx:hr>148</gpxtpx:hr><gpxtpx:cad>81</gpxtpx:cad></gpxtpx:TrackPointExtension></extensions><extensions><gpxtpx:PowerExtension><gpxtpx:PowerInWatts>214</gpxtpx:PowerInWatts></gpxtpx:PowerExtension></extensions></trkpt>
<trkpt lat="38.5778114" lon="-121.4617265">
<ele>11</ele><time>2025-01-28T18:47:35.999Z</time><extensions><gpxtpx:TrackPointExtension><gpxtpx:hr>148</gpxtpx:hr><gpxtpx:cad>78</gpxtpx:cad></gpxtpx:TrackPointExtension></extensions><extensions><gpxtpx:PowerExtension><gpxtpx:PowerInWatts>214</gpxtpx:PowerInWatts></gpxtpx:PowerExtension></extensions></trkpt>
<trkpt lat="38.5778196" lon="-121.4618078">
<ele>11</ele><time>2025-01-28T18:47:37.999Z</time><extensions><gpxtpx:TrackPointExtension><gpxtpx:hr>149</gpxtpx:hr><gpxtpx:cad>79</gpxtpx:cad></gpxtpx:TrackPointExtension></extensions><extensions><gpxtpx:PowerExtension><gpxtpx:PowerInWatts>214</gpxtpx:PowerInWatts></gpxtpx:PowerExtension></extensions></trkpt>
<trkpt lat="38.5778463" lon="-121.4618950">
<ele>11</ele><time>2025-01-28T18:47:40.999Z</time><extensions><gpxtpx:TrackPointExtension><gpxtpx:hr>149</gpxtpx:hr><gpxtpx:cad>81</gpxtpx:cad></gpxtpx:TrackPointExtension></extensions><extensions><gpxtpx:PowerExtension><gpxtpx:PowerInWatts>214</gpxtpx:PowerInWatts></gpxtpx:PowerExtension></extensions></trkpt>
<trkpt lat="38.5778724" lon="-121.4619832">
<ele>11</ele><time>2025-01-28T18:47:43.999Z</time><extensions><gpxtpx:TrackPointExtension><gpxtpx:hr>149</gpxtpx:hr><gpxtpx:cad>84</gpxtpx:cad></gpxtpx:TrackPointExtension></extensions><extensions><gpxtpx:PowerExtension><gpxtpx:PowerInWatts>217</gpxtpx:PowerInWatts></gpxtpx:PowerExtension></extensions></trkpt>
<trkpt lat="38.5778842" lon="-121.4620750">
<ele>11</ele><time>2025-01-28T18:47:46.999Z</time><extensions><gpxtpx:TrackPointExtension><gpxtpx:hr>149</gpxtpx:hr><gpxtpx:cad>80</gpxtpx:cad></gpxtpx:TrackPointExtension></extensions><extensions><gpxtpx:PowerExtension><gpxtpx:PowerInWatts>215</gpxtpx:PowerInWatts></gpxtpx:PowerExtension></extensions></trkpt>
<trkpt lat="38.5779013" lon="-121.4621298">
<ele>11</ele><time>2025-01-28T18:47:48.999Z</time><extensions><gpxtpx:TrackPointExtension><gpxtpx:hr>149</gpxtpx:hr><gpxtpx:cad>75</gpxtpx:cad></gpxtpx:TrackPointExtension></extensions><extensions><gpxtpx:PowerExtension><gpxtpx:PowerInWatts>215</gpxtpx:PowerInWatts></gpxtpx:PowerExtension></extensions></trkpt>
<trkpt lat="38.5779206" lon="-121.4621999">
<ele>11</ele><time>2025-01-28T18:47:50.999Z</time><extensions><gpxtpx:TrackPointExtension><gpxtpx:hr>149</gpxtpx:hr><gpxtpx:cad>83</gpxtpx:cad></gpxtpx:TrackPointExtension></extensions><extensions><gpxtpx:PowerExtension><gpxtpx:PowerInWatts>215</gpxtpx:PowerInWatts></gpxtpx:PowerExtension></extensions></trkpt>
<trkpt lat="38.5779474" lon="-121.4622538">
<ele>11</ele><time>2025-01-28T18:47:52.999Z</time><extensions><gpxtpx:TrackPointExtension><gpxtpx:hr>149</gpxtpx:hr><gpxtpx:cad>83</gpxtpx:cad></gpxtpx:TrackPointExtension></extensions><extensions><gpxtpx:PowerExtension><gpxtpx:PowerInWatts>217</gpxtpx:PowerInWatts></gpxtpx:PowerExtension></extensions></trkpt>
<trkpt lat="38.5779784" lon="-121.4623189">
<ele>11</ele><time>2025-01-28T18:47:54.999Z</time><extensions><gpxtpx:TrackPointExtension><gpxtpx:hr>150</gpxtpx:hr><gpxtpx:cad>82</gpxtpx:cad></gpxtpx:TrackPointExtension></extensions><extensions><gpxtpx:PowerExtension><gpxtpx:PowerInWatts>217</gpxtpx:PowerInWatts></gpxtpx:PowerExtension></extensions></trkpt>
<trkpt lat="38.5779891" lon="-121.4623843">
<ele>11</ele><time>2025-01-28T18:47:56.999Z</time><extensions><gpxtpx:TrackPointExtension><gpxtpx:hr>150</gpxtpx:hr><gpxtpx:cad>74</gpxtpx:cad></gpxtpx:TrackPointExtension></extensions><extensions><gpxtpx:PowerExtension><gpxtpx:PowerInWatts>218</gpxtpx:PowerInWatts></gpxtpx:PowerExtension></extensions></trkpt>
<trkpt lat="38.5780140" lon="-121.4624492">
<ele>11</ele><time>2025-01-28T18:47:58.999Z</time><extensions><gpxtpx:TrackPointExtension><gpxtpx:hr>150</gpxtpx:hr><gpxtpx:cad>77</gpxtpx:cad></gpxtpx:TrackPointExtension></extensions><extensions><gpxtpx:PowerExtension><gpxtpx:PowerInWatts>218</gpxtpx:PowerInWatts></gpxtpx:PowerExtension></extensions></trkpt>
<trkpt lat="38.5780191" lon="-121.4625169">
<ele>11</ele><time>2025-01-28T18:48:00.999Z</time><extensions><gpxtpx:TrackPointExtension><gpxtpx:hr>150</gpxtpx:hr><gpxtpx:cad>75</gpxtpx:cad></gpxtpx:TrackPointExtension></extensions><extensions><gpxtpx:PowerExtension><gpxtpx:PowerInWatts>222</gpxtpx:PowerInWatts></gpxtpx:PowerExtension></extensions></trkpt>
<trkpt lat="38.5780503" lon="-121.4625985">
<ele>11</ele><time>2025-01-28T18:48:02.999Z</time><extensions><gpxtpx:TrackPointExtension><gpxtpx:hr>150</gpxtpx:hr><gpxtpx:cad>73</gpxtpx:cad></gpxtpx:TrackPointExtension></extensions><extensions><gpxtpx:PowerExtension><gpxtpx:PowerInWatts>222</gpxtpx:PowerInWatts></gpxtpx:PowerExtension></extensions></trkpt>
<trkpt lat="38.5780727" lon="-121.4626540">
<ele>11</ele><time>2025-01-28T18:48:04.999Z</time><extensions><gpxtpx:TrackPointExtension><gpxtpx:hr>150</gpxtpx:hr><gpxtpx:cad>76</gpxtpx:cad></gpxtpx:TrackPointExtension></extensions><extensions><gpxtpx:PowerExtension><gpxtpx:PowerInWatts>222</gpxtpx:PowerInWatts></gpxtpx:PowerExtension></extensions></trkpt>
<trkpt lat="38.5780914" lon="-121.4627089">
<ele>11</ele><time>2025-01-28T18:48:06.999Z</time><extensions><gpxtpx:TrackPointExtension><gpxtpx:hr>150</gpxtpx:hr><gpxtpx:cad>77</gpxtpx:cad></gpxtpx:TrackPointExtension></extensions><extensions><gpxtpx:PowerExtension><gpxtpx:PowerInWatts>228</gpxtpx:PowerInWatts></gpxtpx:PowerExtension></extensions></trkpt>
<trkpt lat="38.5780930" lon="-121.4627955">
<ele>11</ele><time>2025-01-28T18:48:08.999Z</time><extensions><gpxtpx:TrackPointExtension><gpxtpx:hr>150</gpxtpx:hr><gpxtpx:cad>78</gpxtpx:cad></gpxtpx:TrackPointExtension></extensions><extensions><gpxtpx:PowerExtension><gpxtpx:PowerInWatts>228</gpxtpx:PowerInWatts></gpxtpx:PowerExtension></extensions></trkpt>
<trkpt lat="38.5780485" lon="-121.4628298">
<ele>11</ele><time>2025-01-28T18:48:10.999Z</time><extensions><gpxtpx:TrackPointExtension><gpxtpx:hr>149</gpxtpx:hr><gpxtpx:cad>78</gpxtpx:cad></gpxtpx:TrackPointExtension></extensions><extensions><gpxtpx:PowerExtension><gpxtpx:PowerInWatts>228</gpxtpx:PowerInWatts></gpxtpx:PowerExtension></extensions></trkpt>
<trkpt lat="38.5779786" lon="-121.4628596">
<ele>11</ele><time>2025-01-28T18:48:12.999Z</time><extensions><gpxtpx:TrackPointExtension><gpxtpx:hr>148</gpxtpx:hr><gpxtpx:cad>74</gpxtpx:cad></gpxtpx:TrackPointExtension></extensions><extensions><gpxtpx:PowerExtension><gpxtpx:PowerInWatts>224</gpxtpx:PowerInWatts></gpxtpx:PowerExtension></extensions></trkpt>
<trkpt lat="38.5779318" lon="-121.4629018">
<ele>11</ele><time>2025-01-28T18:48:15.999Z</time><extensions><gpxtpx:TrackPointExtension><gpxtpx:hr>149</gpxtpx:hr><gpxtpx:cad>78</gpxtpx:cad></gpxtpx:TrackPointExtension></extensions><extensions><gpxtpx:PowerExtension><gpxtpx:PowerInWatts>224</gpxtpx:PowerInWatts></gpxtpx:PowerExtension></extensions></trkpt>
<trkpt lat="38.5778678" lon="-121.4629366">
<ele>11</ele><time>2025-01-28T18:48:18.999Z</time><extensions><gpxtpx:TrackPointExtension><gpxtpx:hr>149</gpxtpx:hr><gpxtpx:cad>70</gpxtpx:cad></gpxtpx:TrackPointExtension></extensions><extensions><gpxtpx:PowerExtension><gpxtpx:PowerInWatts>221</gpxtpx:PowerInWatts></gpxtpx:PowerExtension></extensions></trkpt>
<trkpt lat="38.5778180" lon="-121.4629629">
<ele>11</ele><time>2025-01-28T18:48:20.999Z</time><extensions><gpxtpx:TrackPointExtension><gpxtpx:hr>149</gpxtpx:hr><gpxtpx:cad>74</gpxtpx:cad></gpxtpx:TrackPointExtension></extensions><extensions><gpxtpx:PowerExtension><gpxtpx:PowerInWatts>221</gpxtpx:PowerInWatts></gpxtpx:PowerExtension></extensions></trkpt>
<trkpt lat="38.5777679" lon="-121.4629864">
<ele>11</ele><time>2025-01-28T18:48:22.999Z</time><extensions><gpxtpx:TrackPointExtension><gpxtpx:hr>148</gpxtpx:hr><gpxtpx:cad>80</gpxtpx:cad></gpxtpx:TrackPointExtension></extensions><extensions><gpxtpx:PowerExtension><gpxtpx:PowerInWatts>221</gpxtpx:PowerInWatts></gpxtpx:PowerExtension></extensions></trkpt>
<trkpt lat="38.5777124" lon="-121.4630111">
<ele>11</ele><time>2025-01-28T18:48:24.999Z</time><extensions><gpxtpx:TrackPointExtension><gpxtpx:hr>148</gpxtpx:hr><gpxtpx:cad>84</gpxtpx:cad></gpxtpx:TrackPointExtension></extensions><extensions><gpxtpx:PowerExtension><gpxtpx:PowerInWatts>221</gpxtpx:PowerInWatts></gpxtpx:PowerExtension></extensions></trkpt>
<trkpt lat="38.5776510" lon="-121.4630175">
<ele>11</ele><time>2025-01-28T18:48:26.999Z</time><extensions><gpxtpx:TrackPointExtension><gpxtpx:hr>148</gpxtpx:hr><gpxtpx:cad>79</gpxtpx:cad></gpxtpx:TrackPointExtension></extensions><extensions><gpxtpx:PowerExtension><gpxtpx:PowerInWatts>212</gpxtpx:PowerInWatts></gpxtpx:PowerExtension></extensions></trkpt>
<trkpt lat="38.5775947" lon="-121.4630532">
<ele>11</ele><time>2025-01-28T18:48:28.999Z</time><extensions><gpxtpx:TrackPointExtension><gpxtpx:hr>149</gpxtpx:hr><gpxtpx:cad>82</gpxtpx:cad></gpxtpx:TrackPointExtension></extensions><extensions><gpxtpx:PowerExtension><gpxtpx:PowerInWatts>215</gpxtpx:PowerInWatts></gpxtpx:PowerExtension></extensions></trkpt>
<trkpt lat="38.5775545" lon="-121.4630800">
<ele>11</ele><time>2025-01-28T18:48:30.999Z</time><extensions><gpxtpx:TrackPointExtension><gpxtpx:hr>149</gpxtpx:hr><gpxtpx:cad>81</gpxtpx:cad></gpxtpx:TrackPointExtension></extensions><extensions><gpxtpx:PowerExtension><gpxtpx:PowerInWatts>216</gpxtpx:PowerInWatts></gpxtpx:PowerExtension></extensions></trkpt>
<trkpt lat="38.5774967" lon="-121.4630892">
<ele>11</ele><time>2025-01-28T18:48:32.999Z</time><extensions><gpxtpx:TrackPointExtension><gpxtpx:hr>149</gpxtpx:hr><gpxtpx:cad>81</gpxtpx:cad></gpxtpx:TrackPointExtension></extensions><extensions><gpxtpx:PowerExtension><gpxtpx:PowerInWatts>216</gpxtpx:PowerInWatts></gpxtpx:PowerExtension></extensions></trkpt>
<trkpt lat="38.5774345" lon="-121.4631210">
<ele>11</ele><time>2025-01-28T18:48:34.999Z</time><extensions><gpxtpx:TrackPointExtension><gpxtpx:hr>149</gpxtpx:hr><gpxtpx:cad>80</gpxtpx:cad></gpxtpx:TrackPointExtension></extensions><extensions><gpxtpx:PowerExtension><gpxtpx:PowerInWatts>223</gpxtpx:PowerInWatts></gpxtpx:PowerExtension></extensions></trkpt>
<trkpt lat="38.5773894" lon="-121.4631426">
<ele>11</ele><time>2025-01-28T18:48:36.999Z</time><extensions><gpxtpx:TrackPointExtension><gpxtpx:hr>150</gpxtpx:hr><gpxtpx:cad>80</gpxtpx:cad></gpxtpx:TrackPointExtension></extensions><extensions><gpxtpx:PowerExtension><gpxtpx:PowerInWatts>223</gpxtpx:PowerInWatts></gpxtpx:PowerExtension></extensions></trkpt>
<trkpt lat="38.5773127" lon="-121.4631641">
<ele>10</ele><time>2025-01-28T18:48:39.999Z</time><extensions><gpxtpx:TrackPointExtension><gpxtpx:hr>150</gpxtpx:hr><gpxtpx:cad>80</gpxtpx:cad></gpxtpx:TrackPointExtension></extensions><extensions><gpxtpx:PowerExtension><gpxtpx:PowerInWatts>223</gpxtpx:PowerInWatts></gpxtpx:PowerExtension></extensions></trkpt>
<trkpt lat="38.5772631" lon="-121.4631697">
<ele>10</ele><time>2025-01-28T18:48:41.999Z</time><extensions><gpxtpx:TrackPointExtension><gpxtpx:hr>150</gpxtpx:hr><gpxtpx:cad>78</gpxtpx:cad></gpxtpx:TrackPointExtension></extensions><extensions><gpxtpx:PowerExtension><gpxtpx:PowerInWatts>226</gpxtpx:PowerInWatts></gpxtpx:PowerExtension></extensions></trkpt>
<trkpt lat="38.5772055" lon="-121.4632055">
<ele>10</ele><time>2025-01-28T18:48:44.000Z</time><extensions><gpxtpx:TrackPointExtension><gpxtpx:hr>150</gpxtpx:hr><gpxtpx:cad>79</gpxtpx:cad></gpxtpx:TrackPointExtension></extensions><extensions><gpxtpx:PowerExtension><gpxtpx:PowerInWatts>226</gpxtpx:PowerInWatts></gpxtpx:PowerExtension></extensions></trkpt>
<trkpt lat="38.5771426" lon="-121.4632291">
<ele>10</ele><time>2025-01-28T18:48:46.000Z</time><extensions><gpxtpx:TrackPointExtension><gpxtpx:hr>150</gpxtpx:hr><gpxtpx:cad>81</gpxtpx:cad></gpxtpx:TrackPointExtension></extensions><extensions><gpxtpx:PowerExtension><gpxtpx:PowerInWatts>226</gpxtpx:PowerInWatts></gpxtpx:PowerExtension></extensions></trkpt>
<trkpt lat="38.5770832" lon="-121.4632466">
<ele>10</ele><time>2025-01-28T18:48:49.000Z</time><extensions><gpxtpx:TrackPointExtension><gpxtpx:hr>150</gpxtpx:hr><gpxtpx:cad>78</gpxtpx:cad></gpxtpx:TrackPointExtension></extensions><extensions><gpxtpx:PowerExtension><gpxtpx:PowerInWatts>226</gpxtpx:PowerInWatts></gpxtpx:PowerExtension></extensions></trkpt>
<trkpt lat="38.5770344" lon="-121.4632713">
<ele>10</ele><time>2025-01-28T18:48:51.000Z</time><extensions><gpxtpx:TrackPointExtension><gpxtpx:hr>151</gpxtpx:hr><gpxtpx:cad>75</gpxtpx:cad></gpxtpx:TrackPointExtension></extensions><extensions><gpxtpx:PowerExtension><gpxtpx:PowerInWatts>227</gpxtpx:PowerInWatts></gpxtpx:PowerExtension></extensions></trkpt>
<trkpt lat="38.5769772" lon="-121.4632914">
<ele>10</ele><time>2025-01-28T18:48:53.000Z</time><extensions><gpxtpx:TrackPointExtension><gpxtpx:hr>151</gpxtpx:hr><gpxtpx:cad>71</gpxtpx:cad></gpxtpx:TrackPointExtension></extensions><extensions><gpxtpx:PowerExtension><gpxtpx:PowerInWatts>224</gpxtpx:PowerInWatts></gpxtpx:PowerExtension></extensions></trkpt>
<trkpt lat="38.5769297" lon="-121.4633062">
<ele>10</ele><time>2025-01-28T18:48:55.000Z</time><extensions><gpxtpx:TrackPointExtension><gpxtpx:hr>151</gpxtpx:hr><gpxtpx:cad>74</gpxtpx:cad></gpxtpx:TrackPointExtension></extensions><extensions><gpxtpx:PowerExtension><gpxtpx:PowerInWatts>224</gpxtpx:PowerInWatts></gpxtpx:PowerExtension></extensions></trkpt>
<trkpt lat="38.5768734" lon="-121.4633374">
<ele>10</ele><time>2025-01-28T18:48:57.000Z</time><extensions><gpxtpx:TrackPointExtension><gpxtpx:hr>151</gpxtpx:hr><gpxtpx:cad>74</gpxtpx:cad></gpxtpx:TrackPointExtension></extensions><extensions><gpxtpx:PowerExtension><gpxtpx:PowerInWatts>224</gpxtpx:PowerInWatts></gpxtpx:PowerExtension></extensions></trkpt>
<trkpt lat="38.5768204" lon="-121.4633588">
<ele>10</ele><time>2025-01-28T18:48:58.999Z</time><extensions><gpxtpx:TrackPointExtension><gpxtpx:hr>151</gpxtpx:hr><gpxtpx:cad>77</gpxtpx:cad></gpxtpx:TrackPointExtension></extensions><extensions><gpxtpx:PowerExtension><gpxtpx:PowerInWatts>224</gpxtpx:PowerInWatts></gpxtpx:PowerExtension></extensions></trkpt>
<trkpt lat="38.5767729" lon="-121.4633881">
<ele>10</ele><time>2025-01-28T18:49:00.999Z</time><extensions><gpxtpx:TrackPointExtension><gpxtpx:hr>151</gpxtpx:hr><gpxtpx:cad>78</gpxtpx:cad></gpxtpx:TrackPointExtension></extensions><extensions><gpxtpx:PowerExtension><gpxtpx:PowerInWatts>224</gpxtpx:PowerInWatts></gpxtpx:PowerExtension></extensions></trkpt>
<trkpt lat="38.5767096" lon="-121.4634140">
<ele>10</ele><time>2025-01-28T18:49:02.999Z</time><extensions><gpxtpx:TrackPointExtension><gpxtpx:hr>151</gpxtpx:hr><gpxtpx:cad>79</gpxtpx:cad></gpxtpx:TrackPointExtension></extensions><extensions><gpxtpx:PowerExtension><gpxtpx:PowerInWatts>226</gpxtpx:PowerInWatts></gpxtpx:PowerExtension></extensions></trkpt>
<trkpt lat="38.5766541" lon="-121.4634336">
<ele>10</ele><time>2025-01-28T18:49:05.000Z</time><extensions><gpxtpx:TrackPointExtension><gpxtpx:hr>151</gpxtpx:hr><gpxtpx:cad>74</gpxtpx:cad></gpxtpx:TrackPointExtension></extensions><extensions><gpxtpx:PowerExtension><gpxtpx:PowerInWatts>226</gpxtpx:PowerInWatts></gpxtpx:PowerExtension></extensions></trkpt>
<trkpt lat="38.5766095" lon="-121.4634561">
<ele>10</ele><time>2025-01-28T18:49:07.000Z</time><extensions><gpxtpx:TrackPointExtension><gpxtpx:hr>151</gpxtpx:hr><gpxtpx:cad>71</gpxtpx:cad></gpxtpx:TrackPointExtension></extensions><extensions><gpxtpx:PowerExtension><gpxtpx:PowerInWatts>224</gpxtpx:PowerInWatts></gpxtpx:PowerExtension></extensions></trkpt>
<trkpt lat="38.5765440" lon="-121.4634735">
<ele>10</ele><time>2025-01-28T18:49:09.000Z</time><extensions><gpxtpx:TrackPointExtension><gpxtpx:hr>151</gpxtpx:hr><gpxtpx:cad>72</gpxtpx:cad></gpxtpx:TrackPointExtension></extensions><extensions><gpxtpx:PowerExtension><gpxtpx:PowerInWatts>224</gpxtpx:PowerInWatts></gpxtpx:PowerExtension></extensions></trkpt>
<trkpt lat="38.5764808" lon="-121.4635046">
<ele>10</ele><time>2025-01-28T18:49:12.000Z</time><extensions><gpxtpx:TrackPointExtension><gpxtpx:hr>151</gpxtpx:hr><gpxtpx:cad>76</gpxtpx:cad></gpxtpx:TrackPointExtension></extensions><extensions><gpxtpx:PowerExtension><gpxtpx:PowerInWatts>229</gpxtpx:PowerInWatts></gpxtpx:PowerExtension></extensions></trkpt>
<trkpt lat="38.5764213" lon="-121.4635443">
<ele>10</ele><time>2025-01-28T18:49:14.000Z</time><extensions><gpxtpx:TrackPointExtension><gpxtpx:hr>151</gpxtpx:hr><gpxtpx:cad>76</gpxtpx:cad></gpxtpx:TrackPointExtension></extensions><extensions><gpxtpx:PowerExtension><gpxtpx:PowerInWatts>227</gpxtpx:PowerInWatts></gpxtpx:PowerExtension></extensions></trkpt>
<trkpt lat="38.5763695" lon="-121.4635635">
<ele>10</ele><time>2025-01-28T18:49:16.000Z</time><extensions><gpxtpx:TrackPointExtension><gpxtpx:hr>151</gpxtpx:hr><gpxtpx:cad>71</gpxtpx:cad></gpxtpx:TrackPointExtension></extensions><extensions><gpxtpx:PowerExtension><gpxtpx:PowerInWatts>227</gpxtpx:PowerInWatts></gpxtpx:PowerExtension></extensions></trkpt>
<trkpt lat="38.5763124" lon="-121.4636013">
<ele>10</ele><time>2025-01-28T18:49:18.000Z</time><extensions><gpxtpx:TrackPointExtension><gpxtpx:hr>151</gpxtpx:hr><gpxtpx:cad>74</gpxtpx:cad></gpxtpx:TrackPointExtension></extensions><extensions><gpxtpx:PowerExtension><gpxtpx:PowerInWatts>228</gpxtpx:PowerInWatts></gpxtpx:PowerExtension></extensions></trkpt>
<trkpt lat="38.5762622" lon="-121.4636086">
<ele>10</ele><time>2025-01-28T18:49:20.000Z</time><extensions><gpxtpx:TrackPointExtension><gpxtpx:hr>151</gpxtpx:hr><gpxtpx:cad>81</gpxtpx:cad></gpxtpx:TrackPointExtension></extensions><extensions><gpxtpx:PowerExtension><gpxtpx:PowerInWatts>232</gpxtpx:PowerInWatts></gpxtpx:PowerExtension></extensions></trkpt>
<trkpt lat="38.5761993" lon="-121.4636517">
<ele>10</ele><time>2025-01-28T18:49:23.000Z</time><extensions><gpxtpx:TrackPointExtension><gpxtpx:hr>152</gpxtpx:hr><gpxtpx:cad>78</gpxtpx:cad></gpxtpx:TrackPointExtension></extensions><extensions><gpxtpx:PowerExtension><gpxtpx:PowerInWatts>232</gpxtpx:PowerInWatts></gpxtpx:PowerExtension></extensions></trkpt>
<trkpt lat="38.5761376" lon="-121.4636526">
<ele>10</ele><time>2025-01-28T18:49:25.000Z</time><extensions><gpxtpx:TrackPointExtension><gpxtpx:hr>152</gpxtpx:hr><gpxtpx:cad>78</gpxtpx:cad></gpxtpx:TrackPointExtension></extensions><extensions><gpxtpx:PowerExtension><gpxtpx:PowerInWatts>232</gpxtpx:PowerInWatts></gpxtpx:PowerExtension></extensions></trkpt>
<trkpt lat="38.5760688" lon="-121.4636770">
<ele>10</ele><time>2025-01-28T18:49:27.000Z</time><extensions><gpxtpx:TrackPointExtension><gpxtpx:hr>152</gpxtpx:hr><gpxtpx:cad>78</gpxtpx:cad></gpxtpx:TrackPointExtension></extensions><extensions><gpxtpx:PowerExtension><gpxtpx:PowerInWatts>232</gpxtpx:PowerInWatts></gpxtpx:PowerExtension></extensions></trkpt>
<trkpt lat="38.5760141" lon="-121.4636633">
<ele>10</ele><time>2025-01-28T18:49:30.000Z</time><extensions><gpxtpx:TrackPointExtension><gpxtpx:hr>152</gpxtpx:hr><gpxtpx:cad>78</gpxtpx:cad></gpxtpx:TrackPointExtension></extensions><extensions><gpxtpx:PowerExtension><gpxtpx:PowerInWatts>232</gpxtpx:PowerInWatts></gpxtpx:PowerExtension></extensions></trkpt>
<trkpt lat="38.5759572" lon="-121.4636475">
<ele>10</ele><time>2025-01-28T18:49:33.000Z</time><extensions><gpxtpx:TrackPointExtension><gpxtpx:hr>152</gpxtpx:hr><gpxtpx:cad>78</gpxtpx:cad></gpxtpx:TrackPointExtension></extensions><extensions><gpxtpx:PowerExtension><gpxtpx:PowerInWatts>225</gpxtpx:PowerInWatts></gpxtpx:PowerExtension></extensions></trkpt>
<trkpt lat="38.5759260" lon="-121.4636052">
<ele>10</ele><time>2025-01-28T18:49:34.000Z</time><extensions><gpxtpx:TrackPointExtension><gpxtpx:hr>152</gpxtpx:hr><gpxtpx:cad>78</gpxtpx:cad></gpxtpx:TrackPointExtension></extensions><extensions><gpxtpx:PowerExtension><gpxtpx:PowerInWatts>225</gpxtpx:PowerInWatts></gpxtpx:PowerExtension></extensions></trkpt>
<trkpt lat="38.5758760" lon="-121.4635961">
<ele>9</ele><time>2025-01-28T18:49:36.000Z</time><extensions><gpxtpx:TrackPointExtension><gpxtpx:hr>152</gpxtpx:hr><gpxtpx:cad>82</gpxtpx:cad></gpxtpx:TrackPointExtension></extensions><extensions><gpxtpx:PowerExtension><gpxtpx:PowerInWatts>222</gpxtpx:PowerInWatts></gpxtpx:PowerExtension></extensions></trkpt>
<trkpt lat="38.5758229" lon="-121.4635968">
<ele>9</ele><time>2025-01-28T18:49:38.000Z</time><extensions><gpxtpx:TrackPointExtension><gpxtpx:hr>152</gpxtpx:hr><gpxtpx:cad>81</gpxtpx:cad></gpxtpx:TrackPointExtension></extensions><extensions><gpxtpx:PowerExtension><gpxtpx:PowerInWatts>222</gpxtpx:PowerInWatts></gpxtpx:PowerExtension></extensions></trkpt>
<trkpt lat="38.5757734" lon="-121.4636036">
<ele>9</ele><time>2025-01-28T18:49:40.000Z</time><extensions><gpxtpx:TrackPointExtension><gpxtpx:hr>152</gpxtpx:hr><gpxtpx:cad>83</gpxtpx:cad></gpxtpx:TrackPointExtension></extensions><extensions><gpxtpx:PowerExtension><gpxtpx:PowerInWatts>216</gpxtpx:PowerInWatts></gpxtpx:PowerExtension></extensions></trkpt>
<trkpt lat="38.5757137" lon="-121.4636213">
<ele>9</ele><time>2025-01-28T18:49:42.000Z</time><extensions><gpxtpx:TrackPointExtension><gpxtpx:hr>152</gpxtpx:hr><gpxtpx:cad>83</gpxtpx:cad></gpxtpx:TrackPointExtension></extensions><extensions><gpxtpx:PowerExtension><gpxtpx:PowerInWatts>217</gpxtpx:PowerInWatts></gpxtpx:PowerExtension></extensions></trkpt>
<trkpt lat="38.5756688" lon="-121.4636420">
<ele>9</ele><time>2025-01-28T18:49:44.000Z</time><extensions><gpxtpx:TrackPointExtension><gpxtpx:hr>152</gpxtpx:hr><gpxtpx:cad>83</gpxtpx:cad></gpxtpx:TrackPointExtension></extensions><extensions><gpxtpx:PowerExtension><gpxtpx:PowerInWatts>217</gpxtpx:PowerInWatts></gpxtpx:PowerExtension></extensions></trkpt>
<trkpt lat="38.5756104" lon="-121.4636688">
<ele>9</ele><time>2025-01-28T18:49:46.000Z</time><extensions><gpxtpx:TrackPointExtension><gpxtpx:hr>151</gpxtpx:hr><gpxtpx:cad>85</gpxtpx:cad></gpxtpx:TrackPointExtension></extensions><extensions><gpxtpx:PowerExtension><gpxtpx:PowerInWatts>217</gpxtpx:PowerInWatts></gpxtpx:PowerExtension></extensions></trkpt>
<trkpt lat="38.5755442" lon="-121.4636976">
<ele>9</ele><time>2025-01-28T18:49:48.000Z</time><extensions><gpxtpx:TrackPointExtension><gpxtpx:hr>151</gpxtpx:hr><gpxtpx:cad>78</gpxtpx:cad></gpxtpx:TrackPointExtension></extensions><extensions><gpxtpx:PowerExtension><gpxtpx:PowerInWatts>222</gpxtpx:PowerInWatts></gpxtpx:PowerExtension></extensions></trkpt>
<trkpt lat="38.5754935" lon="-121.4637194">
<ele>9</ele><time>2025-01-28T18:49:50.000Z</time><extensions><gpxtpx:TrackPointExtension><gpxtpx:hr>151</gpxtpx:hr><gpxtpx:cad>79</gpxtpx:cad></gpxtpx:TrackPointExtension></extensions><extensions><gpxtpx:PowerExtension><gpxtpx:PowerInWatts>224</gpxtpx:PowerInWatts></gpxtpx:PowerExtension></extensions></trkpt>
<trkpt lat="38.5754342" lon="-121.4637449">
<ele>9</ele><time>2025-01-28T18:49:52.000Z</time><extensions><gpxtpx:TrackPointExtension><gpxtpx:hr>152</gpxtpx:hr><gpxtpx:cad>79</gpxtpx:cad></gpxtpx:TrackPointExtension></extensions><extensions><gpxtpx:PowerExtension><gpxtpx:PowerInWatts>224</gpxtpx:PowerInWatts></gpxtpx:PowerExtension></extensions></trkpt>
<trkpt lat="38.5753777" lon="-121.4637699">
<ele>9</ele><time>2025-01-28T18:49:54.000Z</time><extensions><gpxtpx:TrackPointExtension><gpxtpx:hr>152</gpxtpx:hr><gpxtpx:cad>80</gpxtpx:cad></gpxtpx:TrackPointExtension></extensions><extensions><gpxtpx:PowerExtension><gpxtpx:PowerInWatts>224</gpxtpx:PowerInWatts></gpxtpx:PowerExtension></extensions></trkpt>
<trkpt lat="38.5753180" lon="-121.4637907">
<ele>9</ele><time>2025-01-28T18:49:56.000Z</time><extensions><gpxtpx:TrackPointExtension><gpxtpx:hr>153</gpxtpx:hr><gpxtpx:cad>80</gpxtpx:cad></gpxtpx:TrackPointExtension></extensions><extensions><gpxtpx:PowerExtension><gpxtpx:PowerInWatts>231</gpxtpx:PowerInWatts></gpxtpx:PowerExtension></extensions></trkpt>
<trkpt lat="38.5752596" lon="-121.4638049">
<ele>9</ele><time>2025-01-28T18:49:58.000Z</time><extensions><gpxtpx:TrackPointExtension><gpxtpx:hr>153</gpxtpx:hr><gpxtpx:cad>78</gpxtpx:cad></gpxtpx:TrackPointExtension></extensions><extensions><gpxtpx:PowerExtension><gpxtpx:PowerInWatts>234</gpxtpx:PowerInWatts></gpxtpx:PowerExtension></extensions></trkpt>
<trkpt lat="38.5752105" lon="-121.4638011">
<ele>9</ele><time>2025-01-28T18:50:00.000Z</time><extensions><gpxtpx:TrackPointExtension><gpxtpx:hr>153</gpxtpx:hr><gpxtpx:cad>81</gpxtpx:cad></gpxtpx:TrackPointExtension></extensions><extensions><gpxtpx:PowerExtension><gpxtpx:PowerInWatts>234</gpxtpx:PowerInWatts></gpxtpx:PowerExtension></extensions></trkpt>
<trkpt lat="38.5751572" lon="-121.4637944">
<ele>9</ele><time>2025-01-28T18:50:02.000Z</time><extensions><gpxtpx:TrackPointExtension><gpxtpx:hr>154</gpxtpx:hr><gpxtpx:cad>79</gpxtpx:cad></gpxtpx:TrackPointExtension></extensions><extensions><gpxtpx:PowerExtension><gpxtpx:PowerInWatts>235</gpxtpx:PowerInWatts></gpxtpx:PowerExtension></extensions></trkpt>
<trkpt lat="38.5750923" lon="-121.4637693">
<ele>9</ele><time>2025-01-28T18:50:04.000Z</time><extensions><gpxtpx:TrackPointExtension><gpxtpx:hr>154</gpxtpx:hr><gpxtpx:cad>81</gpxtpx:cad></gpxtpx:TrackPointExtension></extensions><extensions><gpxtpx:PowerExtension><gpxtpx:PowerInWatts>235</gpxtpx:PowerInWatts></gpxtpx:PowerExtension></extensions></trkpt>
<trkpt lat="38.5750404" lon="-121.4637389">
<ele>10</ele><time>2025-01-28T18:50:06.000Z</time><extensions><gpxtpx:TrackPointExtension><gpxtpx:hr>153</gpxtpx:hr><gpxtpx:cad>78</gpxtpx:cad></gpxtpx:TrackPointExtension></extensions><extensions><gpxtpx:PowerExtension><gpxtpx:PowerInWatts>235</gpxtpx:PowerInWatts></gpxtpx:PowerExtension></extensions></trkpt>
<trkpt lat="38.5749845" lon="-121.4636934">
<ele>10</ele><time>2025-01-28T18:50:08.000Z</time><extensions><gpxtpx:TrackPointExtension><gpxtpx:hr>153</gpxtpx:hr><gpxtpx:cad>75</gpxtpx:cad></gpxtpx:TrackPointExtension></extensions><extensions><gpxtpx:PowerExtension><gpxtpx:PowerInWatts>226</gpxtpx:PowerInWatts></gpxtpx:PowerExtension></extensions></trkpt>
<trkpt lat="38.5749338" lon="-121.4636449">
<ele>10</ele><time>2025-01-28T18:50:10.000Z</time><extensions><gpxtpx:TrackPointExtension><gpxtpx:hr>154</gpxtpx:hr><gpxtpx:cad>75</gpxtpx:cad></gpxtpx:TrackPointExtension></extensions><extensions><gpxtpx:PowerExtension><gpxtpx:PowerInWatts>227</gpxtpx:PowerInWatts></gpxtpx:PowerExtension></extensions></trkpt>
<trkpt lat="38.5749540" lon="-121.4635647">
<ele>10</ele><time>2025-01-28T18:50:11.000Z</time><extensions><gpxtpx:TrackPointExtension><gpxtpx:hr>154</gpxtpx:hr><gpxtpx:cad>77</gpxtpx:cad></gpxtpx:TrackPointExtension></extensions><extensions><gpxtpx:PowerExtension><gpxtpx:PowerInWatts>227</gpxtpx:PowerInWatts></gpxtpx:PowerExtension></extensions></trkpt>
<trkpt lat="38.5749127" lon="-121.4635053">
<ele>10</ele><time>2025-01-28T18:50:13.000Z</time><extensions><gpxtpx:TrackPointExtension><gpxtpx:hr>154</gpxtpx:hr><gpxtpx:cad>79</gpxtpx:cad></gpxtpx:TrackPointExtension></extensions><extensions><gpxtpx:PowerExtension><gpxtpx:PowerInWatts>225</gpxtpx:PowerInWatts></gpxtpx:PowerExtension></extensions></trkpt>
<trkpt lat="38.5748963" lon="-121.4634508">
<ele>11</ele><time>2025-01-28T18:50:15.000Z</time><extensions><gpxtpx:TrackPointExtension><gpxtpx:hr>153</gpxtpx:hr><gpxtpx:cad>83</gpxtpx:cad></gpxtpx:TrackPointExtension></extensions><extensions><gpxtpx:PowerExtension><gpxtpx:PowerInWatts>224</gpxtpx:PowerInWatts></gpxtpx:PowerExtension></extensions></trkpt>
<trkpt lat="38.5748808" lon="-121.4633829">
<ele>11</ele><time>2025-01-28T18:50:17.000Z</time><extensions><gpxtpx:TrackPointExtension><gpxtpx:hr>153</gpxtpx:hr><gpxtpx:cad>84</gpxtpx:cad></gpxtpx:TrackPointExtension></extensions><extensions><gpxtpx:PowerExtension><gpxtpx:PowerInWatts>224</gpxtpx:PowerInWatts></gpxtpx:PowerExtension></extensions></trkpt>
<trkpt lat="38.5748716" lon="-121.4633232">
<ele>11</ele><time>2025-01-28T18:50:19.000Z</time><extensions><gpxtpx:TrackPointExtension><gpxtpx:hr>154</gpxtpx:hr><gpxtpx:cad>83</gpxtpx:cad></gpxtpx:TrackPointExtension></extensions><extensions><gpxtpx:PowerExtension><gpxtpx:PowerInWatts>224</gpxtpx:PowerInWatts></gpxtpx:PowerExtension></extensions></trkpt>
<trkpt lat="38.5748600" lon="-121.4632570">
<ele>11</ele><time>2025-01-28T18:50:21.000Z</time><extensions><gpxtpx:TrackPointExtension><gpxtpx:hr>154</gpxtpx:hr><gpxtpx:cad>83</gpxtpx:cad></gpxtpx:TrackPointExtension></extensions><extensions><gpxtpx:PowerExtension><gpxtpx:PowerInWatts>226</gpxtpx:PowerInWatts></gpxtpx:PowerExtension></extensions></trkpt>
<trkpt lat="38.5748499" lon="-121.4631807">
<ele>11</ele><time>2025-01-28T18:50:23.000Z</time><extensions><gpxtpx:TrackPointExtension><gpxtpx:hr>154</gpxtpx:hr><gpxtpx:cad>79</gpxtpx:cad></gpxtpx:TrackPointExtension></extensions><extensions><gpxtpx:PowerExtension><gpxtpx:PowerInWatts>221</gpxtpx:PowerInWatts></gpxtpx:PowerExtension></extensions></trkpt>
<trkpt lat="38.5748241" lon="-121.4631023">
<ele>11</ele><time>2025-01-28T18:50:26.000Z</time><extensions><gpxtpx:TrackPointExtension><gpxtpx:hr>153</gpxtpx:hr><gpxtpx:cad>77</gpxtpx:cad></gpxtpx:TrackPointExtension></extensions><extensions><gpxtpx:PowerExtension><gpxtpx:PowerInWatts>221</gpxtpx:PowerInWatts></gpxtpx:PowerExtension></extensions></trkpt>
<trkpt lat="38.5747996" lon="-121.4630339">
<ele>11</ele><time>2025-01-28T18:50:28.000Z</time><extensions><gpxtpx:TrackPointExtension><gpxtpx:hr>153</gpxtpx:hr><gpxtpx:cad>76</gpxtpx:cad></gpxtpx:TrackPointExtension></extensions><extensions><gpxtpx:PowerExtension><gpxtpx:PowerInWatts>221</gpxtpx:PowerInWatts></gpxtpx:PowerExtension></extensions></trkpt>
<trkpt lat="38.5747739" lon="-121.4629696">
<ele>11</ele><time>2025-01-28T18:50:30.000Z</time><extensions><gpxtpx:TrackPointExtension><gpxtpx:hr>153</gpxtpx:hr><gpxtpx:cad>76</gpxtpx:cad></gpxtpx:TrackPointExtension></extensions><extensions><gpxtpx:PowerExtension><gpxtpx:PowerInWatts>221</gpxtpx:PowerInWatts></gpxtpx:PowerExtension></extensions></trkpt>
<trkpt lat="38.5747481" lon="-121.4628884">
<ele>11</ele><time>2025-01-28T18:50:32.000Z</time><extensions><gpxtpx:TrackPointExtension><gpxtpx:hr>153</gpxtpx:hr><gpxtpx:cad>77</gpxtpx:cad></gpxtpx:TrackPointExtension></extensions><extensions><gpxtpx:PowerExtension><gpxtpx:PowerInWatts>221</gpxtpx:PowerInWatts></gpxtpx:PowerExtension></extensions></trkpt>
<trkpt lat="38.5747277" lon="-121.4628050">
<ele>11</ele><time>2025-01-28T18:50:35.000Z</time><extensions><gpxtpx:TrackPointExtension><gpxtpx:hr>154</gpxtpx:hr><gpxtpx:cad>78</gpxtpx:cad></gpxtpx:TrackPointExtension></extensions><extensions><gpxtpx:PowerExtension><gpxtpx:PowerInWatts>224</gpxtpx:PowerInWatts></gpxtpx:PowerExtension></extensions></trkpt>
<trkpt lat="38.5747125" lon="-121.4627128">
<ele>11</ele><time>2025-01-28T18:50:38.000Z</time><extensions><gpxtpx:TrackPointExtension><gpxtpx:hr>154</gpxtpx:hr><gpxtpx:cad>76</gpxtpx:cad></gpxtpx:TrackPointExtension></extensions><extensions><gpxtpx:PowerExtension><gpxtpx:PowerInWatts>228</gpxtpx:PowerInWatts></gpxtpx:PowerExtension></extensions></trkpt>
<trkpt lat="38.5746970" lon="-121.4626536">
<ele>11</ele><time>2025-01-28T18:50:40.000Z</time><extensions><gpxtpx:TrackPointExtension><gpxtpx:hr>154</gpxtpx:hr><gpxtpx:cad>78</gpxtpx:cad></gpxtpx:TrackPointExtension></extensions><extensions><gpxtpx:PowerExtension><gpxtpx:PowerInWatts>228</gpxtpx:PowerInWatts></gpxtpx:PowerExtension></extensions></trkpt>
<trkpt lat="38.5746711" lon="-121.4625958">
<ele>11</ele><time>2025-01-28T18:50:42.000Z</time><extensions><gpxtpx:TrackPointExtension><gpxtpx:hr>154</gpxtpx:hr><gpxtpx:cad>77</gpxtpx:cad></gpxtpx:TrackPointExtension></extensions><extensions><gpxtpx:PowerExtension><gpxtpx:PowerInWatts>222</gpxtpx:PowerInWatts></gpxtpx:PowerExtension></extensions></trkpt>
<trkpt lat="38.5746706" lon="-121.4625274">
<ele>11</ele><time>2025-01-28T18:50:44.000Z</time><extensions><gpxtpx:TrackPointExtension><gpxtpx:hr>153</gpxtpx:hr><gpxtpx:cad>76</gpxtpx:cad></gpxtpx:TrackPointExtension></extensions><extensions><gpxtpx:PowerExtension><gpxtpx:PowerInWatts>223</gpxtpx:PowerInWatts></gpxtpx:PowerExtension></extensions></trkpt>
<trkpt lat="38.5746448" lon="-121.4624375">
<ele>11</ele><time>2025-01-28T18:50:47.000Z</time><extensions><gpxtpx:TrackPointExtension><gpxtpx:hr>154</gpxtpx:hr><gpxtpx:cad>78</gpxtpx:cad></gpxtpx:TrackPointExtension></extensions><extensions><gpxtpx:PowerExtension><gpxtpx:PowerInWatts>223</gpxtpx:PowerInWatts></gpxtpx:PowerExtension></extensions></trkpt>
<trkpt lat="38.5746169" lon="-121.4623469">
<ele>11</ele><time>2025-01-28T18:50:50.000Z</time><extensions><gpxtpx:TrackPointExtension><gpxtpx:hr>154</gpxtpx:hr><gpxtpx:cad>75</gpxtpx:cad></gpxtpx:TrackPointExtension></extensions><extensions><gpxtpx:PowerExtension><gpxtpx:PowerInWatts>225</gpxtpx:PowerInWatts></gpxtpx:PowerExtension></extensions></trkpt>
<trkpt lat="38.5745979" lon="-121.4622820">
<ele>11</ele><time>2025-01-28T18:50:52.000Z</time><extensions><gpxtpx:TrackPointExtension><gpxtpx:hr>154</gpxtpx:hr><gpxtpx:cad>75</gpxtpx:cad></gpxtpx:TrackPointExtension></extensions><extensions><gpxtpx:PowerExtension><gpxtpx:PowerInWatts>220</gpxtpx:PowerInWatts></gpxtpx:PowerExtension></extensions></trkpt>
<trkpt lat="38.5745786" lon="-121.4622031">
<ele>11</ele><time>2025-01-28T18:50:54.000Z</time><extensions><gpxtpx:TrackPointExtension><gpxtpx:hr>153</gpxtpx:hr><gpxtpx:cad>79</gpxtpx:cad></gpxtpx:TrackPointExtension></extensions><extensions><gpxtpx:PowerExtension><gpxtpx:PowerInWatts>220</gpxtpx:PowerInWatts></gpxtpx:PowerExtension></extensions></trkpt>
<trkpt lat="38.5745595" lon="-121.4621071">
<ele>11</ele><time>2025-01-28T18:50:57.000Z</time><extensions><gpxtpx:TrackPointExtension><gpxtpx:hr>153</gpxtpx:hr><gpxtpx:cad>80</gpxtpx:cad></gpxtpx:TrackPointExtension></extensions><extensions><gpxtpx:PowerExtension><gpxtpx:PowerInWatts>223</gpxtpx:PowerInWatts></gpxtpx:PowerExtension></extensions></trkpt>
<trkpt lat="38.5745398" lon="-121.4620459">
<ele>11</ele><time>2025-01-28T18:50:59.000Z</time><extensions><gpxtpx:TrackPointExtension><gpxtpx:hr>153</gpxtpx:hr><gpxtpx:cad>81</gpxtpx:cad></gpxtpx:TrackPointExtension></extensions><extensions><gpxtpx:PowerExtension><gpxtpx:PowerInWatts>223</gpxtpx:PowerInWatts></gpxtpx:PowerExtension></extensions></trkpt>
<trkpt lat="38.5745156" lon="-121.4619693">
<ele>11</ele><time>2025-01-28T18:51:01.000Z</time><extensions><gpxtpx:TrackPointExtension><gpxtpx:hr>154</gpxtpx:hr><gpxtpx:cad>84</gpxtpx:cad></gpxtpx:TrackPointExtension></extensions><extensions><gpxtpx:PowerExtension><gpxtpx:PowerInWatts>223</gpxtpx:PowerInWatts></gpxtpx:PowerExtension></extensions></trkpt>
<trkpt lat="38.5744855" lon="-121.4619043">
<ele>11</ele><time>2025-01-28T18:51:03.000Z</time><extensions><gpxtpx:TrackPointExtension><gpxtpx:hr>154</gpxtpx:hr><gpxtpx:cad>82</gpxtpx:cad></gpxtpx:TrackPointExtension></extensions><extensions><gpxtpx:PowerExtension><gpxtpx:PowerInWatts>223</gpxtpx:PowerInWatts></gpxtpx:PowerExtension></extensions></trkpt>
<trkpt lat="38.5744711" lon="-121.4618347">
<ele>11</ele><time>2025-01-28T18:51:05.000Z</time><extensions><gpxtpx:TrackPointExtension><gpxtpx:hr>154</gpxtpx:hr><gpxtpx:cad>79</gpxtpx:cad></gpxtpx:TrackPointExtension></extensions><extensions><gpxtpx:PowerExtension><gpxtpx:PowerInWatts>226</gpxtpx:PowerInWatts></gpxtpx:PowerExtension></extensions></trkpt>
<trkpt lat="38.5744556" lon="-121.4617726">
<ele>11</ele><time>2025-01-28T18:51:07.000Z</time><extensions><gpxtpx:TrackPointExtension><gpxtpx:hr>154</gpxtpx:hr><gpxtpx:cad>79</gpxtpx:cad></gpxtpx:TrackPointExtension></extensions><extensions><gpxtpx:PowerExtension><gpxtpx:PowerInWatts>226</gpxtpx:PowerInWatts></gpxtpx:PowerExtension></extensions></trkpt>
<trkpt lat="38.5744404" lon="-121.4616995">
<ele>11</ele><time>2025-01-28T18:51:09.000Z</time><extensions><gpxtpx:TrackPointExtension><gpxtpx:hr>154</gpxtpx:hr><gpxtpx:cad>81</gpxtpx:cad></gpxtpx:TrackPointExtension></extensions><extensions><gpxtpx:PowerExtension><gpxtpx:PowerInWatts>224</gpxtpx:PowerInWatts></gpxtpx:PowerExtension></extensions></trkpt>
<trkpt lat="38.5744200" lon="-121.4616346">
<ele>11</ele><time>2025-01-28T18:51:11.000Z</time><extensions><gpxtpx:TrackPointExtension><gpxtpx:hr>153</gpxtpx:hr><gpxtpx:cad>78</gpxtpx:cad></gpxtpx:TrackPointExtension></extensions><extensions><gpxtpx:PowerExtension><gpxtpx:PowerInWatts>224</gpxtpx:PowerInWatts></gpxtpx:PowerExtension></extensions></trkpt>
<trkpt lat="38.5744034" lon="-121.4615778">
<ele>11</ele><time>2025-01-28T18:51:13.000Z</time><extensions><gpxtpx:TrackPointExtension><gpxtpx:hr>153</gpxtpx:hr><gpxtpx:cad>76</gpxtpx:cad></gpxtpx:TrackPointExtension></extensions><extensions><gpxtpx:PowerExtension><gpxtpx:PowerInWatts>224</gpxtpx:PowerInWatts></gpxtpx:PowerExtension></extensions></trkpt>
<trkpt lat="38.5743839" lon="-121.4614981">
<ele>11</ele><time>2025-01-28T18:51:16.000Z</time><extensions><gpxtpx:TrackPointExtension><gpxtpx:hr>153</gpxtpx:hr><gpxtpx:cad>74</gpxtpx:cad></gpxtpx:TrackPointExtension></extensions><extensions><gpxtpx:PowerExtension><gpxtpx:PowerInWatts>222</gpxtpx:PowerInWatts></gpxtpx:PowerExtension></extensions></trkpt>
<trkpt lat="38.5743582" lon="-121.4614234">
<ele>11</ele><time>2025-01-28T18:51:18.000Z</time><extensions><gpxtpx:TrackPointExtension><gpxtpx:hr>153</gpxtpx:hr><gpxtpx:cad>80</gpxtpx:cad></gpxtpx:TrackPointExtension></extensions><extensions><gpxtpx:PowerExtension><gpxtpx:PowerInWatts>222</gpxtpx:PowerInWatts></gpxtpx:PowerExtension></extensions></trkpt>
<trkpt lat="38.5743334" lon="-121.4613517">
<ele>11</ele><time>2025-01-28T18:51:20.000Z</time><extensions><gpxtpx:TrackPointExtension><gpxtpx:hr>153</gpxtpx:hr><gpxtpx:cad>80</gpxtpx:cad></gpxtpx:TrackPointExtension></extensions><extensions><gpxtpx:PowerExtension><gpxtpx:PowerInWatts>221</gpxtpx:PowerInWatts></gpxtpx:PowerExtension></extensions></trkpt>
<trkpt lat="38.5743145" lon="-121.4612723">
<ele>11</ele><time>2025-01-28T18:51:22.000Z</time><extensions><gpxtpx:TrackPointExtension><gpxtpx:hr>153</gpxtpx:hr><gpxtpx:cad>81</gpxtpx:cad></gpxtpx:TrackPointExtension></extensions><extensions><gpxtpx:PowerExtension><gpxtpx:PowerInWatts>222</gpxtpx:PowerInWatts></gpxtpx:PowerExtension></extensions></trkpt>
<trkpt lat="38.5742987" lon="-121.4612145">
<ele>11</ele><time>2025-01-28T18:51:24.000Z</time><extensions><gpxtpx:TrackPointExtension><gpxtpx:hr>153</gpxtpx:hr><gpxtpx:cad>81</gpxtpx:cad></gpxtpx:TrackPointExtension></extensions><extensions><gpxtpx:PowerExtension><gpxtpx:PowerInWatts>222</gpxtpx:PowerInWatts></gpxtpx:PowerExtension></extensions></trkpt>
<trkpt lat="38.5742711" lon="-121.4611503">
<ele>11</ele><time>2025-01-28T18:51:26.000Z</time><extensions><gpxtpx:TrackPointExtension><gpxtpx:hr>153</gpxtpx:hr><gpxtpx:cad>77</gpxtpx:cad></gpxtpx:TrackPointExtension></extensions><extensions><gpxtpx:PowerExtension><gpxtpx:PowerInWatts>222</gpxtpx:PowerInWatts></gpxtpx:PowerExtension></extensions></trkpt>
<trkpt lat="38.5742480" lon="-121.4610780">
<ele>11</ele><time>2025-01-28T18:51:28.000Z</time><extensions><gpxtpx:TrackPointExtension><gpxtpx:hr>153</gpxtpx:hr><gpxtpx:cad>76</gpxtpx:cad></gpxtpx:TrackPointExtension></extensions><extensions><gpxtpx:PowerExtension><gpxtpx:PowerInWatts>225</gpxtpx:PowerInWatts></gpxtpx:PowerExtension></extensions></trkpt>
<trkpt lat="38.5742433" lon="-121.4610062">
<ele>11</ele><time>2025-01-28T18:51:30.000Z</time><extensions><gpxtpx:TrackPointExtension><gpxtpx:hr>153</gpxtpx:hr><gpxtpx:cad>86</gpxtpx:cad></gpxtpx:TrackPointExtension></extensions><extensions><gpxtpx:PowerExtension><gpxtpx:PowerInWatts>226</gpxtpx:PowerInWatts></gpxtpx:PowerExtension></extensions></trkpt>
<trkpt lat="38.5742392" lon="-121.4609301">
<ele>11</ele><time>2025-01-28T18:51:32.000Z</time><extensions><gpxtpx:TrackPointExtension><gpxtpx:hr>153</gpxtpx:hr><gpxtpx:cad>83</gpxtpx:cad></gpxtpx:TrackPointExtension></extensions><extensions><gpxtpx:PowerExtension><gpxtpx:PowerInWatts>226</gpxtpx:PowerInWatts></gpxtpx:PowerExtension></extensions></trkpt>
<trkpt lat="38.5742203" lon="-121.4608457">
<ele>11</ele><time>2025-01-28T18:51:35.000Z</time><extensions><gpxtpx:TrackPointExtension><gpxtpx:hr>153</gpxtpx:hr><gpxtpx:cad>81</gpxtpx:cad></gpxtpx:TrackPointExtension></extensions><extensions><gpxtpx:PowerExtension><gpxtpx:PowerInWatts>228</gpxtpx:PowerInWatts></gpxtpx:PowerExtension></extensions></trkpt>
<trkpt lat="38.5742021" lon="-121.4607881">
<ele>11</ele><time>2025-01-28T18:51:37.000Z</time><extensions><gpxtpx:TrackPointExtension><gpxtpx:hr>152</gpxtpx:hr><gpxtpx:cad>81</gpxtpx:cad></gpxtpx:TrackPointExtension></extensions><extensions><gpxtpx:PowerExtension><gpxtpx:PowerInWatts>227</gpxtpx:PowerInWatts></gpxtpx:PowerExtension></extensions></trkpt>
<trkpt lat="38.5742075" lon="-121.4607146">
<ele>11</ele><time>2025-01-28T18:51:39.000Z</time><extensions><gpxtpx:TrackPointExtension><gpxtpx:hr>152</gpxtpx:hr><gpxtpx:cad>78</gpxtpx:cad></gpxtpx:TrackPointExtension></extensions><extensions><gpxtpx:PowerExtension><gpxtpx:PowerInWatts>227</gpxtpx:PowerInWatts></gpxtpx:PowerExtension></extensions></trkpt>
<trkpt lat="38.5742611" lon="-121.4606747">
<ele>11</ele><time>2025-01-28T18:51:41.000Z</time><extensions><gpxtpx:TrackPointExtension><gpxtpx:hr>152</gpxtpx:hr><gpxtpx:cad>80</gpxtpx:cad></gpxtpx:TrackPointExtension></extensions><extensions><gpxtpx:PowerExtension><gpxtpx:PowerInWatts>227</gpxtpx:PowerInWatts></gpxtpx:PowerExtension></extensions></trkpt>
<trkpt lat="38.5743146" lon="-121.4606662">
<ele>11</ele><time>2025-01-28T18:51:43.000Z</time><extensions><gpxtpx:TrackPointExtension><gpxtpx:hr>152</gpxtpx:hr><gpxtpx:cad>82</gpxtpx:cad></gpxtpx:TrackPointExtension></extensions><extensions><gpxtpx:PowerExtension><gpxtpx:PowerInWatts>228</gpxtpx:PowerInWatts></gpxtpx:PowerExtension></extensions></trkpt>
<trkpt lat="38.5743631" lon="-121.4606458">
<ele>11</ele><time>2025-01-28T18:51:45.000Z</time><extensions><gpxtpx:TrackPointExtension><gpxtpx:hr>153</gpxtpx:hr><gpxtpx:cad>81</gpxtpx:cad></gpxtpx:TrackPointExtension></extensions><extensions><gpxtpx:PowerExtension><gpxtpx:PowerInWatts>228</gpxtpx:PowerInWatts></gpxtpx:PowerExtension></extensions></trkpt>
<trkpt lat="38.5744120" lon="-121.4606110">
<ele>11</ele><time>2025-01-28T18:51:47.000Z</time><extensions><gpxtpx:TrackPointExtension><gpxtpx:hr>153</gpxtpx:hr><gpxtpx:cad>81</gpxtpx:cad></gpxtpx:TrackPointExtension></extensions><extensions><gpxtpx:PowerExtension><gpxtpx:PowerInWatts>222</gpxtpx:PowerInWatts></gpxtpx:PowerExtension></extensions></trkpt>
<trkpt lat="38.5744827" lon="-121.4605710">
<ele>11</ele><time>2025-01-28T18:51:50.000Z</time><extensions><gpxtpx:TrackPointExtension><gpxtpx:hr>153</gpxtpx:hr><gpxtpx:cad>80</gpxtpx:cad></gpxtpx:TrackPointExtension></extensions><extensions><gpxtpx:PowerExtension><gpxtpx:PowerInWatts>222</gpxtpx:PowerInWatts></gpxtpx:PowerExtension></extensions></trkpt>
<trkpt lat="38.5745479" lon="-121.4605522">
<ele>11</ele><time>2025-01-28T18:51:52.000Z</time><extensions><gpxtpx:TrackPointExtension><gpxtpx:hr>153</gpxtpx:hr><gpxtpx:cad>77</gpxtpx:cad></gpxtpx:TrackPointExtension></extensions><extensions><gpxtpx:PowerExtension><gpxtpx:PowerInWatts>222</gpxtpx:PowerInWatts></gpxtpx:PowerExtension></extensions></trkpt>
<trkpt lat="38.5745966" lon="-121.4605419">
<ele>11</ele><time>2025-01-28T18:51:54.000Z</time><extensions><gpxtpx:TrackPointExtension><gpxtpx:hr>153</gpxtpx:hr><gpxtpx:cad>76</gpxtpx:cad></gpxtpx:TrackPointExtension></extensions><extensions><gpxtpx:PowerExtension><gpxtpx:PowerInWatts>222</gpxtpx:PowerInWatts></gpxtpx:PowerExtension></extensions></trkpt>
<trkpt lat="38.5746405" lon="-121.4605079">
<ele>11</ele><time>2025-01-28T18:51:56.000Z</time><extensions><gpxtpx:TrackPointExtension><gpxtpx:hr>153</gpxtpx:hr><gpxtpx:cad>82</gpxtpx:cad></gpxtpx:TrackPointExtension></extensions><extensions><gpxtpx:PowerExtension><gpxtpx:PowerInWatts>221</gpxtpx:PowerInWatts></gpxtpx:PowerExtension></extensions></trkpt>
<trkpt lat="38.5746900" lon="-121.4605011">
<ele>11</ele><time>2025-01-28T18:51:58.000Z</time><extensions><gpxtpx:TrackPointExtension><gpxtpx:hr>153</gpxtpx:hr><gpxtpx:cad>81</gpxtpx:cad></gpxtpx:TrackPointExtension></extensions><extensions><gpxtpx:PowerExtension><gpxtpx:PowerInWatts>231</gpxtpx:PowerInWatts></gpxtpx:PowerExtension></extensions></trkpt>
<trkpt lat="38.5747419" lon="-121.4604642">
<ele>11</ele><time>2025-01-28T18:52:00.000Z</time><extensions><gpxtpx:TrackPointExtension><gpxtpx:hr>153</gpxtpx:hr><gpxtpx:cad>75</gpxtpx:cad></gpxtpx:TrackPointExtension></extensions><extensions><gpxtpx:PowerExtension><gpxtpx:PowerInWatts>231</gpxtpx:PowerInWatts></gpxtpx:PowerExtension></extensions></trkpt>
<trkpt lat="38.5747808" lon="-121.4604285">
<ele>11</ele><time>2025-01-28T18:52:02.000Z</time><extensions><gpxtpx:TrackPointExtension><gpxtpx:hr>153</gpxtpx:hr><gpxtpx:cad>78</gpxtpx:cad></gpxtpx:TrackPointExtension></extensions><extensions><gpxtpx:PowerExtension><gpxtpx:PowerInWatts>231</gpxtpx:PowerInWatts></gpxtpx:PowerExtension></extensions></trkpt>
<trkpt lat="38.5748365" lon="-121.4604265">
<ele>11</ele><time>2025-01-28T18:52:04.000Z</time><extensions><gpxtpx:TrackPointExtension><gpxtpx:hr>153</gpxtpx:hr><gpxtpx:cad>81</gpxtpx:cad></gpxtpx:TrackPointExtension></extensions><extensions><gpxtpx:PowerExtension><gpxtpx:PowerInWatts>222</gpxtpx:PowerInWatts></gpxtpx:PowerExtension></extensions></trkpt>
<trkpt lat="38.5748946" lon="-121.4603911">
<ele>11</ele><time>2025-01-28T18:52:06.000Z</time><extensions><gpxtpx:TrackPointExtension><gpxtpx:hr>153</gpxtpx:hr><gpxtpx:cad>77</gpxtpx:cad></gpxtpx:TrackPointExtension></extensions><extensions><gpxtpx:PowerExtension><gpxtpx:PowerInWatts>222</gpxtpx:PowerInWatts></gpxtpx:PowerExtension></extensions></trkpt>
<trkpt lat="38.5749439" lon="-121.4603826">
<ele>10</ele><time>2025-01-28T18:52:08.000Z</time><extensions><gpxtpx:TrackPointExtension><gpxtpx:hr>153</gpxtpx:hr><gpxtpx:cad>78</gpxtpx:cad></gpxtpx:TrackPointExtension></extensions><extensions><gpxtpx:PowerExtension><gpxtpx:PowerInWatts>221</gpxtpx:PowerInWatts></gpxtpx:PowerExtension></extensions></trkpt>
<trkpt lat="38.5749941" lon="-121.4603677">
<ele>10</ele><time>2025-01-28T18:52:10.000Z</time><extensions><gpxtpx:TrackPointExtension><gpxtpx:hr>152</gpxtpx:hr><gpxtpx:cad>79</gpxtpx:cad></gpxtpx:TrackPointExtension></extensions><extensions><gpxtpx:PowerExtension><gpxtpx:PowerInWatts>221</gpxtpx:PowerInWatts></gpxtpx:PowerExtension></extensions></trkpt>
<trkpt lat="38.5750478" lon="-121.4603543">
<ele>10</ele><time>2025-01-28T18:52:12.000Z</time><extensions><gpxtpx:TrackPointExtension><gpxtpx:hr>152</gpxtpx:hr><gpxtpx:cad>76</gpxtpx:cad></gpxtpx:TrackPointExtension></extensions><extensions><gpxtpx:PowerExtension><gpxtpx:PowerInWatts>221</gpxtpx:PowerInWatts></gpxtpx:PowerExtension></extensions></trkpt>
<trkpt lat="38.5751175" lon="-121.4603110">
<ele>10</ele><time>2025-01-28T18:52:15.000Z</time><extensions><gpxtpx:TrackPointExtension><gpxtpx:hr>153</gpxtpx:hr><gpxtpx:cad>77</gpxtpx:cad></gpxtpx:TrackPointExtension></extensions><extensions><gpxtpx:PowerExtension><gpxtpx:PowerInWatts>220</gpxtpx:PowerInWatts></gpxtpx:PowerExtension></extensions></trkpt>
<trkpt lat="38.5751610" lon="-121.4602884">
<ele>10</ele><time>2025-01-28T18:52:17.000Z</time><extensions><gpxtpx:TrackPointExtension><gpxtpx:hr>152</gpxtpx:hr><gpxtpx:cad>77</gpxtpx:cad></gpxtpx:TrackPointExtension></extensions><extensions><gpxtpx:PowerExtension><gpxtpx:PowerInWatts>220</gpxtpx:PowerInWatts></gpxtpx:PowerExtension></extensions></trkpt>
<trkpt lat="38.5752307" lon="-121.4602561">
<ele>10</ele><time>2025-01-28T18:52:20.000Z</time><extensions><gpxtpx:TrackPointExtension><gpxtpx:hr>152</gpxtpx:hr><gpxtpx:cad>80</gpxtpx:cad></gpxtpx:TrackPointExtension></extensions><extensions><gpxtpx:PowerExtension><gpxtpx:PowerInWatts>217</gpxtpx:PowerInWatts></gpxtpx:PowerExtension></extensions></trkpt>
<trkpt lat="38.5752848" lon="-121.4602298">
<ele>10</ele><time>2025-01-28T18:52:22.000Z</time><extensions><gpxtpx:TrackPointExtension><gpxtpx:hr>152</gpxtpx:hr><gpxtpx:cad>79</gpxtpx:cad></gpxtpx:TrackPointExtension></extensions><extensions><gpxtpx:PowerExtension><gpxtpx:PowerInWatts>217</gpxtpx:PowerInWatts></gpxtpx:PowerExtension></extensions></trkpt>
<trkpt lat="38.5753401" lon="-121.4601906">
<ele>10</ele><time>2025-01-28T18:52:24.000Z</time><extensions><gpxtpx:TrackPointExtension><gpxtpx:hr>152</gpxtpx:hr><gpxtpx:cad>77</gpxtpx:cad></gpxtpx:TrackPointExtension></extensions><extensions><gpxtpx:PowerExtension><gpxtpx:PowerInWatts>213</gpxtpx:PowerInWatts></gpxtpx:PowerExtension></extensions></trkpt>
<trkpt lat="38.5754063" lon="-121.4601606">
<ele>10</ele><time>2025-01-28T18:52:27.000Z</time><extensions><gpxtpx:TrackPointExtension><gpxtpx:hr>152</gpxtpx:hr><gpxtpx:cad>78</gpxtpx:cad></gpxtpx:TrackPointExtension></extensions><extensions><gpxtpx:PowerExtension><gpxtpx:PowerInWatts>216</gpxtpx:PowerInWatts></gpxtpx:PowerExtension></extensions></trkpt>
<trkpt lat="38.5754556" lon="-121.4601537">
<ele>10</ele><time>2025-01-28T18:52:29.000Z</time><extensions><gpxtpx:TrackPointExtension><gpxtpx:hr>152</gpxtpx:hr><gpxtpx:cad>79</gpxtpx:cad></gpxtpx:TrackPointExtension></extensions><extensions><gpxtpx:PowerExtension><gpxtpx:PowerInWatts>216</gpxtpx:PowerInWatts></gpxtpx:PowerExtension></extensions></trkpt>
<trkpt lat="38.5755076" lon="-121.4601032">
<ele>10</ele><time>2025-01-28T18:52:31.000Z</time><extensions><gpxtpx:TrackPointExtension><gpxtpx:hr>152</gpxtpx:hr><gpxtpx:cad>79</gpxtpx:cad></gpxtpx:TrackPointExtension></extensions><extensions><gpxtpx:PowerExtension><gpxtpx:PowerInWatts>215</gpxtpx:PowerInWatts></gpxtpx:PowerExtension></extensions></trkpt>
<trkpt lat="38.5755722" lon="-121.4600859">
<ele>10</ele><time>2025-01-28T18:52:33.000Z</time><extensions><gpxtpx:TrackPointExtension><gpxtpx:hr>152</gpxtpx:hr><gpxtpx:cad>80</gpxtpx:cad></gpxtpx:TrackPointExtension></extensions><extensions><gpxtpx:PowerExtension><gpxtpx:PowerInWatts>215</gpxtpx:PowerInWatts></gpxtpx:PowerExtension></extensions></trkpt>
<trkpt lat="38.5756265" lon="-121.4600590">
<ele>10</ele><time>2025-01-28T18:52:35.000Z</time><extensions><gpxtpx:TrackPointExtension><gpxtpx:hr>152</gpxtpx:hr><gpxtpx:cad>79</gpxtpx:cad></gpxtpx:TrackPointExtension></extensions><extensions><gpxtpx:PowerExtension><gpxtpx:PowerInWatts>215</gpxtpx:PowerInWatts></gpxtpx:PowerExtension></extensions></trkpt>
<trkpt lat="38.5756767" lon="-121.4600108">
<ele>10</ele><time>2025-01-28T18:52:37.000Z</time><extensions><gpxtpx:TrackPointExtension><gpxtpx:hr>152</gpxtpx:hr><gpxtpx:cad>79</gpxtpx:cad></gpxtpx:TrackPointExtension></extensions><extensions><gpxtpx:PowerExtension><gpxtpx:PowerInWatts>216</gpxtpx:PowerInWatts></gpxtpx:PowerExtension></extensions></trkpt>
<trkpt lat="38.5757245" lon="-121.4599808">
<ele>10</ele><time>2025-01-28T18:52:39.000Z</time><extensions><gpxtpx:TrackPointExtension><gpxtpx:hr>151</gpxtpx:hr><gpxtpx:cad>82</gpxtpx:cad></gpxtpx:TrackPointExtension></extensions><extensions><gpxtpx:PowerExtension><gpxtpx:PowerInWatts>225</gpxtpx:PowerInWatts></gpxtpx:PowerExtension></extensions></trkpt>
<trkpt lat="38.5757784" lon="-121.4599738">
<ele>10</ele><time>2025-01-28T18:52:41.000Z</time><extensions><gpxtpx:TrackPointExtension><gpxtpx:hr>151</gpxtpx:hr><gpxtpx:cad>80</gpxtpx:cad></gpxtpx:TrackPointExtension></extensions><extensions><gpxtpx:PowerExtension><gpxtpx:PowerInWatts>225</gpxtpx:PowerInWatts></gpxtpx:PowerExtension></extensions></trkpt>
<trkpt lat="38.5758304" lon="-121.4599677">
<ele>10</ele><time>2025-01-28T18:52:43.000Z</time><extensions><gpxtpx:TrackPointExtension><gpxtpx:hr>151</gpxtpx:hr><gpxtpx:cad>79</gpxtpx:cad></gpxtpx:TrackPointExtension></extensions><extensions><gpxtpx:PowerExtension><gpxtpx:PowerInWatts>225</gpxtpx:PowerInWatts></gpxtpx:PowerExtension></extensions></trkpt>
<trkpt lat="38.5759054" lon="-121.4599460">
<ele>10</ele><time>2025-01-28T18:52:46.000Z</time><extensions><gpxtpx:TrackPointExtension><gpxtpx:hr>150</gpxtpx:hr><gpxtpx:cad>78</gpxtpx:cad></gpxtpx:TrackPointExtension></extensions><extensions><gpxtpx:PowerExtension><gpxtpx:PowerInWatts>225</gpxtpx:PowerInWatts></gpxtpx:PowerExtension></extensions></trkpt>
<trkpt lat="38.5759527" lon="-121.4599159">
<ele>10</ele><time>2025-01-28T18:52:48.000Z</time><extensions><gpxtpx:TrackPointExtension><gpxtpx:hr>149</gpxtpx:hr><gpxtpx:cad>80</gpxtpx:cad></gpxtpx:TrackPointExtension></extensions><extensions><gpxtpx:PowerExtension><gpxtpx:PowerInWatts>221</gpxtpx:PowerInWatts></gpxtpx:PowerExtension></extensions></trkpt>
<trkpt lat="38.5760151" lon="-121.4598798">
<ele>10</ele><time>2025-01-28T18:52:50.000Z</time><extensions><gpxtpx:TrackPointExtension><gpxtpx:hr>149</gpxtpx:hr><gpxtpx:cad>82</gpxtpx:cad></gpxtpx:TrackPointExtension></extensions><extensions><gpxtpx:PowerExtension><gpxtpx:PowerInWatts>221</gpxtpx:PowerInWatts></gpxtpx:PowerExtension></extensions></trkpt>
<trkpt lat="38.5760770" lon="-121.4598543">
<ele>10</ele><time>2025-01-28T18:52:52.000Z</time><extensions><gpxtpx:TrackPointExtension><gpxtpx:hr>148</gpxtpx:hr><gpxtpx:cad>82</gpxtpx:cad></gpxtpx:TrackPointExtension></extensions><extensions><gpxtpx:PowerExtension><gpxtpx:PowerInWatts>221</gpxtpx:PowerInWatts></gpxtpx:PowerExtension></extensions></trkpt>
<trkpt lat="38.5761308" lon="-121.4598286">
<ele>10</ele><time>2025-01-28T18:52:54.000Z</time><extensions><gpxtpx:TrackPointExtension><gpxtpx:hr>148</gpxtpx:hr><gpxtpx:cad>80</gpxtpx:cad></gpxtpx:TrackPointExtension></extensions><extensions><gpxtpx:PowerExtension><gpxtpx:PowerInWatts>221</gpxtpx:PowerInWatts></gpxtpx:PowerExtension></extensions></trkpt>
<trkpt lat="38.5761957" lon="-121.4598091">
<ele>10</ele><time>2025-01-28T18:52:57.000Z</time><extensions><gpxtpx:TrackPointExtension><gpxtpx:hr>148</gpxtpx:hr><gpxtpx:cad>76</gpxtpx:cad></gpxtpx:TrackPointExtension></extensions><extensions><gpxtpx:PowerExtension><gpxtpx:PowerInWatts>224</gpxtpx:PowerInWatts></gpxtpx:PowerExtension></extensions></trkpt>
<trkpt lat="38.5762516" lon="-121.4597953">
<ele>10</ele><time>2025-01-28T18:52:59.000Z</time><extensions><gpxtpx:TrackPointExtension><gpxtpx:hr>150</gpxtpx:hr><gpxtpx:cad>79</gpxtpx:cad></gpxtpx:TrackPointExtension></extensions><extensions><gpxtpx:PowerExtension><gpxtpx:PowerInWatts>227</gpxtpx:PowerInWatts></gpxtpx:PowerExtension></extensions></trkpt>
<trkpt lat="38.5762955" lon="-121.4597712">
<ele>10</ele><time>2025-01-28T18:53:01.000Z</time><extensions><gpxtpx:TrackPointExtension><gpxtpx:hr>150</gpxtpx:hr><gpxtpx:cad>79</gpxtpx:cad></gpxtpx:TrackPointExtension></extensions><extensions><gpxtpx:PowerExtension><gpxtpx:PowerInWatts>227</gpxtpx:PowerInWatts></gpxtpx:PowerExtension></extensions></trkpt>
<trkpt lat="38.5763550" lon="-121.4597457">
<ele>10</ele><time>2025-01-28T18:53:03.000Z</time><extensions><gpxtpx:TrackPointExtension><gpxtpx:hr>150</gpxtpx:hr><gpxtpx:cad>81</gpxtpx:cad></gpxtpx:TrackPointExtension></extensions><extensions><gpxtpx:PowerExtension><gpxtpx:PowerInWatts>228</gpxtpx:PowerInWatts></gpxtpx:PowerExtension></extensions></trkpt>
<trkpt lat="38.5764120" lon="-121.4596849">
<ele>10</ele><time>2025-01-28T18:53:06.000Z</time><extensions><gpxtpx:TrackPointExtension><gpxtpx:hr>151</gpxtpx:hr><gpxtpx:cad>81</gpxtpx:cad></gpxtpx:TrackPointExtension></extensions><extensions><gpxtpx:PowerExtension><gpxtpx:PowerInWatts>222</gpxtpx:PowerInWatts></gpxtpx:PowerExtension></extensions></trkpt>
<trkpt lat="38.5764216" lon="-121.4596023">
<ele>10</ele><time>2025-01-28T18:53:08.000Z</time><extensions><gpxtpx:TrackPointExtension><gpxtpx:hr>152</gpxtpx:hr><gpxtpx:cad>82</gpxtpx:cad></gpxtpx:TrackPointExtension></extensions><extensions><gpxtpx:PowerExtension><gpxtpx:PowerInWatts>224</gpxtpx:PowerInWatts></gpxtpx:PowerExtension></extensions></trkpt>
<trkpt lat="38.5764374" lon="-121.4595368">
<ele>10</ele><time>2025-01-28T18:53:10.000Z</time><extensions><gpxtpx:TrackPointExtension><gpxtpx:hr>152</gpxtpx:hr><gpxtpx:cad>84</gpxtpx:cad></gpxtpx:TrackPointExtension></extensions><extensions><gpxtpx:PowerExtension><gpxtpx:PowerInWatts>222</gpxtpx:PowerInWatts></gpxtpx:PowerExtension></extensions></trkpt>
<trkpt lat="38.5764324" lon="-121.4594475">
<ele>10</ele><time>2025-01-28T18:53:12.000Z</time><extensions><gpxtpx:TrackPointExtension><gpxtpx:hr>153</gpxtpx:hr><gpxtpx:cad>83</gpxtpx:cad></gpxtpx:TrackPointExtension></extensions><extensions><gpxtpx:PowerExtension><gpxtpx:PowerInWatts>223</gpxtpx:PowerInWatts></gpxtpx:PowerExtension></extensions></trkpt>
<trkpt lat="38.5763965" lon="-121.4593637">
<ele>10</ele><time>2025-01-28T18:53:14.000Z</time><extensions><gpxtpx:TrackPointExtension><gpxtpx:hr>153</gpxtpx:hr><gpxtpx:cad>74</gpxtpx:cad></gpxtpx:TrackPointExtension></extensions><extensions><gpxtpx:PowerExtension><gpxtpx:PowerInWatts>223</gpxtpx:PowerInWatts></gpxtpx:PowerExtension></extensions></trkpt>
<trkpt lat="38.5763872" lon="-121.4593018">
<ele>10</ele><time>2025-01-28T18:53:16.000Z</time><extensions><gpxtpx:TrackPointExtension><gpxtpx:hr>153</gpxtpx:hr><gpxtpx:cad>76</gpxtpx:cad></gpxtpx:TrackPointExtension></extensions><extensions><gpxtpx:PowerExtension><gpxtpx:PowerInWatts>223</gpxtpx:PowerInWatts></gpxtpx:PowerExtension></extensions></trkpt>
<trkpt lat="38.5763813" lon="-121.4592265">
<ele>10</ele><time>2025-01-28T18:53:18.000Z</time><extensions><gpxtpx:TrackPointExtension><gpxtpx:hr>153</gpxtpx:hr><gpxtpx:cad>75</gpxtpx:cad></gpxtpx:TrackPointExtension></extensions><extensions><gpxtpx:PowerExtension><gpxtpx:PowerInWatts>225</gpxtpx:PowerInWatts></gpxtpx:PowerExtension></extensions></trkpt>
<trkpt lat="38.5763730" lon="-121.4591513">
<ele>10</ele><time>2025-01-28T18:53:20.000Z</time><extensions><gpxtpx:TrackPointExtension><gpxtpx:hr>153</gpxtpx:hr><gpxtpx:cad>76</gpxtpx:cad></gpxtpx:TrackPointExtension></extensions><extensions><gpxtpx:PowerExtension><gpxtpx:PowerInWatts>228</gpxtpx:PowerInWatts></gpxtpx:PowerExtension></extensions></trkpt>
<trkpt lat="38.5763430" lon="-121.4590890">
<ele>10</ele><time>2025-01-28T18:53:22.000Z</time><extensions><gpxtpx:TrackPointExtension><gpxtpx:hr>153</gpxtpx:hr><gpxtpx:cad>75</gpxtpx:cad></gpxtpx:TrackPointExtension></extensions><extensions><gpxtpx:PowerExtension><gpxtpx:PowerInWatts>232</gpxtpx:PowerInWatts></gpxtpx:PowerExtension></extensions></trkpt>
<trkpt lat="38.5763338" lon="-121.4590168">
<ele>10</ele><time>2025-01-28T18:53:24.000Z</time><extensions><gpxtpx:TrackPointExtension><gpxtpx:hr>153</gpxtpx:hr><gpxtpx:cad>75</gpxtpx:cad></gpxtpx:TrackPointExtension></extensions><extensions><gpxtpx:PowerExtension><gpxtpx:PowerInWatts>233</gpxtpx:PowerInWatts></gpxtpx:PowerExtension></extensions></trkpt>
<trkpt lat="38.5762878" lon="-121.4589593">
<ele>10</ele><time>2025-01-28T18:53:26.000Z</time><extensions><gpxtpx:TrackPointExtension><gpxtpx:hr>153</gpxtpx:hr><gpxtpx:cad>72</gpxtpx:cad></gpxtpx:TrackPointExtension></extensions><extensions><gpxtpx:PowerExtension><gpxtpx:PowerInWatts>233</gpxtpx:PowerInWatts></gpxtpx:PowerExtension></extensions></trkpt>
<trkpt lat="38.5762533" lon="-121.4588861">
<ele>10</ele><time>2025-01-28T18:53:28.000Z</time><extensions><gpxtpx:TrackPointExtension><gpxtpx:hr>153</gpxtpx:hr><gpxtpx:cad>74</gpxtpx:cad></gpxtpx:TrackPointExtension></extensions><extensions><gpxtpx:PowerExtension><gpxtpx:PowerInWatts>230</gpxtpx:PowerInWatts></gpxtpx:PowerExtension></extensions></trkpt>
<trkpt lat="38.5762548" lon="-121.4588168">
<ele>10</ele><time>2025-01-28T18:53:30.000Z</time><extensions><gpxtpx:TrackPointExtension><gpxtpx:hr>153</gpxtpx:hr><gpxtpx:cad>77</gpxtpx:cad></gpxtpx:TrackPointExtension></extensions><extensions><gpxtpx:PowerExtension><gpxtpx:PowerInWatts>230</gpxtpx:PowerInWatts></gpxtpx:PowerExtension></extensions></trkpt>
<trkpt lat="38.5762491" lon="-121.4587523">
<ele>10</ele><time>2025-01-28T18:53:32.000Z</time><extensions><gpxtpx:TrackPointExtension><gpxtpx:hr>153</gpxtpx:hr><gpxtpx:cad>79</gpxtpx:cad></gpxtpx:TrackPointExtension></extensions><extensions><gpxtpx:PowerExtension><gpxtpx:PowerInWatts>230</gpxtpx:PowerInWatts></gpxtpx:PowerExtension></extensions></trkpt>
<trkpt lat="38.5762406" lon="-121.4586857">
<ele>10</ele><time>2025-01-28T18:53:34.000Z</time><extensions><gpxtpx:TrackPointExtension><gpxtpx:hr>153</gpxtpx:hr><gpxtpx:cad>76</gpxtpx:cad></gpxtpx:TrackPointExtension></extensions><extensions><gpxtpx:PowerExtension><gpxtpx:PowerInWatts>225</gpxtpx:PowerInWatts></gpxtpx:PowerExtension></extensions></trkpt>
<trkpt lat="38.5762162" lon="-121.4586140">
<ele>10</ele><time>2025-01-28T18:53:36.000Z</time><extensions><gpxtpx:TrackPointExtension><gpxtpx:hr>154</gpxtpx:hr><gpxtpx:cad>74</gpxtpx:cad></gpxtpx:TrackPointExtension></extensions><extensions><gpxtpx:PowerExtension><gpxtpx:PowerInWatts>227</gpxtpx:PowerInWatts></gpxtpx:PowerExtension></extensions></trkpt>
<trkpt lat="38.5761896" lon="-121.4585453">
<ele>10</ele><time>2025-01-28T18:53:38.000Z</time><extensions><gpxtpx:TrackPointExtension><gpxtpx:hr>153</gpxtpx:hr><gpxtpx:cad>73</gpxtpx:cad></gpxtpx:TrackPointExtension></extensions><extensions><gpxtpx:PowerExtension><gpxtpx:PowerInWatts>228</gpxtpx:PowerInWatts></gpxtpx:PowerExtension></extensions></trkpt>
<trkpt lat="38.5761597" lon="-121.4584649">
<ele>10</ele><time>2025-01-28T18:53:41.000Z</time><extensions><gpxtpx:TrackPointExtension><gpxtpx:hr>153</gpxtpx:hr><gpxtpx:cad>77</gpxtpx:cad></gpxtpx:TrackPointExtension></extensions><extensions><gpxtpx:PowerExtension><gpxtpx:PowerInWatts>228</gpxtpx:PowerInWatts></gpxtpx:PowerExtension></extensions></trkpt>
<trkpt lat="38.5761458" lon="-121.4583916">
<ele>10</ele><time>2025-01-28T18:53:43.000Z</time><extensions><gpxtpx:TrackPointExtension><gpxtpx:hr>153</gpxtpx:hr><gpxtpx:cad>77</gpxtpx:cad></gpxtpx:TrackPointExtension></extensions><extensions><gpxtpx:PowerExtension><gpxtpx:PowerInWatts>228</gpxtpx:PowerInWatts></gpxtpx:PowerExtension></extensions></trkpt>
<trkpt lat="38.5761254" lon="-121.4583329">
<ele>10</ele><time>2025-01-28T18:53:45.000Z</time><extensions><gpxtpx:TrackPointExtension><gpxtpx:hr>153</gpxtpx:hr><gpxtpx:cad>73</gpxtpx:cad></gpxtpx:TrackPointExtension></extensions><extensions><gpxtpx:PowerExtension><gpxtpx:PowerInWatts>228</gpxtpx:PowerInWatts></gpxtpx:PowerExtension></extensions></trkpt>
<trkpt lat="38.5760892" lon="-121.4582619">
<ele>10</ele><time>2025-01-28T18:53:47.000Z</time><extensions><gpxtpx:TrackPointExtension><gpxtpx:hr>153</gpxtpx:hr><gpxtpx:cad>74</gpxtpx:cad></gpxtpx:TrackPointExtension></extensions><extensions><gpxtpx:PowerExtension><gpxtpx:PowerInWatts>230</gpxtpx:PowerInWatts></gpxtpx:PowerExtension></extensions></trkpt>
<trkpt lat="38.5760798" lon="-121.4581935">
<ele>10</ele><time>2025-01-28T18:53:49.000Z</time><extensions><gpxtpx:TrackPointExtension><gpxtpx:hr>153</gpxtpx:hr><gpxtpx:cad>76</gpxtpx:cad></gpxtpx:TrackPointExtension></extensions><extensions><gpxtpx:PowerExtension><gpxtpx:PowerInWatts>230</gpxtpx:PowerInWatts></gpxtpx:PowerExtension></extensions></trkpt>
<trkpt lat="38.5760516" lon="-121.4581333">
<ele>10</ele><time>2025-01-28T18:53:51.000Z</time><extensions><gpxtpx:TrackPointExtension><gpxtpx:hr>153</gpxtpx:hr><gpxtpx:cad>76</gpxtpx:cad></gpxtpx:TrackPointExtension></extensions><extensions><gpxtpx:PowerExtension><gpxtpx:PowerInWatts>229</gpxtpx:PowerInWatts></gpxtpx:PowerExtension></extensions></trkpt>
<trkpt lat="38.5760677" lon="-121.4580647">
<ele>10</ele><time>2025-01-28T18:53:53.000Z</time><extensions><gpxtpx:TrackPointExtension><gpxtpx:hr>153</gpxtpx:hr><gpxtpx:cad>77</gpxtpx:cad></gpxtpx:TrackPointExtension></extensions><extensions><gpxtpx:PowerExtension><gpxtpx:PowerInWatts>229</gpxtpx:PowerInWatts></gpxtpx:PowerExtension></extensions></trkpt>
<trkpt lat="38.5760626" lon="-121.4580068">
<ele>10</ele><time>2025-01-28T18:53:55.000Z</time><extensions><gpxtpx:TrackPointExtension><gpxtpx:hr>154</gpxtpx:hr><gpxtpx:cad>80</gpxtpx:cad></gpxtpx:TrackPointExtension></extensions><extensions><gpxtpx:PowerExtension><gpxtpx:PowerInWatts>230</gpxtpx:PowerInWatts></gpxtpx:PowerExtension></extensions></trkpt>
<trkpt lat="38.5760327" lon="-121.4579273">
<ele>10</ele><time>2025-01-28T18:53:57.000Z</time><extensions><gpxtpx:TrackPointExtension><gpxtpx:hr>154</gpxtpx:hr><gpxtpx:cad>76</gpxtpx:cad></gpxtpx:TrackPointExtension></extensions><extensions><gpxtpx:PowerExtension><gpxtpx:PowerInWatts>230</gpxtpx:PowerInWatts></gpxtpx:PowerExtension></extensions></trkpt>
<trkpt lat="38.5760102" lon="-121.4578490">
<ele>10</ele><time>2025-01-28T18:53:59.000Z</time><extensions><gpxtpx:TrackPointExtension><gpxtpx:hr>154</gpxtpx:hr><gpxtpx:cad>75</gpxtpx:cad></gpxtpx:TrackPointExtension></extensions><extensions><gpxtpx:PowerExtension><gpxtpx:PowerInWatts>230</gpxtpx:PowerInWatts></gpxtpx:PowerExtension></extensions></trkpt>
<trkpt lat="38.5759915" lon="-121.4577840">
<ele>10</ele><time>2025-01-28T18:54:01.000Z</time><extensions><gpxtpx:TrackPointExtension><gpxtpx:hr>153</gpxtpx:hr><gpxtpx:cad>73</gpxtpx:cad></gpxtpx:TrackPointExtension></extensions><extensions><gpxtpx:PowerExtension><gpxtpx:PowerInWatts>230</gpxtpx:PowerInWatts></gpxtpx:PowerExtension></extensions></trkpt>
<trkpt lat="38.5759760" lon="-121.4577299">
<ele>10</ele><time>2025-01-28T18:54:02.000Z</time><extensions><gpxtpx:TrackPointExtension><gpxtpx:hr>153</gpxtpx:hr><gpxtpx:cad>75</gpxtpx:cad></gpxtpx:TrackPointExtension></extensions><extensions><gpxtpx:PowerExtension><gpxtpx:PowerInWatts>230</gpxtpx:PowerInWatts></gpxtpx:PowerExtension></extensions></trkpt>
<trkpt lat="38.5759581" lon="-121.4576676">
<ele>10</ele><time>2025-01-28T18:54:04.000Z</time><extensions><gpxtpx:TrackPointExtension><gpxtpx:hr>153</gpxtpx:hr><gpxtpx:cad>79</gpxtpx:cad></gpxtpx:TrackPointExtension></extensions><extensions><gpxtpx:PowerExtension><gpxtpx:PowerInWatts>229</gpxtpx:PowerInWatts></gpxtpx:PowerExtension></extensions></trkpt>
<trkpt lat="38.5760147" lon="-121.4576290">
<ele>10</ele><time>2025-01-28T18:54:09.000Z</time><extensions><gpxtpx:TrackPointExtension><gpxtpx:hr>153</gpxtpx:hr><gpxtpx:cad>77</gpxtpx:cad></gpxtpx:TrackPointExtension></extensions><extensions><gpxtpx:PowerExtension><gpxtpx:PowerInWatts>246</gpxtpx:PowerInWatts></gpxtpx:PowerExtension></extensions></trkpt>
<trkpt lat="38.5760786" lon="-121.4575931">
<ele>10</ele><time>2025-01-28T18:54:11.000Z</time><extensions><gpxtpx:TrackPointExtension><gpxtpx:hr>153</gpxtpx:hr><gpxtpx:cad>78</gpxtpx:cad></gpxtpx:TrackPointExtension></extensions><extensions><gpxtpx:PowerExtension><gpxtpx:PowerInWatts>239</gpxtpx:PowerInWatts></gpxtpx:PowerExtension></extensions></trkpt>
<trkpt lat="38.5762101" lon="-121.4574870">
<ele>10</ele><time>2025-01-28T18:54:12.000Z</time><extensions><gpxtpx:TrackPointExtension><gpxtpx:hr>153</gpxtpx:hr><gpxtpx:cad>84</gpxtpx:cad></gpxtpx:TrackPointExtension></extensions><extensions><gpxtpx:PowerExtension><gpxtpx:PowerInWatts>239</gpxtpx:PowerInWatts></gpxtpx:PowerExtension></extensions></trkpt>
<trkpt lat="38.5762512" lon="-121.4574516">
<ele>10</ele><time>2025-01-28T18:54:14.000Z</time><extensions><gpxtpx:TrackPointExtension><gpxtpx:hr>153</gpxtpx:hr><gpxtpx:cad>84</gpxtpx:cad></gpxtpx:TrackPointExtension></extensions><extensions><gpxtpx:PowerExtension><gpxtpx:PowerInWatts>233</gpxtpx:PowerInWatts></gpxtpx:PowerExtension></extensions></trkpt>
<trkpt lat="38.5763055" lon="-121.4574172">
<ele>11</ele><time>2025-01-28T18:54:16.000Z</time><extensions><gpxtpx:TrackPointExtension><gpxtpx:hr>153</gpxtpx:hr><gpxtpx:cad>85</gpxtpx:cad></gpxtpx:TrackPointExtension></extensions><extensions><gpxtpx:PowerExtension><gpxtpx:PowerInWatts>233</gpxtpx:PowerInWatts></gpxtpx:PowerExtension></extensions></trkpt>
<trkpt lat="38.5763682" lon="-121.4573904">
<ele>11</ele><time>2025-01-28T18:54:19.000Z</time><extensions><gpxtpx:TrackPointExtension><gpxtpx:hr>153</gpxtpx:hr><gpxtpx:cad>87</gpxtpx:cad></gpxtpx:TrackPointExtension></extensions><extensions><gpxtpx:PowerExtension><gpxtpx:PowerInWatts>226</gpxtpx:PowerInWatts></gpxtpx:PowerExtension></extensions></trkpt>
<trkpt lat="38.5764188" lon="-121.4573687">
<ele>11</ele><time>2025-01-28T18:54:21.000Z</time><extensions><gpxtpx:TrackPointExtension><gpxtpx:hr>154</gpxtpx:hr><gpxtpx:cad>82</gpxtpx:cad></gpxtpx:TrackPointExtension></extensions><extensions><gpxtpx:PowerExtension><gpxtpx:PowerInWatts>226</gpxtpx:PowerInWatts></gpxtpx:PowerExtension></extensions></trkpt>
<trkpt lat="38.5764859" lon="-121.4573400">
<ele>11</ele><time>2025-01-28T18:54:23.000Z</time><extensions><gpxtpx:TrackPointExtension><gpxtpx:hr>154</gpxtpx:hr><gpxtpx:cad>85</gpxtpx:cad></gpxtpx:TrackPointExtension></extensions><extensions><gpxtpx:PowerExtension><gpxtpx:PowerInWatts>228</gpxtpx:PowerInWatts></gpxtpx:PowerExtension></extensions></trkpt>
<trkpt lat="38.5765419" lon="-121.4573161">
<ele>11</ele><time>2025-01-28T18:54:25.000Z</time><extensions><gpxtpx:TrackPointExtension><gpxtpx:hr>154</gpxtpx:hr><gpxtpx:cad>83</gpxtpx:cad></gpxtpx:TrackPointExtension></extensions><extensions><gpxtpx:PowerExtension><gpxtpx:PowerInWatts>228</gpxtpx:PowerInWatts></gpxtpx:PowerExtension></extensions></trkpt>
<trkpt lat="38.5765893" lon="-121.4573273">
<ele>11</ele><time>2025-01-28T18:54:27.000Z</time><extensions><gpxtpx:TrackPointExtension><gpxtpx:hr>155</gpxtpx:hr><gpxtpx:cad>85</gpxtpx:cad></gpxtpx:TrackPointExtension></extensions><extensions><gpxtpx:PowerExtension><gpxtpx:PowerInWatts>229</gpxtpx:PowerInWatts></gpxtpx:PowerExtension></extensions></trkpt>
<trkpt lat="38.5766316" lon="-121.4573631">
<ele>11</ele><time>2025-01-28T18:54:29.000Z</time><extensions><gpxtpx:TrackPointExtension><gpxtpx:hr>155</gpxtpx:hr><gpxtpx:cad>82</gpxtpx:cad></gpxtpx:TrackPointExtension></extensions><extensions><gpxtpx:PowerExtension><gpxtpx:PowerInWatts>229</gpxtpx:PowerInWatts></gpxtpx:PowerExtension></extensions></trkpt>
<trkpt lat="38.5766554" lon="-121.4574365">
<ele>11</ele><time>2025-01-28T18:54:31.000Z</time><extensions><gpxtpx:TrackPointExtension><gpxtpx:hr>156</gpxtpx:hr><gpxtpx:cad>83</gpxtpx:cad></gpxtpx:TrackPointExtension></extensions><extensions><gpxtpx:PowerExtension><gpxtpx:PowerInWatts>229</gpxtpx:PowerInWatts></gpxtpx:PowerExtension></extensions></trkpt>
<trkpt lat="38.5767021" lon="-121.4575235">
<ele>11</ele><time>2025-01-28T18:54:33.000Z</time><extensions><gpxtpx:TrackPointExtension><gpxtpx:hr>156</gpxtpx:hr><gpxtpx:cad>85</gpxtpx:cad></gpxtpx:TrackPointExtension></extensions><extensions><gpxtpx:PowerExtension><gpxtpx:PowerInWatts>229</gpxtpx:PowerInWatts></gpxtpx:PowerExtension></extensions></trkpt>
<trkpt lat="38.5767575" lon="-121.4576162">
<ele>11</ele><time>2025-01-28T18:54:35.000Z</time><extensions><gpxtpx:TrackPointExtension><gpxtpx:hr>156</gpxtpx:hr><gpxtpx:cad>81</gpxtpx:cad></gpxtpx:TrackPointExtension></extensions><extensions><gpxtpx:PowerExtension><gpxtpx:PowerInWatts>234</gpxtpx:PowerInWatts></gpxtpx:PowerExtension></extensions></trkpt>
<trkpt lat="38.5767705" lon="-121.4576729">
<ele>11</ele><time>2025-01-28T18:54:37.000Z</time><extensions><gpxtpx:TrackPointExtension><gpxtpx:hr>156</gpxtpx:hr><gpxtpx:cad>79</gpxtpx:cad></gpxtpx:TrackPointExtension></extensions><extensions><gpxtpx:PowerExtension><gpxtpx:PowerInWatts>235</gpxtpx:PowerInWatts></gpxtpx:PowerExtension></extensions></trkpt>
<trkpt lat="38.5767931" lon="-121.4577677">
<ele>11</ele><time>2025-01-28T18:54:39.000Z</time><extensions><gpxtpx:TrackPointExtension><gpxtpx:hr>157</gpxtpx:hr><gpxtpx:cad>83</gpxtpx:cad></gpxtpx:TrackPointExtension></extensions><extensions><gpxtpx:PowerExtension><gpxtpx:PowerInWatts>231</gpxtpx:PowerInWatts></gpxtpx:PowerExtension></extensions></trkpt>
<trkpt lat="38.5768224" lon="-121.4578583">
<ele>11</ele><time>2025-01-28T18:54:42.000Z</time><extensions><gpxtpx:TrackPointExtension><gpxtpx:hr>156</gpxtpx:hr><gpxtpx:cad>83</gpxtpx:cad></gpxtpx:TrackPointExtension></extensions><extensions><gpxtpx:PowerExtension><gpxtpx:PowerInWatts>226</gpxtpx:PowerInWatts></gpxtpx:PowerExtension></extensions></trkpt>
<trkpt lat="38.5768428" lon="-121.4579289">
<ele>11</ele><time>2025-01-28T18:54:44.000Z</time><extensions><gpxtpx:TrackPointExtension><gpxtpx:hr>156</gpxtpx:hr><gpxtpx:cad>81</gpxtpx:cad></gpxtpx:TrackPointExtension></extensions><extensions><gpxtpx:PowerExtension><gpxtpx:PowerInWatts>226</gpxtpx:PowerInWatts></gpxtpx:PowerExtension></extensions></trkpt>
<trkpt lat="38.5768586" lon="-121.4579933">
<ele>11</ele><time>2025-01-28T18:54:46.000Z</time><extensions><gpxtpx:TrackPointExtension><gpxtpx:hr>157</gpxtpx:hr><gpxtpx:cad>84</gpxtpx:cad></gpxtpx:TrackPointExtension></extensions><extensions><gpxtpx:PowerExtension><gpxtpx:PowerInWatts>231</gpxtpx:PowerInWatts></gpxtpx:PowerExtension></extensions></trkpt>
<trkpt lat="38.5768775" lon="-121.4580751">
<ele>11</ele><time>2025-01-28T18:54:48.000Z</time><extensions><gpxtpx:TrackPointExtension><gpxtpx:hr>157</gpxtpx:hr><gpxtpx:cad>82</gpxtpx:cad></gpxtpx:TrackPointExtension></extensions><extensions><gpxtpx:PowerExtension><gpxtpx:PowerInWatts>231</gpxtpx:PowerInWatts></gpxtpx:PowerExtension></extensions></trkpt>
<trkpt lat="38.5768926" lon="-121.4581396">
<ele>11</ele><time>2025-01-28T18:54:50.000Z</time><extensions><gpxtpx:TrackPointExtension><gpxtpx:hr>157</gpxtpx:hr><gpxtpx:cad>84</gpxtpx:cad></gpxtpx:TrackPointExtension></extensions><extensions><gpxtpx:PowerExtension><gpxtpx:PowerInWatts>231</gpxtpx:PowerInWatts></gpxtpx:PowerExtension></extensions></trkpt>
<trkpt lat="38.5769157" lon="-121.4582032">
<ele>11</ele><time>2025-01-28T18:54:52.000Z</time><extensions><gpxtpx:TrackPointExtension><gpxtpx:hr>157</gpxtpx:hr><gpxtpx:cad>80</gpxtpx:cad></gpxtpx:TrackPointExtension></extensions><extensions><gpxtpx:PowerExtension><gpxtpx:PowerInWatts>231</gpxtpx:PowerInWatts></gpxtpx:PowerExtension></extensions></trkpt>
<trkpt lat="38.5769337" lon="-121.4582734">
<ele>11</ele><time>2025-01-28T18:54:54.000Z</time><extensions><gpxtpx:TrackPointExtension><gpxtpx:hr>157</gpxtpx:hr><gpxtpx:cad>81</gpxtpx:cad></gpxtpx:TrackPointExtension></extensions><extensions><gpxtpx:PowerExtension><gpxtpx:PowerInWatts>234</gpxtpx:PowerInWatts></gpxtpx:PowerExtension></extensions></trkpt>
<trkpt lat="38.5769528" lon="-121.4583485">
<ele>11</ele><time>2025-01-28T18:54:56.000Z</time><extensions><gpxtpx:TrackPointExtension><gpxtpx:hr>157</gpxtpx:hr><gpxtpx:cad>79</gpxtpx:cad></gpxtpx:TrackPointExtension></extensions><extensions><gpxtpx:PowerExtension><gpxtpx:PowerInWatts>234</gpxtpx:PowerInWatts></gpxtpx:PowerExtension></extensions></trkpt>
<trkpt lat="38.5769606" lon="-121.4584210">
<ele>11</ele><time>2025-01-28T18:54:59.000Z</time><extensions><gpxtpx:TrackPointExtension><gpxtpx:hr>158</gpxtpx:hr><gpxtpx:cad>81</gpxtpx:cad></gpxtpx:TrackPointExtension></extensions><extensions><gpxtpx:PowerExtension><gpxtpx:PowerInWatts>234</gpxtpx:PowerInWatts></gpxtpx:PowerExtension></extensions></trkpt>
<trkpt lat="38.5769902" lon="-121.4585049">
<ele>11</ele><time>2025-01-28T18:55:01.000Z</time><extensions><gpxtpx:TrackPointExtension><gpxtpx:hr>157</gpxtpx:hr><gpxtpx:cad>81</gpxtpx:cad></gpxtpx:TrackPointExtension></extensions><extensions><gpxtpx:PowerExtension><gpxtpx:PowerInWatts>234</gpxtpx:PowerInWatts></gpxtpx:PowerExtension></extensions></trkpt>
<trkpt lat="38.5770109" lon="-121.4585668">
<ele>11</ele><time>2025-01-28T18:55:03.000Z</time><extensions><gpxtpx:TrackPointExtension><gpxtpx:hr>157</gpxtpx:hr><gpxtpx:cad>81</gpxtpx:cad></gpxtpx:TrackPointExtension></extensions><extensions><gpxtpx:PowerExtension><gpxtpx:PowerInWatts>235</gpxtpx:PowerInWatts></gpxtpx:PowerExtension></extensions></trkpt>
<trkpt lat="38.5770260" lon="-121.4586225">
<ele>11</ele><time>2025-01-28T18:55:04.000Z</time><extensions><gpxtpx:TrackPointExtension><gpxtpx:hr>157</gpxtpx:hr><gpxtpx:cad>81</gpxtpx:cad></gpxtpx:TrackPointExtension></extensions><extensions><gpxtpx:PowerExtension><gpxtpx:PowerInWatts>235</gpxtpx:PowerInWatts></gpxtpx:PowerExtension></extensions></trkpt>
<trkpt lat="38.5770440" lon="-121.4586888">
<ele>11</ele><time>2025-01-28T18:55:06.000Z</time><extensions><gpxtpx:TrackPointExtension><gpxtpx:hr>157</gpxtpx:hr><gpxtpx:cad>81</gpxtpx:cad></gpxtpx:TrackPointExtension></extensions><extensions><gpxtpx:PowerExtension><gpxtpx:PowerInWatts>235</gpxtpx:PowerInWatts></gpxtpx:PowerExtension></extensions></trkpt>
<trkpt lat="38.5770626" lon="-121.4587574">
<ele>11</ele><time>2025-01-28T18:55:08.000Z</time><extensions><gpxtpx:TrackPointExtension><gpxtpx:hr>157</gpxtpx:hr><gpxtpx:cad>81</gpxtpx:cad></gpxtpx:TrackPointExtension></extensions><extensions><gpxtpx:PowerExtension><gpxtpx:PowerInWatts>234</gpxtpx:PowerInWatts></gpxtpx:PowerExtension></extensions></trkpt>
<trkpt lat="38.5770860" lon="-121.4588435">
<ele>11</ele><time>2025-01-28T18:55:10.000Z</time><extensions><gpxtpx:TrackPointExtension><gpxtpx:hr>158</gpxtpx:hr><gpxtpx:cad>81</gpxtpx:cad></gpxtpx:TrackPointExtension></extensions><extensions><gpxtpx:PowerExtension><gpxtpx:PowerInWatts>234</gpxtpx:PowerInWatts></gpxtpx:PowerExtension></extensions></trkpt>
<trkpt lat="38.5771012" lon="-121.4588996">
<ele>11</ele><time>2025-01-28T18:55:12.000Z</time><extensions><gpxtpx:TrackPointExtension><gpxtpx:hr>158</gpxtpx:hr><gpxtpx:cad>84</gpxtpx:cad></gpxtpx:TrackPointExtension></extensions><extensions><gpxtpx:PowerExtension><gpxtpx:PowerInWatts>236</gpxtpx:PowerInWatts></gpxtpx:PowerExtension></extensions></trkpt>
<trkpt lat="38.5771189" lon="-121.4589651">
<ele>11</ele><time>2025-01-28T18:55:14.000Z</time><extensions><gpxtpx:TrackPointExtension><gpxtpx:hr>159</gpxtpx:hr><gpxtpx:cad>79</gpxtpx:cad></gpxtpx:TrackPointExtension></extensions><extensions><gpxtpx:PowerExtension><gpxtpx:PowerInWatts>236</gpxtpx:PowerInWatts></gpxtpx:PowerExtension></extensions></trkpt>
<trkpt lat="38.5771402" lon="-121.4590436">
<ele>11</ele><time>2025-01-28T18:55:16.000Z</time><extensions><gpxtpx:TrackPointExtension><gpxtpx:hr>158</gpxtpx:hr><gpxtpx:cad>80</gpxtpx:cad></gpxtpx:TrackPointExtension></extensions><extensions><gpxtpx:PowerExtension><gpxtpx:PowerInWatts>236</gpxtpx:PowerInWatts></gpxtpx:PowerExtension></extensions></trkpt>
<trkpt lat="38.5771550" lon="-121.4590983">
<ele>11</ele><time>2025-01-28T18:55:18.000Z</time><extensions><gpxtpx:TrackPointExtension><gpxtpx:hr>158</gpxtpx:hr><gpxtpx:cad>76</gpxtpx:cad></gpxtpx:TrackPointExtension></extensions><extensions><gpxtpx:PowerExtension><gpxtpx:PowerInWatts>239</gpxtpx:PowerInWatts></gpxtpx:PowerExtension></extensions></trkpt>
<trkpt lat="38.5771740" lon="-121.4591681">
<ele>11</ele><time>2025-01-28T18:55:20.000Z</time><extensions><gpxtpx:TrackPointExtension><gpxtpx:hr>158</gpxtpx:hr><gpxtpx:cad>77</gpxtpx:cad></gpxtpx:TrackPointExtension></extensions><extensions><gpxtpx:PowerExtension><gpxtpx:PowerInWatts>237</gpxtpx:PowerInWatts></gpxtpx:PowerExtension></extensions></trkpt>
<trkpt lat="38.5771897" lon="-121.4592471">
<ele>11</ele><time>2025-01-28T18:55:22.000Z</time><extensions><gpxtpx:TrackPointExtension><gpxtpx:hr>158</gpxtpx:hr><gpxtpx:cad>80</gpxtpx:cad></gpxtpx:TrackPointExtension></extensions><extensions><gpxtpx:PowerExtension><gpxtpx:PowerInWatts>234</gpxtpx:PowerInWatts></gpxtpx:PowerExtension></extensions></trkpt>
<trkpt lat="38.5772102" lon="-121.4593366">
<ele>11</ele><time>2025-01-28T18:55:24.000Z</time><extensions><gpxtpx:TrackPointExtension><gpxtpx:hr>158</gpxtpx:hr><gpxtpx:cad>80</gpxtpx:cad></gpxtpx:TrackPointExtension></extensions><extensions><gpxtpx:PowerExtension><gpxtpx:PowerInWatts>234</gpxtpx:PowerInWatts></gpxtpx:PowerExtension></extensions></trkpt>
<trkpt lat="38.5772246" lon="-121.4594066">
<ele>11</ele><time>2025-01-28T18:55:26.000Z</time><extensions><gpxtpx:TrackPointExtension><gpxtpx:hr>158</gpxtpx:hr><gpxtpx:cad>79</gpxtpx:cad></gpxtpx:TrackPointExtension></extensions><extensions><gpxtpx:PowerExtension><gpxtpx:PowerInWatts>232</gpxtpx:PowerInWatts></gpxtpx:PowerExtension></extensions></trkpt>
<trkpt lat="38.5772470" lon="-121.4594899">
<ele>11</ele><time>2025-01-28T18:55:28.000Z</time><extensions><gpxtpx:TrackPointExtension><gpxtpx:hr>158</gpxtpx:hr><gpxtpx:cad>77</gpxtpx:cad></gpxtpx:TrackPointExtension></extensions><extensions><gpxtpx:PowerExtension><gpxtpx:PowerInWatts>237</gpxtpx:PowerInWatts></gpxtpx:PowerExtension></extensions></trkpt>
<trkpt lat="38.5772706" lon="-121.4595775">
<ele>11</ele><time>2025-01-28T18:55:31.000Z</time><extensions><gpxtpx:TrackPointExtension><gpxtpx:hr>158</gpxtpx:hr><gpxtpx:cad>83</gpxtpx:cad></gpxtpx:TrackPointExtension></extensions><extensions><gpxtpx:PowerExtension><gpxtpx:PowerInWatts>237</gpxtpx:PowerInWatts></gpxtpx:PowerExtension></extensions></trkpt>
<trkpt lat="38.5772973" lon="-121.4596770">
<ele>11</ele><time>2025-01-28T18:55:34.000Z</time><extensions><gpxtpx:TrackPointExtension><gpxtpx:hr>158</gpxtpx:hr><gpxtpx:cad>84</gpxtpx:cad></gpxtpx:TrackPointExtension></extensions><extensions><gpxtpx:PowerExtension><gpxtpx:PowerInWatts>237</gpxtpx:PowerInWatts></gpxtpx:PowerExtension></extensions></trkpt>
<trkpt lat="38.5773162" lon="-121.4597471">
<ele>11</ele><time>2025-01-28T18:55:36.000Z</time><extensions><gpxtpx:TrackPointExtension><gpxtpx:hr>159</gpxtpx:hr><gpxtpx:cad>81</gpxtpx:cad></gpxtpx:TrackPointExtension></extensions><extensions><gpxtpx:PowerExtension><gpxtpx:PowerInWatts>244</gpxtpx:PowerInWatts></gpxtpx:PowerExtension></extensions></trkpt>
<trkpt lat="38.5773367" lon="-121.4598235">
<ele>11</ele><time>2025-01-28T18:55:38.000Z</time><extensions><gpxtpx:TrackPointExtension><gpxtpx:hr>158</gpxtpx:hr><gpxtpx:cad>76</gpxtpx:cad></gpxtpx:TrackPointExtension></extensions><extensions><gpxtpx:PowerExtension><gpxtpx:PowerInWatts>244</gpxtpx:PowerInWatts></gpxtpx:PowerExtension></extensions></trkpt>
<trkpt lat="38.5773539" lon="-121.4598874">
<ele>11</ele><time>2025-01-28T18:55:40.000Z</time><extensions><gpxtpx:TrackPointExtension><gpxtpx:hr>158</gpxtpx:hr><gpxtpx:cad>72</gpxtpx:cad></gpxtpx:TrackPointExtension></extensions><extensions><gpxtpx:PowerExtension><gpxtpx:PowerInWatts>238</gpxtpx:PowerInWatts></gpxtpx:PowerExtension></extensions></trkpt>
<trkpt lat="38.5773772" lon="-121.4599739">
<ele>11</ele><time>2025-01-28T18:55:43.000Z</time><extensions><gpxtpx:TrackPointExtension><gpxtpx:hr>158</gpxtpx:hr><gpxtpx:cad>77</gpxtpx:cad></gpxtpx:TrackPointExtension></extensions><extensions><gpxtpx:PowerExtension><gpxtpx:PowerInWatts>238</gpxtpx:PowerInWatts></gpxtpx:PowerExtension></extensions></trkpt>
<trkpt lat="38.5773935" lon="-121.4600346">
<ele>11</ele><time>2025-01-28T18:55:45.000Z</time><extensions><gpxtpx:TrackPointExtension><gpxtpx:hr>158</gpxtpx:hr><gpxtpx:cad>82</gpxtpx:cad></gpxtpx:TrackPointExtension></extensions><extensions><gpxtpx:PowerExtension><gpxtpx:PowerInWatts>236</gpxtpx:PowerInWatts></gpxtpx:PowerExtension></extensions></trkpt>
<trkpt lat="38.5774101" lon="-121.4600965">
<ele>11</ele><time>2025-01-28T18:55:47.000Z</time><extensions><gpxtpx:TrackPointExtension><gpxtpx:hr>158</gpxtpx:hr><gpxtpx:cad>85</gpxtpx:cad></gpxtpx:TrackPointExtension></extensions><extensions><gpxtpx:PowerExtension><gpxtpx:PowerInWatts>236</gpxtpx:PowerInWatts></gpxtpx:PowerExtension></extensions></trkpt>
<trkpt lat="38.5773560" lon="-121.4601458">
<ele>11</ele><time>2025-01-28T18:55:48.000Z</time><extensions><gpxtpx:TrackPointExtension><gpxtpx:hr>158</gpxtpx:hr><gpxtpx:cad>82</gpxtpx:cad></gpxtpx:TrackPointExtension></extensions><extensions><gpxtpx:PowerExtension><gpxtpx:PowerInWatts>234</gpxtpx:PowerInWatts></gpxtpx:PowerExtension></extensions></trkpt>
<trkpt lat="38.5773875" lon="-121.4602082">
<ele>11</ele><time>2025-01-28T18:55:50.000Z</time><extensions><gpxtpx:TrackPointExtension><gpxtpx:hr>157</gpxtpx:hr><gpxtpx:cad>84</gpxtpx:cad></gpxtpx:TrackPointExtension></extensions><extensions><gpxtpx:PowerExtension><gpxtpx:PowerInWatts>229</gpxtpx:PowerInWatts></gpxtpx:PowerExtension></extensions></trkpt>
<trkpt lat="38.5773931" lon="-121.4602744">
<ele>11</ele><time>2025-01-28T18:55:52.000Z</time><extensions><gpxtpx:TrackPointExtension><gpxtpx:hr>157</gpxtpx:hr><gpxtpx:cad>79</gpxtpx:cad></gpxtpx:TrackPointExtension></extensions><extensions><gpxtpx:PowerExtension><gpxtpx:PowerInWatts>229</gpxtpx:PowerInWatts></gpxtpx:PowerExtension></extensions></trkpt>
<trkpt lat="38.5774154" lon="-121.4603394">
<ele>11</ele><time>2025-01-28T18:55:54.000Z</time><extensions><gpxtpx:TrackPointExtension><gpxtpx:hr>157</gpxtpx:hr><gpxtpx:cad>77</gpxtpx:cad></gpxtpx:TrackPointExtension></extensions><extensions><gpxtpx:PowerExtension><gpxtpx:PowerInWatts>229</gpxtpx:PowerInWatts></gpxtpx:PowerExtension></extensions></trkpt>
<trkpt lat="38.5774261" lon="-121.4603957">
<ele>12</ele><time>2025-01-28T18:55:56.000Z</time><extensions><gpxtpx:TrackPointExtension><gpxtpx:hr>157</gpxtpx:hr><gpxtpx:cad>80</gpxtpx:cad></gpxtpx:TrackPointExtension></extensions><extensions><gpxtpx:PowerExtension><gpxtpx:PowerInWatts>224</gpxtpx:PowerInWatts></gpxtpx:PowerExtension></extensions></trkpt>
<trkpt lat="38.5774497" lon="-121.4604592">
<ele>12</ele><time>2025-01-28T18:55:58.000Z</time><extensions><gpxtpx:TrackPointExtension><gpxtpx:hr>157</gpxtpx:hr><gpxtpx:cad>79</gpxtpx:cad></gpxtpx:TrackPointExtension></extensions><extensions><gpxtpx:PowerExtension><gpxtpx:PowerInWatts>224</gpxtpx:PowerInWatts></gpxtpx:PowerExtension></extensions></trkpt>
<trkpt lat="38.5774752" lon="-121.4605242">
<ele>11</ele><time>2025-01-28T18:56:00.000Z</time><extensions><gpxtpx:TrackPointExtension><gpxtpx:hr>157</gpxtpx:hr><gpxtpx:cad>74</gpxtpx:cad></gpxtpx:TrackPointExtension></extensions><extensions><gpxtpx:PowerExtension><gpxtpx:PowerInWatts>224</gpxtpx:PowerInWatts></gpxtpx:PowerExtension></extensions></trkpt>
<trkpt lat="38.5774894" lon="-121.4606115">
<ele>11</ele><time>2025-01-28T18:56:03.000Z</time><extensions><gpxtpx:TrackPointExtension><gpxtpx:hr>157</gpxtpx:hr><gpxtpx:cad>70</gpxtpx:cad></gpxtpx:TrackPointExtension></extensions><extensions><gpxtpx:PowerExtension><gpxtpx:PowerInWatts>224</gpxtpx:PowerInWatts></gpxtpx:PowerExtension></extensions></trkpt>
<trkpt lat="38.5774994" lon="-121.4606723">
<ele>11</ele><time>2025-01-28T18:56:05.000Z</time><extensions><gpxtpx:TrackPointExtension><gpxtpx:hr>157</gpxtpx:hr><gpxtpx:cad>75</gpxtpx:cad></gpxtpx:TrackPointExtension></extensions><extensions><gpxtpx:PowerExtension><gpxtpx:PowerInWatts>224</gpxtpx:PowerInWatts></gpxtpx:PowerExtension></extensions></trkpt>
<trkpt lat="38.5775144" lon="-121.4607401">
<ele>11</ele><time>2025-01-28T18:56:07.000Z</time><extensions><gpxtpx:TrackPointExtension><gpxtpx:hr>157</gpxtpx:hr><gpxtpx:cad>79</gpxtpx:cad></gpxtpx:TrackPointExtension></extensions><extensions><gpxtpx:PowerExtension><gpxtpx:PowerInWatts>222</gpxtpx:PowerInWatts></gpxtpx:PowerExtension></extensions></trkpt>
<trkpt lat="38.5775618" lon="-121.4608089">
<ele>11</ele><time>2025-01-28T18:56:09.000Z</time><extensions><gpxtpx:TrackPointExtension><gpxtpx:hr>156</gpxtpx:hr><gpxtpx:cad>84</gpxtpx:cad></gpxtpx:TrackPointExtension></extensions><extensions><gpxtpx:PowerExtension><gpxtpx:PowerInWatts>218</gpxtpx:PowerInWatts></gpxtpx:PowerExtension></extensions></trkpt>
<trkpt lat="38.5775559" lon="-121.4608748">
<ele>11</ele><time>2025-01-28T18:56:11.000Z</time><extensions><gpxtpx:TrackPointExtension><gpxtpx:hr>156</gpxtpx:hr><gpxtpx:cad>79</gpxtpx:cad></gpxtpx:TrackPointExtension></extensions><extensions><gpxtpx:PowerExtension><gpxtpx:PowerInWatts>220</gpxtpx:PowerInWatts></gpxtpx:PowerExtension></extensions></trkpt>
<trkpt lat="38.5775809" lon="-121.4609395">
<ele>11</ele><time>2025-01-28T18:56:13.000Z</time><extensions><gpxtpx:TrackPointExtension><gpxtpx:hr>155</gpxtpx:hr><gpxtpx:cad>76</gpxtpx:cad></gpxtpx:TrackPointExtension></extensions><extensions><gpxtpx:PowerExtension><gpxtpx:PowerInWatts>221</gpxtpx:PowerInWatts></gpxtpx:PowerExtension></extensions></trkpt>
<trkpt lat="38.5776085" lon="-121.4610057">
<ele>11</ele><time>2025-01-28T18:56:15.000Z</time><extensions><gpxtpx:TrackPointExtension><gpxtpx:hr>154</gpxtpx:hr><gpxtpx:cad>77</gpxtpx:cad></gpxtpx:TrackPointExtension></extensions><extensions><gpxtpx:PowerExtension><gpxtpx:PowerInWatts>221</gpxtpx:PowerInWatts></gpxtpx:PowerExtension></extensions></trkpt>
<trkpt lat="38.5776220" lon="-121.4610655">
<ele>11</ele><time>2025-01-28T18:56:17.000Z</time><extensions><gpxtpx:TrackPointExtension><gpxtpx:hr>154</gpxtpx:hr><gpxtpx:cad>77</gpxtpx:cad></gpxtpx:TrackPointExtension></extensions><extensions><gpxtpx:PowerExtension><gpxtpx:PowerInWatts>225</gpxtpx:PowerInWatts></gpxtpx:PowerExtension></extensions></trkpt>
<trkpt lat="38.5776240" lon="-121.4611317">
<ele>11</ele><time>2025-01-28T18:56:19.000Z</time><extensions><gpxtpx:TrackPointExtension><gpxtpx:hr>154</gpxtpx:hr><gpxtpx:cad>74</gpxtpx:cad></gpxtpx:TrackPointExtension></extensions><extensions><gpxtpx:PowerExtension><gpxtpx:PowerInWatts>225</gpxtpx:PowerInWatts></gpxtpx:PowerExtension></extensions></trkpt>
<trkpt lat="38.5776464" lon="-121.4611836">
<ele>11</ele><time>2025-01-28T18:56:21.000Z</time><extensions><gpxtpx:TrackPointExtension><gpxtpx:hr>154</gpxtpx:hr><gpxtpx:cad>78</gpxtpx:cad></gpxtpx:TrackPointExtension></extensions><extensions><gpxtpx:PowerExtension><gpxtpx:PowerInWatts>227</gpxtpx:PowerInWatts></gpxtpx:PowerExtension></extensions></trkpt>
<trkpt lat="38.5776600" lon="-121.4612586">
<ele>11</ele><time>2025-01-28T18:56:23.000Z</time><extensions><gpxtpx:TrackPointExtension><gpxtpx:hr>154</gpxtpx:hr><gpxtpx:cad>79</gpxtpx:cad></gpxtpx:TrackPointExtension></extensions><extensions><gpxtpx:PowerExtension><gpxtpx:PowerInWatts>227</gpxtpx:PowerInWatts></gpxtpx:PowerExtension></extensions></trkpt>
<trkpt lat="38.5776800" lon="-121.4613161">
<ele>11</ele><time>2025-01-28T18:56:25.000Z</time><extensions><gpxtpx:TrackPointExtension><gpxtpx:hr>155</gpxtpx:hr><gpxtpx:cad>81</gpxtpx:cad></gpxtpx:TrackPointExtension></extensions><extensions><gpxtpx:PowerExtension><gpxtpx:PowerInWatts>225</gpxtpx:PowerInWatts></gpxtpx:PowerExtension></extensions></trkpt>
<trkpt lat="38.5776848" lon="-121.4613778">
<ele>11</ele><time>2025-01-28T18:56:27.000Z</time><extensions><gpxtpx:TrackPointExtension><gpxtpx:hr>154</gpxtpx:hr><gpxtpx:cad>80</gpxtpx:cad></gpxtpx:TrackPointExtension></extensions><extensions><gpxtpx:PowerExtension><gpxtpx:PowerInWatts>224</gpxtpx:PowerInWatts></gpxtpx:PowerExtension></extensions></trkpt>
<trkpt lat="38.5777057" lon="-121.4614313">
<ele>11</ele><time>2025-01-28T18:56:29.000Z</time><extensions><gpxtpx:TrackPointExtension><gpxtpx:hr>154</gpxtpx:hr><gpxtpx:cad>80</gpxtpx:cad></gpxtpx:TrackPointExtension></extensions><extensions><gpxtpx:PowerExtension><gpxtpx:PowerInWatts>225</gpxtpx:PowerInWatts></gpxtpx:PowerExtension></extensions></trkpt>
<trkpt lat="38.5777393" lon="-121.4614721">
<ele>11</ele><time>2025-01-28T18:56:31.000Z</time><extensions><gpxtpx:TrackPointExtension><gpxtpx:hr>154</gpxtpx:hr><gpxtpx:cad>80</gpxtpx:cad></gpxtpx:TrackPointExtension></extensions><extensions><gpxtpx:PowerExtension><gpxtpx:PowerInWatts>225</gpxtpx:PowerInWatts></gpxtpx:PowerExtension></extensions></trkpt>
<trkpt lat="38.5777415" lon="-121.4615462">
<ele>11</ele><time>2025-01-28T18:56:33.000Z</time><extensions><gpxtpx:TrackPointExtension><gpxtpx:hr>153</gpxtpx:hr><gpxtpx:cad>81</gpxtpx:cad></gpxtpx:TrackPointExtension></extensions><extensions><gpxtpx:PowerExtension><gpxtpx:PowerInWatts>225</gpxtpx:PowerInWatts></gpxtpx:PowerExtension></extensions></trkpt>
<trkpt lat="38.5777542" lon="-121.4616159">
<ele>11</ele><time>2025-01-28T18:56:35.000Z</time><extensions><gpxtpx:TrackPointExtension><gpxtpx:hr>153</gpxtpx:hr><gpxtpx:cad>81</gpxtpx:cad></gpxtpx:TrackPointExtension></extensions><extensions><gpxtpx:PowerExtension><gpxtpx:PowerInWatts>221</gpxtpx:PowerInWatts></gpxtpx:PowerExtension></extensions></trkpt>
<trkpt lat="38.5777856" lon="-121.4616651">
<ele>11</ele><time>2025-01-28T18:56:37.000Z</time><extensions><gpxtpx:TrackPointExtension><gpxtpx:hr>154</gpxtpx:hr><gpxtpx:cad>80</gpxtpx:cad></gpxtpx:TrackPointExtension></extensions><extensions><gpxtpx:PowerExtension><gpxtpx:PowerInWatts>218</gpxtpx:PowerInWatts></gpxtpx:PowerExtension></extensions></trkpt>
<trkpt lat="38.5778071" lon="-121.4617445">
<ele>11</ele><time>2025-01-28T18:56:39.000Z</time><extensions><gpxtpx:TrackPointExtension><gpxtpx:hr>154</gpxtpx:hr><gpxtpx:cad>83</gpxtpx:cad></gpxtpx:TrackPointExtension></extensions><extensions><gpxtpx:PowerExtension><gpxtpx:PowerInWatts>218</gpxtpx:PowerInWatts></gpxtpx:PowerExtension></extensions></trkpt>
<trkpt lat="38.5778105" lon="-121.4618061">
<ele>11</ele><time>2025-01-28T18:56:41.000Z</time><extensions><gpxtpx:TrackPointExtension><gpxtpx:hr>155</gpxtpx:hr><gpxtpx:cad>80</gpxtpx:cad></gpxtpx:TrackPointExtension></extensions><extensions><gpxtpx:PowerExtension><gpxtpx:PowerInWatts>218</gpxtpx:PowerInWatts></gpxtpx:PowerExtension></extensions></trkpt>
<trkpt lat="38.5778461" lon="-121.4618746">
<ele>12</ele><time>2025-01-28T18:56:43.000Z</time><extensions><gpxtpx:TrackPointExtension><gpxtpx:hr>155</gpxtpx:hr><gpxtpx:cad>78</gpxtpx:cad></gpxtpx:TrackPointExtension></extensions><extensions><gpxtpx:PowerExtension><gpxtpx:PowerInWatts>218</gpxtpx:PowerInWatts></gpxtpx:PowerExtension></extensions></trkpt>
<trkpt lat="38.5778518" lon="-121.4619528">
<ele>12</ele><time>2025-01-28T18:56:45.000Z</time><extensions><gpxtpx:TrackPointExtension><gpxtpx:hr>155</gpxtpx:hr><gpxtpx:cad>78</gpxtpx:cad></gpxtpx:TrackPointExtension></extensions><extensions><gpxtpx:PowerExtension><gpxtpx:PowerInWatts>218</gpxtpx:PowerInWatts></gpxtpx:PowerExtension></extensions></trkpt>
<trkpt lat="38.5779246" lon="-121.4619874">
<ele>12</ele><time>2025-01-28T18:56:47.000Z</time><extensions><gpxtpx:TrackPointExtension><gpxtpx:hr>155</gpxtpx:hr><gpxtpx:cad>84</gpxtpx:cad></gpxtpx:TrackPointExtension></extensions><extensions><gpxtpx:PowerExtension><gpxtpx:PowerInWatts>222</gpxtpx:PowerInWatts></gpxtpx:PowerExtension></extensions></trkpt>
<trkpt lat="38.5779368" lon="-121.4620602">
<ele>12</ele><time>2025-01-28T18:56:49.000Z</time><extensions><gpxtpx:TrackPointExtension><gpxtpx:hr>156</gpxtpx:hr><gpxtpx:cad>83</gpxtpx:cad></gpxtpx:TrackPointExtension></extensions><extensions><gpxtpx:PowerExtension><gpxtpx:PowerInWatts>222</gpxtpx:PowerInWatts></gpxtpx:PowerExtension></extensions></trkpt>
<trkpt lat="38.5779497" lon="-121.4621430">
<ele>12</ele><time>2025-01-28T18:56:51.000Z</time><extensions><gpxtpx:TrackPointExtension><gpxtpx:hr>156</gpxtpx:hr><gpxtpx:cad>77</gpxtpx:cad></gpxtpx:TrackPointExtension></extensions><extensions><gpxtpx:PowerExtension><gpxtpx:PowerInWatts>222</gpxtpx:PowerInWatts></gpxtpx:PowerExtension></extensions></trkpt>
<trkpt lat="38.5779725" lon="-121.4622301">
<ele>12</ele><time>2025-01-28T18:56:53.000Z</time><extensions><gpxtpx:TrackPointExtension><gpxtpx:hr>157</gpxtpx:hr><gpxtpx:cad>76</gpxtpx:cad></gpxtpx:TrackPointExtension></extensions><extensions><gpxtpx:PowerExtension><gpxtpx:PowerInWatts>228</gpxtpx:PowerInWatts></gpxtpx:PowerExtension></extensions></trkpt>
<trkpt lat="38.5780046" lon="-121.4623117">
<ele>12</ele><time>2025-01-28T18:56:54.999Z</time><extensions><gpxtpx:TrackPointExtension><gpxtpx:hr>157</gpxtpx:hr><gpxtpx:cad>83</gpxtpx:cad></gpxtpx:TrackPointExtension></extensions><extensions><gpxtpx:PowerExtension><gpxtpx:PowerInWatts>230</gpxtpx:PowerInWatts></gpxtpx:PowerExtension></extensions></trkpt>
<trkpt lat="38.5780184" lon="-121.4623712">
<ele>12</ele><time>2025-01-28T18:56:56.999Z</time><extensions><gpxtpx:TrackPointExtension><gpxtpx:hr>158</gpxtpx:hr><gpxtpx:cad>82</gpxtpx:cad></gpxtpx:TrackPointExtension></extensions><extensions><gpxtpx:PowerExtension><gpxtpx:PowerInWatts>238</gpxtpx:PowerInWatts></gpxtpx:PowerExtension></extensions></trkpt>
<trkpt lat="38.5780312" lon="-121.4624416">
<ele>12</ele><time>2025-01-28T18:56:58.999Z</time><extensions><gpxtpx:TrackPointExtension><gpxtpx:hr>158</gpxtpx:hr><gpxtpx:cad>79</gpxtpx:cad></gpxtpx:TrackPointExtension></extensions><extensions><gpxtpx:PowerExtension><gpxtpx:PowerInWatts>238</gpxtpx:PowerInWatts></gpxtpx:PowerExtension></extensions></trkpt>
<trkpt lat="38.5780494" lon="-121.4625095">
<ele>12</ele><time>2025-01-28T18:57:00.999Z</time><extensions><gpxtpx:TrackPointExtension><gpxtpx:hr>158</gpxtpx:hr><gpxtpx:cad>79</gpxtpx:cad></gpxtpx:TrackPointExtension></extensions><extensions><gpxtpx:PowerExtension><gpxtpx:PowerInWatts>238</gpxtpx:PowerInWatts></gpxtpx:PowerExtension></extensions></trkpt>
<trkpt lat="38.5780605" lon="-121.4625854">
<ele>12</ele><time>2025-01-28T18:57:02.999Z</time><extensions><gpxtpx:TrackPointExtension><gpxtpx:hr>158</gpxtpx:hr><gpxtpx:cad>79</gpxtpx:cad></gpxtpx:TrackPointExtension></extensions><extensions><gpxtpx:PowerExtension><gpxtpx:PowerInWatts>243</gpxtpx:PowerInWatts></gpxtpx:PowerExtension></extensions></trkpt>
<trkpt lat="38.5780838" lon="-121.4626504">
<ele>12</ele><time>2025-01-28T18:57:04.999Z</time><extensions><gpxtpx:TrackPointExtension><gpxtpx:hr>158</gpxtpx:hr><gpxtpx:cad>79</gpxtpx:cad></gpxtpx:TrackPointExtension></extensions><extensions><gpxtpx:PowerExtension><gpxtpx:PowerInWatts>243</gpxtpx:PowerInWatts></gpxtpx:PowerExtension></extensions></trkpt>
<trkpt lat="38.5781136" lon="-121.4627216">
<ele>12</ele><time>2025-01-28T18:57:06.999Z</time><extensions><gpxtpx:TrackPointExtension><gpxtpx:hr>159</gpxtpx:hr><gpxtpx:cad>81</gpxtpx:cad></gpxtpx:TrackPointExtension></extensions><extensions><gpxtpx:PowerExtension><gpxtpx:PowerInWatts>240</gpxtpx:PowerInWatts></gpxtpx:PowerExtension></extensions></trkpt>
<trkpt lat="38.5781184" lon="-121.4627976">
<ele>12</ele><time>2025-01-28T18:57:08.999Z</time><extensions><gpxtpx:TrackPointExtension><gpxtpx:hr>159</gpxtpx:hr><gpxtpx:cad>79</gpxtpx:cad></gpxtpx:TrackPointExtension></extensions><extensions><gpxtpx:PowerExtension><gpxtpx:PowerInWatts>240</gpxtpx:PowerInWatts></gpxtpx:PowerExtension></extensions></trkpt>
<trkpt lat="38.5780646" lon="-121.4628396">
<ele>12</ele><time>2025-01-28T18:57:10.999Z</time><extensions><gpxtpx:TrackPointExtension><gpxtpx:hr>158</gpxtpx:hr><gpxtpx:cad>79</gpxtpx:cad></gpxtpx:TrackPointExtension></extensions><extensions><gpxtpx:PowerExtension><gpxtpx:PowerInWatts>240</gpxtpx:PowerInWatts></gpxtpx:PowerExtension></extensions></trkpt>
<trkpt lat="38.5780085" lon="-121.4628372">
<ele>12</ele><time>2025-01-28T18:57:12.999Z</time><extensions><gpxtpx:TrackPointExtension><gpxtpx:hr>158</gpxtpx:hr><gpxtpx:cad>79</gpxtpx:cad></gpxtpx:TrackPointExtension></extensions><extensions><gpxtpx:PowerExtension><gpxtpx:PowerInWatts>239</gpxtpx:PowerInWatts></gpxtpx:PowerExtension></extensions></trkpt>
<trkpt lat="38.5779556" lon="-121.4628696">
<ele>12</ele><time>2025-01-28T18:57:14.999Z</time><extensions><gpxtpx:TrackPointExtension><gpxtpx:hr>159</gpxtpx:hr><gpxtpx:cad>84</gpxtpx:cad></gpxtpx:TrackPointExtension></extensions><extensions><gpxtpx:PowerExtension><gpxtpx:PowerInWatts>243</gpxtpx:PowerInWatts></gpxtpx:PowerExtension></extensions></trkpt>
<trkpt lat="38.5778936" lon="-121.4629133">
<ele>12</ele><time>2025-01-28T18:57:16.999Z</time><extensions><gpxtpx:TrackPointExtension><gpxtpx:hr>159</gpxtpx:hr><gpxtpx:cad>83</gpxtpx:cad></gpxtpx:TrackPointExtension></extensions><extensions><gpxtpx:PowerExtension><gpxtpx:PowerInWatts>239</gpxtpx:PowerInWatts></gpxtpx:PowerExtension></extensions></trkpt>
<trkpt lat="38.5778326" lon="-121.4629305">
<ele>12</ele><time>2025-01-28T18:57:18.999Z</time><extensions><gpxtpx:TrackPointExtension><gpxtpx:hr>160</gpxtpx:hr><gpxtpx:cad>81</gpxtpx:cad></gpxtpx:TrackPointExtension></extensions><extensions><gpxtpx:PowerExtension><gpxtpx:PowerInWatts>239</gpxtpx:PowerInWatts></gpxtpx:PowerExtension></extensions></trkpt>
<trkpt lat="38.5777868" lon="-121.4629596">
<ele>12</ele><time>2025-01-28T18:57:20.999Z</time><extensions><gpxtpx:TrackPointExtension><gpxtpx:hr>160</gpxtpx:hr><gpxtpx:cad>78</gpxtpx:cad></gpxtpx:TrackPointExtension></extensions><extensions><gpxtpx:PowerExtension><gpxtpx:PowerInWatts>239</gpxtpx:PowerInWatts></gpxtpx:PowerExtension></extensions></trkpt>
<trkpt lat="38.5777323" lon="-121.4629978">
<ele>12</ele><time>2025-01-28T18:57:22.999Z</time><extensions><gpxtpx:TrackPointExtension><gpxtpx:hr>160</gpxtpx:hr><gpxtpx:cad>84</gpxtpx:cad></gpxtpx:TrackPointExtension></extensions><extensions><gpxtpx:PowerExtension><gpxtpx:PowerInWatts>235</gpxtpx:PowerInWatts></gpxtpx:PowerExtension></extensions></trkpt>
<trkpt lat="38.5776520" lon="-121.4630022">
<ele>12</ele><time>2025-01-28T18:57:24.999Z</time><extensions><gpxtpx:TrackPointExtension><gpxtpx:hr>160</gpxtpx:hr><gpxtpx:cad>86</gpxtpx:cad></gpxtpx:TrackPointExtension></extensions><extensions><gpxtpx:PowerExtension><gpxtpx:PowerInWatts>235</gpxtpx:PowerInWatts></gpxtpx:PowerExtension></extensions></trkpt>
<trkpt lat="38.5776004" lon="-121.4630239">
<ele>12</ele><time>2025-01-28T18:57:26.999Z</time><extensions><gpxtpx:TrackPointExtension><gpxtpx:hr>160</gpxtpx:hr><gpxtpx:cad>86</gpxtpx:cad></gpxtpx:TrackPointExtension></extensions><extensions><gpxtpx:PowerExtension><gpxtpx:PowerInWatts>235</gpxtpx:PowerInWatts></gpxtpx:PowerExtension></extensions></trkpt>
<trkpt lat="38.5775570" lon="-121.4630690">
<ele>12</ele><time>2025-01-28T18:57:28.999Z</time><extensions><gpxtpx:TrackPointExtension><gpxtpx:hr>159</gpxtpx:hr><gpxtpx:cad>81</gpxtpx:cad></gpxtpx:TrackPointExtension></extensions><extensions><gpxtpx:PowerExtension><gpxtpx:PowerInWatts>238</gpxtpx:PowerInWatts></gpxtpx:PowerExtension></extensions></trkpt>
<trkpt lat="38.5774943" lon="-121.4630904">
<ele>12</ele><time>2025-01-28T18:57:30.999Z</time><extensions><gpxtpx:TrackPointExtension><gpxtpx:hr>158</gpxtpx:hr><gpxtpx:cad>82</gpxtpx:cad></gpxtpx:TrackPointExtension></extensions><extensions><gpxtpx:PowerExtension><gpxtpx:PowerInWatts>238</gpxtpx:PowerInWatts></gpxtpx:PowerExtension></extensions></trkpt>
<trkpt lat="38.5774297" lon="-121.4631070">
<ele>12</ele><time>2025-01-28T18:57:32.999Z</time><extensions><gpxtpx:TrackPointExtension><gpxtpx:hr>158</gpxtpx:hr><gpxtpx:cad>86</gpxtpx:cad></gpxtpx:TrackPointExtension></extensions><extensions><gpxtpx:PowerExtension><gpxtpx:PowerInWatts>238</gpxtpx:PowerInWatts></gpxtpx:PowerExtension></extensions></trkpt>
<trkpt lat="38.5773682" lon="-121.4631478">
<ele>12</ele><time>2025-01-28T18:57:34.999Z</time><extensions><gpxtpx:TrackPointExtension><gpxtpx:hr>159</gpxtpx:hr><gpxtpx:cad>81</gpxtpx:cad></gpxtpx:TrackPointExtension></extensions><extensions><gpxtpx:PowerExtension><gpxtpx:PowerInWatts>244</gpxtpx:PowerInWatts></gpxtpx:PowerExtension></extensions></trkpt>
<trkpt lat="38.5773132" lon="-121.4631819">
<ele>12</ele><time>2025-01-28T18:57:36.999Z</time><extensions><gpxtpx:TrackPointExtension><gpxtpx:hr>159</gpxtpx:hr><gpxtpx:cad>77</gpxtpx:cad></gpxtpx:TrackPointExtension></extensions><extensions><gpxtpx:PowerExtension><gpxtpx:PowerInWatts>244</gpxtpx:PowerInWatts></gpxtpx:PowerExtension></extensions></trkpt>
<trkpt lat="38.5772584" lon="-121.4632236">
<ele>12</ele><time>2025-01-28T18:57:38.999Z</time><extensions><gpxtpx:TrackPointExtension><gpxtpx:hr>159</gpxtpx:hr><gpxtpx:cad>77</gpxtpx:cad></gpxtpx:TrackPointExtension></extensions><extensions><gpxtpx:PowerExtension><gpxtpx:PowerInWatts>247</gpxtpx:PowerInWatts></gpxtpx:PowerExtension></extensions></trkpt>
<trkpt lat="38.5771872" lon="-121.4632332">
<ele>12</ele><time>2025-01-28T18:57:40.999Z</time><extensions><gpxtpx:TrackPointExtension><gpxtpx:hr>159</gpxtpx:hr><gpxtpx:cad>82</gpxtpx:cad></gpxtpx:TrackPointExtension></extensions><extensions><gpxtpx:PowerExtension><gpxtpx:PowerInWatts>250</gpxtpx:PowerInWatts></gpxtpx:PowerExtension></extensions></trkpt>
<trkpt lat="38.5771257" lon="-121.4632567">
<ele>12</ele><time>2025-01-28T18:57:42.999Z</time><extensions><gpxtpx:TrackPointExtension><gpxtpx:hr>160</gpxtpx:hr><gpxtpx:cad>85</gpxtpx:cad></gpxtpx:TrackPointExtension></extensions><extensions><gpxtpx:PowerExtension><gpxtpx:PowerInWatts>250</gpxtpx:PowerInWatts></gpxtpx:PowerExtension></extensions></trkpt>
<trkpt lat="38.5770713" lon="-121.4632416">
<ele>12</ele><time>2025-01-28T18:57:44.999Z</time><extensions><gpxtpx:TrackPointExtension><gpxtpx:hr>160</gpxtpx:hr><gpxtpx:cad>80</gpxtpx:cad></gpxtpx:TrackPointExtension></extensions><extensions><gpxtpx:PowerExtension><gpxtpx:PowerInWatts>250</gpxtpx:PowerInWatts></gpxtpx:PowerExtension></extensions></trkpt>
<trkpt lat="38.5770134" lon="-121.4632538">
<ele>12</ele><time>2025-01-28T18:57:46.999Z</time><extensions><gpxtpx:TrackPointExtension><gpxtpx:hr>160</gpxtpx:hr><gpxtpx:cad>76</gpxtpx:cad></gpxtpx:TrackPointExtension></extensions><extensions><gpxtpx:PowerExtension><gpxtpx:PowerInWatts>253</gpxtpx:PowerInWatts></gpxtpx:PowerExtension></extensions></trkpt>
<trkpt lat="38.5769510" lon="-121.4632668">
<ele>12</ele><time>2025-01-28T18:57:48.999Z</time><extensions><gpxtpx:TrackPointExtension><gpxtpx:hr>160</gpxtpx:hr><gpxtpx:cad>77</gpxtpx:cad></gpxtpx:TrackPointExtension></extensions><extensions><gpxtpx:PowerExtension><gpxtpx:PowerInWatts>256</gpxtpx:PowerInWatts></gpxtpx:PowerExtension></extensions></trkpt>
<trkpt lat="38.5768872" lon="-121.4632743">
<ele>12</ele><time>2025-01-28T18:57:50.999Z</time><extensions><gpxtpx:TrackPointExtension><gpxtpx:hr>160</gpxtpx:hr><gpxtpx:cad>77</gpxtpx:cad></gpxtpx:TrackPointExtension></extensions><extensions><gpxtpx:PowerExtension><gpxtpx:PowerInWatts>253</gpxtpx:PowerInWatts></gpxtpx:PowerExtension></extensions></trkpt>
<trkpt lat="38.5768252" lon="-121.4632966">
<ele>12</ele><time>2025-01-28T18:57:52.999Z</time><extensions><gpxtpx:TrackPointExtension><gpxtpx:hr>160</gpxtpx:hr><gpxtpx:cad>77</gpxtpx:cad></gpxtpx:TrackPointExtension></extensions><extensions><gpxtpx:PowerExtension><gpxtpx:PowerInWatts>252</gpxtpx:PowerInWatts></gpxtpx:PowerExtension></extensions></trkpt>
<trkpt lat="38.5767712" lon="-121.4633271">
<ele>12</ele><time>2025-01-28T18:57:54.999Z</time><extensions><gpxtpx:TrackPointExtension><gpxtpx:hr>160</gpxtpx:hr><gpxtpx:cad>78</gpxtpx:cad></gpxtpx:TrackPointExtension></extensions><extensions><gpxtpx:PowerExtension><gpxtpx:PowerInWatts>252</gpxtpx:PowerInWatts></gpxtpx:PowerExtension></extensions></trkpt>
<trkpt lat="38.5767158" lon="-121.4633388">
<ele>12</ele><time>2025-01-28T18:57:56.999Z</time><extensions><gpxtpx:TrackPointExtension><gpxtpx:hr>159</gpxtpx:hr><gpxtpx:cad>78</gpxtpx:cad></gpxtpx:TrackPointExtension></extensions><extensions><gpxtpx:PowerExtension><gpxtpx:PowerInWatts>253</gpxtpx:PowerInWatts></gpxtpx:PowerExtension></extensions></trkpt>
<trkpt lat="38.5766548" lon="-121.4633598">
<ele>11</ele><time>2025-01-28T18:57:58.999Z</time><extensions><gpxtpx:TrackPointExtension><gpxtpx:hr>159</gpxtpx:hr><gpxtpx:cad>83</gpxtpx:cad></gpxtpx:TrackPointExtension></extensions><extensions><gpxtpx:PowerExtension><gpxtpx:PowerInWatts>253</gpxtpx:PowerInWatts></gpxtpx:PowerExtension></extensions></trkpt>
<trkpt lat="38.5766095" lon="-121.4634007">
<ele>11</ele><time>2025-01-28T18:58:00.999Z</time><extensions><gpxtpx:TrackPointExtension><gpxtpx:hr>159</gpxtpx:hr><gpxtpx:cad>81</gpxtpx:cad></gpxtpx:TrackPointExtension></extensions><extensions><gpxtpx:PowerExtension><gpxtpx:PowerInWatts>252</gpxtpx:PowerInWatts></gpxtpx:PowerExtension></extensions></trkpt>
<trkpt lat="38.5765473" lon="-121.4634009">
<ele>11</ele><time>2025-01-28T18:58:02.999Z</time><extensions><gpxtpx:TrackPointExtension><gpxtpx:hr>159</gpxtpx:hr><gpxtpx:cad>77</gpxtpx:cad></gpxtpx:TrackPointExtension></extensions><extensions><gpxtpx:PowerExtension><gpxtpx:PowerInWatts>251</gpxtpx:PowerInWatts></gpxtpx:PowerExtension></extensions></trkpt>
<trkpt lat="38.5765043" lon="-121.4634365">
<ele>11</ele><time>2025-01-28T18:58:04.999Z</time><extensions><gpxtpx:TrackPointExtension><gpxtpx:hr>159</gpxtpx:hr><gpxtpx:cad>77</gpxtpx:cad></gpxtpx:TrackPointExtension></extensions><extensions><gpxtpx:PowerExtension><gpxtpx:PowerInWatts>251</gpxtpx:PowerInWatts></gpxtpx:PowerExtension></extensions></trkpt>
<trkpt lat="38.5764457" lon="-121.4634476">
<ele>11</ele><time>2025-01-28T18:58:06.999Z</time><extensions><gpxtpx:TrackPointExtension><gpxtpx:hr>159</gpxtpx:hr><gpxtpx:cad>78</gpxtpx:cad></gpxtpx:TrackPointExtension></extensions><extensions><gpxtpx:PowerExtension><gpxtpx:PowerInWatts>251</gpxtpx:PowerInWatts></gpxtpx:PowerExtension></extensions></trkpt>
<trkpt lat="38.5763984" lon="-121.4634758">
<ele>11</ele><time>2025-01-28T18:58:08.999Z</time><extensions><gpxtpx:TrackPointExtension><gpxtpx:hr>159</gpxtpx:hr><gpxtpx:cad>76</gpxtpx:cad></gpxtpx:TrackPointExtension></extensions><extensions><gpxtpx:PowerExtension><gpxtpx:PowerInWatts>248</gpxtpx:PowerInWatts></gpxtpx:PowerExtension></extensions></trkpt>
<trkpt lat="38.5763608" lon="-121.4635147">
<ele>11</ele><time>2025-01-28T18:58:10.999Z</time><extensions><gpxtpx:TrackPointExtension><gpxtpx:hr>158</gpxtpx:hr><gpxtpx:cad>77</gpxtpx:cad></gpxtpx:TrackPointExtension></extensions><extensions><gpxtpx:PowerExtension><gpxtpx:PowerInWatts>243</gpxtpx:PowerInWatts></gpxtpx:PowerExtension></extensions></trkpt>
<trkpt lat="38.5763008" lon="-121.4635145">
<ele>11</ele><time>2025-01-28T18:58:12.999Z</time><extensions><gpxtpx:TrackPointExtension><gpxtpx:hr>158</gpxtpx:hr><gpxtpx:cad>76</gpxtpx:cad></gpxtpx:TrackPointExtension></extensions><extensions><gpxtpx:PowerExtension><gpxtpx:PowerInWatts>243</gpxtpx:PowerInWatts></gpxtpx:PowerExtension></extensions></trkpt>
<trkpt lat="38.5762557" lon="-121.4635319">
<ele>11</ele><time>2025-01-28T18:58:14.999Z</time><extensions><gpxtpx:TrackPointExtension><gpxtpx:hr>158</gpxtpx:hr><gpxtpx:cad>76</gpxtpx:cad></gpxtpx:TrackPointExtension></extensions><extensions><gpxtpx:PowerExtension><gpxtpx:PowerInWatts>240</gpxtpx:PowerInWatts></gpxtpx:PowerExtension></extensions></trkpt>
<trkpt lat="38.5762031" lon="-121.4635772">
<ele>11</ele><time>2025-01-28T18:58:16.999Z</time><extensions><gpxtpx:TrackPointExtension><gpxtpx:hr>158</gpxtpx:hr><gpxtpx:cad>75</gpxtpx:cad></gpxtpx:TrackPointExtension></extensions><extensions><gpxtpx:PowerExtension><gpxtpx:PowerInWatts>240</gpxtpx:PowerInWatts></gpxtpx:PowerExtension></extensions></trkpt>
<trkpt lat="38.5761471" lon="-121.4635874">
<ele>11</ele><time>2025-01-28T18:58:18.999Z</time><extensions><gpxtpx:TrackPointExtension><gpxtpx:hr>158</gpxtpx:hr><gpxtpx:cad>79</gpxtpx:cad></gpxtpx:TrackPointExtension></extensions><extensions><gpxtpx:PowerExtension><gpxtpx:PowerInWatts>236</gpxtpx:PowerInWatts></gpxtpx:PowerExtension></extensions></trkpt>
<trkpt lat="38.5760921" lon="-121.4636124">
<ele>11</ele><time>2025-01-28T18:58:20.999Z</time><extensions><gpxtpx:TrackPointExtension><gpxtpx:hr>158</gpxtpx:hr><gpxtpx:cad>83</gpxtpx:cad></gpxtpx:TrackPointExtension></extensions><extensions><gpxtpx:PowerExtension><gpxtpx:PowerInWatts>234</gpxtpx:PowerInWatts></gpxtpx:PowerExtension></extensions></trkpt>
<trkpt lat="38.5760375" lon="-121.4636327">
<ele>11</ele><time>2025-01-28T18:58:22.999Z</time><extensions><gpxtpx:TrackPointExtension><gpxtpx:hr>157</gpxtpx:hr><gpxtpx:cad>81</gpxtpx:cad></gpxtpx:TrackPointExtension></extensions><extensions><gpxtpx:PowerExtension><gpxtpx:PowerInWatts>234</gpxtpx:PowerInWatts></gpxtpx:PowerExtension></extensions></trkpt>
<trkpt lat="38.5759892" lon="-121.4636115">
<ele>11</ele><time>2025-01-28T18:58:24.999Z</time><extensions><gpxtpx:TrackPointExtension><gpxtpx:hr>157</gpxtpx:hr><gpxtpx:cad>80</gpxtpx:cad></gpxtpx:TrackPointExtension></extensions><extensions><gpxtpx:PowerExtension><gpxtpx:PowerInWatts>232</gpxtpx:PowerInWatts></gpxtpx:PowerExtension></extensions></trkpt>
<trkpt lat="38.5759377" lon="-121.4635878">
<ele>11</ele><time>2025-01-28T18:58:27.999Z</time><extensions><gpxtpx:TrackPointExtension><gpxtpx:hr>156</gpxtpx:hr><gpxtpx:cad>76</gpxtpx:cad></gpxtpx:TrackPointExtension></extensions><extensions><gpxtpx:PowerExtension><gpxtpx:PowerInWatts>232</gpxtpx:PowerInWatts></gpxtpx:PowerExtension></extensions></trkpt>
<trkpt lat="38.5758858" lon="-121.4635877">
<ele>11</ele><time>2025-01-28T18:58:29.999Z</time><extensions><gpxtpx:TrackPointExtension><gpxtpx:hr>156</gpxtpx:hr><gpxtpx:cad>78</gpxtpx:cad></gpxtpx:TrackPointExtension></extensions><extensions><gpxtpx:PowerExtension><gpxtpx:PowerInWatts>227</gpxtpx:PowerInWatts></gpxtpx:PowerExtension></extensions></trkpt>
<trkpt lat="38.5758392" lon="-121.4635740">
<ele>11</ele><time>2025-01-28T18:58:31.999Z</time><extensions><gpxtpx:TrackPointExtension><gpxtpx:hr>156</gpxtpx:hr><gpxtpx:cad>81</gpxtpx:cad></gpxtpx:TrackPointExtension></extensions><extensions><gpxtpx:PowerExtension><gpxtpx:PowerInWatts>216</gpxtpx:PowerInWatts></gpxtpx:PowerExtension></extensions></trkpt>
<trkpt lat="38.5757951" lon="-121.4635984">
<ele>11</ele><time>2025-01-28T18:58:33.999Z</time><extensions><gpxtpx:TrackPointExtension><gpxtpx:hr>155</gpxtpx:hr><gpxtpx:cad>79</gpxtpx:cad></gpxtpx:TrackPointExtension></extensions><extensions><gpxtpx:PowerExtension><gpxtpx:PowerInWatts>216</gpxtpx:PowerInWatts></gpxtpx:PowerExtension></extensions></trkpt>
<trkpt lat="38.5757370" lon="-121.4636193">
<ele>11</ele><time>2025-01-28T18:58:35.999Z</time><extensions><gpxtpx:TrackPointExtension><gpxtpx:hr>155</gpxtpx:hr><gpxtpx:cad>79</gpxtpx:cad></gpxtpx:TrackPointExtension></extensions><extensions><gpxtpx:PowerExtension><gpxtpx:PowerInWatts>216</gpxtpx:PowerInWatts></gpxtpx:PowerExtension></extensions></trkpt>
<trkpt lat="38.5756903" lon="-121.4636458">
<ele>11</ele><time>2025-01-28T18:58:37.999Z</time><extensions><gpxtpx:TrackPointExtension><gpxtpx:hr>155</gpxtpx:hr><gpxtpx:cad>79</gpxtpx:cad></gpxtpx:TrackPointExtension></extensions><extensions><gpxtpx:PowerExtension><gpxtpx:PowerInWatts>214</gpxtpx:PowerInWatts></gpxtpx:PowerExtension></extensions></trkpt>
<trkpt lat="38.5756074" lon="-121.4636505">
<ele>11</ele><time>2025-01-28T18:58:40.999Z</time><extensions><gpxtpx:TrackPointExtension><gpxtpx:hr>155</gpxtpx:hr><gpxtpx:cad>78</gpxtpx:cad></gpxtpx:TrackPointExtension></extensions><extensions><gpxtpx:PowerExtension><gpxtpx:PowerInWatts>213</gpxtpx:PowerInWatts></gpxtpx:PowerExtension></extensions></trkpt>
<trkpt lat="38.5755553" lon="-121.4636910">
<ele>11</ele><time>2025-01-28T18:58:42.999Z</time><extensions><gpxtpx:TrackPointExtension><gpxtpx:hr>154</gpxtpx:hr><gpxtpx:cad>84</gpxtpx:cad></gpxtpx:TrackPointExtension></extensions><extensions><gpxtpx:PowerExtension><gpxtpx:PowerInWatts>213</gpxtpx:PowerInWatts></gpxtpx:PowerExtension></extensions></trkpt>
<trkpt lat="38.5754976" lon="-121.4637178">
<ele>11</ele><time>2025-01-28T18:58:44.999Z</time><extensions><gpxtpx:TrackPointExtension><gpxtpx:hr>154</gpxtpx:hr><gpxtpx:cad>84</gpxtpx:cad></gpxtpx:TrackPointExtension></extensions><extensions><gpxtpx:PowerExtension><gpxtpx:PowerInWatts>213</gpxtpx:PowerInWatts></gpxtpx:PowerExtension></extensions></trkpt>
<trkpt lat="38.5754444" lon="-121.4637416">
<ele>11</ele><time>2025-01-28T18:58:46.999Z</time><extensions><gpxtpx:TrackPointExtension><gpxtpx:hr>153</gpxtpx:hr><gpxtpx:cad>79</gpxtpx:cad></gpxtpx:TrackPointExtension></extensions><extensions><gpxtpx:PowerExtension><gpxtpx:PowerInWatts>212</gpxtpx:PowerInWatts></gpxtpx:PowerExtension></extensions></trkpt>
<trkpt lat="38.5753953" lon="-121.4637609">
<ele>11</ele><time>2025-01-28T18:58:48.999Z</time><extensions><gpxtpx:TrackPointExtension><gpxtpx:hr>154</gpxtpx:hr><gpxtpx:cad>74</gpxtpx:cad></gpxtpx:TrackPointExtension></extensions><extensions><gpxtpx:PowerExtension><gpxtpx:PowerInWatts>216</gpxtpx:PowerInWatts></gpxtpx:PowerExtension></extensions></trkpt>
<trkpt lat="38.5753369" lon="-121.4637777">
<ele>11</ele><time>2025-01-28T18:58:50.999Z</time><extensions><gpxtpx:TrackPointExtension><gpxtpx:hr>154</gpxtpx:hr><gpxtpx:cad>76</gpxtpx:cad></gpxtpx:TrackPointExtension></extensions><extensions><gpxtpx:PowerExtension><gpxtpx:PowerInWatts>216</gpxtpx:PowerInWatts></gpxtpx:PowerExtension></extensions></trkpt>
<trkpt lat="38.5752861" lon="-121.4637600">
<ele>11</ele><time>2025-01-28T18:58:52.999Z</time><extensions><gpxtpx:TrackPointExtension><gpxtpx:hr>154</gpxtpx:hr><gpxtpx:cad>74</gpxtpx:cad></gpxtpx:TrackPointExtension></extensions><extensions><gpxtpx:PowerExtension><gpxtpx:PowerInWatts>219</gpxtpx:PowerInWatts></gpxtpx:PowerExtension></extensions></trkpt>
<trkpt lat="38.5752433" lon="-121.4637215">
<ele>11</ele><time>2025-01-28T18:58:54.999Z</time><extensions><gpxtpx:TrackPointExtension><gpxtpx:hr>154</gpxtpx:hr><gpxtpx:cad>79</gpxtpx:cad></gpxtpx:TrackPointExtension></extensions><extensions><gpxtpx:PowerExtension><gpxtpx:PowerInWatts>219</gpxtpx:PowerInWatts></gpxtpx:PowerExtension></extensions></trkpt>
<trkpt lat="38.5751898" lon="-121.4637237">
<ele>11</ele><time>2025-01-28T18:58:56.999Z</time><extensions><gpxtpx:TrackPointExtension><gpxtpx:hr>154</gpxtpx:hr><gpxtpx:cad>79</gpxtpx:cad></gpxtpx:TrackPointExtension></extensions><extensions><gpxtpx:PowerExtension><gpxtpx:PowerInWatts>219</gpxtpx:PowerInWatts></gpxtpx:PowerExtension></extensions></trkpt>
<trkpt lat="38.5751313" lon="-121.4637239">
<ele>11</ele><time>2025-01-28T18:58:58.999Z</time><extensions><gpxtpx:TrackPointExtension><gpxtpx:hr>154</gpxtpx:hr><gpxtpx:cad>81</gpxtpx:cad></gpxtpx:TrackPointExtension></extensions><extensions><gpxtpx:PowerExtension><gpxtpx:PowerInWatts>219</gpxtpx:PowerInWatts></gpxtpx:PowerExtension></extensions></trkpt>
<trkpt lat="38.5750801" lon="-121.4637148">
<ele>11</ele><time>2025-01-28T18:59:00.999Z</time><extensions><gpxtpx:TrackPointExtension><gpxtpx:hr>154</gpxtpx:hr><gpxtpx:cad>78</gpxtpx:cad></gpxtpx:TrackPointExtension></extensions><extensions><gpxtpx:PowerExtension><gpxtpx:PowerInWatts>218</gpxtpx:PowerInWatts></gpxtpx:PowerExtension></extensions></trkpt>
<trkpt lat="38.5750428" lon="-121.4636601">
<ele>11</ele><time>2025-01-28T18:59:02.999Z</time><extensions><gpxtpx:TrackPointExtension><gpxtpx:hr>154</gpxtpx:hr><gpxtpx:cad>75</gpxtpx:cad></gpxtpx:TrackPointExtension></extensions><extensions><gpxtpx:PowerExtension><gpxtpx:PowerInWatts>218</gpxtpx:PowerInWatts></gpxtpx:PowerExtension></extensions></trkpt>
<trkpt lat="38.5749985" lon="-121.4635938">
<ele>11</ele><time>2025-01-28T18:59:04.999Z</time><extensions><gpxtpx:TrackPointExtension><gpxtpx:hr>155</gpxtpx:hr><gpxtpx:cad>78</gpxtpx:cad></gpxtpx:TrackPointExtension></extensions><extensions><gpxtpx:PowerExtension><gpxtpx:PowerInWatts>218</gpxtpx:PowerInWatts></gpxtpx:PowerExtension></extensions></trkpt>
<trkpt lat="38.5749475" lon="-121.4635283">
<ele>11</ele><time>2025-01-28T18:59:07.999Z</time><extensions><gpxtpx:TrackPointExtension><gpxtpx:hr>155</gpxtpx:hr><gpxtpx:cad>83</gpxtpx:cad></gpxtpx:TrackPointExtension></extensions><extensions><gpxtpx:PowerExtension><gpxtpx:PowerInWatts>219</gpxtpx:PowerInWatts></gpxtpx:PowerExtension></extensions></trkpt>
<trkpt lat="38.5749024" lon="-121.4634917">
<ele>12</ele><time>2025-01-28T18:59:09.999Z</time><extensions><gpxtpx:TrackPointExtension><gpxtpx:hr>155</gpxtpx:hr><gpxtpx:cad>77</gpxtpx:cad></gpxtpx:TrackPointExtension></extensions><extensions><gpxtpx:PowerExtension><gpxtpx:PowerInWatts>220</gpxtpx:PowerInWatts></gpxtpx:PowerExtension></extensions></trkpt>
<trkpt lat="38.5748868" lon="-121.4634075">
<ele>12</ele><time>2025-01-28T18:59:11.999Z</time><extensions><gpxtpx:TrackPointExtension><gpxtpx:hr>156</gpxtpx:hr><gpxtpx:cad>72</gpxtpx:cad></gpxtpx:TrackPointExtension></extensions><extensions><gpxtpx:PowerExtension><gpxtpx:PowerInWatts>220</gpxtpx:PowerInWatts></gpxtpx:PowerExtension></extensions></trkpt>
<trkpt lat="38.5748702" lon="-121.4633259">
<ele>12</ele><time>2025-01-28T18:59:14.999Z</time><extensions><gpxtpx:TrackPointExtension><gpxtpx:hr>156</gpxtpx:hr><gpxtpx:cad>81</gpxtpx:cad></gpxtpx:TrackPointExtension></extensions><extensions><gpxtpx:PowerExtension><gpxtpx:PowerInWatts>220</gpxtpx:PowerInWatts></gpxtpx:PowerExtension></extensions></trkpt>
<trkpt lat="38.5748495" lon="-121.4632326">
<ele>12</ele><time>2025-01-28T18:59:17.999Z</time><extensions><gpxtpx:TrackPointExtension><gpxtpx:hr>157</gpxtpx:hr><gpxtpx:cad>78</gpxtpx:cad></gpxtpx:TrackPointExtension></extensions><extensions><gpxtpx:PowerExtension><gpxtpx:PowerInWatts>221</gpxtpx:PowerInWatts></gpxtpx:PowerExtension></extensions></trkpt>
<trkpt lat="38.5748448" lon="-121.4631731">
<ele>12</ele><time>2025-01-28T18:59:19.999Z</time><extensions><gpxtpx:TrackPointExtension><gpxtpx:hr>157</gpxtpx:hr><gpxtpx:cad>74</gpxtpx:cad></gpxtpx:TrackPointExtension></extensions><extensions><gpxtpx:PowerExtension><gpxtpx:PowerInWatts>220</gpxtpx:PowerInWatts></gpxtpx:PowerExtension></extensions></trkpt>
<trkpt lat="38.5748295" lon="-121.4631005">
<ele>12</ele><time>2025-01-28T18:59:21.999Z</time><extensions><gpxtpx:TrackPointExtension><gpxtpx:hr>157</gpxtpx:hr><gpxtpx:cad>78</gpxtpx:cad></gpxtpx:TrackPointExtension></extensions><extensions><gpxtpx:PowerExtension><gpxtpx:PowerInWatts>220</gpxtpx:PowerInWatts></gpxtpx:PowerExtension></extensions></trkpt>
<trkpt lat="38.5748200" lon="-121.4630400">
<ele>12</ele><time>2025-01-28T18:59:23.999Z</time><extensions><gpxtpx:TrackPointExtension><gpxtpx:hr>157</gpxtpx:hr><gpxtpx:cad>78</gpxtpx:cad></gpxtpx:TrackPointExtension></extensions><extensions><gpxtpx:PowerExtension><gpxtpx:PowerInWatts>217</gpxtpx:PowerInWatts></gpxtpx:PowerExtension></extensions></trkpt>
<trkpt lat="38.5748037" lon="-121.4629662">
<ele>12</ele><time>2025-01-28T18:59:25.999Z</time><extensions><gpxtpx:TrackPointExtension><gpxtpx:hr>156</gpxtpx:hr><gpxtpx:cad>78</gpxtpx:cad></gpxtpx:TrackPointExtension></extensions><extensions><gpxtpx:PowerExtension><gpxtpx:PowerInWatts>216</gpxtpx:PowerInWatts></gpxtpx:PowerExtension></extensions></trkpt>
<trkpt lat="38.5747795" lon="-121.4629091">
<ele>12</ele><time>2025-01-28T18:59:27.999Z</time><extensions><gpxtpx:TrackPointExtension><gpxtpx:hr>155</gpxtpx:hr><gpxtpx:cad>76</gpxtpx:cad></gpxtpx:TrackPointExtension></extensions><extensions><gpxtpx:PowerExtension><gpxtpx:PowerInWatts>216</gpxtpx:PowerInWatts></gpxtpx:PowerExtension></extensions></trkpt>
<trkpt lat="38.5747556" lon="-121.4628573">
<ele>12</ele><time>2025-01-28T18:59:29.999Z</time><extensions><gpxtpx:TrackPointExtension><gpxtpx:hr>155</gpxtpx:hr><gpxtpx:cad>75</gpxtpx:cad></gpxtpx:TrackPointExtension></extensions><extensions><gpxtpx:PowerExtension><gpxtpx:PowerInWatts>219</gpxtpx:PowerInWatts></gpxtpx:PowerExtension></extensions></trkpt>
<trkpt lat="38.5747337" lon="-121.4627903">
<ele>12</ele><time>2025-01-28T18:59:31.999Z</time><extensions><gpxtpx:TrackPointExtension><gpxtpx:hr>155</gpxtpx:hr><gpxtpx:cad>78</gpxtpx:cad></gpxtpx:TrackPointExtension></extensions><extensions><gpxtpx:PowerExtension><gpxtpx:PowerInWatts>219</gpxtpx:PowerInWatts></gpxtpx:PowerExtension></extensions></trkpt>
<trkpt lat="38.5747079" lon="-121.4627180">
<ele>12</ele><time>2025-01-28T18:59:33.999Z</time><extensions><gpxtpx:TrackPointExtension><gpxtpx:hr>155</gpxtpx:hr><gpxtpx:cad>79</gpxtpx:cad></gpxtpx:TrackPointExtension></extensions><extensions><gpxtpx:PowerExtension><gpxtpx:PowerInWatts>219</gpxtpx:PowerInWatts></gpxtpx:PowerExtension></extensions></trkpt>
<trkpt lat="38.5747064" lon="-121.4626493">
<ele>12</ele><time>2025-01-28T18:59:35.999Z</time><extensions><gpxtpx:TrackPointExtension><gpxtpx:hr>155</gpxtpx:hr><gpxtpx:cad>75</gpxtpx:cad></gpxtpx:TrackPointExtension></extensions><extensions><gpxtpx:PowerExtension><gpxtpx:PowerInWatts>219</gpxtpx:PowerInWatts></gpxtpx:PowerExtension></extensions></trkpt>
<trkpt lat="38.5746915" lon="-121.4625833">
<ele>12</ele><time>2025-01-28T18:59:37.999Z</time><extensions><gpxtpx:TrackPointExtension><gpxtpx:hr>155</gpxtpx:hr><gpxtpx:cad>77</gpxtpx:cad></gpxtpx:TrackPointExtension></extensions><extensions><gpxtpx:PowerExtension><gpxtpx:PowerInWatts>219</gpxtpx:PowerInWatts></gpxtpx:PowerExtension></extensions></trkpt>
<trkpt lat="38.5746723" lon="-121.4625226">
<ele>12</ele><time>2025-01-28T18:59:39.999Z</time><extensions><gpxtpx:TrackPointExtension><gpxtpx:hr>154</gpxtpx:hr><gpxtpx:cad>79</gpxtpx:cad></gpxtpx:TrackPointExtension></extensions><extensions><gpxtpx:PowerExtension><gpxtpx:PowerInWatts>219</gpxtpx:PowerInWatts></gpxtpx:PowerExtension></extensions></trkpt>
<trkpt lat="38.5746625" lon="-121.4624639">
<ele>12</ele><time>2025-01-28T18:59:41.999Z</time><extensions><gpxtpx:TrackPointExtension><gpxtpx:hr>154</gpxtpx:hr><gpxtpx:cad>72</gpxtpx:cad></gpxtpx:TrackPointExtension></extensions><extensions><gpxtpx:PowerExtension><gpxtpx:PowerInWatts>219</gpxtpx:PowerInWatts></gpxtpx:PowerExtension></extensions></trkpt>
<trkpt lat="38.5746402" lon="-121.4623967">
<ele>12</ele><time>2025-01-28T18:59:43.999Z</time><extensions><gpxtpx:TrackPointExtension><gpxtpx:hr>154</gpxtpx:hr><gpxtpx:cad>77</gpxtpx:cad></gpxtpx:TrackPointExtension></extensions><extensions><gpxtpx:PowerExtension><gpxtpx:PowerInWatts>220</gpxtpx:PowerInWatts></gpxtpx:PowerExtension></extensions></trkpt>
<trkpt lat="38.5746194" lon="-121.4623370">
<ele>12</ele><time>2025-01-28T18:59:45.999Z</time><extensions><gpxtpx:TrackPointExtension><gpxtpx:hr>154</gpxtpx:hr><gpxtpx:cad>79</gpxtpx:cad></gpxtpx:TrackPointExtension></extensions><extensions><gpxtpx:PowerExtension><gpxtpx:PowerInWatts>221</gpxtpx:PowerInWatts></gpxtpx:PowerExtension></extensions></trkpt>
<trkpt lat="38.5746071" lon="-121.4622607">
<ele>12</ele><time>2025-01-28T18:59:47.999Z</time><extensions><gpxtpx:TrackPointExtension><gpxtpx:hr>155</gpxtpx:hr><gpxtpx:cad>80</gpxtpx:cad></gpxtpx:TrackPointExtension></extensions><extensions><gpxtpx:PowerExtension><gpxtpx:PowerInWatts>221</gpxtpx:PowerInWatts></gpxtpx:PowerExtension></extensions></trkpt>
<trkpt lat="38.5745928" lon="-121.4621991">
<ele>12</ele><time>2025-01-28T18:59:49.999Z</time><extensions><gpxtpx:TrackPointExtension><gpxtpx:hr>155</gpxtpx:hr><gpxtpx:cad>80</gpxtpx:cad></gpxtpx:TrackPointExtension></extensions><extensions><gpxtpx:PowerExtension><gpxtpx:PowerInWatts>221</gpxtpx:PowerInWatts></gpxtpx:PowerExtension></extensions></trkpt>
<trkpt lat="38.5745689" lon="-121.4621487">
<ele>12</ele><time>2025-01-28T18:59:51.999Z</time><extensions><gpxtpx:TrackPointExtension><gpxtpx:hr>155</gpxtpx:hr><gpxtpx:cad>78</gpxtpx:cad></gpxtpx:TrackPointExtension></extensions><extensions><gpxtpx:PowerExtension><gpxtpx:PowerInWatts>220</gpxtpx:PowerInWatts></gpxtpx:PowerExtension></extensions></trkpt>
<trkpt lat="38.5745368" lon="-121.4620908">
<ele>12</ele><time>2025-01-28T18:59:53.999Z</time><extensions><gpxtpx:TrackPointExtension><gpxtpx:hr>155</gpxtpx:hr><gpxtpx:cad>78</gpxtpx:cad></gpxtpx:TrackPointExtension></extensions><extensions><gpxtpx:PowerExtension><gpxtpx:PowerInWatts>221</gpxtpx:PowerInWatts></gpxtpx:PowerExtension></extensions></trkpt>
<trkpt lat="38.5744736" lon="-121.4620340">
<ele>12</ele><time>2025-01-28T18:59:55.999Z</time><extensions><gpxtpx:TrackPointExtension><gpxtpx:hr>155</gpxtpx:hr><gpxtpx:cad>83</gpxtpx:cad></gpxtpx:TrackPointExtension></extensions><extensions><gpxtpx:PowerExtension><gpxtpx:PowerInWatts>221</gpxtpx:PowerInWatts></gpxtpx:PowerExtension></extensions></trkpt>
<trkpt lat="38.5744611" lon="-121.4619681">
<ele>12</ele><time>2025-01-28T18:59:57.999Z</time><extensions><gpxtpx:TrackPointExtension><gpxtpx:hr>155</gpxtpx:hr><gpxtpx:cad>80</gpxtpx:cad></gpxtpx:TrackPointExtension></extensions><extensions><gpxtpx:PowerExtension><gpxtpx:PowerInWatts>222</gpxtpx:PowerInWatts></gpxtpx:PowerExtension></extensions></trkpt>
<trkpt lat="38.5744530" lon="-121.4618863">
<ele>12</ele><time>2025-01-28T18:59:59.999Z</time><extensions><gpxtpx:TrackPointExtension><gpxtpx:hr>155</gpxtpx:hr><gpxtpx:cad>78</gpxtpx:cad></gpxtpx:TrackPointExtension></extensions><extensions><gpxtpx:PowerExtension><gpxtpx:PowerInWatts>222</gpxtpx:PowerInWatts></gpxtpx:PowerExtension></extensions></trkpt>
<trkpt lat="38.5744260" lon="-121.4618099">
<ele>12</ele><time>2025-01-28T19:00:01.999Z</time><extensions><gpxtpx:TrackPointExtension><gpxtpx:hr>155</gpxtpx:hr><gpxtpx:cad>78</gpxtpx:cad></gpxtpx:TrackPointExtension></extensions><extensions><gpxtpx:PowerExtension><gpxtpx:PowerInWatts>231</gpxtpx:PowerInWatts></gpxtpx:PowerExtension></extensions></trkpt>
<trkpt lat="38.5744035" lon="-121.4617353">
<ele>12</ele><time>2025-01-28T19:00:03.999Z</time><extensions><gpxtpx:TrackPointExtension><gpxtpx:hr>155</gpxtpx:hr><gpxtpx:cad>83</gpxtpx:cad></gpxtpx:TrackPointExtension></extensions><extensions><gpxtpx:PowerExtension><gpxtpx:PowerInWatts>231</gpxtpx:PowerInWatts></gpxtpx:PowerExtension></extensions></trkpt>
<trkpt lat="38.5743875" lon="-121.4616667">
<ele>12</ele><time>2025-01-28T19:00:05.999Z</time><extensions><gpxtpx:TrackPointExtension><gpxtpx:hr>156</gpxtpx:hr><gpxtpx:cad>78</gpxtpx:cad></gpxtpx:TrackPointExtension></extensions><extensions><gpxtpx:PowerExtension><gpxtpx:PowerInWatts>233</gpxtpx:PowerInWatts></gpxtpx:PowerExtension></extensions></trkpt>
<trkpt lat="38.5743812" lon="-121.4615966">
<ele>12</ele><time>2025-01-28T19:00:07.999Z</time><extensions><gpxtpx:TrackPointExtension><gpxtpx:hr>156</gpxtpx:hr><gpxtpx:cad>78</gpxtpx:cad></gpxtpx:TrackPointExtension></extensions><extensions><gpxtpx:PowerExtension><gpxtpx:PowerInWatts>233</gpxtpx:PowerInWatts></gpxtpx:PowerExtension></extensions></trkpt>
<trkpt lat="38.5743746" lon="-121.4615241">
<ele>12</ele><time>2025-01-28T19:00:09.999Z</time><extensions><gpxtpx:TrackPointExtension><gpxtpx:hr>155</gpxtpx:hr><gpxtpx:cad>78</gpxtpx:cad></gpxtpx:TrackPointExtension></extensions><extensions><gpxtpx:PowerExtension><gpxtpx:PowerInWatts>233</gpxtpx:PowerInWatts></gpxtpx:PowerExtension></extensions></trkpt>
<trkpt lat="38.5743606" lon="-121.4614404">
<ele>12</ele><time>2025-01-28T19:00:11.999Z</time><extensions><gpxtpx:TrackPointExtension><gpxtpx:hr>155</gpxtpx:hr><gpxtpx:cad>80</gpxtpx:cad></gpxtpx:TrackPointExtension></extensions><extensions><gpxtpx:PowerExtension><gpxtpx:PowerInWatts>233</gpxtpx:PowerInWatts></gpxtpx:PowerExtension></extensions></trkpt>
<trkpt lat="38.5743443" lon="-121.4613635">
<ele>12</ele><time>2025-01-28T19:00:13.999Z</time><extensions><gpxtpx:TrackPointExtension><gpxtpx:hr>155</gpxtpx:hr><gpxtpx:cad>82</gpxtpx:cad></gpxtpx:TrackPointExtension></extensions><extensions><gpxtpx:PowerExtension><gpxtpx:PowerInWatts>236</gpxtpx:PowerInWatts></gpxtpx:PowerExtension></extensions></trkpt>
<trkpt lat="38.5743265" lon="-121.4612984">
<ele>12</ele><time>2025-01-28T19:00:15.999Z</time><extensions><gpxtpx:TrackPointExtension><gpxtpx:hr>156</gpxtpx:hr><gpxtpx:cad>78</gpxtpx:cad></gpxtpx:TrackPointExtension></extensions><extensions><gpxtpx:PowerExtension><gpxtpx:PowerInWatts>239</gpxtpx:PowerInWatts></gpxtpx:PowerExtension></extensions></trkpt>
<trkpt lat="38.5743073" lon="-121.4612278">
<ele>12</ele><time>2025-01-28T19:00:17.999Z</time><extensions><gpxtpx:TrackPointExtension><gpxtpx:hr>156</gpxtpx:hr><gpxtpx:cad>76</gpxtpx:cad></gpxtpx:TrackPointExtension></extensions><extensions><gpxtpx:PowerExtension><gpxtpx:PowerInWatts>239</gpxtpx:PowerInWatts></gpxtpx:PowerExtension></extensions></trkpt>
<trkpt lat="38.5742879" lon="-121.4611569">
<ele>12</ele><time>2025-01-28T19:00:19.999Z</time><extensions><gpxtpx:TrackPointExtension><gpxtpx:hr>157</gpxtpx:hr><gpxtpx:cad>76</gpxtpx:cad></gpxtpx:TrackPointExtension></extensions><extensions><gpxtpx:PowerExtension><gpxtpx:PowerInWatts>242</gpxtpx:PowerInWatts></gpxtpx:PowerExtension></extensions></trkpt>
<trkpt lat="38.5742700" lon="-121.4610911">
<ele>12</ele><time>2025-01-28T19:00:21.999Z</time><extensions><gpxtpx:TrackPointExtension><gpxtpx:hr>157</gpxtpx:hr><gpxtpx:cad>75</gpxtpx:cad></gpxtpx:TrackPointExtension></extensions><extensions><gpxtpx:PowerExtension><gpxtpx:PowerInWatts>242</gpxtpx:PowerInWatts></gpxtpx:PowerExtension></extensions></trkpt>
<trkpt lat="38.5742502" lon="-121.4610186">
<ele>12</ele><time>2025-01-28T19:00:23.999Z</time><extensions><gpxtpx:TrackPointExtension><gpxtpx:hr>157</gpxtpx:hr><gpxtpx:cad>77</gpxtpx:cad></gpxtpx:TrackPointExtension></extensions><extensions><gpxtpx:PowerExtension><gpxtpx:PowerInWatts>243</gpxtpx:PowerInWatts></gpxtpx:PowerExtension></extensions></trkpt>
<trkpt lat="38.5742279" lon="-121.4609366">
<ele>12</ele><time>2025-01-28T19:00:25.999Z</time><extensions><gpxtpx:TrackPointExtension><gpxtpx:hr>157</gpxtpx:hr><gpxtpx:cad>78</gpxtpx:cad></gpxtpx:TrackPointExtension></extensions><extensions><gpxtpx:PowerExtension><gpxtpx:PowerInWatts>243</gpxtpx:PowerInWatts></gpxtpx:PowerExtension></extensions></trkpt>
<trkpt lat="38.5742114" lon="-121.4608764">
<ele>12</ele><time>2025-01-28T19:00:27.999Z</time><extensions><gpxtpx:TrackPointExtension><gpxtpx:hr>157</gpxtpx:hr><gpxtpx:cad>80</gpxtpx:cad></gpxtpx:TrackPointExtension></extensions><extensions><gpxtpx:PowerExtension><gpxtpx:PowerInWatts>243</gpxtpx:PowerInWatts></gpxtpx:PowerExtension></extensions></trkpt>
<trkpt lat="38.5741764" lon="-121.4607772">
<ele>12</ele><time>2025-01-28T19:00:29.999Z</time><extensions><gpxtpx:TrackPointExtension><gpxtpx:hr>157</gpxtpx:hr><gpxtpx:cad>80</gpxtpx:cad></gpxtpx:TrackPointExtension></extensions><extensions><gpxtpx:PowerExtension><gpxtpx:PowerInWatts>241</gpxtpx:PowerInWatts></gpxtpx:PowerExtension></extensions></trkpt>
<trkpt lat="38.5741337" lon="-121.4607337">
<ele>12</ele><time>2025-01-28T19:00:32.999Z</time><extensions><gpxtpx:TrackPointExtension><gpxtpx:hr>157</gpxtpx:hr><gpxtpx:cad>81</gpxtpx:cad></gpxtpx:TrackPointExtension></extensions><extensions><gpxtpx:PowerExtension><gpxtpx:PowerInWatts>245</gpxtpx:PowerInWatts></gpxtpx:PowerExtension></extensions></trkpt>
<trkpt lat="38.5741052" lon="-121.4606862">
<ele>12</ele><time>2025-01-28T19:00:34.999Z</time><extensions><gpxtpx:TrackPointExtension><gpxtpx:hr>157</gpxtpx:hr><gpxtpx:cad>78</gpxtpx:cad></gpxtpx:TrackPointExtension></extensions><extensions><gpxtpx:PowerExtension><gpxtpx:PowerInWatts>245</gpxtpx:PowerInWatts></gpxtpx:PowerExtension></extensions></trkpt>
<trkpt lat="38.5741293" lon="-121.4606201">
<ele>12</ele><time>2025-01-28T19:00:35.999Z</time><extensions><gpxtpx:TrackPointExtension><gpxtpx:hr>157</gpxtpx:hr><gpxtpx:cad>78</gpxtpx:cad></gpxtpx:TrackPointExtension></extensions><extensions><gpxtpx:PowerExtension><gpxtpx:PowerInWatts>245</gpxtpx:PowerInWatts></gpxtpx:PowerExtension></extensions></trkpt>
<trkpt lat="38.5741187" lon="-121.4605480">
<ele>12</ele><time>2025-01-28T19:00:37.999Z</time><extensions><gpxtpx:TrackPointExtension><gpxtpx:hr>157</gpxtpx:hr><gpxtpx:cad>78</gpxtpx:cad></gpxtpx:TrackPointExtension></extensions><extensions><gpxtpx:PowerExtension><gpxtpx:PowerInWatts>241</gpxtpx:PowerInWatts></gpxtpx:PowerExtension></extensions></trkpt>
<trkpt lat="38.5741104" lon="-121.4604886">
<ele>12</ele><time>2025-01-28T19:00:39.999Z</time><extensions><gpxtpx:TrackPointExtension><gpxtpx:hr>157</gpxtpx:hr><gpxtpx:cad>77</gpxtpx:cad></gpxtpx:TrackPointExtension></extensions><extensions><gpxtpx:PowerExtension><gpxtpx:PowerInWatts>241</gpxtpx:PowerInWatts></gpxtpx:PowerExtension></extensions></trkpt>
<trkpt lat="38.5740840" lon="-121.4604241">
<ele>12</ele><time>2025-01-28T19:00:41.999Z</time><extensions><gpxtpx:TrackPointExtension><gpxtpx:hr>158</gpxtpx:hr><gpxtpx:cad>76</gpxtpx:cad></gpxtpx:TrackPointExtension></extensions><extensions><gpxtpx:PowerExtension><gpxtpx:PowerInWatts>244</gpxtpx:PowerInWatts></gpxtpx:PowerExtension></extensions></trkpt>
<trkpt lat="38.5740620" lon="-121.4603503">
<ele>12</ele><time>2025-01-28T19:00:43.999Z</time><extensions><gpxtpx:TrackPointExtension><gpxtpx:hr>158</gpxtpx:hr><gpxtpx:cad>79</gpxtpx:cad></gpxtpx:TrackPointExtension></extensions><extensions><gpxtpx:PowerExtension><gpxtpx:PowerInWatts>242</gpxtpx:PowerInWatts></gpxtpx:PowerExtension></extensions></trkpt>
<trkpt lat="38.5740369" lon="-121.4602861">
<ele>12</ele><time>2025-01-28T19:00:45.999Z</time><extensions><gpxtpx:TrackPointExtension><gpxtpx:hr>158</gpxtpx:hr><gpxtpx:cad>82</gpxtpx:cad></gpxtpx:TrackPointExtension></extensions><extensions><gpxtpx:PowerExtension><gpxtpx:PowerInWatts>242</gpxtpx:PowerInWatts></gpxtpx:PowerExtension></extensions></trkpt>
<trkpt lat="38.5739917" lon="-121.4602224">
<ele>12</ele><time>2025-01-28T19:00:47.999Z</time><extensions><gpxtpx:TrackPointExtension><gpxtpx:hr>158</gpxtpx:hr><gpxtpx:cad>81</gpxtpx:cad></gpxtpx:TrackPointExtension></extensions><extensions><gpxtpx:PowerExtension><gpxtpx:PowerInWatts>242</gpxtpx:PowerInWatts></gpxtpx:PowerExtension></extensions></trkpt>
<trkpt lat="38.5739881" lon="-121.4601608">
<ele>12</ele><time>2025-01-28T19:00:49.999Z</time><extensions><gpxtpx:TrackPointExtension><gpxtpx:hr>157</gpxtpx:hr><gpxtpx:cad>79</gpxtpx:cad></gpxtpx:TrackPointExtension></extensions><extensions><gpxtpx:PowerExtension><gpxtpx:PowerInWatts>238</gpxtpx:PowerInWatts></gpxtpx:PowerExtension></extensions></trkpt>
<trkpt lat="38.5739641" lon="-121.4600790">
<ele>12</ele><time>2025-01-28T19:00:51.999Z</time><extensions><gpxtpx:TrackPointExtension><gpxtpx:hr>157</gpxtpx:hr><gpxtpx:cad>77</gpxtpx:cad></gpxtpx:TrackPointExtension></extensions><extensions><gpxtpx:PowerExtension><gpxtpx:PowerInWatts>241</gpxtpx:PowerInWatts></gpxtpx:PowerExtension></extensions></trkpt>
<trkpt lat="38.5739581" lon="-121.4600102">
<ele>12</ele><time>2025-01-28T19:00:53.999Z</time><extensions><gpxtpx:TrackPointExtension><gpxtpx:hr>157</gpxtpx:hr><gpxtpx:cad>76</gpxtpx:cad></gpxtpx:TrackPointExtension></extensions><extensions><gpxtpx:PowerExtension><gpxtpx:PowerInWatts>241</gpxtpx:PowerInWatts></gpxtpx:PowerExtension></extensions></trkpt>
<trkpt lat="38.5739506" lon="-121.4599343">
<ele>12</ele><time>2025-01-28T19:00:55.999Z</time><extensions><gpxtpx:TrackPointExtension><gpxtpx:hr>157</gpxtpx:hr><gpxtpx:cad>76</gpxtpx:cad></gpxtpx:TrackPointExtension></extensions><extensions><gpxtpx:PowerExtension><gpxtpx:PowerInWatts>241</gpxtpx:PowerInWatts></gpxtpx:PowerExtension></extensions></trkpt>
<trkpt lat="38.5739193" lon="-121.4598718">
<ele>12</ele><time>2025-01-28T19:00:57.999Z</time><extensions><gpxtpx:TrackPointExtension><gpxtpx:hr>157</gpxtpx:hr><gpxtpx:cad>76</gpxtpx:cad></gpxtpx:TrackPointExtension></extensions><extensions><gpxtpx:PowerExtension><gpxtpx:PowerInWatts>237</gpxtpx:PowerInWatts></gpxtpx:PowerExtension></extensions></trkpt>
<trkpt lat="38.5739004" lon="-121.4598187">
<ele>12</ele><time>2025-01-28T19:00:59.999Z</time><extensions><gpxtpx:TrackPointExtension><gpxtpx:hr>157</gpxtpx:hr><gpxtpx:cad>76</gpxtpx:cad></gpxtpx:TrackPointExtension></extensions><extensions><gpxtpx:PowerExtension><gpxtpx:PowerInWatts>237</gpxtpx:PowerInWatts></gpxtpx:PowerExtension></extensions></trkpt>
<trkpt lat="38.5738842" lon="-121.4597462">
<ele>12</ele><time>2025-01-28T19:01:01.999Z</time><extensions><gpxtpx:TrackPointExtension><gpxtpx:hr>157</gpxtpx:hr><gpxtpx:cad>77</gpxtpx:cad></gpxtpx:TrackPointExtension></extensions><extensions><gpxtpx:PowerExtension><gpxtpx:PowerInWatts>237</gpxtpx:PowerInWatts></gpxtpx:PowerExtension></extensions></trkpt>
<trkpt lat="38.5738766" lon="-121.4596637">
<ele>12</ele><time>2025-01-28T19:01:03.999Z</time><extensions><gpxtpx:TrackPointExtension><gpxtpx:hr>157</gpxtpx:hr><gpxtpx:cad>76</gpxtpx:cad></gpxtpx:TrackPointExtension></extensions><extensions><gpxtpx:PowerExtension><gpxtpx:PowerInWatts>237</gpxtpx:PowerInWatts></gpxtpx:PowerExtension></extensions></trkpt>
<trkpt lat="38.5738682" lon="-121.4595913">
<ele>12</ele><time>2025-01-28T19:01:05.999Z</time><extensions><gpxtpx:TrackPointExtension><gpxtpx:hr>157</gpxtpx:hr><gpxtpx:cad>76</gpxtpx:cad></gpxtpx:TrackPointExtension></extensions><extensions><gpxtpx:PowerExtension><gpxtpx:PowerInWatts>236</gpxtpx:PowerInWatts></gpxtpx:PowerExtension></extensions></trkpt>
<trkpt lat="38.5738543" lon="-121.4595225">
<ele>12</ele><time>2025-01-28T19:01:07.999Z</time><extensions><gpxtpx:TrackPointExtension><gpxtpx:hr>157</gpxtpx:hr><gpxtpx:cad>77</gpxtpx:cad></gpxtpx:TrackPointExtension></extensions><extensions><gpxtpx:PowerExtension><gpxtpx:PowerInWatts>230</gpxtpx:PowerInWatts></gpxtpx:PowerExtension></extensions></trkpt>
<trkpt lat="38.5738398" lon="-121.4594621">
<ele>12</ele><time>2025-01-28T19:01:09.999Z</time><extensions><gpxtpx:TrackPointExtension><gpxtpx:hr>158</gpxtpx:hr><gpxtpx:cad>77</gpxtpx:cad></gpxtpx:TrackPointExtension></extensions><extensions><gpxtpx:PowerExtension><gpxtpx:PowerInWatts>234</gpxtpx:PowerInWatts></gpxtpx:PowerExtension></extensions></trkpt>
<trkpt lat="38.5738281" lon="-121.4593855">
<ele>12</ele><time>2025-01-28T19:01:11.999Z</time><extensions><gpxtpx:TrackPointExtension><gpxtpx:hr>158</gpxtpx:hr><gpxtpx:cad>76</gpxtpx:cad></gpxtpx:TrackPointExtension></extensions><extensions><gpxtpx:PowerExtension><gpxtpx:PowerInWatts>234</gpxtpx:PowerInWatts></gpxtpx:PowerExtension></extensions></trkpt>
<trkpt lat="38.5737944" lon="-121.4593264">
<ele>12</ele><time>2025-01-28T19:01:13.999Z</time><extensions><gpxtpx:TrackPointExtension><gpxtpx:hr>158</gpxtpx:hr><gpxtpx:cad>76</gpxtpx:cad></gpxtpx:TrackPointExtension></extensions><extensions><gpxtpx:PowerExtension><gpxtpx:PowerInWatts>234</gpxtpx:PowerInWatts></gpxtpx:PowerExtension></extensions></trkpt>
<trkpt lat="38.5737790" lon="-121.4592688">
<ele>12</ele><time>2025-01-28T19:01:15.999Z</time><extensions><gpxtpx:TrackPointExtension><gpxtpx:hr>158</gpxtpx:hr><gpxtpx:cad>78</gpxtpx:cad></gpxtpx:TrackPointExtension></extensions><extensions><gpxtpx:PowerExtension><gpxtpx:PowerInWatts>233</gpxtpx:PowerInWatts></gpxtpx:PowerExtension></extensions></trkpt>
<trkpt lat="38.5737521" lon="-121.4592094">
<ele>13</ele><time>2025-01-28T19:01:17.999Z</time><extensions><gpxtpx:TrackPointExtension><gpxtpx:hr>157</gpxtpx:hr><gpxtpx:cad>78</gpxtpx:cad></gpxtpx:TrackPointExtension></extensions><extensions><gpxtpx:PowerExtension><gpxtpx:PowerInWatts>233</gpxtpx:PowerInWatts></gpxtpx:PowerExtension></extensions></trkpt>
<trkpt lat="38.5737290" lon="-121.4591451">
<ele>13</ele><time>2025-01-28T19:01:19.999Z</time><extensions><gpxtpx:TrackPointExtension><gpxtpx:hr>157</gpxtpx:hr><gpxtpx:cad>79</gpxtpx:cad></gpxtpx:TrackPointExtension></extensions><extensions><gpxtpx:PowerExtension><gpxtpx:PowerInWatts>236</gpxtpx:PowerInWatts></gpxtpx:PowerExtension></extensions></trkpt>
<trkpt lat="38.5737077" lon="-121.4590840">
<ele>13</ele><time>2025-01-28T19:01:21.999Z</time><extensions><gpxtpx:TrackPointExtension><gpxtpx:hr>157</gpxtpx:hr><gpxtpx:cad>79</gpxtpx:cad></gpxtpx:TrackPointExtension></extensions><extensions><gpxtpx:PowerExtension><gpxtpx:PowerInWatts>236</gpxtpx:PowerInWatts></gpxtpx:PowerExtension></extensions></trkpt>
<trkpt lat="38.5737022" lon="-121.4590227">
<ele>13</ele><time>2025-01-28T19:01:23.999Z</time><extensions><gpxtpx:TrackPointExtension><gpxtpx:hr>157</gpxtpx:hr><gpxtpx:cad>76</gpxtpx:cad></gpxtpx:TrackPointExtension></extensions><extensions><gpxtpx:PowerExtension><gpxtpx:PowerInWatts>232</gpxtpx:PowerInWatts></gpxtpx:PowerExtension></extensions></trkpt>
<trkpt lat="38.5736806" lon="-121.4589645">
<ele>13</ele><time>2025-01-28T19:01:25.999Z</time><extensions><gpxtpx:TrackPointExtension><gpxtpx:hr>157</gpxtpx:hr><gpxtpx:cad>76</gpxtpx:cad></gpxtpx:TrackPointExtension></extensions><extensions><gpxtpx:PowerExtension><gpxtpx:PowerInWatts>230</gpxtpx:PowerInWatts></gpxtpx:PowerExtension></extensions></trkpt>
<trkpt lat="38.5736616" lon="-121.4588841">
<ele>13</ele><time>2025-01-28T19:01:27.999Z</time><extensions><gpxtpx:TrackPointExtension><gpxtpx:hr>157</gpxtpx:hr><gpxtpx:cad>79</gpxtpx:cad></gpxtpx:TrackPointExtension></extensions><extensions><gpxtpx:PowerExtension><gpxtpx:PowerInWatts>231</gpxtpx:PowerInWatts></gpxtpx:PowerExtension></extensions></trkpt>
<trkpt lat="38.5736535" lon="-121.4588157">
<ele>13</ele><time>2025-01-28T19:01:29.999Z</time><extensions><gpxtpx:TrackPointExtension><gpxtpx:hr>157</gpxtpx:hr><gpxtpx:cad>78</gpxtpx:cad></gpxtpx:TrackPointExtension></extensions><extensions><gpxtpx:PowerExtension><gpxtpx:PowerInWatts>231</gpxtpx:PowerInWatts></gpxtpx:PowerExtension></extensions></trkpt>
<trkpt lat="38.5736236" lon="-121.4587560">
<ele>13</ele><time>2025-01-28T19:01:31.999Z</time><extensions><gpxtpx:TrackPointExtension><gpxtpx:hr>156</gpxtpx:hr><gpxtpx:cad>76</gpxtpx:cad></gpxtpx:TrackPointExtension></extensions><extensions><gpxtpx:PowerExtension><gpxtpx:PowerInWatts>230</gpxtpx:PowerInWatts></gpxtpx:PowerExtension></extensions></trkpt>
<trkpt lat="38.5735947" lon="-121.4586887">
<ele>13</ele><time>2025-01-28T19:01:33.999Z</time><extensions><gpxtpx:TrackPointExtension><gpxtpx:hr>156</gpxtpx:hr><gpxtpx:cad>76</gpxtpx:cad></gpxtpx:TrackPointExtension></extensions><extensions><gpxtpx:PowerExtension><gpxtpx:PowerInWatts>232</gpxtpx:PowerInWatts></gpxtpx:PowerExtension></extensions></trkpt>
<trkpt lat="38.5735785" lon="-121.4586062">
<ele>13</ele><time>2025-01-28T19:01:35.999Z</time><extensions><gpxtpx:TrackPointExtension><gpxtpx:hr>156</gpxtpx:hr><gpxtpx:cad>79</gpxtpx:cad></gpxtpx:TrackPointExtension></extensions><extensions><gpxtpx:PowerExtension><gpxtpx:PowerInWatts>232</gpxtpx:PowerInWatts></gpxtpx:PowerExtension></extensions></trkpt>
<trkpt lat="38.5735851" lon="-121.4585246">
<ele>13</ele><time>2025-01-28T19:01:38.999Z</time><extensions><gpxtpx:TrackPointExtension><gpxtpx:hr>156</gpxtpx:hr><gpxtpx:cad>83</gpxtpx:cad></gpxtpx:TrackPointExtension></extensions><extensions><gpxtpx:PowerExtension><gpxtpx:PowerInWatts>232</gpxtpx:PowerInWatts></gpxtpx:PowerExtension></extensions></trkpt>
<trkpt lat="38.5735692" lon="-121.4584678">
<ele>13</ele><time>2025-01-28T19:01:40.999Z</time><extensions><gpxtpx:TrackPointExtension><gpxtpx:hr>156</gpxtpx:hr><gpxtpx:cad>78</gpxtpx:cad></gpxtpx:TrackPointExtension></extensions><extensions><gpxtpx:PowerExtension><gpxtpx:PowerInWatts>228</gpxtpx:PowerInWatts></gpxtpx:PowerExtension></extensions></trkpt>
<trkpt lat="38.5735432" lon="-121.4584085">
<ele>13</ele><time>2025-01-28T19:01:42.999Z</time><extensions><gpxtpx:TrackPointExtension><gpxtpx:hr>156</gpxtpx:hr><gpxtpx:cad>74</gpxtpx:cad></gpxtpx:TrackPointExtension></extensions><extensions><gpxtpx:PowerExtension><gpxtpx:PowerInWatts>234</gpxtpx:PowerInWatts></gpxtpx:PowerExtension></extensions></trkpt>
<trkpt lat="38.5735299" lon="-121.4583520">
<ele>13</ele><time>2025-01-28T19:01:44.999Z</time><extensions><gpxtpx:TrackPointExtension><gpxtpx:hr>156</gpxtpx:hr><gpxtpx:cad>76</gpxtpx:cad></gpxtpx:TrackPointExtension></extensions><extensions><gpxtpx:PowerExtension><gpxtpx:PowerInWatts>234</gpxtpx:PowerInWatts></gpxtpx:PowerExtension></extensions></trkpt>
<trkpt lat="38.5735094" lon="-121.4582941">
<ele>13</ele><time>2025-01-28T19:01:46.999Z</time><extensions><gpxtpx:TrackPointExtension><gpxtpx:hr>156</gpxtpx:hr><gpxtpx:cad>77</gpxtpx:cad></gpxtpx:TrackPointExtension></extensions><extensions><gpxtpx:PowerExtension><gpxtpx:PowerInWatts>229</gpxtpx:PowerInWatts></gpxtpx:PowerExtension></extensions></trkpt>
<trkpt lat="38.5734870" lon="-121.4582280">
<ele>13</ele><time>2025-01-28T19:01:48.999Z</time><extensions><gpxtpx:TrackPointExtension><gpxtpx:hr>156</gpxtpx:hr><gpxtpx:cad>80</gpxtpx:cad></gpxtpx:TrackPointExtension></extensions><extensions><gpxtpx:PowerExtension><gpxtpx:PowerInWatts>225</gpxtpx:PowerInWatts></gpxtpx:PowerExtension></extensions></trkpt>
<trkpt lat="38.5734782" lon="-121.4581709">
<ele>13</ele><time>2025-01-28T19:01:50.999Z</time><extensions><gpxtpx:TrackPointExtension><gpxtpx:hr>156</gpxtpx:hr><gpxtpx:cad>76</gpxtpx:cad></gpxtpx:TrackPointExtension></extensions><extensions><gpxtpx:PowerExtension><gpxtpx:PowerInWatts>225</gpxtpx:PowerInWatts></gpxtpx:PowerExtension></extensions></trkpt>
<trkpt lat="38.5734615" lon="-121.4581092">
<ele>13</ele><time>2025-01-28T19:01:52.999Z</time><extensions><gpxtpx:TrackPointExtension><gpxtpx:hr>157</gpxtpx:hr><gpxtpx:cad>77</gpxtpx:cad></gpxtpx:TrackPointExtension></extensions><extensions><gpxtpx:PowerExtension><gpxtpx:PowerInWatts>222</gpxtpx:PowerInWatts></gpxtpx:PowerExtension></extensions></trkpt>
<trkpt lat="38.5734301" lon="-121.4580420">
<ele>13</ele><time>2025-01-28T19:01:54.999Z</time><extensions><gpxtpx:TrackPointExtension><gpxtpx:hr>157</gpxtpx:hr><gpxtpx:cad>80</gpxtpx:cad></gpxtpx:TrackPointExtension></extensions><extensions><gpxtpx:PowerExtension><gpxtpx:PowerInWatts>222</gpxtpx:PowerInWatts></gpxtpx:PowerExtension></extensions></trkpt>
<trkpt lat="38.5734074" lon="-121.4579801">
<ele>13</ele><time>2025-01-28T19:01:56.999Z</time><extensions><gpxtpx:TrackPointExtension><gpxtpx:hr>157</gpxtpx:hr><gpxtpx:cad>78</gpxtpx:cad></gpxtpx:TrackPointExtension></extensions><extensions><gpxtpx:PowerExtension><gpxtpx:PowerInWatts>222</gpxtpx:PowerInWatts></gpxtpx:PowerExtension></extensions></trkpt>
<trkpt lat="38.5733850" lon="-121.4579182">
<ele>13</ele><time>2025-01-28T19:01:58.999Z</time><extensions><gpxtpx:TrackPointExtension><gpxtpx:hr>157</gpxtpx:hr><gpxtpx:cad>79</gpxtpx:cad></gpxtpx:TrackPointExtension></extensions><extensions><gpxtpx:PowerExtension><gpxtpx:PowerInWatts>221</gpxtpx:PowerInWatts></gpxtpx:PowerExtension></extensions></trkpt>
<trkpt lat="38.5733713" lon="-121.4578275">
<ele>13</ele><time>2025-01-28T19:02:01.999Z</time><extensions><gpxtpx:TrackPointExtension><gpxtpx:hr>157</gpxtpx:hr><gpxtpx:cad>79</gpxtpx:cad></gpxtpx:TrackPointExtension></extensions><extensions><gpxtpx:PowerExtension><gpxtpx:PowerInWatts>223</gpxtpx:PowerInWatts></gpxtpx:PowerExtension></extensions></trkpt>
<trkpt lat="38.5733745" lon="-121.4577682">
<ele>13</ele><time>2025-01-28T19:02:03.999Z</time><extensions><gpxtpx:TrackPointExtension><gpxtpx:hr>157</gpxtpx:hr><gpxtpx:cad>80</gpxtpx:cad></gpxtpx:TrackPointExtension></extensions><extensions><gpxtpx:PowerExtension><gpxtpx:PowerInWatts>223</gpxtpx:PowerInWatts></gpxtpx:PowerExtension></extensions></trkpt>
<trkpt lat="38.5734190" lon="-121.4577585">
<ele>13</ele><time>2025-01-28T19:02:07.999Z</time><extensions><gpxtpx:TrackPointExtension><gpxtpx:hr>157</gpxtpx:hr><gpxtpx:cad>81</gpxtpx:cad></gpxtpx:TrackPointExtension></extensions><extensions><gpxtpx:PowerExtension><gpxtpx:PowerInWatts>219</gpxtpx:PowerInWatts></gpxtpx:PowerExtension></extensions></trkpt>
<trkpt lat="38.5734637" lon="-121.4577487">
<ele>13</ele><time>2025-01-28T19:02:09.999Z</time><extensions><gpxtpx:TrackPointExtension><gpxtpx:hr>156</gpxtpx:hr><gpxtpx:cad>79</gpxtpx:cad></gpxtpx:TrackPointExtension></extensions><extensions><gpxtpx:PowerExtension><gpxtpx:PowerInWatts>213</gpxtpx:PowerInWatts></gpxtpx:PowerExtension></extensions></trkpt>
<trkpt lat="38.5735570" lon="-121.4576977">
<ele>13</ele><time>2025-01-28T19:02:10.999Z</time><extensions><gpxtpx:TrackPointExtension><gpxtpx:hr>156</gpxtpx:hr><gpxtpx:cad>79</gpxtpx:cad></gpxtpx:TrackPointExtension></extensions><extensions><gpxtpx:PowerExtension><gpxtpx:PowerInWatts>213</gpxtpx:PowerInWatts></gpxtpx:PowerExtension></extensions></trkpt>
<trkpt lat="38.5736059" lon="-121.4576761">
<ele>13</ele><time>2025-01-28T19:02:12.999Z</time><extensions><gpxtpx:TrackPointExtension><gpxtpx:hr>156</gpxtpx:hr><gpxtpx:cad>81</gpxtpx:cad></gpxtpx:TrackPointExtension></extensions><extensions><gpxtpx:PowerExtension><gpxtpx:PowerInWatts>213</gpxtpx:PowerInWatts></gpxtpx:PowerExtension></extensions></trkpt>
<trkpt lat="38.5736531" lon="-121.4576480">
<ele>13</ele><time>2025-01-28T19:02:14.999Z</time><extensions><gpxtpx:TrackPointExtension><gpxtpx:hr>156</gpxtpx:hr><gpxtpx:cad>82</gpxtpx:cad></gpxtpx:TrackPointExtension></extensions><extensions><gpxtpx:PowerExtension><gpxtpx:PowerInWatts>213</gpxtpx:PowerInWatts></gpxtpx:PowerExtension></extensions></trkpt>
<trkpt lat="38.5737016" lon="-121.4576227">
<ele>13</ele><time>2025-01-28T19:02:16.999Z</time><extensions><gpxtpx:TrackPointExtension><gpxtpx:hr>156</gpxtpx:hr><gpxtpx:cad>78</gpxtpx:cad></gpxtpx:TrackPointExtension></extensions><extensions><gpxtpx:PowerExtension><gpxtpx:PowerInWatts>213</gpxtpx:PowerInWatts></gpxtpx:PowerExtension></extensions></trkpt>
<trkpt lat="38.5737566" lon="-121.4575941">
<ele>13</ele><time>2025-01-28T19:02:18.999Z</time><extensions><gpxtpx:TrackPointExtension><gpxtpx:hr>155</gpxtpx:hr><gpxtpx:cad>76</gpxtpx:cad></gpxtpx:TrackPointExtension></extensions><extensions><gpxtpx:PowerExtension><gpxtpx:PowerInWatts>213</gpxtpx:PowerInWatts></gpxtpx:PowerExtension></extensions></trkpt>
<trkpt lat="38.5738082" lon="-121.4575672">
<ele>13</ele><time>2025-01-28T19:02:20.999Z</time><extensions><gpxtpx:TrackPointExtension><gpxtpx:hr>155</gpxtpx:hr><gpxtpx:cad>82</gpxtpx:cad></gpxtpx:TrackPointExtension></extensions><extensions><gpxtpx:PowerExtension><gpxtpx:PowerInWatts>213</gpxtpx:PowerInWatts></gpxtpx:PowerExtension></extensions></trkpt>
<trkpt lat="38.5738631" lon="-121.4575386">
<ele>13</ele><time>2025-01-28T19:02:22.999Z</time><extensions><gpxtpx:TrackPointExtension><gpxtpx:hr>155</gpxtpx:hr><gpxtpx:cad>78</gpxtpx:cad></gpxtpx:TrackPointExtension></extensions><extensions><gpxtpx:PowerExtension><gpxtpx:PowerInWatts>215</gpxtpx:PowerInWatts></gpxtpx:PowerExtension></extensions></trkpt>
<trkpt lat="38.5739070" lon="-121.4575157">
<ele>13</ele><time>2025-01-28T19:02:24.999Z</time><extensions><gpxtpx:TrackPointExtension><gpxtpx:hr>154</gpxtpx:hr><gpxtpx:cad>83</gpxtpx:cad></gpxtpx:TrackPointExtension></extensions><extensions><gpxtpx:PowerExtension><gpxtpx:PowerInWatts>219</gpxtpx:PowerInWatts></gpxtpx:PowerExtension></extensions></trkpt>
<trkpt lat="38.5739628" lon="-121.4574866">
<ele>13</ele><time>2025-01-28T19:02:26.999Z</time><extensions><gpxtpx:TrackPointExtension><gpxtpx:hr>154</gpxtpx:hr><gpxtpx:cad>80</gpxtpx:cad></gpxtpx:TrackPointExtension></extensions><extensions><gpxtpx:PowerExtension><gpxtpx:PowerInWatts>219</gpxtpx:PowerInWatts></gpxtpx:PowerExtension></extensions></trkpt>
<trkpt lat="38.5740174" lon="-121.4574581">
<ele>13</ele><time>2025-01-28T19:02:28.999Z</time><extensions><gpxtpx:TrackPointExtension><gpxtpx:hr>155</gpxtpx:hr><gpxtpx:cad>79</gpxtpx:cad></gpxtpx:TrackPointExtension></extensions><extensions><gpxtpx:PowerExtension><gpxtpx:PowerInWatts>220</gpxtpx:PowerInWatts></gpxtpx:PowerExtension></extensions></trkpt>
<trkpt lat="38.5740686" lon="-121.4574313">
<ele>13</ele><time>2025-01-28T19:02:30.999Z</time><extensions><gpxtpx:TrackPointExtension><gpxtpx:hr>155</gpxtpx:hr><gpxtpx:cad>79</gpxtpx:cad></gpxtpx:TrackPointExtension></extensions><extensions><gpxtpx:PowerExtension><gpxtpx:PowerInWatts>220</gpxtpx:PowerInWatts></gpxtpx:PowerExtension></extensions></trkpt>
<trkpt lat="38.5741213" lon="-121.4574038">
<ele>13</ele><time>2025-01-28T19:02:32.999Z</time><extensions><gpxtpx:TrackPointExtension><gpxtpx:hr>155</gpxtpx:hr><gpxtpx:cad>80</gpxtpx:cad></gpxtpx:TrackPointExtension></extensions><extensions><gpxtpx:PowerExtension><gpxtpx:PowerInWatts>221</gpxtpx:PowerInWatts></gpxtpx:PowerExtension></extensions></trkpt>
<trkpt lat="38.5741678" lon="-121.4573795">
<ele>13</ele><time>2025-01-28T19:02:34.999Z</time><extensions><gpxtpx:TrackPointExtension><gpxtpx:hr>155</gpxtpx:hr><gpxtpx:cad>75</gpxtpx:cad></gpxtpx:TrackPointExtension></extensions><extensions><gpxtpx:PowerExtension><gpxtpx:PowerInWatts>221</gpxtpx:PowerInWatts></gpxtpx:PowerExtension></extensions></trkpt>
<trkpt lat="38.5742021" lon="-121.4573316">
<ele>13</ele><time>2025-01-28T19:02:36.999Z</time><extensions><gpxtpx:TrackPointExtension><gpxtpx:hr>155</gpxtpx:hr><gpxtpx:cad>77</gpxtpx:cad></gpxtpx:TrackPointExtension></extensions><extensions><gpxtpx:PowerExtension><gpxtpx:PowerInWatts>223</gpxtpx:PowerInWatts></gpxtpx:PowerExtension></extensions></trkpt>
<trkpt lat="38.5742557" lon="-121.4572938">
<ele>13</ele><time>2025-01-28T19:02:38.999Z</time><extensions><gpxtpx:TrackPointExtension><gpxtpx:hr>154</gpxtpx:hr><gpxtpx:cad>79</gpxtpx:cad></gpxtpx:TrackPointExtension></extensions><extensions><gpxtpx:PowerExtension><gpxtpx:PowerInWatts>223</gpxtpx:PowerInWatts></gpxtpx:PowerExtension></extensions></trkpt>
<trkpt lat="38.5743040" lon="-121.4572800">
<ele>13</ele><time>2025-01-28T19:02:40.999Z</time><extensions><gpxtpx:TrackPointExtension><gpxtpx:hr>154</gpxtpx:hr><gpxtpx:cad>79</gpxtpx:cad></gpxtpx:TrackPointExtension></extensions><extensions><gpxtpx:PowerExtension><gpxtpx:PowerInWatts>222</gpxtpx:PowerInWatts></gpxtpx:PowerExtension></extensions></trkpt>
<trkpt lat="38.5743495" lon="-121.4572547">
<ele>13</ele><time>2025-01-28T19:02:42.999Z</time><extensions><gpxtpx:TrackPointExtension><gpxtpx:hr>154</gpxtpx:hr><gpxtpx:cad>78</gpxtpx:cad></gpxtpx:TrackPointExtension></extensions><extensions><gpxtpx:PowerExtension><gpxtpx:PowerInWatts>221</gpxtpx:PowerInWatts></gpxtpx:PowerExtension></extensions></trkpt>
<trkpt lat="38.5743969" lon="-121.4572487">
<ele>13</ele><time>2025-01-28T19:02:44.999Z</time><extensions><gpxtpx:TrackPointExtension><gpxtpx:hr>154</gpxtpx:hr><gpxtpx:cad>80</gpxtpx:cad></gpxtpx:TrackPointExtension></extensions><extensions><gpxtpx:PowerExtension><gpxtpx:PowerInWatts>221</gpxtpx:PowerInWatts></gpxtpx:PowerExtension></extensions></trkpt>
<trkpt lat="38.5744443" lon="-121.4572330">
<ele>13</ele><time>2025-01-28T19:02:46.999Z</time><extensions><gpxtpx:TrackPointExtension><gpxtpx:hr>154</gpxtpx:hr><gpxtpx:cad>83</gpxtpx:cad></gpxtpx:TrackPointExtension></extensions><extensions><gpxtpx:PowerExtension><gpxtpx:PowerInWatts>224</gpxtpx:PowerInWatts></gpxtpx:PowerExtension></extensions></trkpt>
<trkpt lat="38.5745102" lon="-121.4571760">
<ele>13</ele><time>2025-01-28T19:02:48.999Z</time><extensions><gpxtpx:TrackPointExtension><gpxtpx:hr>154</gpxtpx:hr><gpxtpx:cad>83</gpxtpx:cad></gpxtpx:TrackPointExtension></extensions><extensions><gpxtpx:PowerExtension><gpxtpx:PowerInWatts>224</gpxtpx:PowerInWatts></gpxtpx:PowerExtension></extensions></trkpt>
<trkpt lat="38.5745800" lon="-121.4571639">
<ele>13</ele><time>2025-01-28T19:02:50.999Z</time><extensions><gpxtpx:TrackPointExtension><gpxtpx:hr>153</gpxtpx:hr><gpxtpx:cad>79</gpxtpx:cad></gpxtpx:TrackPointExtension></extensions><extensions><gpxtpx:PowerExtension><gpxtpx:PowerInWatts>223</gpxtpx:PowerInWatts></gpxtpx:PowerExtension></extensions></trkpt>
<trkpt lat="38.5746393" lon="-121.4571261">
<ele>13</ele><time>2025-01-28T19:02:52.999Z</time><extensions><gpxtpx:TrackPointExtension><gpxtpx:hr>153</gpxtpx:hr><gpxtpx:cad>74</gpxtpx:cad></gpxtpx:TrackPointExtension></extensions><extensions><gpxtpx:PowerExtension><gpxtpx:PowerInWatts>222</gpxtpx:PowerInWatts></gpxtpx:PowerExtension></extensions></trkpt>
<trkpt lat="38.5746857" lon="-121.4571019">
<ele>13</ele><time>2025-01-28T19:02:54.999Z</time><extensions><gpxtpx:TrackPointExtension><gpxtpx:hr>153</gpxtpx:hr><gpxtpx:cad>83</gpxtpx:cad></gpxtpx:TrackPointExtension></extensions><extensions><gpxtpx:PowerExtension><gpxtpx:PowerInWatts>222</gpxtpx:PowerInWatts></gpxtpx:PowerExtension></extensions></trkpt>
<trkpt lat="38.5747509" lon="-121.4570746">
<ele>13</ele><time>2025-01-28T19:02:57.999Z</time><extensions><gpxtpx:TrackPointExtension><gpxtpx:hr>154</gpxtpx:hr><gpxtpx:cad>80</gpxtpx:cad></gpxtpx:TrackPointExtension></extensions><extensions><gpxtpx:PowerExtension><gpxtpx:PowerInWatts>231</gpxtpx:PowerInWatts></gpxtpx:PowerExtension></extensions></trkpt>
<trkpt lat="38.5748102" lon="-121.4570436">
<ele>13</ele><time>2025-01-28T19:02:59.999Z</time><extensions><gpxtpx:TrackPointExtension><gpxtpx:hr>154</gpxtpx:hr><gpxtpx:cad>77</gpxtpx:cad></gpxtpx:TrackPointExtension></extensions><extensions><gpxtpx:PowerExtension><gpxtpx:PowerInWatts>231</gpxtpx:PowerInWatts></gpxtpx:PowerExtension></extensions></trkpt>
<trkpt lat="38.5748682" lon="-121.4570133">
<ele>13</ele><time>2025-01-28T19:03:01.999Z</time><extensions><gpxtpx:TrackPointExtension><gpxtpx:hr>154</gpxtpx:hr><gpxtpx:cad>80</gpxtpx:cad></gpxtpx:TrackPointExtension></extensions><extensions><gpxtpx:PowerExtension><gpxtpx:PowerInWatts>236</gpxtpx:PowerInWatts></gpxtpx:PowerExtension></extensions></trkpt>
<trkpt lat="38.5749110" lon="-121.4569830">
<ele>13</ele><time>2025-01-28T19:03:03.999Z</time><extensions><gpxtpx:TrackPointExtension><gpxtpx:hr>154</gpxtpx:hr><gpxtpx:cad>84</gpxtpx:cad></gpxtpx:TrackPointExtension></extensions><extensions><gpxtpx:PowerExtension><gpxtpx:PowerInWatts>232</gpxtpx:PowerInWatts></gpxtpx:PowerExtension></extensions></trkpt>
<trkpt lat="38.5749631" lon="-121.4569637">
<ele>13</ele><time>2025-01-28T19:03:05.999Z</time><extensions><gpxtpx:TrackPointExtension><gpxtpx:hr>154</gpxtpx:hr><gpxtpx:cad>80</gpxtpx:cad></gpxtpx:TrackPointExtension></extensions><extensions><gpxtpx:PowerExtension><gpxtpx:PowerInWatts>232</gpxtpx:PowerInWatts></gpxtpx:PowerExtension></extensions></trkpt>
<trkpt lat="38.5750102" lon="-121.4569390">
<ele>12</ele><time>2025-01-28T19:03:07.999Z</time><extensions><gpxtpx:TrackPointExtension><gpxtpx:hr>154</gpxtpx:hr><gpxtpx:cad>77</gpxtpx:cad></gpxtpx:TrackPointExtension></extensions><extensions><gpxtpx:PowerExtension><gpxtpx:PowerInWatts>231</gpxtpx:PowerInWatts></gpxtpx:PowerExtension></extensions></trkpt>
<trkpt lat="38.5750587" lon="-121.4569136">
<ele>12</ele><time>2025-01-28T19:03:09.999Z</time><extensions><gpxtpx:TrackPointExtension><gpxtpx:hr>154</gpxtpx:hr><gpxtpx:cad>77</gpxtpx:cad></gpxtpx:TrackPointExtension></extensions><extensions><gpxtpx:PowerExtension><gpxtpx:PowerInWatts>234</gpxtpx:PowerInWatts></gpxtpx:PowerExtension></extensions></trkpt>
<trkpt lat="38.5751149" lon="-121.4568847">
<ele>12</ele><time>2025-01-28T19:03:12.999Z</time><extensions><gpxtpx:TrackPointExtension><gpxtpx:hr>154</gpxtpx:hr><gpxtpx:cad>80</gpxtpx:cad></gpxtpx:TrackPointExtension></extensions><extensions><gpxtpx:PowerExtension><gpxtpx:PowerInWatts>234</gpxtpx:PowerInWatts></gpxtpx:PowerExtension></extensions></trkpt>
<trkpt lat="38.5751780" lon="-121.4568528">
<ele>12</ele><time>2025-01-28T19:03:15.999Z</time><extensions><gpxtpx:TrackPointExtension><gpxtpx:hr>154</gpxtpx:hr><gpxtpx:cad>76</gpxtpx:cad></gpxtpx:TrackPointExtension></extensions><extensions><gpxtpx:PowerExtension><gpxtpx:PowerInWatts>227</gpxtpx:PowerInWatts></gpxtpx:PowerExtension></extensions></trkpt>
<trkpt lat="38.5752311" lon="-121.4568260">
<ele>12</ele><time>2025-01-28T19:03:17.999Z</time><extensions><gpxtpx:TrackPointExtension><gpxtpx:hr>154</gpxtpx:hr><gpxtpx:cad>73</gpxtpx:cad></gpxtpx:TrackPointExtension></extensions><extensions><gpxtpx:PowerExtension><gpxtpx:PowerInWatts>227</gpxtpx:PowerInWatts></gpxtpx:PowerExtension></extensions></trkpt>
<trkpt lat="38.5752874" lon="-121.4567975">
<ele>12</ele><time>2025-01-28T19:03:19.999Z</time><extensions><gpxtpx:TrackPointExtension><gpxtpx:hr>154</gpxtpx:hr><gpxtpx:cad>80</gpxtpx:cad></gpxtpx:TrackPointExtension></extensions><extensions><gpxtpx:PowerExtension><gpxtpx:PowerInWatts>217</gpxtpx:PowerInWatts></gpxtpx:PowerExtension></extensions></trkpt>
<trkpt lat="38.5753472" lon="-121.4567672">
<ele>12</ele><time>2025-01-28T19:03:21.999Z</time><extensions><gpxtpx:TrackPointExtension><gpxtpx:hr>154</gpxtpx:hr><gpxtpx:cad>82</gpxtpx:cad></gpxtpx:TrackPointExtension></extensions><extensions><gpxtpx:PowerExtension><gpxtpx:PowerInWatts>217</gpxtpx:PowerInWatts></gpxtpx:PowerExtension></extensions></trkpt>
<trkpt lat="38.5753958" lon="-121.4567427">
<ele>12</ele><time>2025-01-28T19:03:23.999Z</time><extensions><gpxtpx:TrackPointExtension><gpxtpx:hr>154</gpxtpx:hr><gpxtpx:cad>74</gpxtpx:cad></gpxtpx:TrackPointExtension></extensions><extensions><gpxtpx:PowerExtension><gpxtpx:PowerInWatts>219</gpxtpx:PowerInWatts></gpxtpx:PowerExtension></extensions></trkpt>
<trkpt lat="38.5754275" lon="-121.4566915">
<ele>12</ele><time>2025-01-28T19:03:25.999Z</time><extensions><gpxtpx:TrackPointExtension><gpxtpx:hr>153</gpxtpx:hr><gpxtpx:cad>80</gpxtpx:cad></gpxtpx:TrackPointExtension></extensions><extensions><gpxtpx:PowerExtension><gpxtpx:PowerInWatts>219</gpxtpx:PowerInWatts></gpxtpx:PowerExtension></extensions></trkpt>
<trkpt lat="38.5754838" lon="-121.4566786">
<ele>12</ele><time>2025-01-28T19:03:27.999Z</time><extensions><gpxtpx:TrackPointExtension><gpxtpx:hr>153</gpxtpx:hr><gpxtpx:cad>82</gpxtpx:cad></gpxtpx:TrackPointExtension></extensions><extensions><gpxtpx:PowerExtension><gpxtpx:PowerInWatts>222</gpxtpx:PowerInWatts></gpxtpx:PowerExtension></extensions></trkpt>
<trkpt lat="38.5755248" lon="-121.4567037">
<ele>12</ele><time>2025-01-28T19:03:31.999Z</time><extensions><gpxtpx:TrackPointExtension><gpxtpx:hr>153</gpxtpx:hr><gpxtpx:cad>80</gpxtpx:cad></gpxtpx:TrackPointExtension></extensions><extensions><gpxtpx:PowerExtension><gpxtpx:PowerInWatts>222</gpxtpx:PowerInWatts></gpxtpx:PowerExtension></extensions></trkpt>
<trkpt lat="38.5755558" lon="-121.4567793">
<ele>12</ele><time>2025-01-28T19:03:34.999Z</time><extensions><gpxtpx:TrackPointExtension><gpxtpx:hr>153</gpxtpx:hr><gpxtpx:cad>79</gpxtpx:cad></gpxtpx:TrackPointExtension></extensions><extensions><gpxtpx:PowerExtension><gpxtpx:PowerInWatts>222</gpxtpx:PowerInWatts></gpxtpx:PowerExtension></extensions></trkpt>
<trkpt lat="38.5755897" lon="-121.4569088">
<ele>12</ele><time>2025-01-28T19:03:35.999Z</time><extensions><gpxtpx:TrackPointExtension><gpxtpx:hr>153</gpxtpx:hr><gpxtpx:cad>79</gpxtpx:cad></gpxtpx:TrackPointExtension></extensions><extensions><gpxtpx:PowerExtension><gpxtpx:PowerInWatts>222</gpxtpx:PowerInWatts></gpxtpx:PowerExtension></extensions></trkpt>
<trkpt lat="38.5755945" lon="-121.4569940">
<ele>12</ele><time>2025-01-28T19:03:37.999Z</time><extensions><gpxtpx:TrackPointExtension><gpxtpx:hr>153</gpxtpx:hr><gpxtpx:cad>78</gpxtpx:cad></gpxtpx:TrackPointExtension></extensions><extensions><gpxtpx:PowerExtension><gpxtpx:PowerInWatts>215</gpxtpx:PowerInWatts></gpxtpx:PowerExtension></extensions></trkpt>
<trkpt lat="38.5756146" lon="-121.4570658">
<ele>12</ele><time>2025-01-28T19:03:39.999Z</time><extensions><gpxtpx:TrackPointExtension><gpxtpx:hr>152</gpxtpx:hr><gpxtpx:cad>81</gpxtpx:cad></gpxtpx:TrackPointExtension></extensions><extensions><gpxtpx:PowerExtension><gpxtpx:PowerInWatts>215</gpxtpx:PowerInWatts></gpxtpx:PowerExtension></extensions></trkpt>
<trkpt lat="38.5756384" lon="-121.4571531">
<ele>12</ele><time>2025-01-28T19:03:42.999Z</time><extensions><gpxtpx:TrackPointExtension><gpxtpx:hr>152</gpxtpx:hr><gpxtpx:cad>78</gpxtpx:cad></gpxtpx:TrackPointExtension></extensions><extensions><gpxtpx:PowerExtension><gpxtpx:PowerInWatts>215</gpxtpx:PowerInWatts></gpxtpx:PowerExtension></extensions></trkpt>
<trkpt lat="38.5756637" lon="-121.4572406">
<ele>12</ele><time>2025-01-28T19:03:45.999Z</time><extensions><gpxtpx:TrackPointExtension><gpxtpx:hr>151</gpxtpx:hr><gpxtpx:cad>79</gpxtpx:cad></gpxtpx:TrackPointExtension></extensions><extensions><gpxtpx:PowerExtension><gpxtpx:PowerInWatts>215</gpxtpx:PowerInWatts></gpxtpx:PowerExtension></extensions></trkpt>
<trkpt lat="38.5756868" lon="-121.4572962">
<ele>12</ele><time>2025-01-28T19:03:47.999Z</time><extensions><gpxtpx:TrackPointExtension><gpxtpx:hr>151</gpxtpx:hr><gpxtpx:cad>75</gpxtpx:cad></gpxtpx:TrackPointExtension></extensions><extensions><gpxtpx:PowerExtension><gpxtpx:PowerInWatts>215</gpxtpx:PowerInWatts></gpxtpx:PowerExtension></extensions></trkpt>
<trkpt lat="38.5756990" lon="-121.4573573">
<ele>12</ele><time>2025-01-28T19:03:49.999Z</time><extensions><gpxtpx:TrackPointExtension><gpxtpx:hr>149</gpxtpx:hr><gpxtpx:cad>73</gpxtpx:cad></gpxtpx:TrackPointExtension></extensions><extensions><gpxtpx:PowerExtension><gpxtpx:PowerInWatts>215</gpxtpx:PowerInWatts></gpxtpx:PowerExtension></extensions></trkpt>
<trkpt lat="38.5757121" lon="-121.4574145">
<ele>12</ele><time>2025-01-28T19:03:51.999Z</time><extensions><gpxtpx:TrackPointExtension><gpxtpx:hr>147</gpxtpx:hr><gpxtpx:cad>69</gpxtpx:cad></gpxtpx:TrackPointExtension></extensions><extensions><gpxtpx:PowerExtension><gpxtpx:PowerInWatts>214</gpxtpx:PowerInWatts></gpxtpx:PowerExtension></extensions></trkpt>
<trkpt lat="38.5757325" lon="-121.4574860">
<ele>12</ele><time>2025-01-28T19:03:53.999Z</time><extensions><gpxtpx:TrackPointExtension><gpxtpx:hr>146</gpxtpx:hr><gpxtpx:cad>65</gpxtpx:cad></gpxtpx:TrackPointExtension></extensions><extensions><gpxtpx:PowerExtension><gpxtpx:PowerInWatts>214</gpxtpx:PowerInWatts></gpxtpx:PowerExtension></extensions></trkpt>
<trkpt lat="38.5757498" lon="-121.4575466">
<ele>11</ele><time>2025-01-28T19:03:55.999Z</time><extensions><gpxtpx:TrackPointExtension><gpxtpx:hr>146</gpxtpx:hr><gpxtpx:cad>68</gpxtpx:cad></gpxtpx:TrackPointExtension></extensions><extensions><gpxtpx:PowerExtension><gpxtpx:PowerInWatts>206</gpxtpx:PowerInWatts></gpxtpx:PowerExtension></extensions></trkpt>
<trkpt lat="38.5757673" lon="-121.4576077">
<ele>11</ele><time>2025-01-28T19:03:57.999Z</time><extensions><gpxtpx:TrackPointExtension><gpxtpx:hr>147</gpxtpx:hr><gpxtpx:cad>66</gpxtpx:cad></gpxtpx:TrackPointExtension></extensions><extensions><gpxtpx:PowerExtension><gpxtpx:PowerInWatts>206</gpxtpx:PowerInWatts></gpxtpx:PowerExtension></extensions></trkpt>
<trkpt lat="38.5757865" lon="-121.4576669">
<ele>11</ele><time>2025-01-28T19:03:59.999Z</time><extensions><gpxtpx:TrackPointExtension><gpxtpx:hr>147</gpxtpx:hr><gpxtpx:cad>67</gpxtpx:cad></gpxtpx:TrackPointExtension></extensions><extensions><gpxtpx:PowerExtension><gpxtpx:PowerInWatts>206</gpxtpx:PowerInWatts></gpxtpx:PowerExtension></extensions></trkpt>
<trkpt lat="38.5758019" lon="-121.4577280">
<ele>11</ele><time>2025-01-28T19:04:01.999Z</time><extensions><gpxtpx:TrackPointExtension><gpxtpx:hr>148</gpxtpx:hr><gpxtpx:cad>64</gpxtpx:cad></gpxtpx:TrackPointExtension></extensions><extensions><gpxtpx:PowerExtension><gpxtpx:PowerInWatts>207</gpxtpx:PowerInWatts></gpxtpx:PowerExtension></extensions></trkpt>
<trkpt lat="38.5758259" lon="-121.4577819">
<ele>11</ele><time>2025-01-28T19:04:07.999Z</time><extensions><gpxtpx:TrackPointExtension><gpxtpx:hr>150</gpxtpx:hr><gpxtpx:cad>64</gpxtpx:cad></gpxtpx:TrackPointExtension></extensions><extensions><gpxtpx:PowerExtension><gpxtpx:PowerInWatts>207</gpxtpx:PowerInWatts></gpxtpx:PowerExtension></extensions></trkpt>
<trkpt lat="38.5758466" lon="-121.4578386">
<ele>11</ele><time>2025-01-28T19:04:11.999Z</time><extensions><gpxtpx:TrackPointExtension><gpxtpx:hr>150</gpxtpx:hr><gpxtpx:cad>66</gpxtpx:cad></gpxtpx:TrackPointExtension></extensions><extensions><gpxtpx:PowerExtension><gpxtpx:PowerInWatts>173</gpxtpx:PowerInWatts></gpxtpx:PowerExtension></extensions></trkpt>
<trkpt lat="38.5758851" lon="-121.4578870">
<ele>11</ele><time>2025-01-28T19:04:14.999Z</time><extensions><gpxtpx:TrackPointExtension><gpxtpx:hr>149</gpxtpx:hr><gpxtpx:cad>66</gpxtpx:cad></gpxtpx:TrackPointExtension></extensions><extensions><gpxtpx:PowerExtension><gpxtpx:PowerInWatts>173</gpxtpx:PowerInWatts></gpxtpx:PowerExtension></extensions></trkpt>
<trkpt lat="38.5759121" lon="-121.4579332">
<ele>11</ele><time>2025-01-28T19:04:17.999Z</time><extensions><gpxtpx:TrackPointExtension><gpxtpx:hr>148</gpxtpx:hr><gpxtpx:cad>63</gpxtpx:cad></gpxtpx:TrackPointExtension></extensions><extensions><gpxtpx:PowerExtension><gpxtpx:PowerInWatts>64</gpxtpx:PowerInWatts></gpxtpx:PowerExtension></extensions></trkpt>
<trkpt lat="38.5759575" lon="-121.4579319">
<ele>11</ele><time>2025-01-28T19:04:23.999Z</time><extensions><gpxtpx:TrackPointExtension><gpxtpx:hr>144</gpxtpx:hr><gpxtpx:cad>59</gpxtpx:cad></gpxtpx:TrackPointExtension></extensions><extensions><gpxtpx:PowerExtension><gpxtpx:PowerInWatts>91</gpxtpx:PowerInWatts></gpxtpx:PowerExtension></extensions></trkpt>
</trkseg></trk>
</gpx>
