<gpx version="1.1" creator="Apple Watch" xsi:schemaLocation="http://www.topografix.com/GPX/1/1 http://www.topografix.com/GPX/1/1/gpx.xsd http://www.garmin.com/xmlschemas/GpxExtensions/v3 http://www.garmin.com/xmlschemas/GpxExtensionsv3.xsd http://www.garmin.com/xmlschemas/TrackPointExtension/v1 http://www.garmin.com/xmlschemas/TrackPointExtensionv1.xsd" xmlns="http://www.topografix.com/GPX/1/1" xmlns:gpxtpx="http://www.garmin.com/xmlschemas/TrackPointExtension/v1" xmlns:gpxx="http://www.garmin.com/xmlschemas/GpxExtensions/v3" xmlns:xsi="http://www.w3.org/2001/XMLSchema-instance"><metadata><name>Leg Speed</name></metadata>
<trk><name>Leg Speed</name><type>running</type>
<wpt lat="38.5763819" lon="-121.4574064">
<name>Start</name>
<ele>6</ele>
<time>2025-03-05T17:10:42.346Z</time>
<type>user</type>
</wpt>
<wpt lat="38.5759229" lon="-121.4575450">
<name>Lap 2</name>
<ele>7</ele>
<time>2025-03-05T17:20:12.000Z</time>
<type>user</type>
</wpt>
<wpt lat="38.5761302" lon="-121.4581762">
<name>Lap 3</name>
<ele>8</ele>
<time>2025-03-05T17:29:42.999Z</time>
<type>user</type>
</wpt>
<wpt lat="38.5762029" lon="-121.4583814">
<name>Lap 4</name>
<ele>8</ele>
<time>2025-03-05T17:38:51.000Z</time>
<type>user</type>
</wpt>
<wpt lat="38.5762438" lon="-121.4587019">
<name>Lap 5</name>
<ele>8</ele>
<time>2025-03-05T17:47:11.999Z</time>
<type>user</type>
</wpt>
<wpt lat="38.5764176" lon="-121.4592314">
<name>Lap 6</name>
<ele>10</ele>
<time>2025-03-05T17:56:18.000Z</time>
<type>user</type>
</wpt>
<wpt lat="38.5732776" lon="-121.4579054">
<name>Lap 7</name>
<ele>12</ele>
<time>2025-03-05T18:06:08.000Z</time>
<type>user</type>
</wpt>
<wpt lat="38.5764349" lon="-121.4525192">
<name>Lap 8</name>
<ele>12</ele>
<time>2025-03-05T18:20:16.999Z</time>
<type>user</type>
</wpt>
<wpt lat="38.5745217" lon="-121.4605368">
<name>Lap 9</name>
<ele>13</ele>
<time>2025-03-05T18:29:18.000Z</time>
<type>user</type>
</wpt>
<trkseg>
<trkpt lat="38.5763819" lon="-121.4574064">
<ele>6</ele><time>2025-03-05T17:10:42.346Z</time><extensions><gpxtpx:TrackPointExtension><gpxtpx:hr>92</gpxtpx:hr><gpxtpx:cad>53</gpxtpx:cad></gpxtpx:TrackPointExtension></extensions><extensions><gpxtpx:PowerExtension><gpxtpx:PowerInWatts>79</gpxtpx:PowerInWatts></gpxtpx:PowerExtension></extensions></trkpt>
<trkpt lat="38.5764315" lon="-121.4573798">
<ele>6</ele><time>2025-03-05T17:10:55.000Z</time><extensions><gpxtpx:TrackPointExtension><gpxtpx:hr>94</gpxtpx:hr><gpxtpx:cad>61</gpxtpx:cad></gpxtpx:TrackPointExtension></extensions><extensions><gpxtpx:PowerExtension><gpxtpx:PowerInWatts>91</gpxtpx:PowerInWatts></gpxtpx:PowerExtension></extensions></trkpt>
<trkpt lat="38.5764957" lon="-121.4573554">
<ele>6</ele><time>2025-03-05T17:10:59.000Z</time><extensions><gpxtpx:TrackPointExtension><gpxtpx:hr>96</gpxtpx:hr><gpxtpx:cad>59</gpxtpx:cad></gpxtpx:TrackPointExtension></extensions><extensions><gpxtpx:PowerExtension><gpxtpx:PowerInWatts>91</gpxtpx:PowerInWatts></gpxtpx:PowerExtension></extensions></trkpt>
<trkpt lat="38.5765525" lon="-121.4573718">
<ele>6</ele><time>2025-03-05T17:11:01.000Z</time><extensions><gpxtpx:TrackPointExtension><gpxtpx:hr>98</gpxtpx:hr><gpxtpx:cad>61</gpxtpx:cad></gpxtpx:TrackPointExtension></extensions><extensions><gpxtpx:PowerExtension><gpxtpx:PowerInWatts>77</gpxtpx:PowerInWatts></gpxtpx:PowerExtension></extensions></trkpt>
<trkpt lat="38.5766037" lon="-121.4573951">
<ele>6</ele><time>2025-03-05T17:11:03.000Z</time><extensions><gpxtpx:TrackPointExtension><gpxtpx:hr>101</gpxtpx:hr><gpxtpx:cad>60</gpxtpx:cad></gpxtpx:TrackPointExtension></extensions><extensions><gpxtpx:PowerExtension><gpxtpx:PowerInWatts>77</gpxtpx:PowerInWatts></gpxtpx:PowerExtension></extensions></trkpt>
<trkpt lat="38.5766518" lon="-121.4573974">
<ele>6</ele><time>2025-03-05T17:11:06.000Z</time><extensions><gpxtpx:TrackPointExtension><gpxtpx:hr>106</gpxtpx:hr><gpxtpx:cad>60</gpxtpx:cad></gpxtpx:TrackPointExtension></extensions><extensions><gpxtpx:PowerExtension><gpxtpx:PowerInWatts>79</gpxtpx:PowerInWatts></gpxtpx:PowerExtension></extensions></trkpt>
<trkpt lat="38.5766707" lon="-121.4574621">
<ele>6</ele><time>2025-03-05T17:11:14.000Z</time><extensions><gpxtpx:TrackPointExtension><gpxtpx:hr>110</gpxtpx:hr><gpxtpx:cad>60</gpxtpx:cad></gpxtpx:TrackPointExtension></extensions><extensions><gpxtpx:PowerExtension><gpxtpx:PowerInWatts>139</gpxtpx:PowerInWatts></gpxtpx:PowerExtension></extensions></trkpt>
<trkpt lat="38.5766895" lon="-121.4575146">
<ele>6</ele><time>2025-03-05T17:11:17.000Z</time><extensions><gpxtpx:TrackPointExtension><gpxtpx:hr>107</gpxtpx:hr><gpxtpx:cad>61</gpxtpx:cad></gpxtpx:TrackPointExtension></extensions><extensions><gpxtpx:PowerExtension><gpxtpx:PowerInWatts>139</gpxtpx:PowerInWatts></gpxtpx:PowerExtension></extensions></trkpt>
<trkpt lat="38.5767247" lon="-121.4575657">
<ele>6</ele><time>2025-03-05T17:11:21.000Z</time><extensions><gpxtpx:TrackPointExtension><gpxtpx:hr>102</gpxtpx:hr><gpxtpx:cad>61</gpxtpx:cad></gpxtpx:TrackPointExtension></extensions><extensions><gpxtpx:PowerExtension><gpxtpx:PowerInWatts>94</gpxtpx:PowerInWatts></gpxtpx:PowerExtension></extensions></trkpt>
<trkpt lat="38.5767510" lon="-121.4576420">
<ele>6</ele><time>2025-03-05T17:11:24.000Z</time><extensions><gpxtpx:TrackPointExtension><gpxtpx:hr>103</gpxtpx:hr><gpxtpx:cad>61</gpxtpx:cad></gpxtpx:TrackPointExtension></extensions><extensions><gpxtpx:PowerExtension><gpxtpx:PowerInWatts>94</gpxtpx:PowerInWatts></gpxtpx:PowerExtension></extensions></trkpt>
<trkpt lat="38.5767660" lon="-121.4577081">
<ele>6</ele><time>2025-03-05T17:11:26.000Z</time><extensions><gpxtpx:TrackPointExtension><gpxtpx:hr>103</gpxtpx:hr><gpxtpx:cad>63</gpxtpx:cad></gpxtpx:TrackPointExtension></extensions><extensions><gpxtpx:PowerExtension><gpxtpx:PowerInWatts>111</gpxtpx:PowerInWatts></gpxtpx:PowerExtension></extensions></trkpt>
<trkpt lat="38.5768101" lon="-121.4577395">
<ele>6</ele><time>2025-03-05T17:11:27.999Z</time><extensions><gpxtpx:TrackPointExtension><gpxtpx:hr>104</gpxtpx:hr><gpxtpx:cad>61</gpxtpx:cad></gpxtpx:TrackPointExtension></extensions><extensions><gpxtpx:PowerExtension><gpxtpx:PowerInWatts>115</gpxtpx:PowerInWatts></gpxtpx:PowerExtension></extensions></trkpt>
<trkpt lat="38.5768302" lon="-121.4577966">
<ele>6</ele><time>2025-03-05T17:11:29.999Z</time><extensions><gpxtpx:TrackPointExtension><gpxtpx:hr>106</gpxtpx:hr><gpxtpx:cad>62</gpxtpx:cad></gpxtpx:TrackPointExtension></extensions><extensions><gpxtpx:PowerExtension><gpxtpx:PowerInWatts>147</gpxtpx:PowerInWatts></gpxtpx:PowerExtension></extensions></trkpt>
<trkpt lat="38.5768312" lon="-121.4578890">
<ele>6</ele><time>2025-03-05T17:11:32.999Z</time><extensions><gpxtpx:TrackPointExtension><gpxtpx:hr>109</gpxtpx:hr><gpxtpx:cad>70</gpxtpx:cad></gpxtpx:TrackPointExtension></extensions><extensions><gpxtpx:PowerExtension><gpxtpx:PowerInWatts>166</gpxtpx:PowerInWatts></gpxtpx:PowerExtension></extensions></trkpt>
<trkpt lat="38.5768632" lon="-121.4579768">
<ele>6</ele><time>2025-03-05T17:11:35.999Z</time><extensions><gpxtpx:TrackPointExtension><gpxtpx:hr>113</gpxtpx:hr><gpxtpx:cad>69</gpxtpx:cad></gpxtpx:TrackPointExtension></extensions><extensions><gpxtpx:PowerExtension><gpxtpx:PowerInWatts>212</gpxtpx:PowerInWatts></gpxtpx:PowerExtension></extensions></trkpt>
<trkpt lat="38.5768919" lon="-121.4580346">
<ele>7</ele><time>2025-03-05T17:11:37.999Z</time><extensions><gpxtpx:TrackPointExtension><gpxtpx:hr>114</gpxtpx:hr><gpxtpx:cad>71</gpxtpx:cad></gpxtpx:TrackPointExtension></extensions><extensions><gpxtpx:PowerExtension><gpxtpx:PowerInWatts>212</gpxtpx:PowerInWatts></gpxtpx:PowerExtension></extensions></trkpt>
<trkpt lat="38.5769009" lon="-121.4581088">
<ele>7</ele><time>2025-03-05T17:11:39.999Z</time><extensions><gpxtpx:TrackPointExtension><gpxtpx:hr>116</gpxtpx:hr><gpxtpx:cad>74</gpxtpx:cad></gpxtpx:TrackPointExtension></extensions><extensions><gpxtpx:PowerExtension><gpxtpx:PowerInWatts>204</gpxtpx:PowerInWatts></gpxtpx:PowerExtension></extensions></trkpt>
<trkpt lat="38.5769131" lon="-121.4581834">
<ele>7</ele><time>2025-03-05T17:11:41.999Z</time><extensions><gpxtpx:TrackPointExtension><gpxtpx:hr>119</gpxtpx:hr><gpxtpx:cad>76</gpxtpx:cad></gpxtpx:TrackPointExtension></extensions><extensions><gpxtpx:PowerExtension><gpxtpx:PowerInWatts>204</gpxtpx:PowerInWatts></gpxtpx:PowerExtension></extensions></trkpt>
<trkpt lat="38.5769344" lon="-121.4582612">
<ele>7</ele><time>2025-03-05T17:11:44.999Z</time><extensions><gpxtpx:TrackPointExtension><gpxtpx:hr>123</gpxtpx:hr><gpxtpx:cad>82</gpxtpx:cad></gpxtpx:TrackPointExtension></extensions><extensions><gpxtpx:PowerExtension><gpxtpx:PowerInWatts>215</gpxtpx:PowerInWatts></gpxtpx:PowerExtension></extensions></trkpt>
<trkpt lat="38.5769651" lon="-121.4583049">
<ele>6</ele><time>2025-03-05T17:11:46.999Z</time><extensions><gpxtpx:TrackPointExtension><gpxtpx:hr>124</gpxtpx:hr><gpxtpx:cad>85</gpxtpx:cad></gpxtpx:TrackPointExtension></extensions><extensions><gpxtpx:PowerExtension><gpxtpx:PowerInWatts>215</gpxtpx:PowerInWatts></gpxtpx:PowerExtension></extensions></trkpt>
<trkpt lat="38.5769863" lon="-121.4583575">
<ele>6</ele><time>2025-03-05T17:11:48.999Z</time><extensions><gpxtpx:TrackPointExtension><gpxtpx:hr>124</gpxtpx:hr><gpxtpx:cad>86</gpxtpx:cad></gpxtpx:TrackPointExtension></extensions><extensions><gpxtpx:PowerExtension><gpxtpx:PowerInWatts>215</gpxtpx:PowerInWatts></gpxtpx:PowerExtension></extensions></trkpt>
<trkpt lat="38.5769974" lon="-121.4584313">
<ele>6</ele><time>2025-03-05T17:11:50.999Z</time><extensions><gpxtpx:TrackPointExtension><gpxtpx:hr>126</gpxtpx:hr><gpxtpx:cad>83</gpxtpx:cad></gpxtpx:TrackPointExtension></extensions><extensions><gpxtpx:PowerExtension><gpxtpx:PowerInWatts>214</gpxtpx:PowerInWatts></gpxtpx:PowerExtension></extensions></trkpt>
<trkpt lat="38.5770240" lon="-121.4585294">
<ele>6</ele><time>2025-03-05T17:11:53.999Z</time><extensions><gpxtpx:TrackPointExtension><gpxtpx:hr>128</gpxtpx:hr><gpxtpx:cad>80</gpxtpx:cad></gpxtpx:TrackPointExtension></extensions><extensions><gpxtpx:PowerExtension><gpxtpx:PowerInWatts>214</gpxtpx:PowerInWatts></gpxtpx:PowerExtension></extensions></trkpt>
<trkpt lat="38.5770383" lon="-121.4585971">
<ele>6</ele><time>2025-03-05T17:11:55.999Z</time><extensions><gpxtpx:TrackPointExtension><gpxtpx:hr>128</gpxtpx:hr><gpxtpx:cad>82</gpxtpx:cad></gpxtpx:TrackPointExtension></extensions><extensions><gpxtpx:PowerExtension><gpxtpx:PowerInWatts>213</gpxtpx:PowerInWatts></gpxtpx:PowerExtension></extensions></trkpt>
<trkpt lat="38.5770537" lon="-121.4586716">
<ele>6</ele><time>2025-03-05T17:11:57.999Z</time><extensions><gpxtpx:TrackPointExtension><gpxtpx:hr>130</gpxtpx:hr><gpxtpx:cad>82</gpxtpx:cad></gpxtpx:TrackPointExtension></extensions><extensions><gpxtpx:PowerExtension><gpxtpx:PowerInWatts>213</gpxtpx:PowerInWatts></gpxtpx:PowerExtension></extensions></trkpt>
<trkpt lat="38.5770786" lon="-121.4587492">
<ele>6</ele><time>2025-03-05T17:11:59.999Z</time><extensions><gpxtpx:TrackPointExtension><gpxtpx:hr>130</gpxtpx:hr><gpxtpx:cad>85</gpxtpx:cad></gpxtpx:TrackPointExtension></extensions><extensions><gpxtpx:PowerExtension><gpxtpx:PowerInWatts>212</gpxtpx:PowerInWatts></gpxtpx:PowerExtension></extensions></trkpt>
<trkpt lat="38.5770779" lon="-121.4588102">
<ele>6</ele><time>2025-03-05T17:12:01.999Z</time><extensions><gpxtpx:TrackPointExtension><gpxtpx:hr>131</gpxtpx:hr><gpxtpx:cad>80</gpxtpx:cad></gpxtpx:TrackPointExtension></extensions><extensions><gpxtpx:PowerExtension><gpxtpx:PowerInWatts>212</gpxtpx:PowerInWatts></gpxtpx:PowerExtension></extensions></trkpt>
<trkpt lat="38.5771032" lon="-121.4588704">
<ele>6</ele><time>2025-03-05T17:12:03.999Z</time><extensions><gpxtpx:TrackPointExtension><gpxtpx:hr>132</gpxtpx:hr><gpxtpx:cad>84</gpxtpx:cad></gpxtpx:TrackPointExtension></extensions><extensions><gpxtpx:PowerExtension><gpxtpx:PowerInWatts>217</gpxtpx:PowerInWatts></gpxtpx:PowerExtension></extensions></trkpt>
<trkpt lat="38.5771286" lon="-121.4589309">
<ele>7</ele><time>2025-03-05T17:12:05.999Z</time><extensions><gpxtpx:TrackPointExtension><gpxtpx:hr>133</gpxtpx:hr><gpxtpx:cad>87</gpxtpx:cad></gpxtpx:TrackPointExtension></extensions><extensions><gpxtpx:PowerExtension><gpxtpx:PowerInWatts>217</gpxtpx:PowerInWatts></gpxtpx:PowerExtension></extensions></trkpt>
<trkpt lat="38.5771328" lon="-121.4589972">
<ele>7</ele><time>2025-03-05T17:12:07.999Z</time><extensions><gpxtpx:TrackPointExtension><gpxtpx:hr>133</gpxtpx:hr><gpxtpx:cad>83</gpxtpx:cad></gpxtpx:TrackPointExtension></extensions><extensions><gpxtpx:PowerExtension><gpxtpx:PowerInWatts>222</gpxtpx:PowerInWatts></gpxtpx:PowerExtension></extensions></trkpt>
<trkpt lat="38.5771478" lon="-121.4590596">
<ele>7</ele><time>2025-03-05T17:12:09.999Z</time><extensions><gpxtpx:TrackPointExtension><gpxtpx:hr>133</gpxtpx:hr><gpxtpx:cad>80</gpxtpx:cad></gpxtpx:TrackPointExtension></extensions><extensions><gpxtpx:PowerExtension><gpxtpx:PowerInWatts>223</gpxtpx:PowerInWatts></gpxtpx:PowerExtension></extensions></trkpt>
<trkpt lat="38.5771822" lon="-121.4591386">
<ele>7</ele><time>2025-03-05T17:12:11.999Z</time><extensions><gpxtpx:TrackPointExtension><gpxtpx:hr>134</gpxtpx:hr><gpxtpx:cad>78</gpxtpx:cad></gpxtpx:TrackPointExtension></extensions><extensions><gpxtpx:PowerExtension><gpxtpx:PowerInWatts>223</gpxtpx:PowerInWatts></gpxtpx:PowerExtension></extensions></trkpt>
<trkpt lat="38.5772015" lon="-121.4591974">
<ele>7</ele><time>2025-03-05T17:12:13.999Z</time><extensions><gpxtpx:TrackPointExtension><gpxtpx:hr>134</gpxtpx:hr><gpxtpx:cad>80</gpxtpx:cad></gpxtpx:TrackPointExtension></extensions><extensions><gpxtpx:PowerExtension><gpxtpx:PowerInWatts>223</gpxtpx:PowerInWatts></gpxtpx:PowerExtension></extensions></trkpt>
<trkpt lat="38.5772054" lon="-121.4592691">
<ele>7</ele><time>2025-03-05T17:12:15.999Z</time><extensions><gpxtpx:TrackPointExtension><gpxtpx:hr>135</gpxtpx:hr><gpxtpx:cad>80</gpxtpx:cad></gpxtpx:TrackPointExtension></extensions><extensions><gpxtpx:PowerExtension><gpxtpx:PowerInWatts>222</gpxtpx:PowerInWatts></gpxtpx:PowerExtension></extensions></trkpt>
<trkpt lat="38.5772255" lon="-121.4593599">
<ele>7</ele><time>2025-03-05T17:12:17.999Z</time><extensions><gpxtpx:TrackPointExtension><gpxtpx:hr>136</gpxtpx:hr><gpxtpx:cad>80</gpxtpx:cad></gpxtpx:TrackPointExtension></extensions><extensions><gpxtpx:PowerExtension><gpxtpx:PowerInWatts>222</gpxtpx:PowerInWatts></gpxtpx:PowerExtension></extensions></trkpt>
<trkpt lat="38.5772356" lon="-121.4594319">
<ele>7</ele><time>2025-03-05T17:12:19.999Z</time><extensions><gpxtpx:TrackPointExtension><gpxtpx:hr>136</gpxtpx:hr><gpxtpx:cad>81</gpxtpx:cad></gpxtpx:TrackPointExtension></extensions><extensions><gpxtpx:PowerExtension><gpxtpx:PowerInWatts>222</gpxtpx:PowerInWatts></gpxtpx:PowerExtension></extensions></trkpt>
<trkpt lat="38.5772435" lon="-121.4595002">
<ele>7</ele><time>2025-03-05T17:12:21.999Z</time><extensions><gpxtpx:TrackPointExtension><gpxtpx:hr>137</gpxtpx:hr><gpxtpx:cad>81</gpxtpx:cad></gpxtpx:TrackPointExtension></extensions><extensions><gpxtpx:PowerExtension><gpxtpx:PowerInWatts>222</gpxtpx:PowerInWatts></gpxtpx:PowerExtension></extensions></trkpt>
<trkpt lat="38.5772678" lon="-121.4595662">
<ele>7</ele><time>2025-03-05T17:12:23.999Z</time><extensions><gpxtpx:TrackPointExtension><gpxtpx:hr>138</gpxtpx:hr><gpxtpx:cad>81</gpxtpx:cad></gpxtpx:TrackPointExtension></extensions><extensions><gpxtpx:PowerExtension><gpxtpx:PowerInWatts>227</gpxtpx:PowerInWatts></gpxtpx:PowerExtension></extensions></trkpt>
<trkpt lat="38.5772723" lon="-121.4596397">
<ele>7</ele><time>2025-03-05T17:12:25.999Z</time><extensions><gpxtpx:TrackPointExtension><gpxtpx:hr>138</gpxtpx:hr><gpxtpx:cad>75</gpxtpx:cad></gpxtpx:TrackPointExtension></extensions><extensions><gpxtpx:PowerExtension><gpxtpx:PowerInWatts>234</gpxtpx:PowerInWatts></gpxtpx:PowerExtension></extensions></trkpt>
<trkpt lat="38.5772827" lon="-121.4596971">
<ele>7</ele><time>2025-03-05T17:12:27.999Z</time><extensions><gpxtpx:TrackPointExtension><gpxtpx:hr>140</gpxtpx:hr><gpxtpx:cad>75</gpxtpx:cad></gpxtpx:TrackPointExtension></extensions><extensions><gpxtpx:PowerExtension><gpxtpx:PowerInWatts>233</gpxtpx:PowerInWatts></gpxtpx:PowerExtension></extensions></trkpt>
<trkpt lat="38.5773142" lon="-121.4597653">
<ele>7</ele><time>2025-03-05T17:12:29.999Z</time><extensions><gpxtpx:TrackPointExtension><gpxtpx:hr>140</gpxtpx:hr><gpxtpx:cad>77</gpxtpx:cad></gpxtpx:TrackPointExtension></extensions><extensions><gpxtpx:PowerExtension><gpxtpx:PowerInWatts>233</gpxtpx:PowerInWatts></gpxtpx:PowerExtension></extensions></trkpt>
<trkpt lat="38.5773246" lon="-121.4598481">
<ele>7</ele><time>2025-03-05T17:12:31.999Z</time><extensions><gpxtpx:TrackPointExtension><gpxtpx:hr>140</gpxtpx:hr><gpxtpx:cad>80</gpxtpx:cad></gpxtpx:TrackPointExtension></extensions><extensions><gpxtpx:PowerExtension><gpxtpx:PowerInWatts>236</gpxtpx:PowerInWatts></gpxtpx:PowerExtension></extensions></trkpt>
<trkpt lat="38.5773313" lon="-121.4599076">
<ele>7</ele><time>2025-03-05T17:12:33.999Z</time><extensions><gpxtpx:TrackPointExtension><gpxtpx:hr>140</gpxtpx:hr><gpxtpx:cad>80</gpxtpx:cad></gpxtpx:TrackPointExtension></extensions><extensions><gpxtpx:PowerExtension><gpxtpx:PowerInWatts>234</gpxtpx:PowerInWatts></gpxtpx:PowerExtension></extensions></trkpt>
<trkpt lat="38.5773443" lon="-121.4599770">
<ele>7</ele><time>2025-03-05T17:12:35.999Z</time><extensions><gpxtpx:TrackPointExtension><gpxtpx:hr>141</gpxtpx:hr><gpxtpx:cad>80</gpxtpx:cad></gpxtpx:TrackPointExtension></extensions><extensions><gpxtpx:PowerExtension><gpxtpx:PowerInWatts>234</gpxtpx:PowerInWatts></gpxtpx:PowerExtension></extensions></trkpt>
<trkpt lat="38.5773635" lon="-121.4600527">
<ele>7</ele><time>2025-03-05T17:12:37.999Z</time><extensions><gpxtpx:TrackPointExtension><gpxtpx:hr>141</gpxtpx:hr><gpxtpx:cad>81</gpxtpx:cad></gpxtpx:TrackPointExtension></extensions><extensions><gpxtpx:PowerExtension><gpxtpx:PowerInWatts>234</gpxtpx:PowerInWatts></gpxtpx:PowerExtension></extensions></trkpt>
<trkpt lat="38.5774040" lon="-121.4601445">
<ele>7</ele><time>2025-03-05T17:12:40.999Z</time><extensions><gpxtpx:TrackPointExtension><gpxtpx:hr>141</gpxtpx:hr><gpxtpx:cad>80</gpxtpx:cad></gpxtpx:TrackPointExtension></extensions><extensions><gpxtpx:PowerExtension><gpxtpx:PowerInWatts>234</gpxtpx:PowerInWatts></gpxtpx:PowerExtension></extensions></trkpt>
<trkpt lat="38.5774331" lon="-121.4602335">
<ele>7</ele><time>2025-03-05T17:12:43.999Z</time><extensions><gpxtpx:TrackPointExtension><gpxtpx:hr>141</gpxtpx:hr><gpxtpx:cad>78</gpxtpx:cad></gpxtpx:TrackPointExtension></extensions><extensions><gpxtpx:PowerExtension><gpxtpx:PowerInWatts>230</gpxtpx:PowerInWatts></gpxtpx:PowerExtension></extensions></trkpt>
<trkpt lat="38.5774546" lon="-121.4602924">
<ele>7</ele><time>2025-03-05T17:12:45.999Z</time><extensions><gpxtpx:TrackPointExtension><gpxtpx:hr>141</gpxtpx:hr><gpxtpx:cad>77</gpxtpx:cad></gpxtpx:TrackPointExtension></extensions><extensions><gpxtpx:PowerExtension><gpxtpx:PowerInWatts>226</gpxtpx:PowerInWatts></gpxtpx:PowerExtension></extensions></trkpt>
<trkpt lat="38.5774867" lon="-121.4603610">
<ele>7</ele><time>2025-03-05T17:12:47.999Z</time><extensions><gpxtpx:TrackPointExtension><gpxtpx:hr>141</gpxtpx:hr><gpxtpx:cad>80</gpxtpx:cad></gpxtpx:TrackPointExtension></extensions><extensions><gpxtpx:PowerExtension><gpxtpx:PowerInWatts>226</gpxtpx:PowerInWatts></gpxtpx:PowerExtension></extensions></trkpt>
<trkpt lat="38.5775062" lon="-121.4604340">
<ele>7</ele><time>2025-03-05T17:12:49.999Z</time><extensions><gpxtpx:TrackPointExtension><gpxtpx:hr>141</gpxtpx:hr><gpxtpx:cad>80</gpxtpx:cad></gpxtpx:TrackPointExtension></extensions><extensions><gpxtpx:PowerExtension><gpxtpx:PowerInWatts>229</gpxtpx:PowerInWatts></gpxtpx:PowerExtension></extensions></trkpt>
<trkpt lat="38.5775175" lon="-121.4604968">
<ele>7</ele><time>2025-03-05T17:12:51.999Z</time><extensions><gpxtpx:TrackPointExtension><gpxtpx:hr>141</gpxtpx:hr><gpxtpx:cad>80</gpxtpx:cad></gpxtpx:TrackPointExtension></extensions><extensions><gpxtpx:PowerExtension><gpxtpx:PowerInWatts>229</gpxtpx:PowerInWatts></gpxtpx:PowerExtension></extensions></trkpt>
<trkpt lat="38.5775378" lon="-121.4605492">
<ele>7</ele><time>2025-03-05T17:12:53.999Z</time><extensions><gpxtpx:TrackPointExtension><gpxtpx:hr>141</gpxtpx:hr><gpxtpx:cad>82</gpxtpx:cad></gpxtpx:TrackPointExtension></extensions><extensions><gpxtpx:PowerExtension><gpxtpx:PowerInWatts>230</gpxtpx:PowerInWatts></gpxtpx:PowerExtension></extensions></trkpt>
<trkpt lat="38.5775664" lon="-121.4606174">
<ele>7</ele><time>2025-03-05T17:12:55.999Z</time><extensions><gpxtpx:TrackPointExtension><gpxtpx:hr>142</gpxtpx:hr><gpxtpx:cad>83</gpxtpx:cad></gpxtpx:TrackPointExtension></extensions><extensions><gpxtpx:PowerExtension><gpxtpx:PowerInWatts>230</gpxtpx:PowerInWatts></gpxtpx:PowerExtension></extensions></trkpt>
<trkpt lat="38.5775733" lon="-121.4606756">
<ele>7</ele><time>2025-03-05T17:12:57.999Z</time><extensions><gpxtpx:TrackPointExtension><gpxtpx:hr>142</gpxtpx:hr><gpxtpx:cad>80</gpxtpx:cad></gpxtpx:TrackPointExtension></extensions><extensions><gpxtpx:PowerExtension><gpxtpx:PowerInWatts>227</gpxtpx:PowerInWatts></gpxtpx:PowerExtension></extensions></trkpt>
<trkpt lat="38.5775985" lon="-121.4607402">
<ele>7</ele><time>2025-03-05T17:12:59.999Z</time><extensions><gpxtpx:TrackPointExtension><gpxtpx:hr>142</gpxtpx:hr><gpxtpx:cad>77</gpxtpx:cad></gpxtpx:TrackPointExtension></extensions><extensions><gpxtpx:PowerExtension><gpxtpx:PowerInWatts>227</gpxtpx:PowerInWatts></gpxtpx:PowerExtension></extensions></trkpt>
<trkpt lat="38.5776164" lon="-121.4608055">
<ele>7</ele><time>2025-03-05T17:13:01.999Z</time><extensions><gpxtpx:TrackPointExtension><gpxtpx:hr>142</gpxtpx:hr><gpxtpx:cad>77</gpxtpx:cad></gpxtpx:TrackPointExtension></extensions><extensions><gpxtpx:PowerExtension><gpxtpx:PowerInWatts>226</gpxtpx:PowerInWatts></gpxtpx:PowerExtension></extensions></trkpt>
<trkpt lat="38.5776169" lon="-121.4608635">
<ele>7</ele><time>2025-03-05T17:13:03.999Z</time><extensions><gpxtpx:TrackPointExtension><gpxtpx:hr>142</gpxtpx:hr><gpxtpx:cad>79</gpxtpx:cad></gpxtpx:TrackPointExtension></extensions><extensions><gpxtpx:PowerExtension><gpxtpx:PowerInWatts>225</gpxtpx:PowerInWatts></gpxtpx:PowerExtension></extensions></trkpt>
<trkpt lat="38.5776374" lon="-121.4609354">
<ele>7</ele><time>2025-03-05T17:13:05.999Z</time><extensions><gpxtpx:TrackPointExtension><gpxtpx:hr>143</gpxtpx:hr><gpxtpx:cad>80</gpxtpx:cad></gpxtpx:TrackPointExtension></extensions><extensions><gpxtpx:PowerExtension><gpxtpx:PowerInWatts>228</gpxtpx:PowerInWatts></gpxtpx:PowerExtension></extensions></trkpt>
<trkpt lat="38.5776652" lon="-121.4610133">
<ele>7</ele><time>2025-03-05T17:13:07.999Z</time><extensions><gpxtpx:TrackPointExtension><gpxtpx:hr>143</gpxtpx:hr><gpxtpx:cad>82</gpxtpx:cad></gpxtpx:TrackPointExtension></extensions><extensions><gpxtpx:PowerExtension><gpxtpx:PowerInWatts>228</gpxtpx:PowerInWatts></gpxtpx:PowerExtension></extensions></trkpt>
<trkpt lat="38.5776774" lon="-121.4611079">
<ele>7</ele><time>2025-03-05T17:13:10.999Z</time><extensions><gpxtpx:TrackPointExtension><gpxtpx:hr>143</gpxtpx:hr><gpxtpx:cad>77</gpxtpx:cad></gpxtpx:TrackPointExtension></extensions><extensions><gpxtpx:PowerExtension><gpxtpx:PowerInWatts>228</gpxtpx:PowerInWatts></gpxtpx:PowerExtension></extensions></trkpt>
<trkpt lat="38.5776819" lon="-121.4611785">
<ele>7</ele><time>2025-03-05T17:13:12.999Z</time><extensions><gpxtpx:TrackPointExtension><gpxtpx:hr>143</gpxtpx:hr><gpxtpx:cad>81</gpxtpx:cad></gpxtpx:TrackPointExtension></extensions><extensions><gpxtpx:PowerExtension><gpxtpx:PowerInWatts>228</gpxtpx:PowerInWatts></gpxtpx:PowerExtension></extensions></trkpt>
<trkpt lat="38.5776936" lon="-121.4612500">
<ele>7</ele><time>2025-03-05T17:13:14.999Z</time><extensions><gpxtpx:TrackPointExtension><gpxtpx:hr>143</gpxtpx:hr><gpxtpx:cad>85</gpxtpx:cad></gpxtpx:TrackPointExtension></extensions><extensions><gpxtpx:PowerExtension><gpxtpx:PowerInWatts>230</gpxtpx:PowerInWatts></gpxtpx:PowerExtension></extensions></trkpt>
<trkpt lat="38.5777123" lon="-121.4613267">
<ele>7</ele><time>2025-03-05T17:13:16.999Z</time><extensions><gpxtpx:TrackPointExtension><gpxtpx:hr>143</gpxtpx:hr><gpxtpx:cad>80</gpxtpx:cad></gpxtpx:TrackPointExtension></extensions><extensions><gpxtpx:PowerExtension><gpxtpx:PowerInWatts>230</gpxtpx:PowerInWatts></gpxtpx:PowerExtension></extensions></trkpt>
<trkpt lat="38.5777240" lon="-121.4614218">
<ele>7</ele><time>2025-03-05T17:13:19.999Z</time><extensions><gpxtpx:TrackPointExtension><gpxtpx:hr>143</gpxtpx:hr><gpxtpx:cad>77</gpxtpx:cad></gpxtpx:TrackPointExtension></extensions><extensions><gpxtpx:PowerExtension><gpxtpx:PowerInWatts>227</gpxtpx:PowerInWatts></gpxtpx:PowerExtension></extensions></trkpt>
<trkpt lat="38.5777515" lon="-121.4614774">
<ele>7</ele><time>2025-03-05T17:13:21.999Z</time><extensions><gpxtpx:TrackPointExtension><gpxtpx:hr>143</gpxtpx:hr><gpxtpx:cad>78</gpxtpx:cad></gpxtpx:TrackPointExtension></extensions><extensions><gpxtpx:PowerExtension><gpxtpx:PowerInWatts>231</gpxtpx:PowerInWatts></gpxtpx:PowerExtension></extensions></trkpt>
<trkpt lat="38.5777812" lon="-121.4615624">
<ele>7</ele><time>2025-03-05T17:13:24.999Z</time><extensions><gpxtpx:TrackPointExtension><gpxtpx:hr>143</gpxtpx:hr><gpxtpx:cad>76</gpxtpx:cad></gpxtpx:TrackPointExtension></extensions><extensions><gpxtpx:PowerExtension><gpxtpx:PowerInWatts>231</gpxtpx:PowerInWatts></gpxtpx:PowerExtension></extensions></trkpt>
<trkpt lat="38.5777959" lon="-121.4616192">
<ele>7</ele><time>2025-03-05T17:13:26.999Z</time><extensions><gpxtpx:TrackPointExtension><gpxtpx:hr>144</gpxtpx:hr><gpxtpx:cad>77</gpxtpx:cad></gpxtpx:TrackPointExtension></extensions><extensions><gpxtpx:PowerExtension><gpxtpx:PowerInWatts>228</gpxtpx:PowerInWatts></gpxtpx:PowerExtension></extensions></trkpt>
<trkpt lat="38.5778377" lon="-121.4616930">
<ele>7</ele><time>2025-03-05T17:13:28.999Z</time><extensions><gpxtpx:TrackPointExtension><gpxtpx:hr>144</gpxtpx:hr><gpxtpx:cad>77</gpxtpx:cad></gpxtpx:TrackPointExtension></extensions><extensions><gpxtpx:PowerExtension><gpxtpx:PowerInWatts>226</gpxtpx:PowerInWatts></gpxtpx:PowerExtension></extensions></trkpt>
<trkpt lat="38.5778367" lon="-121.4617647">
<ele>7</ele><time>2025-03-05T17:13:30.999Z</time><extensions><gpxtpx:TrackPointExtension><gpxtpx:hr>144</gpxtpx:hr><gpxtpx:cad>77</gpxtpx:cad></gpxtpx:TrackPointExtension></extensions><extensions><gpxtpx:PowerExtension><gpxtpx:PowerInWatts>226</gpxtpx:PowerInWatts></gpxtpx:PowerExtension></extensions></trkpt>
<trkpt lat="38.5778500" lon="-121.4618306">
<ele>8</ele><time>2025-03-05T17:13:32.999Z</time><extensions><gpxtpx:TrackPointExtension><gpxtpx:hr>144</gpxtpx:hr><gpxtpx:cad>79</gpxtpx:cad></gpxtpx:TrackPointExtension></extensions><extensions><gpxtpx:PowerExtension><gpxtpx:PowerInWatts>226</gpxtpx:PowerInWatts></gpxtpx:PowerExtension></extensions></trkpt>
<trkpt lat="38.5778748" lon="-121.4618918">
<ele>8</ele><time>2025-03-05T17:13:34.999Z</time><extensions><gpxtpx:TrackPointExtension><gpxtpx:hr>144</gpxtpx:hr><gpxtpx:cad>79</gpxtpx:cad></gpxtpx:TrackPointExtension></extensions><extensions><gpxtpx:PowerExtension><gpxtpx:PowerInWatts>224</gpxtpx:PowerInWatts></gpxtpx:PowerExtension></extensions></trkpt>
<trkpt lat="38.5778954" lon="-121.4619523">
<ele>8</ele><time>2025-03-05T17:13:36.999Z</time><extensions><gpxtpx:TrackPointExtension><gpxtpx:hr>144</gpxtpx:hr><gpxtpx:cad>78</gpxtpx:cad></gpxtpx:TrackPointExtension></extensions><extensions><gpxtpx:PowerExtension><gpxtpx:PowerInWatts>226</gpxtpx:PowerInWatts></gpxtpx:PowerExtension></extensions></trkpt>
<trkpt lat="38.5779223" lon="-121.4620155">
<ele>8</ele><time>2025-03-05T17:13:38.999Z</time><extensions><gpxtpx:TrackPointExtension><gpxtpx:hr>145</gpxtpx:hr><gpxtpx:cad>82</gpxtpx:cad></gpxtpx:TrackPointExtension></extensions><extensions><gpxtpx:PowerExtension><gpxtpx:PowerInWatts>226</gpxtpx:PowerInWatts></gpxtpx:PowerExtension></extensions></trkpt>
<trkpt lat="38.5779341" lon="-121.4620765">
<ele>8</ele><time>2025-03-05T17:13:40.999Z</time><extensions><gpxtpx:TrackPointExtension><gpxtpx:hr>145</gpxtpx:hr><gpxtpx:cad>81</gpxtpx:cad></gpxtpx:TrackPointExtension></extensions><extensions><gpxtpx:PowerExtension><gpxtpx:PowerInWatts>226</gpxtpx:PowerInWatts></gpxtpx:PowerExtension></extensions></trkpt>
<trkpt lat="38.5779726" lon="-121.4621652">
<ele>8</ele><time>2025-03-05T17:13:43.999Z</time><extensions><gpxtpx:TrackPointExtension><gpxtpx:hr>145</gpxtpx:hr><gpxtpx:cad>79</gpxtpx:cad></gpxtpx:TrackPointExtension></extensions><extensions><gpxtpx:PowerExtension><gpxtpx:PowerInWatts>224</gpxtpx:PowerInWatts></gpxtpx:PowerExtension></extensions></trkpt>
<trkpt lat="38.5779759" lon="-121.4622302">
<ele>8</ele><time>2025-03-05T17:13:45.999Z</time><extensions><gpxtpx:TrackPointExtension><gpxtpx:hr>145</gpxtpx:hr><gpxtpx:cad>78</gpxtpx:cad></gpxtpx:TrackPointExtension></extensions><extensions><gpxtpx:PowerExtension><gpxtpx:PowerInWatts>224</gpxtpx:PowerInWatts></gpxtpx:PowerExtension></extensions></trkpt>
<trkpt lat="38.5779931" lon="-121.4622991">
<ele>8</ele><time>2025-03-05T17:13:47.999Z</time><extensions><gpxtpx:TrackPointExtension><gpxtpx:hr>145</gpxtpx:hr><gpxtpx:cad>88</gpxtpx:cad></gpxtpx:TrackPointExtension></extensions><extensions><gpxtpx:PowerExtension><gpxtpx:PowerInWatts>221</gpxtpx:PowerInWatts></gpxtpx:PowerExtension></extensions></trkpt>
<trkpt lat="38.5780000" lon="-121.4623580">
<ele>8</ele><time>2025-03-05T17:13:49.999Z</time><extensions><gpxtpx:TrackPointExtension><gpxtpx:hr>145</gpxtpx:hr><gpxtpx:cad>81</gpxtpx:cad></gpxtpx:TrackPointExtension></extensions><extensions><gpxtpx:PowerExtension><gpxtpx:PowerInWatts>221</gpxtpx:PowerInWatts></gpxtpx:PowerExtension></extensions></trkpt>
<trkpt lat="38.5780340" lon="-121.4624461">
<ele>8</ele><time>2025-03-05T17:13:52.999Z</time><extensions><gpxtpx:TrackPointExtension><gpxtpx:hr>145</gpxtpx:hr><gpxtpx:cad>78</gpxtpx:cad></gpxtpx:TrackPointExtension></extensions><extensions><gpxtpx:PowerExtension><gpxtpx:PowerInWatts>221</gpxtpx:PowerInWatts></gpxtpx:PowerExtension></extensions></trkpt>
<trkpt lat="38.5780566" lon="-121.4625127">
<ele>8</ele><time>2025-03-05T17:13:54.999Z</time><extensions><gpxtpx:TrackPointExtension><gpxtpx:hr>145</gpxtpx:hr><gpxtpx:cad>82</gpxtpx:cad></gpxtpx:TrackPointExtension></extensions><extensions><gpxtpx:PowerExtension><gpxtpx:PowerInWatts>220</gpxtpx:PowerInWatts></gpxtpx:PowerExtension></extensions></trkpt>
<trkpt lat="38.5780654" lon="-121.4625769">
<ele>8</ele><time>2025-03-05T17:13:56.999Z</time><extensions><gpxtpx:TrackPointExtension><gpxtpx:hr>145</gpxtpx:hr><gpxtpx:cad>83</gpxtpx:cad></gpxtpx:TrackPointExtension></extensions><extensions><gpxtpx:PowerExtension><gpxtpx:PowerInWatts>220</gpxtpx:PowerInWatts></gpxtpx:PowerExtension></extensions></trkpt>
<trkpt lat="38.5780849" lon="-121.4626361">
<ele>8</ele><time>2025-03-05T17:13:58.999Z</time><extensions><gpxtpx:TrackPointExtension><gpxtpx:hr>145</gpxtpx:hr><gpxtpx:cad>84</gpxtpx:cad></gpxtpx:TrackPointExtension></extensions><extensions><gpxtpx:PowerExtension><gpxtpx:PowerInWatts>220</gpxtpx:PowerInWatts></gpxtpx:PowerExtension></extensions></trkpt>
<trkpt lat="38.5780942" lon="-121.4627059">
<ele>8</ele><time>2025-03-05T17:14:00.999Z</time><extensions><gpxtpx:TrackPointExtension><gpxtpx:hr>145</gpxtpx:hr><gpxtpx:cad>81</gpxtpx:cad></gpxtpx:TrackPointExtension></extensions><extensions><gpxtpx:PowerExtension><gpxtpx:PowerInWatts>218</gpxtpx:PowerInWatts></gpxtpx:PowerExtension></extensions></trkpt>
<trkpt lat="38.5781044" lon="-121.4627732">
<ele>8</ele><time>2025-03-05T17:14:02.999Z</time><extensions><gpxtpx:TrackPointExtension><gpxtpx:hr>144</gpxtpx:hr><gpxtpx:cad>78</gpxtpx:cad></gpxtpx:TrackPointExtension></extensions><extensions><gpxtpx:PowerExtension><gpxtpx:PowerInWatts>220</gpxtpx:PowerInWatts></gpxtpx:PowerExtension></extensions></trkpt>
<trkpt lat="38.5780551" lon="-121.4628183">
<ele>8</ele><time>2025-03-05T17:14:05.999Z</time><extensions><gpxtpx:TrackPointExtension><gpxtpx:hr>145</gpxtpx:hr><gpxtpx:cad>76</gpxtpx:cad></gpxtpx:TrackPointExtension></extensions><extensions><gpxtpx:PowerExtension><gpxtpx:PowerInWatts>221</gpxtpx:PowerInWatts></gpxtpx:PowerExtension></extensions></trkpt>
<trkpt lat="38.5779936" lon="-121.4628546">
<ele>8</ele><time>2025-03-05T17:14:07.999Z</time><extensions><gpxtpx:TrackPointExtension><gpxtpx:hr>145</gpxtpx:hr><gpxtpx:cad>78</gpxtpx:cad></gpxtpx:TrackPointExtension></extensions><extensions><gpxtpx:PowerExtension><gpxtpx:PowerInWatts>221</gpxtpx:PowerInWatts></gpxtpx:PowerExtension></extensions></trkpt>
<trkpt lat="38.5779376" lon="-121.4628863">
<ele>8</ele><time>2025-03-05T17:14:09.999Z</time><extensions><gpxtpx:TrackPointExtension><gpxtpx:hr>145</gpxtpx:hr><gpxtpx:cad>78</gpxtpx:cad></gpxtpx:TrackPointExtension></extensions><extensions><gpxtpx:PowerExtension><gpxtpx:PowerInWatts>220</gpxtpx:PowerInWatts></gpxtpx:PowerExtension></extensions></trkpt>
<trkpt lat="38.5778871" lon="-121.4629031">
<ele>8</ele><time>2025-03-05T17:14:11.999Z</time><extensions><gpxtpx:TrackPointExtension><gpxtpx:hr>145</gpxtpx:hr><gpxtpx:cad>78</gpxtpx:cad></gpxtpx:TrackPointExtension></extensions><extensions><gpxtpx:PowerExtension><gpxtpx:PowerInWatts>220</gpxtpx:PowerInWatts></gpxtpx:PowerExtension></extensions></trkpt>
<trkpt lat="38.5778277" lon="-121.4629251">
<ele>8</ele><time>2025-03-05T17:14:14.999Z</time><extensions><gpxtpx:TrackPointExtension><gpxtpx:hr>145</gpxtpx:hr><gpxtpx:cad>78</gpxtpx:cad></gpxtpx:TrackPointExtension></extensions><extensions><gpxtpx:PowerExtension><gpxtpx:PowerInWatts>213</gpxtpx:PowerInWatts></gpxtpx:PowerExtension></extensions></trkpt>
<trkpt lat="38.5777834" lon="-121.4629467">
<ele>8</ele><time>2025-03-05T17:14:16.999Z</time><extensions><gpxtpx:TrackPointExtension><gpxtpx:hr>145</gpxtpx:hr><gpxtpx:cad>78</gpxtpx:cad></gpxtpx:TrackPointExtension></extensions><extensions><gpxtpx:PowerExtension><gpxtpx:PowerInWatts>213</gpxtpx:PowerInWatts></gpxtpx:PowerExtension></extensions></trkpt>
<trkpt lat="38.5777335" lon="-121.4629472">
<ele>8</ele><time>2025-03-05T17:14:18.999Z</time><extensions><gpxtpx:TrackPointExtension><gpxtpx:hr>145</gpxtpx:hr><gpxtpx:cad>71</gpxtpx:cad></gpxtpx:TrackPointExtension></extensions><extensions><gpxtpx:PowerExtension><gpxtpx:PowerInWatts>218</gpxtpx:PowerInWatts></gpxtpx:PowerExtension></extensions></trkpt>
<trkpt lat="38.5776604" lon="-121.4629552">
<ele>8</ele><time>2025-03-05T17:14:21.999Z</time><extensions><gpxtpx:TrackPointExtension><gpxtpx:hr>146</gpxtpx:hr><gpxtpx:cad>78</gpxtpx:cad></gpxtpx:TrackPointExtension></extensions><extensions><gpxtpx:PowerExtension><gpxtpx:PowerInWatts>217</gpxtpx:PowerInWatts></gpxtpx:PowerExtension></extensions></trkpt>
<trkpt lat="38.5776165" lon="-121.4629733">
<ele>8</ele><time>2025-03-05T17:14:23.999Z</time><extensions><gpxtpx:TrackPointExtension><gpxtpx:hr>146</gpxtpx:hr><gpxtpx:cad>82</gpxtpx:cad></gpxtpx:TrackPointExtension></extensions><extensions><gpxtpx:PowerExtension><gpxtpx:PowerInWatts>213</gpxtpx:PowerInWatts></gpxtpx:PowerExtension></extensions></trkpt>
<trkpt lat="38.5775716" lon="-121.4630192">
<ele>7</ele><time>2025-03-05T17:14:25.999Z</time><extensions><gpxtpx:TrackPointExtension><gpxtpx:hr>146</gpxtpx:hr><gpxtpx:cad>78</gpxtpx:cad></gpxtpx:TrackPointExtension></extensions><extensions><gpxtpx:PowerExtension><gpxtpx:PowerInWatts>213</gpxtpx:PowerInWatts></gpxtpx:PowerExtension></extensions></trkpt>
<trkpt lat="38.5775165" lon="-121.4630679">
<ele>7</ele><time>2025-03-05T17:14:27.999Z</time><extensions><gpxtpx:TrackPointExtension><gpxtpx:hr>145</gpxtpx:hr><gpxtpx:cad>77</gpxtpx:cad></gpxtpx:TrackPointExtension></extensions><extensions><gpxtpx:PowerExtension><gpxtpx:PowerInWatts>213</gpxtpx:PowerInWatts></gpxtpx:PowerExtension></extensions></trkpt>
<trkpt lat="38.5774691" lon="-121.4630899">
<ele>7</ele><time>2025-03-05T17:14:29.999Z</time><extensions><gpxtpx:TrackPointExtension><gpxtpx:hr>145</gpxtpx:hr><gpxtpx:cad>76</gpxtpx:cad></gpxtpx:TrackPointExtension></extensions><extensions><gpxtpx:PowerExtension><gpxtpx:PowerInWatts>211</gpxtpx:PowerInWatts></gpxtpx:PowerExtension></extensions></trkpt>
<trkpt lat="38.5774127" lon="-121.4631159">
<ele>7</ele><time>2025-03-05T17:14:31.999Z</time><extensions><gpxtpx:TrackPointExtension><gpxtpx:hr>144</gpxtpx:hr><gpxtpx:cad>80</gpxtpx:cad></gpxtpx:TrackPointExtension></extensions><extensions><gpxtpx:PowerExtension><gpxtpx:PowerInWatts>211</gpxtpx:PowerInWatts></gpxtpx:PowerExtension></extensions></trkpt>
<trkpt lat="38.5773571" lon="-121.4631300">
<ele>7</ele><time>2025-03-05T17:14:33.999Z</time><extensions><gpxtpx:TrackPointExtension><gpxtpx:hr>143</gpxtpx:hr><gpxtpx:cad>80</gpxtpx:cad></gpxtpx:TrackPointExtension></extensions><extensions><gpxtpx:PowerExtension><gpxtpx:PowerInWatts>214</gpxtpx:PowerInWatts></gpxtpx:PowerExtension></extensions></trkpt>
<trkpt lat="38.5773057" lon="-121.4631372">
<ele>7</ele><time>2025-03-05T17:14:35.999Z</time><extensions><gpxtpx:TrackPointExtension><gpxtpx:hr>141</gpxtpx:hr><gpxtpx:cad>80</gpxtpx:cad></gpxtpx:TrackPointExtension></extensions><extensions><gpxtpx:PowerExtension><gpxtpx:PowerInWatts>217</gpxtpx:PowerInWatts></gpxtpx:PowerExtension></extensions></trkpt>
<trkpt lat="38.5772526" lon="-121.4631728">
<ele>7</ele><time>2025-03-05T17:14:37.999Z</time><extensions><gpxtpx:TrackPointExtension><gpxtpx:hr>139</gpxtpx:hr><gpxtpx:cad>80</gpxtpx:cad></gpxtpx:TrackPointExtension></extensions><extensions><gpxtpx:PowerExtension><gpxtpx:PowerInWatts>218</gpxtpx:PowerInWatts></gpxtpx:PowerExtension></extensions></trkpt>
<trkpt lat="38.5772011" lon="-121.4632049">
<ele>7</ele><time>2025-03-05T17:14:39.999Z</time><extensions><gpxtpx:TrackPointExtension><gpxtpx:hr>138</gpxtpx:hr><gpxtpx:cad>80</gpxtpx:cad></gpxtpx:TrackPointExtension></extensions><extensions><gpxtpx:PowerExtension><gpxtpx:PowerInWatts>218</gpxtpx:PowerInWatts></gpxtpx:PowerExtension></extensions></trkpt>
<trkpt lat="38.5771465" lon="-121.4632068">
<ele>7</ele><time>2025-03-05T17:14:41.999Z</time><extensions><gpxtpx:TrackPointExtension><gpxtpx:hr>138</gpxtpx:hr><gpxtpx:cad>80</gpxtpx:cad></gpxtpx:TrackPointExtension></extensions><extensions><gpxtpx:PowerExtension><gpxtpx:PowerInWatts>219</gpxtpx:PowerInWatts></gpxtpx:PowerExtension></extensions></trkpt>
<trkpt lat="38.5770955" lon="-121.4632034">
<ele>7</ele><time>2025-03-05T17:14:43.999Z</time><extensions><gpxtpx:TrackPointExtension><gpxtpx:hr>139</gpxtpx:hr><gpxtpx:cad>80</gpxtpx:cad></gpxtpx:TrackPointExtension></extensions><extensions><gpxtpx:PowerExtension><gpxtpx:PowerInWatts>219</gpxtpx:PowerInWatts></gpxtpx:PowerExtension></extensions></trkpt>
<trkpt lat="38.5770446" lon="-121.4632181">
<ele>7</ele><time>2025-03-05T17:14:45.999Z</time><extensions><gpxtpx:TrackPointExtension><gpxtpx:hr>141</gpxtpx:hr><gpxtpx:cad>80</gpxtpx:cad></gpxtpx:TrackPointExtension></extensions><extensions><gpxtpx:PowerExtension><gpxtpx:PowerInWatts>221</gpxtpx:PowerInWatts></gpxtpx:PowerExtension></extensions></trkpt>
<trkpt lat="38.5769896" lon="-121.4632253">
<ele>8</ele><time>2025-03-05T17:14:47.999Z</time><extensions><gpxtpx:TrackPointExtension><gpxtpx:hr>141</gpxtpx:hr><gpxtpx:cad>80</gpxtpx:cad></gpxtpx:TrackPointExtension></extensions><extensions><gpxtpx:PowerExtension><gpxtpx:PowerInWatts>221</gpxtpx:PowerInWatts></gpxtpx:PowerExtension></extensions></trkpt>
<trkpt lat="38.5769346" lon="-121.4632607">
<ele>8</ele><time>2025-03-05T17:14:49.999Z</time><extensions><gpxtpx:TrackPointExtension><gpxtpx:hr>143</gpxtpx:hr><gpxtpx:cad>80</gpxtpx:cad></gpxtpx:TrackPointExtension></extensions><extensions><gpxtpx:PowerExtension><gpxtpx:PowerInWatts>221</gpxtpx:PowerInWatts></gpxtpx:PowerExtension></extensions></trkpt>
<trkpt lat="38.5768818" lon="-121.4632928">
<ele>8</ele><time>2025-03-05T17:14:51.999Z</time><extensions><gpxtpx:TrackPointExtension><gpxtpx:hr>144</gpxtpx:hr><gpxtpx:cad>80</gpxtpx:cad></gpxtpx:TrackPointExtension></extensions><extensions><gpxtpx:PowerExtension><gpxtpx:PowerInWatts>221</gpxtpx:PowerInWatts></gpxtpx:PowerExtension></extensions></trkpt>
<trkpt lat="38.5768369" lon="-121.4633124">
<ele>7</ele><time>2025-03-05T17:14:53.999Z</time><extensions><gpxtpx:TrackPointExtension><gpxtpx:hr>144</gpxtpx:hr><gpxtpx:cad>80</gpxtpx:cad></gpxtpx:TrackPointExtension></extensions><extensions><gpxtpx:PowerExtension><gpxtpx:PowerInWatts>222</gpxtpx:PowerInWatts></gpxtpx:PowerExtension></extensions></trkpt>
<trkpt lat="38.5767825" lon="-121.4633357">
<ele>7</ele><time>2025-03-05T17:14:55.999Z</time><extensions><gpxtpx:TrackPointExtension><gpxtpx:hr>146</gpxtpx:hr><gpxtpx:cad>79</gpxtpx:cad></gpxtpx:TrackPointExtension></extensions><extensions><gpxtpx:PowerExtension><gpxtpx:PowerInWatts>224</gpxtpx:PowerInWatts></gpxtpx:PowerExtension></extensions></trkpt>
<trkpt lat="38.5767367" lon="-121.4633558">
<ele>7</ele><time>2025-03-05T17:14:57.999Z</time><extensions><gpxtpx:TrackPointExtension><gpxtpx:hr>146</gpxtpx:hr><gpxtpx:cad>80</gpxtpx:cad></gpxtpx:TrackPointExtension></extensions><extensions><gpxtpx:PowerExtension><gpxtpx:PowerInWatts>224</gpxtpx:PowerInWatts></gpxtpx:PowerExtension></extensions></trkpt>
<trkpt lat="38.5766796" lon="-121.4633807">
<ele>7</ele><time>2025-03-05T17:14:59.999Z</time><extensions><gpxtpx:TrackPointExtension><gpxtpx:hr>147</gpxtpx:hr><gpxtpx:cad>80</gpxtpx:cad></gpxtpx:TrackPointExtension></extensions><extensions><gpxtpx:PowerExtension><gpxtpx:PowerInWatts>226</gpxtpx:PowerInWatts></gpxtpx:PowerExtension></extensions></trkpt>
<trkpt lat="38.5766277" lon="-121.4634033">
<ele>7</ele><time>2025-03-05T17:15:01.999Z</time><extensions><gpxtpx:TrackPointExtension><gpxtpx:hr>147</gpxtpx:hr><gpxtpx:cad>81</gpxtpx:cad></gpxtpx:TrackPointExtension></extensions><extensions><gpxtpx:PowerExtension><gpxtpx:PowerInWatts>224</gpxtpx:PowerInWatts></gpxtpx:PowerExtension></extensions></trkpt>
<trkpt lat="38.5765777" lon="-121.4634252">
<ele>7</ele><time>2025-03-05T17:15:03.999Z</time><extensions><gpxtpx:TrackPointExtension><gpxtpx:hr>148</gpxtpx:hr><gpxtpx:cad>85</gpxtpx:cad></gpxtpx:TrackPointExtension></extensions><extensions><gpxtpx:PowerExtension><gpxtpx:PowerInWatts>223</gpxtpx:PowerInWatts></gpxtpx:PowerExtension></extensions></trkpt>
<trkpt lat="38.5765306" lon="-121.4634453">
<ele>7</ele><time>2025-03-05T17:15:05.999Z</time><extensions><gpxtpx:TrackPointExtension><gpxtpx:hr>148</gpxtpx:hr><gpxtpx:cad>79</gpxtpx:cad></gpxtpx:TrackPointExtension></extensions><extensions><gpxtpx:PowerExtension><gpxtpx:PowerInWatts>223</gpxtpx:PowerInWatts></gpxtpx:PowerExtension></extensions></trkpt>
<trkpt lat="38.5764658" lon="-121.4634729">
<ele>7</ele><time>2025-03-05T17:15:07.999Z</time><extensions><gpxtpx:TrackPointExtension><gpxtpx:hr>148</gpxtpx:hr><gpxtpx:cad>76</gpxtpx:cad></gpxtpx:TrackPointExtension></extensions><extensions><gpxtpx:PowerExtension><gpxtpx:PowerInWatts>223</gpxtpx:PowerInWatts></gpxtpx:PowerExtension></extensions></trkpt>
<trkpt lat="38.5764176" lon="-121.4634949">
<ele>7</ele><time>2025-03-05T17:15:09.999Z</time><extensions><gpxtpx:TrackPointExtension><gpxtpx:hr>148</gpxtpx:hr><gpxtpx:cad>75</gpxtpx:cad></gpxtpx:TrackPointExtension></extensions><extensions><gpxtpx:PowerExtension><gpxtpx:PowerInWatts>224</gpxtpx:PowerInWatts></gpxtpx:PowerExtension></extensions></trkpt>
<trkpt lat="38.5763699" lon="-121.4635158">
<ele>7</ele><time>2025-03-05T17:15:11.999Z</time><extensions><gpxtpx:TrackPointExtension><gpxtpx:hr>148</gpxtpx:hr><gpxtpx:cad>76</gpxtpx:cad></gpxtpx:TrackPointExtension></extensions><extensions><gpxtpx:PowerExtension><gpxtpx:PowerInWatts>224</gpxtpx:PowerInWatts></gpxtpx:PowerExtension></extensions></trkpt>
<trkpt lat="38.5763255" lon="-121.4635351">
<ele>7</ele><time>2025-03-05T17:15:13.999Z</time><extensions><gpxtpx:TrackPointExtension><gpxtpx:hr>148</gpxtpx:hr><gpxtpx:cad>77</gpxtpx:cad></gpxtpx:TrackPointExtension></extensions><extensions><gpxtpx:PowerExtension><gpxtpx:PowerInWatts>225</gpxtpx:PowerInWatts></gpxtpx:PowerExtension></extensions></trkpt>
<trkpt lat="38.5762579" lon="-121.4635645">
<ele>7</ele><time>2025-03-05T17:15:16.999Z</time><extensions><gpxtpx:TrackPointExtension><gpxtpx:hr>148</gpxtpx:hr><gpxtpx:cad>84</gpxtpx:cad></gpxtpx:TrackPointExtension></extensions><extensions><gpxtpx:PowerExtension><gpxtpx:PowerInWatts>222</gpxtpx:PowerInWatts></gpxtpx:PowerExtension></extensions></trkpt>
<trkpt lat="38.5762049" lon="-121.4635876">
<ele>7</ele><time>2025-03-05T17:15:18.999Z</time><extensions><gpxtpx:TrackPointExtension><gpxtpx:hr>149</gpxtpx:hr><gpxtpx:cad>79</gpxtpx:cad></gpxtpx:TrackPointExtension></extensions><extensions><gpxtpx:PowerExtension><gpxtpx:PowerInWatts>222</gpxtpx:PowerInWatts></gpxtpx:PowerExtension></extensions></trkpt>
<trkpt lat="38.5761465" lon="-121.4636129">
<ele>7</ele><time>2025-03-05T17:15:20.999Z</time><extensions><gpxtpx:TrackPointExtension><gpxtpx:hr>149</gpxtpx:hr><gpxtpx:cad>76</gpxtpx:cad></gpxtpx:TrackPointExtension></extensions><extensions><gpxtpx:PowerExtension><gpxtpx:PowerInWatts>222</gpxtpx:PowerInWatts></gpxtpx:PowerExtension></extensions></trkpt>
<trkpt lat="38.5760894" lon="-121.4636377">
<ele>7</ele><time>2025-03-05T17:15:22.999Z</time><extensions><gpxtpx:TrackPointExtension><gpxtpx:hr>149</gpxtpx:hr><gpxtpx:cad>80</gpxtpx:cad></gpxtpx:TrackPointExtension></extensions><extensions><gpxtpx:PowerExtension><gpxtpx:PowerInWatts>221</gpxtpx:PowerInWatts></gpxtpx:PowerExtension></extensions></trkpt>
<trkpt lat="38.5760197" lon="-121.4636533">
<ele>7</ele><time>2025-03-05T17:15:25.999Z</time><extensions><gpxtpx:TrackPointExtension><gpxtpx:hr>149</gpxtpx:hr><gpxtpx:cad>80</gpxtpx:cad></gpxtpx:TrackPointExtension></extensions><extensions><gpxtpx:PowerExtension><gpxtpx:PowerInWatts>221</gpxtpx:PowerInWatts></gpxtpx:PowerExtension></extensions></trkpt>
<trkpt lat="38.5759624" lon="-121.4636279">
<ele>7</ele><time>2025-03-05T17:15:28.999Z</time><extensions><gpxtpx:TrackPointExtension><gpxtpx:hr>148</gpxtpx:hr><gpxtpx:cad>77</gpxtpx:cad></gpxtpx:TrackPointExtension></extensions><extensions><gpxtpx:PowerExtension><gpxtpx:PowerInWatts>224</gpxtpx:PowerInWatts></gpxtpx:PowerExtension></extensions></trkpt>
<trkpt lat="38.5758945" lon="-121.4635797">
<ele>7</ele><time>2025-03-05T17:15:30.999Z</time><extensions><gpxtpx:TrackPointExtension><gpxtpx:hr>148</gpxtpx:hr><gpxtpx:cad>76</gpxtpx:cad></gpxtpx:TrackPointExtension></extensions><extensions><gpxtpx:PowerExtension><gpxtpx:PowerInWatts>222</gpxtpx:PowerInWatts></gpxtpx:PowerExtension></extensions></trkpt>
<trkpt lat="38.5758279" lon="-121.4635835">
<ele>7</ele><time>2025-03-05T17:15:32.999Z</time><extensions><gpxtpx:TrackPointExtension><gpxtpx:hr>148</gpxtpx:hr><gpxtpx:cad>76</gpxtpx:cad></gpxtpx:TrackPointExtension></extensions><extensions><gpxtpx:PowerExtension><gpxtpx:PowerInWatts>222</gpxtpx:PowerInWatts></gpxtpx:PowerExtension></extensions></trkpt>
<trkpt lat="38.5757742" lon="-121.4635995">
<ele>7</ele><time>2025-03-05T17:15:35.000Z</time><extensions><gpxtpx:TrackPointExtension><gpxtpx:hr>148</gpxtpx:hr><gpxtpx:cad>81</gpxtpx:cad></gpxtpx:TrackPointExtension></extensions><extensions><gpxtpx:PowerExtension><gpxtpx:PowerInWatts>218</gpxtpx:PowerInWatts></gpxtpx:PowerExtension></extensions></trkpt>
<trkpt lat="38.5757171" lon="-121.4636217">
<ele>7</ele><time>2025-03-05T17:15:37.000Z</time><extensions><gpxtpx:TrackPointExtension><gpxtpx:hr>148</gpxtpx:hr><gpxtpx:cad>83</gpxtpx:cad></gpxtpx:TrackPointExtension></extensions><extensions><gpxtpx:PowerExtension><gpxtpx:PowerInWatts>218</gpxtpx:PowerInWatts></gpxtpx:PowerExtension></extensions></trkpt>
<trkpt lat="38.5756678" lon="-121.4636424">
<ele>7</ele><time>2025-03-05T17:15:39.000Z</time><extensions><gpxtpx:TrackPointExtension><gpxtpx:hr>148</gpxtpx:hr><gpxtpx:cad>84</gpxtpx:cad></gpxtpx:TrackPointExtension></extensions><extensions><gpxtpx:PowerExtension><gpxtpx:PowerInWatts>218</gpxtpx:PowerInWatts></gpxtpx:PowerExtension></extensions></trkpt>
<trkpt lat="38.5756223" lon="-121.4636634">
<ele>6</ele><time>2025-03-05T17:15:41.000Z</time><extensions><gpxtpx:TrackPointExtension><gpxtpx:hr>148</gpxtpx:hr><gpxtpx:cad>82</gpxtpx:cad></gpxtpx:TrackPointExtension></extensions><extensions><gpxtpx:PowerExtension><gpxtpx:PowerInWatts>224</gpxtpx:PowerInWatts></gpxtpx:PowerExtension></extensions></trkpt>
<trkpt lat="38.5755703" lon="-121.4636864">
<ele>6</ele><time>2025-03-05T17:15:43.000Z</time><extensions><gpxtpx:TrackPointExtension><gpxtpx:hr>148</gpxtpx:hr><gpxtpx:cad>74</gpxtpx:cad></gpxtpx:TrackPointExtension></extensions><extensions><gpxtpx:PowerExtension><gpxtpx:PowerInWatts>225</gpxtpx:PowerInWatts></gpxtpx:PowerExtension></extensions></trkpt>
<trkpt lat="38.5754997" lon="-121.4637167">
<ele>6</ele><time>2025-03-05T17:15:46.000Z</time><extensions><gpxtpx:TrackPointExtension><gpxtpx:hr>149</gpxtpx:hr><gpxtpx:cad>73</gpxtpx:cad></gpxtpx:TrackPointExtension></extensions><extensions><gpxtpx:PowerExtension><gpxtpx:PowerInWatts>221</gpxtpx:PowerInWatts></gpxtpx:PowerExtension></extensions></trkpt>
<trkpt lat="38.5754497" lon="-121.4637382">
<ele>6</ele><time>2025-03-05T17:15:48.000Z</time><extensions><gpxtpx:TrackPointExtension><gpxtpx:hr>149</gpxtpx:hr><gpxtpx:cad>79</gpxtpx:cad></gpxtpx:TrackPointExtension></extensions><extensions><gpxtpx:PowerExtension><gpxtpx:PowerInWatts>221</gpxtpx:PowerInWatts></gpxtpx:PowerExtension></extensions></trkpt>
<trkpt lat="38.5753890" lon="-121.4637643">
<ele>6</ele><time>2025-03-05T17:15:50.000Z</time><extensions><gpxtpx:TrackPointExtension><gpxtpx:hr>150</gpxtpx:hr><gpxtpx:cad>80</gpxtpx:cad></gpxtpx:TrackPointExtension></extensions><extensions><gpxtpx:PowerExtension><gpxtpx:PowerInWatts>221</gpxtpx:PowerInWatts></gpxtpx:PowerExtension></extensions></trkpt>
<trkpt lat="38.5753336" lon="-121.4637853">
<ele>6</ele><time>2025-03-05T17:15:52.000Z</time><extensions><gpxtpx:TrackPointExtension><gpxtpx:hr>150</gpxtpx:hr><gpxtpx:cad>78</gpxtpx:cad></gpxtpx:TrackPointExtension></extensions><extensions><gpxtpx:PowerExtension><gpxtpx:PowerInWatts>221</gpxtpx:PowerInWatts></gpxtpx:PowerExtension></extensions></trkpt>
<trkpt lat="38.5752605" lon="-121.4638024">
<ele>6</ele><time>2025-03-05T17:15:55.000Z</time><extensions><gpxtpx:TrackPointExtension><gpxtpx:hr>150</gpxtpx:hr><gpxtpx:cad>78</gpxtpx:cad></gpxtpx:TrackPointExtension></extensions><extensions><gpxtpx:PowerExtension><gpxtpx:PowerInWatts>218</gpxtpx:PowerInWatts></gpxtpx:PowerExtension></extensions></trkpt>
<trkpt lat="38.5752138" lon="-121.4638148">
<ele>7</ele><time>2025-03-05T17:15:57.000Z</time><extensions><gpxtpx:TrackPointExtension><gpxtpx:hr>150</gpxtpx:hr><gpxtpx:cad>81</gpxtpx:cad></gpxtpx:TrackPointExtension></extensions><extensions><gpxtpx:PowerExtension><gpxtpx:PowerInWatts>223</gpxtpx:PowerInWatts></gpxtpx:PowerExtension></extensions></trkpt>
<trkpt lat="38.5751668" lon="-121.4637905">
<ele>7</ele><time>2025-03-05T17:15:59.000Z</time><extensions><gpxtpx:TrackPointExtension><gpxtpx:hr>150</gpxtpx:hr><gpxtpx:cad>80</gpxtpx:cad></gpxtpx:TrackPointExtension></extensions><extensions><gpxtpx:PowerExtension><gpxtpx:PowerInWatts>223</gpxtpx:PowerInWatts></gpxtpx:PowerExtension></extensions></trkpt>
<trkpt lat="38.5750968" lon="-121.4637723">
<ele>7</ele><time>2025-03-05T17:16:01.000Z</time><extensions><gpxtpx:TrackPointExtension><gpxtpx:hr>150</gpxtpx:hr><gpxtpx:cad>78</gpxtpx:cad></gpxtpx:TrackPointExtension></extensions><extensions><gpxtpx:PowerExtension><gpxtpx:PowerInWatts>223</gpxtpx:PowerInWatts></gpxtpx:PowerExtension></extensions></trkpt>
<trkpt lat="38.5750514" lon="-121.4637450">
<ele>7</ele><time>2025-03-05T17:16:03.000Z</time><extensions><gpxtpx:TrackPointExtension><gpxtpx:hr>150</gpxtpx:hr><gpxtpx:cad>80</gpxtpx:cad></gpxtpx:TrackPointExtension></extensions><extensions><gpxtpx:PowerExtension><gpxtpx:PowerInWatts>220</gpxtpx:PowerInWatts></gpxtpx:PowerExtension></extensions></trkpt>
<trkpt lat="38.5750011" lon="-121.4637074">
<ele>7</ele><time>2025-03-05T17:16:05.000Z</time><extensions><gpxtpx:TrackPointExtension><gpxtpx:hr>150</gpxtpx:hr><gpxtpx:cad>78</gpxtpx:cad></gpxtpx:TrackPointExtension></extensions><extensions><gpxtpx:PowerExtension><gpxtpx:PowerInWatts>218</gpxtpx:PowerInWatts></gpxtpx:PowerExtension></extensions></trkpt>
<trkpt lat="38.5749566" lon="-121.4636733">
<ele>7</ele><time>2025-03-05T17:16:07.000Z</time><extensions><gpxtpx:TrackPointExtension><gpxtpx:hr>151</gpxtpx:hr><gpxtpx:cad>79</gpxtpx:cad></gpxtpx:TrackPointExtension></extensions><extensions><gpxtpx:PowerExtension><gpxtpx:PowerInWatts>218</gpxtpx:PowerInWatts></gpxtpx:PowerExtension></extensions></trkpt>
<trkpt lat="38.5749243" lon="-121.4636240">
<ele>7</ele><time>2025-03-05T17:16:09.000Z</time><extensions><gpxtpx:TrackPointExtension><gpxtpx:hr>151</gpxtpx:hr><gpxtpx:cad>79</gpxtpx:cad></gpxtpx:TrackPointExtension></extensions><extensions><gpxtpx:PowerExtension><gpxtpx:PowerInWatts>221</gpxtpx:PowerInWatts></gpxtpx:PowerExtension></extensions></trkpt>
<trkpt lat="38.5748851" lon="-121.4635633">
<ele>7</ele><time>2025-03-05T17:16:11.000Z</time><extensions><gpxtpx:TrackPointExtension><gpxtpx:hr>151</gpxtpx:hr><gpxtpx:cad>79</gpxtpx:cad></gpxtpx:TrackPointExtension></extensions><extensions><gpxtpx:PowerExtension><gpxtpx:PowerInWatts>219</gpxtpx:PowerInWatts></gpxtpx:PowerExtension></extensions></trkpt>
<trkpt lat="38.5748608" lon="-121.4634794">
<ele>7</ele><time>2025-03-05T17:16:14.000Z</time><extensions><gpxtpx:TrackPointExtension><gpxtpx:hr>151</gpxtpx:hr><gpxtpx:cad>83</gpxtpx:cad></gpxtpx:TrackPointExtension></extensions><extensions><gpxtpx:PowerExtension><gpxtpx:PowerInWatts>219</gpxtpx:PowerInWatts></gpxtpx:PowerExtension></extensions></trkpt>
<trkpt lat="38.5748682" lon="-121.4634063">
<ele>7</ele><time>2025-03-05T17:16:16.000Z</time><extensions><gpxtpx:TrackPointExtension><gpxtpx:hr>151</gpxtpx:hr><gpxtpx:cad>76</gpxtpx:cad></gpxtpx:TrackPointExtension></extensions><extensions><gpxtpx:PowerExtension><gpxtpx:PowerInWatts>217</gpxtpx:PowerInWatts></gpxtpx:PowerExtension></extensions></trkpt>
<trkpt lat="38.5748448" lon="-121.4633397">
<ele>7</ele><time>2025-03-05T17:16:18.000Z</time><extensions><gpxtpx:TrackPointExtension><gpxtpx:hr>151</gpxtpx:hr><gpxtpx:cad>76</gpxtpx:cad></gpxtpx:TrackPointExtension></extensions><extensions><gpxtpx:PowerExtension><gpxtpx:PowerInWatts>217</gpxtpx:PowerInWatts></gpxtpx:PowerExtension></extensions></trkpt>
<trkpt lat="38.5748236" lon="-121.4632602">
<ele>7</ele><time>2025-03-05T17:16:20.000Z</time><extensions><gpxtpx:TrackPointExtension><gpxtpx:hr>151</gpxtpx:hr><gpxtpx:cad>76</gpxtpx:cad></gpxtpx:TrackPointExtension></extensions><extensions><gpxtpx:PowerExtension><gpxtpx:PowerInWatts>220</gpxtpx:PowerInWatts></gpxtpx:PowerExtension></extensions></trkpt>
<trkpt lat="38.5748154" lon="-121.4631947">
<ele>7</ele><time>2025-03-05T17:16:23.000Z</time><extensions><gpxtpx:TrackPointExtension><gpxtpx:hr>151</gpxtpx:hr><gpxtpx:cad>75</gpxtpx:cad></gpxtpx:TrackPointExtension></extensions><extensions><gpxtpx:PowerExtension><gpxtpx:PowerInWatts>222</gpxtpx:PowerInWatts></gpxtpx:PowerExtension></extensions></trkpt>
<trkpt lat="38.5748271" lon="-121.4631108">
<ele>7</ele><time>2025-03-05T17:16:26.000Z</time><extensions><gpxtpx:TrackPointExtension><gpxtpx:hr>150</gpxtpx:hr><gpxtpx:cad>74</gpxtpx:cad></gpxtpx:TrackPointExtension></extensions><extensions><gpxtpx:PowerExtension><gpxtpx:PowerInWatts>222</gpxtpx:PowerInWatts></gpxtpx:PowerExtension></extensions></trkpt>
<trkpt lat="38.5748279" lon="-121.4630447">
<ele>7</ele><time>2025-03-05T17:16:28.000Z</time><extensions><gpxtpx:TrackPointExtension><gpxtpx:hr>150</gpxtpx:hr><gpxtpx:cad>77</gpxtpx:cad></gpxtpx:TrackPointExtension></extensions><extensions><gpxtpx:PowerExtension><gpxtpx:PowerInWatts>214</gpxtpx:PowerInWatts></gpxtpx:PowerExtension></extensions></trkpt>
<trkpt lat="38.5748058" lon="-121.4629735">
<ele>7</ele><time>2025-03-05T17:16:30.000Z</time><extensions><gpxtpx:TrackPointExtension><gpxtpx:hr>150</gpxtpx:hr><gpxtpx:cad>79</gpxtpx:cad></gpxtpx:TrackPointExtension></extensions><extensions><gpxtpx:PowerExtension><gpxtpx:PowerInWatts>214</gpxtpx:PowerInWatts></gpxtpx:PowerExtension></extensions></trkpt>
<trkpt lat="38.5747834" lon="-121.4629092">
<ele>7</ele><time>2025-03-05T17:16:32.000Z</time><extensions><gpxtpx:TrackPointExtension><gpxtpx:hr>151</gpxtpx:hr><gpxtpx:cad>81</gpxtpx:cad></gpxtpx:TrackPointExtension></extensions><extensions><gpxtpx:PowerExtension><gpxtpx:PowerInWatts>214</gpxtpx:PowerInWatts></gpxtpx:PowerExtension></extensions></trkpt>
<trkpt lat="38.5747705" lon="-121.4628494">
<ele>7</ele><time>2025-03-05T17:16:34.000Z</time><extensions><gpxtpx:TrackPointExtension><gpxtpx:hr>151</gpxtpx:hr><gpxtpx:cad>79</gpxtpx:cad></gpxtpx:TrackPointExtension></extensions><extensions><gpxtpx:PowerExtension><gpxtpx:PowerInWatts>215</gpxtpx:PowerInWatts></gpxtpx:PowerExtension></extensions></trkpt>
<trkpt lat="38.5747540" lon="-121.4627739">
<ele>7</ele><time>2025-03-05T17:16:36.000Z</time><extensions><gpxtpx:TrackPointExtension><gpxtpx:hr>151</gpxtpx:hr><gpxtpx:cad>79</gpxtpx:cad></gpxtpx:TrackPointExtension></extensions><extensions><gpxtpx:PowerExtension><gpxtpx:PowerInWatts>218</gpxtpx:PowerInWatts></gpxtpx:PowerExtension></extensions></trkpt>
<trkpt lat="38.5747387" lon="-121.4627178">
<ele>8</ele><time>2025-03-05T17:16:38.000Z</time><extensions><gpxtpx:TrackPointExtension><gpxtpx:hr>151</gpxtpx:hr><gpxtpx:cad>76</gpxtpx:cad></gpxtpx:TrackPointExtension></extensions><extensions><gpxtpx:PowerExtension><gpxtpx:PowerInWatts>218</gpxtpx:PowerInWatts></gpxtpx:PowerExtension></extensions></trkpt>
<trkpt lat="38.5747432" lon="-121.4626503">
<ele>8</ele><time>2025-03-05T17:16:40.000Z</time><extensions><gpxtpx:TrackPointExtension><gpxtpx:hr>151</gpxtpx:hr><gpxtpx:cad>76</gpxtpx:cad></gpxtpx:TrackPointExtension></extensions><extensions><gpxtpx:PowerExtension><gpxtpx:PowerInWatts>217</gpxtpx:PowerInWatts></gpxtpx:PowerExtension></extensions></trkpt>
<trkpt lat="38.5747217" lon="-121.4625886">
<ele>8</ele><time>2025-03-05T17:16:42.000Z</time><extensions><gpxtpx:TrackPointExtension><gpxtpx:hr>151</gpxtpx:hr><gpxtpx:cad>76</gpxtpx:cad></gpxtpx:TrackPointExtension></extensions><extensions><gpxtpx:PowerExtension><gpxtpx:PowerInWatts>217</gpxtpx:PowerInWatts></gpxtpx:PowerExtension></extensions></trkpt>
<trkpt lat="38.5747065" lon="-121.4625216">
<ele>8</ele><time>2025-03-05T17:16:44.000Z</time><extensions><gpxtpx:TrackPointExtension><gpxtpx:hr>151</gpxtpx:hr><gpxtpx:cad>79</gpxtpx:cad></gpxtpx:TrackPointExtension></extensions><extensions><gpxtpx:PowerExtension><gpxtpx:PowerInWatts>217</gpxtpx:PowerInWatts></gpxtpx:PowerExtension></extensions></trkpt>
<trkpt lat="38.5746810" lon="-121.4624607">
<ele>8</ele><time>2025-03-05T17:16:46.000Z</time><extensions><gpxtpx:TrackPointExtension><gpxtpx:hr>151</gpxtpx:hr><gpxtpx:cad>82</gpxtpx:cad></gpxtpx:TrackPointExtension></extensions><extensions><gpxtpx:PowerExtension><gpxtpx:PowerInWatts>217</gpxtpx:PowerInWatts></gpxtpx:PowerExtension></extensions></trkpt>
<trkpt lat="38.5746474" lon="-121.4624018">
<ele>8</ele><time>2025-03-05T17:16:48.000Z</time><extensions><gpxtpx:TrackPointExtension><gpxtpx:hr>151</gpxtpx:hr><gpxtpx:cad>78</gpxtpx:cad></gpxtpx:TrackPointExtension></extensions><extensions><gpxtpx:PowerExtension><gpxtpx:PowerInWatts>217</gpxtpx:PowerInWatts></gpxtpx:PowerExtension></extensions></trkpt>
<trkpt lat="38.5746132" lon="-121.4623063">
<ele>8</ele><time>2025-03-05T17:16:51.000Z</time><extensions><gpxtpx:TrackPointExtension><gpxtpx:hr>151</gpxtpx:hr><gpxtpx:cad>74</gpxtpx:cad></gpxtpx:TrackPointExtension></extensions><extensions><gpxtpx:PowerExtension><gpxtpx:PowerInWatts>217</gpxtpx:PowerInWatts></gpxtpx:PowerExtension></extensions></trkpt>
<trkpt lat="38.5746176" lon="-121.4622393">
<ele>8</ele><time>2025-03-05T17:16:53.000Z</time><extensions><gpxtpx:TrackPointExtension><gpxtpx:hr>151</gpxtpx:hr><gpxtpx:cad>79</gpxtpx:cad></gpxtpx:TrackPointExtension></extensions><extensions><gpxtpx:PowerExtension><gpxtpx:PowerInWatts>219</gpxtpx:PowerInWatts></gpxtpx:PowerExtension></extensions></trkpt>
<trkpt lat="38.5746132" lon="-121.4621673">
<ele>8</ele><time>2025-03-05T17:16:55.000Z</time><extensions><gpxtpx:TrackPointExtension><gpxtpx:hr>151</gpxtpx:hr><gpxtpx:cad>80</gpxtpx:cad></gpxtpx:TrackPointExtension></extensions><extensions><gpxtpx:PowerExtension><gpxtpx:PowerInWatts>218</gpxtpx:PowerInWatts></gpxtpx:PowerExtension></extensions></trkpt>
<trkpt lat="38.5745810" lon="-121.4621027">
<ele>8</ele><time>2025-03-05T17:16:57.000Z</time><extensions><gpxtpx:TrackPointExtension><gpxtpx:hr>151</gpxtpx:hr><gpxtpx:cad>81</gpxtpx:cad></gpxtpx:TrackPointExtension></extensions><extensions><gpxtpx:PowerExtension><gpxtpx:PowerInWatts>216</gpxtpx:PowerInWatts></gpxtpx:PowerExtension></extensions></trkpt>
<trkpt lat="38.5745620" lon="-121.4620286">
<ele>8</ele><time>2025-03-05T17:16:59.000Z</time><extensions><gpxtpx:TrackPointExtension><gpxtpx:hr>151</gpxtpx:hr><gpxtpx:cad>79</gpxtpx:cad></gpxtpx:TrackPointExtension></extensions><extensions><gpxtpx:PowerExtension><gpxtpx:PowerInWatts>219</gpxtpx:PowerInWatts></gpxtpx:PowerExtension></extensions></trkpt>
<trkpt lat="38.5745519" lon="-121.4619683">
<ele>8</ele><time>2025-03-05T17:17:01.000Z</time><extensions><gpxtpx:TrackPointExtension><gpxtpx:hr>151</gpxtpx:hr><gpxtpx:cad>77</gpxtpx:cad></gpxtpx:TrackPointExtension></extensions><extensions><gpxtpx:PowerExtension><gpxtpx:PowerInWatts>219</gpxtpx:PowerInWatts></gpxtpx:PowerExtension></extensions></trkpt>
<trkpt lat="38.5745187" lon="-121.4619071">
<ele>8</ele><time>2025-03-05T17:17:03.000Z</time><extensions><gpxtpx:TrackPointExtension><gpxtpx:hr>150</gpxtpx:hr><gpxtpx:cad>75</gpxtpx:cad></gpxtpx:TrackPointExtension></extensions><extensions><gpxtpx:PowerExtension><gpxtpx:PowerInWatts>219</gpxtpx:PowerInWatts></gpxtpx:PowerExtension></extensions></trkpt>
<trkpt lat="38.5744952" lon="-121.4618088">
<ele>8</ele><time>2025-03-05T17:17:06.000Z</time><extensions><gpxtpx:TrackPointExtension><gpxtpx:hr>150</gpxtpx:hr><gpxtpx:cad>78</gpxtpx:cad></gpxtpx:TrackPointExtension></extensions><extensions><gpxtpx:PowerExtension><gpxtpx:PowerInWatts>221</gpxtpx:PowerInWatts></gpxtpx:PowerExtension></extensions></trkpt>
<trkpt lat="38.5744744" lon="-121.4617480">
<ele>8</ele><time>2025-03-05T17:17:08.000Z</time><extensions><gpxtpx:TrackPointExtension><gpxtpx:hr>150</gpxtpx:hr><gpxtpx:cad>80</gpxtpx:cad></gpxtpx:TrackPointExtension></extensions><extensions><gpxtpx:PowerExtension><gpxtpx:PowerInWatts>221</gpxtpx:PowerInWatts></gpxtpx:PowerExtension></extensions></trkpt>
<trkpt lat="38.5744485" lon="-121.4616736">
<ele>8</ele><time>2025-03-05T17:17:10.000Z</time><extensions><gpxtpx:TrackPointExtension><gpxtpx:hr>150</gpxtpx:hr><gpxtpx:cad>78</gpxtpx:cad></gpxtpx:TrackPointExtension></extensions><extensions><gpxtpx:PowerExtension><gpxtpx:PowerInWatts>224</gpxtpx:PowerInWatts></gpxtpx:PowerExtension></extensions></trkpt>
<trkpt lat="38.5744453" lon="-121.4616112">
<ele>8</ele><time>2025-03-05T17:17:12.000Z</time><extensions><gpxtpx:TrackPointExtension><gpxtpx:hr>150</gpxtpx:hr><gpxtpx:cad>76</gpxtpx:cad></gpxtpx:TrackPointExtension></extensions><extensions><gpxtpx:PowerExtension><gpxtpx:PowerInWatts>225</gpxtpx:PowerInWatts></gpxtpx:PowerExtension></extensions></trkpt>
<trkpt lat="38.5744194" lon="-121.4615602">
<ele>8</ele><time>2025-03-05T17:17:14.000Z</time><extensions><gpxtpx:TrackPointExtension><gpxtpx:hr>150</gpxtpx:hr><gpxtpx:cad>80</gpxtpx:cad></gpxtpx:TrackPointExtension></extensions><extensions><gpxtpx:PowerExtension><gpxtpx:PowerInWatts>225</gpxtpx:PowerInWatts></gpxtpx:PowerExtension></extensions></trkpt>
<trkpt lat="38.5743823" lon="-121.4614878">
<ele>8</ele><time>2025-03-05T17:17:16.000Z</time><extensions><gpxtpx:TrackPointExtension><gpxtpx:hr>150</gpxtpx:hr><gpxtpx:cad>81</gpxtpx:cad></gpxtpx:TrackPointExtension></extensions><extensions><gpxtpx:PowerExtension><gpxtpx:PowerInWatts>225</gpxtpx:PowerInWatts></gpxtpx:PowerExtension></extensions></trkpt>
<trkpt lat="38.5743726" lon="-121.4614078">
<ele>8</ele><time>2025-03-05T17:17:18.000Z</time><extensions><gpxtpx:TrackPointExtension><gpxtpx:hr>150</gpxtpx:hr><gpxtpx:cad>81</gpxtpx:cad></gpxtpx:TrackPointExtension></extensions><extensions><gpxtpx:PowerExtension><gpxtpx:PowerInWatts>225</gpxtpx:PowerInWatts></gpxtpx:PowerExtension></extensions></trkpt>
<trkpt lat="38.5743524" lon="-121.4613412">
<ele>8</ele><time>2025-03-05T17:17:20.000Z</time><extensions><gpxtpx:TrackPointExtension><gpxtpx:hr>150</gpxtpx:hr><gpxtpx:cad>82</gpxtpx:cad></gpxtpx:TrackPointExtension></extensions><extensions><gpxtpx:PowerExtension><gpxtpx:PowerInWatts>224</gpxtpx:PowerInWatts></gpxtpx:PowerExtension></extensions></trkpt>
<trkpt lat="38.5743475" lon="-121.4612789">
<ele>8</ele><time>2025-03-05T17:17:22.000Z</time><extensions><gpxtpx:TrackPointExtension><gpxtpx:hr>151</gpxtpx:hr><gpxtpx:cad>84</gpxtpx:cad></gpxtpx:TrackPointExtension></extensions><extensions><gpxtpx:PowerExtension><gpxtpx:PowerInWatts>224</gpxtpx:PowerInWatts></gpxtpx:PowerExtension></extensions></trkpt>
<trkpt lat="38.5743385" lon="-121.4612142">
<ele>8</ele><time>2025-03-05T17:17:24.000Z</time><extensions><gpxtpx:TrackPointExtension><gpxtpx:hr>151</gpxtpx:hr><gpxtpx:cad>81</gpxtpx:cad></gpxtpx:TrackPointExtension></extensions><extensions><gpxtpx:PowerExtension><gpxtpx:PowerInWatts>224</gpxtpx:PowerInWatts></gpxtpx:PowerExtension></extensions></trkpt>
<trkpt lat="38.5743058" lon="-121.4611542">
<ele>8</ele><time>2025-03-05T17:17:26.000Z</time><extensions><gpxtpx:TrackPointExtension><gpxtpx:hr>151</gpxtpx:hr><gpxtpx:cad>81</gpxtpx:cad></gpxtpx:TrackPointExtension></extensions><extensions><gpxtpx:PowerExtension><gpxtpx:PowerInWatts>227</gpxtpx:PowerInWatts></gpxtpx:PowerExtension></extensions></trkpt>
<trkpt lat="38.5743087" lon="-121.4610817">
<ele>7</ele><time>2025-03-05T17:17:28.000Z</time><extensions><gpxtpx:TrackPointExtension><gpxtpx:hr>151</gpxtpx:hr><gpxtpx:cad>81</gpxtpx:cad></gpxtpx:TrackPointExtension></extensions><extensions><gpxtpx:PowerExtension><gpxtpx:PowerInWatts>227</gpxtpx:PowerInWatts></gpxtpx:PowerExtension></extensions></trkpt>
<trkpt lat="38.5742931" lon="-121.4610184">
<ele>7</ele><time>2025-03-05T17:17:30.000Z</time><extensions><gpxtpx:TrackPointExtension><gpxtpx:hr>152</gpxtpx:hr><gpxtpx:cad>81</gpxtpx:cad></gpxtpx:TrackPointExtension></extensions><extensions><gpxtpx:PowerExtension><gpxtpx:PowerInWatts>227</gpxtpx:PowerInWatts></gpxtpx:PowerExtension></extensions></trkpt>
<trkpt lat="38.5742780" lon="-121.4609428">
<ele>7</ele><time>2025-03-05T17:17:33.000Z</time><extensions><gpxtpx:TrackPointExtension><gpxtpx:hr>152</gpxtpx:hr><gpxtpx:cad>81</gpxtpx:cad></gpxtpx:TrackPointExtension></extensions><extensions><gpxtpx:PowerExtension><gpxtpx:PowerInWatts>227</gpxtpx:PowerInWatts></gpxtpx:PowerExtension></extensions></trkpt>
<trkpt lat="38.5742476" lon="-121.4608834">
<ele>7</ele><time>2025-03-05T17:17:35.000Z</time><extensions><gpxtpx:TrackPointExtension><gpxtpx:hr>152</gpxtpx:hr><gpxtpx:cad>78</gpxtpx:cad></gpxtpx:TrackPointExtension></extensions><extensions><gpxtpx:PowerExtension><gpxtpx:PowerInWatts>224</gpxtpx:PowerInWatts></gpxtpx:PowerExtension></extensions></trkpt>
<trkpt lat="38.5742380" lon="-121.4608240">
<ele>7</ele><time>2025-03-05T17:17:37.000Z</time><extensions><gpxtpx:TrackPointExtension><gpxtpx:hr>152</gpxtpx:hr><gpxtpx:cad>79</gpxtpx:cad></gpxtpx:TrackPointExtension></extensions><extensions><gpxtpx:PowerExtension><gpxtpx:PowerInWatts>224</gpxtpx:PowerInWatts></gpxtpx:PowerExtension></extensions></trkpt>
<trkpt lat="38.5742254" lon="-121.4607413">
<ele>7</ele><time>2025-03-05T17:17:40.000Z</time><extensions><gpxtpx:TrackPointExtension><gpxtpx:hr>152</gpxtpx:hr><gpxtpx:cad>82</gpxtpx:cad></gpxtpx:TrackPointExtension></extensions><extensions><gpxtpx:PowerExtension><gpxtpx:PowerInWatts>216</gpxtpx:PowerInWatts></gpxtpx:PowerExtension></extensions></trkpt>
<trkpt lat="38.5742377" lon="-121.4606858">
<ele>7</ele><time>2025-03-05T17:17:42.000Z</time><extensions><gpxtpx:TrackPointExtension><gpxtpx:hr>152</gpxtpx:hr><gpxtpx:cad>81</gpxtpx:cad></gpxtpx:TrackPointExtension></extensions><extensions><gpxtpx:PowerExtension><gpxtpx:PowerInWatts>216</gpxtpx:PowerInWatts></gpxtpx:PowerExtension></extensions></trkpt>
<trkpt lat="38.5742705" lon="-121.4606388">
<ele>7</ele><time>2025-03-05T17:17:44.000Z</time><extensions><gpxtpx:TrackPointExtension><gpxtpx:hr>151</gpxtpx:hr><gpxtpx:cad>78</gpxtpx:cad></gpxtpx:TrackPointExtension></extensions><extensions><gpxtpx:PowerExtension><gpxtpx:PowerInWatts>216</gpxtpx:PowerInWatts></gpxtpx:PowerExtension></extensions></trkpt>
<trkpt lat="38.5743278" lon="-121.4606268">
<ele>7</ele><time>2025-03-05T17:17:46.000Z</time><extensions><gpxtpx:TrackPointExtension><gpxtpx:hr>151</gpxtpx:hr><gpxtpx:cad>78</gpxtpx:cad></gpxtpx:TrackPointExtension></extensions><extensions><gpxtpx:PowerExtension><gpxtpx:PowerInWatts>215</gpxtpx:PowerInWatts></gpxtpx:PowerExtension></extensions></trkpt>
<trkpt lat="38.5743829" lon="-121.4606045">
<ele>7</ele><time>2025-03-05T17:17:48.000Z</time><extensions><gpxtpx:TrackPointExtension><gpxtpx:hr>151</gpxtpx:hr><gpxtpx:cad>82</gpxtpx:cad></gpxtpx:TrackPointExtension></extensions><extensions><gpxtpx:PowerExtension><gpxtpx:PowerInWatts>212</gpxtpx:PowerInWatts></gpxtpx:PowerExtension></extensions></trkpt>
<trkpt lat="38.5744412" lon="-121.4605719">
<ele>7</ele><time>2025-03-05T17:17:51.000Z</time><extensions><gpxtpx:TrackPointExtension><gpxtpx:hr>151</gpxtpx:hr><gpxtpx:cad>78</gpxtpx:cad></gpxtpx:TrackPointExtension></extensions><extensions><gpxtpx:PowerExtension><gpxtpx:PowerInWatts>212</gpxtpx:PowerInWatts></gpxtpx:PowerExtension></extensions></trkpt>
<trkpt lat="38.5744858" lon="-121.4605390">
<ele>7</ele><time>2025-03-05T17:17:53.000Z</time><extensions><gpxtpx:TrackPointExtension><gpxtpx:hr>151</gpxtpx:hr><gpxtpx:cad>74</gpxtpx:cad></gpxtpx:TrackPointExtension></extensions><extensions><gpxtpx:PowerExtension><gpxtpx:PowerInWatts>212</gpxtpx:PowerInWatts></gpxtpx:PowerExtension></extensions></trkpt>
<trkpt lat="38.5745464" lon="-121.4605308">
<ele>7</ele><time>2025-03-05T17:17:55.000Z</time><extensions><gpxtpx:TrackPointExtension><gpxtpx:hr>151</gpxtpx:hr><gpxtpx:cad>76</gpxtpx:cad></gpxtpx:TrackPointExtension></extensions><extensions><gpxtpx:PowerExtension><gpxtpx:PowerInWatts>212</gpxtpx:PowerInWatts></gpxtpx:PowerExtension></extensions></trkpt>
<trkpt lat="38.5745949" lon="-121.4605159">
<ele>7</ele><time>2025-03-05T17:17:57.000Z</time><extensions><gpxtpx:TrackPointExtension><gpxtpx:hr>151</gpxtpx:hr><gpxtpx:cad>77</gpxtpx:cad></gpxtpx:TrackPointExtension></extensions><extensions><gpxtpx:PowerExtension><gpxtpx:PowerInWatts>214</gpxtpx:PowerInWatts></gpxtpx:PowerExtension></extensions></trkpt>
<trkpt lat="38.5746390" lon="-121.4604890">
<ele>7</ele><time>2025-03-05T17:17:59.000Z</time><extensions><gpxtpx:TrackPointExtension><gpxtpx:hr>151</gpxtpx:hr><gpxtpx:cad>77</gpxtpx:cad></gpxtpx:TrackPointExtension></extensions><extensions><gpxtpx:PowerExtension><gpxtpx:PowerInWatts>210</gpxtpx:PowerInWatts></gpxtpx:PowerExtension></extensions></trkpt>
<trkpt lat="38.5746952" lon="-121.4604781">
<ele>7</ele><time>2025-03-05T17:18:01.000Z</time><extensions><gpxtpx:TrackPointExtension><gpxtpx:hr>151</gpxtpx:hr><gpxtpx:cad>77</gpxtpx:cad></gpxtpx:TrackPointExtension></extensions><extensions><gpxtpx:PowerExtension><gpxtpx:PowerInWatts>213</gpxtpx:PowerInWatts></gpxtpx:PowerExtension></extensions></trkpt>
<trkpt lat="38.5747449" lon="-121.4604455">
<ele>7</ele><time>2025-03-05T17:18:03.000Z</time><extensions><gpxtpx:TrackPointExtension><gpxtpx:hr>151</gpxtpx:hr><gpxtpx:cad>77</gpxtpx:cad></gpxtpx:TrackPointExtension></extensions><extensions><gpxtpx:PowerExtension><gpxtpx:PowerInWatts>213</gpxtpx:PowerInWatts></gpxtpx:PowerExtension></extensions></trkpt>
<trkpt lat="38.5747887" lon="-121.4604240">
<ele>7</ele><time>2025-03-05T17:18:05.000Z</time><extensions><gpxtpx:TrackPointExtension><gpxtpx:hr>151</gpxtpx:hr><gpxtpx:cad>80</gpxtpx:cad></gpxtpx:TrackPointExtension></extensions><extensions><gpxtpx:PowerExtension><gpxtpx:PowerInWatts>215</gpxtpx:PowerInWatts></gpxtpx:PowerExtension></extensions></trkpt>
<trkpt lat="38.5748402" lon="-121.4604169">
<ele>7</ele><time>2025-03-05T17:18:07.000Z</time><extensions><gpxtpx:TrackPointExtension><gpxtpx:hr>151</gpxtpx:hr><gpxtpx:cad>76</gpxtpx:cad></gpxtpx:TrackPointExtension></extensions><extensions><gpxtpx:PowerExtension><gpxtpx:PowerInWatts>216</gpxtpx:PowerInWatts></gpxtpx:PowerExtension></extensions></trkpt>
<trkpt lat="38.5748938" lon="-121.4603856">
<ele>7</ele><time>2025-03-05T17:18:09.000Z</time><extensions><gpxtpx:TrackPointExtension><gpxtpx:hr>151</gpxtpx:hr><gpxtpx:cad>75</gpxtpx:cad></gpxtpx:TrackPointExtension></extensions><extensions><gpxtpx:PowerExtension><gpxtpx:PowerInWatts>216</gpxtpx:PowerInWatts></gpxtpx:PowerExtension></extensions></trkpt>
<trkpt lat="38.5749458" lon="-121.4603606">
<ele>7</ele><time>2025-03-05T17:18:11.000Z</time><extensions><gpxtpx:TrackPointExtension><gpxtpx:hr>151</gpxtpx:hr><gpxtpx:cad>80</gpxtpx:cad></gpxtpx:TrackPointExtension></extensions><extensions><gpxtpx:PowerExtension><gpxtpx:PowerInWatts>216</gpxtpx:PowerInWatts></gpxtpx:PowerExtension></extensions></trkpt>
<trkpt lat="38.5749941" lon="-121.4603379">
<ele>7</ele><time>2025-03-05T17:18:13.000Z</time><extensions><gpxtpx:TrackPointExtension><gpxtpx:hr>151</gpxtpx:hr><gpxtpx:cad>80</gpxtpx:cad></gpxtpx:TrackPointExtension></extensions><extensions><gpxtpx:PowerExtension><gpxtpx:PowerInWatts>216</gpxtpx:PowerInWatts></gpxtpx:PowerExtension></extensions></trkpt>
<trkpt lat="38.5750577" lon="-121.4603183">
<ele>7</ele><time>2025-03-05T17:18:15.000Z</time><extensions><gpxtpx:TrackPointExtension><gpxtpx:hr>151</gpxtpx:hr><gpxtpx:cad>80</gpxtpx:cad></gpxtpx:TrackPointExtension></extensions><extensions><gpxtpx:PowerExtension><gpxtpx:PowerInWatts>212</gpxtpx:PowerInWatts></gpxtpx:PowerExtension></extensions></trkpt>
<trkpt lat="38.5751227" lon="-121.4602881">
<ele>7</ele><time>2025-03-05T17:18:17.000Z</time><extensions><gpxtpx:TrackPointExtension><gpxtpx:hr>151</gpxtpx:hr><gpxtpx:cad>80</gpxtpx:cad></gpxtpx:TrackPointExtension></extensions><extensions><gpxtpx:PowerExtension><gpxtpx:PowerInWatts>214</gpxtpx:PowerInWatts></gpxtpx:PowerExtension></extensions></trkpt>
<trkpt lat="38.5751872" lon="-121.4602586">
<ele>7</ele><time>2025-03-05T17:18:19.000Z</time><extensions><gpxtpx:TrackPointExtension><gpxtpx:hr>151</gpxtpx:hr><gpxtpx:cad>80</gpxtpx:cad></gpxtpx:TrackPointExtension></extensions><extensions><gpxtpx:PowerExtension><gpxtpx:PowerInWatts>216</gpxtpx:PowerInWatts></gpxtpx:PowerExtension></extensions></trkpt>
<trkpt lat="38.5752622" lon="-121.4602282">
<ele>7</ele><time>2025-03-05T17:18:22.000Z</time><extensions><gpxtpx:TrackPointExtension><gpxtpx:hr>151</gpxtpx:hr><gpxtpx:cad>81</gpxtpx:cad></gpxtpx:TrackPointExtension></extensions><extensions><gpxtpx:PowerExtension><gpxtpx:PowerInWatts>216</gpxtpx:PowerInWatts></gpxtpx:PowerExtension></extensions></trkpt>
<trkpt lat="38.5753181" lon="-121.4602159">
<ele>7</ele><time>2025-03-05T17:18:24.000Z</time><extensions><gpxtpx:TrackPointExtension><gpxtpx:hr>151</gpxtpx:hr><gpxtpx:cad>77</gpxtpx:cad></gpxtpx:TrackPointExtension></extensions><extensions><gpxtpx:PowerExtension><gpxtpx:PowerInWatts>220</gpxtpx:PowerInWatts></gpxtpx:PowerExtension></extensions></trkpt>
<trkpt lat="38.5753790" lon="-121.4601792">
<ele>7</ele><time>2025-03-05T17:18:27.000Z</time><extensions><gpxtpx:TrackPointExtension><gpxtpx:hr>151</gpxtpx:hr><gpxtpx:cad>75</gpxtpx:cad></gpxtpx:TrackPointExtension></extensions><extensions><gpxtpx:PowerExtension><gpxtpx:PowerInWatts>220</gpxtpx:PowerInWatts></gpxtpx:PowerExtension></extensions></trkpt>
<trkpt lat="38.5754341" lon="-121.4601625">
<ele>7</ele><time>2025-03-05T17:18:29.000Z</time><extensions><gpxtpx:TrackPointExtension><gpxtpx:hr>151</gpxtpx:hr><gpxtpx:cad>80</gpxtpx:cad></gpxtpx:TrackPointExtension></extensions><extensions><gpxtpx:PowerExtension><gpxtpx:PowerInWatts>223</gpxtpx:PowerInWatts></gpxtpx:PowerExtension></extensions></trkpt>
<trkpt lat="38.5754850" lon="-121.4601378">
<ele>7</ele><time>2025-03-05T17:18:31.000Z</time><extensions><gpxtpx:TrackPointExtension><gpxtpx:hr>151</gpxtpx:hr><gpxtpx:cad>83</gpxtpx:cad></gpxtpx:TrackPointExtension></extensions><extensions><gpxtpx:PowerExtension><gpxtpx:PowerInWatts>225</gpxtpx:PowerInWatts></gpxtpx:PowerExtension></extensions></trkpt>
<trkpt lat="38.5755350" lon="-121.4601292">
<ele>7</ele><time>2025-03-05T17:18:33.000Z</time><extensions><gpxtpx:TrackPointExtension><gpxtpx:hr>151</gpxtpx:hr><gpxtpx:cad>79</gpxtpx:cad></gpxtpx:TrackPointExtension></extensions><extensions><gpxtpx:PowerExtension><gpxtpx:PowerInWatts>225</gpxtpx:PowerInWatts></gpxtpx:PowerExtension></extensions></trkpt>
<trkpt lat="38.5755976" lon="-121.4600948">
<ele>7</ele><time>2025-03-05T17:18:35.000Z</time><extensions><gpxtpx:TrackPointExtension><gpxtpx:hr>151</gpxtpx:hr><gpxtpx:cad>79</gpxtpx:cad></gpxtpx:TrackPointExtension></extensions><extensions><gpxtpx:PowerExtension><gpxtpx:PowerInWatts>225</gpxtpx:PowerInWatts></gpxtpx:PowerExtension></extensions></trkpt>
<trkpt lat="38.5756620" lon="-121.4600663">
<ele>7</ele><time>2025-03-05T17:18:37.000Z</time><extensions><gpxtpx:TrackPointExtension><gpxtpx:hr>151</gpxtpx:hr><gpxtpx:cad>78</gpxtpx:cad></gpxtpx:TrackPointExtension></extensions><extensions><gpxtpx:PowerExtension><gpxtpx:PowerInWatts>220</gpxtpx:PowerInWatts></gpxtpx:PowerExtension></extensions></trkpt>
<trkpt lat="38.5757265" lon="-121.4600227">
<ele>7</ele><time>2025-03-05T17:18:40.000Z</time><extensions><gpxtpx:TrackPointExtension><gpxtpx:hr>151</gpxtpx:hr><gpxtpx:cad>82</gpxtpx:cad></gpxtpx:TrackPointExtension></extensions><extensions><gpxtpx:PowerExtension><gpxtpx:PowerInWatts>222</gpxtpx:PowerInWatts></gpxtpx:PowerExtension></extensions></trkpt>
<trkpt lat="38.5757784" lon="-121.4600241">
<ele>7</ele><time>2025-03-05T17:18:42.000Z</time><extensions><gpxtpx:TrackPointExtension><gpxtpx:hr>151</gpxtpx:hr><gpxtpx:cad>81</gpxtpx:cad></gpxtpx:TrackPointExtension></extensions><extensions><gpxtpx:PowerExtension><gpxtpx:PowerInWatts>224</gpxtpx:PowerInWatts></gpxtpx:PowerExtension></extensions></trkpt>
<trkpt lat="38.5758355" lon="-121.4599961">
<ele>7</ele><time>2025-03-05T17:18:44.000Z</time><extensions><gpxtpx:TrackPointExtension><gpxtpx:hr>151</gpxtpx:hr><gpxtpx:cad>79</gpxtpx:cad></gpxtpx:TrackPointExtension></extensions><extensions><gpxtpx:PowerExtension><gpxtpx:PowerInWatts>228</gpxtpx:PowerInWatts></gpxtpx:PowerExtension></extensions></trkpt>
<trkpt lat="38.5758893" lon="-121.4599744">
<ele>7</ele><time>2025-03-05T17:18:46.000Z</time><extensions><gpxtpx:TrackPointExtension><gpxtpx:hr>152</gpxtpx:hr><gpxtpx:cad>80</gpxtpx:cad></gpxtpx:TrackPointExtension></extensions><extensions><gpxtpx:PowerExtension><gpxtpx:PowerInWatts>228</gpxtpx:PowerInWatts></gpxtpx:PowerExtension></extensions></trkpt>
<trkpt lat="38.5759365" lon="-121.4599568">
<ele>7</ele><time>2025-03-05T17:18:48.000Z</time><extensions><gpxtpx:TrackPointExtension><gpxtpx:hr>152</gpxtpx:hr><gpxtpx:cad>84</gpxtpx:cad></gpxtpx:TrackPointExtension></extensions><extensions><gpxtpx:PowerExtension><gpxtpx:PowerInWatts>228</gpxtpx:PowerInWatts></gpxtpx:PowerExtension></extensions></trkpt>
<trkpt lat="38.5759866" lon="-121.4599311">
<ele>7</ele><time>2025-03-05T17:18:50.000Z</time><extensions><gpxtpx:TrackPointExtension><gpxtpx:hr>152</gpxtpx:hr><gpxtpx:cad>80</gpxtpx:cad></gpxtpx:TrackPointExtension></extensions><extensions><gpxtpx:PowerExtension><gpxtpx:PowerInWatts>224</gpxtpx:PowerInWatts></gpxtpx:PowerExtension></extensions></trkpt>
<trkpt lat="38.5760421" lon="-121.4599086">
<ele>7</ele><time>2025-03-05T17:18:52.000Z</time><extensions><gpxtpx:TrackPointExtension><gpxtpx:hr>152</gpxtpx:hr><gpxtpx:cad>82</gpxtpx:cad></gpxtpx:TrackPointExtension></extensions><extensions><gpxtpx:PowerExtension><gpxtpx:PowerInWatts>224</gpxtpx:PowerInWatts></gpxtpx:PowerExtension></extensions></trkpt>
<trkpt lat="38.5760770" lon="-121.4598628">
<ele>7</ele><time>2025-03-05T17:18:54.000Z</time><extensions><gpxtpx:TrackPointExtension><gpxtpx:hr>153</gpxtpx:hr><gpxtpx:cad>80</gpxtpx:cad></gpxtpx:TrackPointExtension></extensions><extensions><gpxtpx:PowerExtension><gpxtpx:PowerInWatts>225</gpxtpx:PowerInWatts></gpxtpx:PowerExtension></extensions></trkpt>
<trkpt lat="38.5761357" lon="-121.4598450">
<ele>7</ele><time>2025-03-05T17:18:56.000Z</time><extensions><gpxtpx:TrackPointExtension><gpxtpx:hr>153</gpxtpx:hr><gpxtpx:cad>79</gpxtpx:cad></gpxtpx:TrackPointExtension></extensions><extensions><gpxtpx:PowerExtension><gpxtpx:PowerInWatts>225</gpxtpx:PowerInWatts></gpxtpx:PowerExtension></extensions></trkpt>
<trkpt lat="38.5761950" lon="-121.4598165">
<ele>7</ele><time>2025-03-05T17:18:59.000Z</time><extensions><gpxtpx:TrackPointExtension><gpxtpx:hr>153</gpxtpx:hr><gpxtpx:cad>79</gpxtpx:cad></gpxtpx:TrackPointExtension></extensions><extensions><gpxtpx:PowerExtension><gpxtpx:PowerInWatts>225</gpxtpx:PowerInWatts></gpxtpx:PowerExtension></extensions></trkpt>
<trkpt lat="38.5762501" lon="-121.4597672">
<ele>7</ele><time>2025-03-05T17:19:02.000Z</time><extensions><gpxtpx:TrackPointExtension><gpxtpx:hr>153</gpxtpx:hr><gpxtpx:cad>79</gpxtpx:cad></gpxtpx:TrackPointExtension></extensions><extensions><gpxtpx:PowerExtension><gpxtpx:PowerInWatts>226</gpxtpx:PowerInWatts></gpxtpx:PowerExtension></extensions></trkpt>
<trkpt lat="38.5763100" lon="-121.4597536">
<ele>7</ele><time>2025-03-05T17:19:04.000Z</time><extensions><gpxtpx:TrackPointExtension><gpxtpx:hr>153</gpxtpx:hr><gpxtpx:cad>79</gpxtpx:cad></gpxtpx:TrackPointExtension></extensions><extensions><gpxtpx:PowerExtension><gpxtpx:PowerInWatts>226</gpxtpx:PowerInWatts></gpxtpx:PowerExtension></extensions></trkpt>
<trkpt lat="38.5763655" lon="-121.4597218">
<ele>7</ele><time>2025-03-05T17:19:06.000Z</time><extensions><gpxtpx:TrackPointExtension><gpxtpx:hr>153</gpxtpx:hr><gpxtpx:cad>79</gpxtpx:cad></gpxtpx:TrackPointExtension></extensions><extensions><gpxtpx:PowerExtension><gpxtpx:PowerInWatts>226</gpxtpx:PowerInWatts></gpxtpx:PowerExtension></extensions></trkpt>
<trkpt lat="38.5764046" lon="-121.4596611">
<ele>7</ele><time>2025-03-05T17:19:08.000Z</time><extensions><gpxtpx:TrackPointExtension><gpxtpx:hr>153</gpxtpx:hr><gpxtpx:cad>77</gpxtpx:cad></gpxtpx:TrackPointExtension></extensions><extensions><gpxtpx:PowerExtension><gpxtpx:PowerInWatts>220</gpxtpx:PowerInWatts></gpxtpx:PowerExtension></extensions></trkpt>
<trkpt lat="38.5764418" lon="-121.4595995">
<ele>7</ele><time>2025-03-05T17:19:10.000Z</time><extensions><gpxtpx:TrackPointExtension><gpxtpx:hr>153</gpxtpx:hr><gpxtpx:cad>79</gpxtpx:cad></gpxtpx:TrackPointExtension></extensions><extensions><gpxtpx:PowerExtension><gpxtpx:PowerInWatts>220</gpxtpx:PowerInWatts></gpxtpx:PowerExtension></extensions></trkpt>
<trkpt lat="38.5764565" lon="-121.4595165">
<ele>7</ele><time>2025-03-05T17:19:12.000Z</time><extensions><gpxtpx:TrackPointExtension><gpxtpx:hr>152</gpxtpx:hr><gpxtpx:cad>75</gpxtpx:cad></gpxtpx:TrackPointExtension></extensions><extensions><gpxtpx:PowerExtension><gpxtpx:PowerInWatts>225</gpxtpx:PowerInWatts></gpxtpx:PowerExtension></extensions></trkpt>
<trkpt lat="38.5764473" lon="-121.4594229">
<ele>7</ele><time>2025-03-05T17:19:14.000Z</time><extensions><gpxtpx:TrackPointExtension><gpxtpx:hr>151</gpxtpx:hr><gpxtpx:cad>77</gpxtpx:cad></gpxtpx:TrackPointExtension></extensions><extensions><gpxtpx:PowerExtension><gpxtpx:PowerInWatts>225</gpxtpx:PowerInWatts></gpxtpx:PowerExtension></extensions></trkpt>
<trkpt lat="38.5764287" lon="-121.4593650">
<ele>7</ele><time>2025-03-05T17:19:16.000Z</time><extensions><gpxtpx:TrackPointExtension><gpxtpx:hr>151</gpxtpx:hr><gpxtpx:cad>77</gpxtpx:cad></gpxtpx:TrackPointExtension></extensions><extensions><gpxtpx:PowerExtension><gpxtpx:PowerInWatts>228</gpxtpx:PowerInWatts></gpxtpx:PowerExtension></extensions></trkpt>
<trkpt lat="38.5763947" lon="-121.4593096">
<ele>7</ele><time>2025-03-05T17:19:18.000Z</time><extensions><gpxtpx:TrackPointExtension><gpxtpx:hr>150</gpxtpx:hr><gpxtpx:cad>79</gpxtpx:cad></gpxtpx:TrackPointExtension></extensions><extensions><gpxtpx:PowerExtension><gpxtpx:PowerInWatts>228</gpxtpx:PowerInWatts></gpxtpx:PowerExtension></extensions></trkpt>
<trkpt lat="38.5763838" lon="-121.4592360">
<ele>7</ele><time>2025-03-05T17:19:20.000Z</time><extensions><gpxtpx:TrackPointExtension><gpxtpx:hr>149</gpxtpx:hr><gpxtpx:cad>82</gpxtpx:cad></gpxtpx:TrackPointExtension></extensions><extensions><gpxtpx:PowerExtension><gpxtpx:PowerInWatts>232</gpxtpx:PowerInWatts></gpxtpx:PowerExtension></extensions></trkpt>
<trkpt lat="38.5763854" lon="-121.4591663">
<ele>7</ele><time>2025-03-05T17:19:22.000Z</time><extensions><gpxtpx:TrackPointExtension><gpxtpx:hr>148</gpxtpx:hr><gpxtpx:cad>79</gpxtpx:cad></gpxtpx:TrackPointExtension></extensions><extensions><gpxtpx:PowerExtension><gpxtpx:PowerInWatts>232</gpxtpx:PowerInWatts></gpxtpx:PowerExtension></extensions></trkpt>
<trkpt lat="38.5763811" lon="-121.4590931">
<ele>7</ele><time>2025-03-05T17:19:24.000Z</time><extensions><gpxtpx:TrackPointExtension><gpxtpx:hr>148</gpxtpx:hr><gpxtpx:cad>77</gpxtpx:cad></gpxtpx:TrackPointExtension></extensions><extensions><gpxtpx:PowerExtension><gpxtpx:PowerInWatts>227</gpxtpx:PowerInWatts></gpxtpx:PowerExtension></extensions></trkpt>
<trkpt lat="38.5763566" lon="-121.4590202">
<ele>7</ele><time>2025-03-05T17:19:26.000Z</time><extensions><gpxtpx:TrackPointExtension><gpxtpx:hr>149</gpxtpx:hr><gpxtpx:cad>76</gpxtpx:cad></gpxtpx:TrackPointExtension></extensions><extensions><gpxtpx:PowerExtension><gpxtpx:PowerInWatts>227</gpxtpx:PowerInWatts></gpxtpx:PowerExtension></extensions></trkpt>
<trkpt lat="38.5763452" lon="-121.4589570">
<ele>7</ele><time>2025-03-05T17:19:28.000Z</time><extensions><gpxtpx:TrackPointExtension><gpxtpx:hr>149</gpxtpx:hr><gpxtpx:cad>78</gpxtpx:cad></gpxtpx:TrackPointExtension></extensions><extensions><gpxtpx:PowerExtension><gpxtpx:PowerInWatts>226</gpxtpx:PowerInWatts></gpxtpx:PowerExtension></extensions></trkpt>
<trkpt lat="38.5763122" lon="-121.4588980">
<ele>7</ele><time>2025-03-05T17:19:30.000Z</time><extensions><gpxtpx:TrackPointExtension><gpxtpx:hr>150</gpxtpx:hr><gpxtpx:cad>81</gpxtpx:cad></gpxtpx:TrackPointExtension></extensions><extensions><gpxtpx:PowerExtension><gpxtpx:PowerInWatts>226</gpxtpx:PowerInWatts></gpxtpx:PowerExtension></extensions></trkpt>
<trkpt lat="38.5762765" lon="-121.4588360">
<ele>7</ele><time>2025-03-05T17:19:32.000Z</time><extensions><gpxtpx:TrackPointExtension><gpxtpx:hr>151</gpxtpx:hr><gpxtpx:cad>80</gpxtpx:cad></gpxtpx:TrackPointExtension></extensions><extensions><gpxtpx:PowerExtension><gpxtpx:PowerInWatts>226</gpxtpx:PowerInWatts></gpxtpx:PowerExtension></extensions></trkpt>
<trkpt lat="38.5762377" lon="-121.4587506">
<ele>7</ele><time>2025-03-05T17:19:35.000Z</time><extensions><gpxtpx:TrackPointExtension><gpxtpx:hr>152</gpxtpx:hr><gpxtpx:cad>80</gpxtpx:cad></gpxtpx:TrackPointExtension></extensions><extensions><gpxtpx:PowerExtension><gpxtpx:PowerInWatts>227</gpxtpx:PowerInWatts></gpxtpx:PowerExtension></extensions></trkpt>
<trkpt lat="38.5762335" lon="-121.4586872">
<ele>7</ele><time>2025-03-05T17:19:37.000Z</time><extensions><gpxtpx:TrackPointExtension><gpxtpx:hr>153</gpxtpx:hr><gpxtpx:cad>78</gpxtpx:cad></gpxtpx:TrackPointExtension></extensions><extensions><gpxtpx:PowerExtension><gpxtpx:PowerInWatts>227</gpxtpx:PowerInWatts></gpxtpx:PowerExtension></extensions></trkpt>
<trkpt lat="38.5762156" lon="-121.4586170">
<ele>7</ele><time>2025-03-05T17:19:39.000Z</time><extensions><gpxtpx:TrackPointExtension><gpxtpx:hr>153</gpxtpx:hr><gpxtpx:cad>80</gpxtpx:cad></gpxtpx:TrackPointExtension></extensions><extensions><gpxtpx:PowerExtension><gpxtpx:PowerInWatts>227</gpxtpx:PowerInWatts></gpxtpx:PowerExtension></extensions></trkpt>
<trkpt lat="38.5761851" lon="-121.4585556">
<ele>7</ele><time>2025-03-05T17:19:41.000Z</time><extensions><gpxtpx:TrackPointExtension><gpxtpx:hr>154</gpxtpx:hr><gpxtpx:cad>81</gpxtpx:cad></gpxtpx:TrackPointExtension></extensions><extensions><gpxtpx:PowerExtension><gpxtpx:PowerInWatts>225</gpxtpx:PowerInWatts></gpxtpx:PowerExtension></extensions></trkpt>
<trkpt lat="38.5761861" lon="-121.4584673">
<ele>7</ele><time>2025-03-05T17:19:44.000Z</time><extensions><gpxtpx:TrackPointExtension><gpxtpx:hr>154</gpxtpx:hr><gpxtpx:cad>82</gpxtpx:cad></gpxtpx:TrackPointExtension></extensions><extensions><gpxtpx:PowerExtension><gpxtpx:PowerInWatts>223</gpxtpx:PowerInWatts></gpxtpx:PowerExtension></extensions></trkpt>
<trkpt lat="38.5761672" lon="-121.4584003">
<ele>7</ele><time>2025-03-05T17:19:46.000Z</time><extensions><gpxtpx:TrackPointExtension><gpxtpx:hr>154</gpxtpx:hr><gpxtpx:cad>78</gpxtpx:cad></gpxtpx:TrackPointExtension></extensions><extensions><gpxtpx:PowerExtension><gpxtpx:PowerInWatts>226</gpxtpx:PowerInWatts></gpxtpx:PowerExtension></extensions></trkpt>
<trkpt lat="38.5761674" lon="-121.4583386">
<ele>7</ele><time>2025-03-05T17:19:48.000Z</time><extensions><gpxtpx:TrackPointExtension><gpxtpx:hr>155</gpxtpx:hr><gpxtpx:cad>75</gpxtpx:cad></gpxtpx:TrackPointExtension></extensions><extensions><gpxtpx:PowerExtension><gpxtpx:PowerInWatts>226</gpxtpx:PowerInWatts></gpxtpx:PowerExtension></extensions></trkpt>
<trkpt lat="38.5761242" lon="-121.4582803">
<ele>7</ele><time>2025-03-05T17:19:50.000Z</time><extensions><gpxtpx:TrackPointExtension><gpxtpx:hr>155</gpxtpx:hr><gpxtpx:cad>80</gpxtpx:cad></gpxtpx:TrackPointExtension></extensions><extensions><gpxtpx:PowerExtension><gpxtpx:PowerInWatts>226</gpxtpx:PowerInWatts></gpxtpx:PowerExtension></extensions></trkpt>
<trkpt lat="38.5761066" lon="-121.4582103">
<ele>7</ele><time>2025-03-05T17:19:52.000Z</time><extensions><gpxtpx:TrackPointExtension><gpxtpx:hr>155</gpxtpx:hr><gpxtpx:cad>81</gpxtpx:cad></gpxtpx:TrackPointExtension></extensions><extensions><gpxtpx:PowerExtension><gpxtpx:PowerInWatts>220</gpxtpx:PowerInWatts></gpxtpx:PowerExtension></extensions></trkpt>
<trkpt lat="38.5760898" lon="-121.4581430">
<ele>7</ele><time>2025-03-05T17:19:54.000Z</time><extensions><gpxtpx:TrackPointExtension><gpxtpx:hr>155</gpxtpx:hr><gpxtpx:cad>85</gpxtpx:cad></gpxtpx:TrackPointExtension></extensions><extensions><gpxtpx:PowerExtension><gpxtpx:PowerInWatts>220</gpxtpx:PowerInWatts></gpxtpx:PowerExtension></extensions></trkpt>
<trkpt lat="38.5760725" lon="-121.4580816">
<ele>7</ele><time>2025-03-05T17:19:56.000Z</time><extensions><gpxtpx:TrackPointExtension><gpxtpx:hr>155</gpxtpx:hr><gpxtpx:cad>80</gpxtpx:cad></gpxtpx:TrackPointExtension></extensions><extensions><gpxtpx:PowerExtension><gpxtpx:PowerInWatts>220</gpxtpx:PowerInWatts></gpxtpx:PowerExtension></extensions></trkpt>
<trkpt lat="38.5760525" lon="-121.4580211">
<ele>7</ele><time>2025-03-05T17:19:58.000Z</time><extensions><gpxtpx:TrackPointExtension><gpxtpx:hr>155</gpxtpx:hr><gpxtpx:cad>80</gpxtpx:cad></gpxtpx:TrackPointExtension></extensions><extensions><gpxtpx:PowerExtension><gpxtpx:PowerInWatts>223</gpxtpx:PowerInWatts></gpxtpx:PowerExtension></extensions></trkpt>
<trkpt lat="38.5760330" lon="-121.4579527">
<ele>7</ele><time>2025-03-05T17:20:00.000Z</time><extensions><gpxtpx:TrackPointExtension><gpxtpx:hr>155</gpxtpx:hr><gpxtpx:cad>81</gpxtpx:cad></gpxtpx:TrackPointExtension></extensions><extensions><gpxtpx:PowerExtension><gpxtpx:PowerInWatts>223</gpxtpx:PowerInWatts></gpxtpx:PowerExtension></extensions></trkpt>
<trkpt lat="38.5760192" lon="-121.4578789">
<ele>7</ele><time>2025-03-05T17:20:02.000Z</time><extensions><gpxtpx:TrackPointExtension><gpxtpx:hr>155</gpxtpx:hr><gpxtpx:cad>78</gpxtpx:cad></gpxtpx:TrackPointExtension></extensions><extensions><gpxtpx:PowerExtension><gpxtpx:PowerInWatts>225</gpxtpx:PowerInWatts></gpxtpx:PowerExtension></extensions></trkpt>
<trkpt lat="38.5760042" lon="-121.4578112">
<ele>7</ele><time>2025-03-05T17:20:04.000Z</time><extensions><gpxtpx:TrackPointExtension><gpxtpx:hr>155</gpxtpx:hr><gpxtpx:cad>76</gpxtpx:cad></gpxtpx:TrackPointExtension></extensions><extensions><gpxtpx:PowerExtension><gpxtpx:PowerInWatts>226</gpxtpx:PowerInWatts></gpxtpx:PowerExtension></extensions></trkpt>
<trkpt lat="38.5759861" lon="-121.4577412">
<ele>7</ele><time>2025-03-05T17:20:06.000Z</time><extensions><gpxtpx:TrackPointExtension><gpxtpx:hr>156</gpxtpx:hr><gpxtpx:cad>80</gpxtpx:cad></gpxtpx:TrackPointExtension></extensions><extensions><gpxtpx:PowerExtension><gpxtpx:PowerInWatts>227</gpxtpx:PowerInWatts></gpxtpx:PowerExtension></extensions></trkpt>
<trkpt lat="38.5759625" lon="-121.4576828">
<ele>7</ele><time>2025-03-05T17:20:08.000Z</time><extensions><gpxtpx:TrackPointExtension><gpxtpx:hr>156</gpxtpx:hr><gpxtpx:cad>82</gpxtpx:cad></gpxtpx:TrackPointExtension></extensions><extensions><gpxtpx:PowerExtension><gpxtpx:PowerInWatts>227</gpxtpx:PowerInWatts></gpxtpx:PowerExtension></extensions></trkpt>
<trkpt lat="38.5759414" lon="-121.4576093">
<ele>7</ele><time>2025-03-05T17:20:10.000Z</time><extensions><gpxtpx:TrackPointExtension><gpxtpx:hr>156</gpxtpx:hr><gpxtpx:cad>80</gpxtpx:cad></gpxtpx:TrackPointExtension></extensions><extensions><gpxtpx:PowerExtension><gpxtpx:PowerInWatts>226</gpxtpx:PowerInWatts></gpxtpx:PowerExtension></extensions></trkpt>
<trkpt lat="38.5759229" lon="-121.4575450">
<ele>7</ele><time>2025-03-05T17:20:12.000Z</time><extensions><gpxtpx:TrackPointExtension><gpxtpx:hr>156</gpxtpx:hr><gpxtpx:cad>79</gpxtpx:cad></gpxtpx:TrackPointExtension></extensions><extensions><gpxtpx:PowerExtension><gpxtpx:PowerInWatts>227</gpxtpx:PowerInWatts></gpxtpx:PowerExtension></extensions></trkpt>
<trkpt lat="38.5759742" lon="-121.4575776">
<ele>7</ele><time>2025-03-05T17:20:16.000Z</time><extensions><gpxtpx:TrackPointExtension><gpxtpx:hr>156</gpxtpx:hr><gpxtpx:cad>79</gpxtpx:cad></gpxtpx:TrackPointExtension></extensions><extensions><gpxtpx:PowerExtension><gpxtpx:PowerInWatts>229</gpxtpx:PowerInWatts></gpxtpx:PowerExtension></extensions></trkpt>
<trkpt lat="38.5760265" lon="-121.4575652">
<ele>7</ele><time>2025-03-05T17:20:18.000Z</time><extensions><gpxtpx:TrackPointExtension><gpxtpx:hr>156</gpxtpx:hr><gpxtpx:cad>79</gpxtpx:cad></gpxtpx:TrackPointExtension></extensions><extensions><gpxtpx:PowerExtension><gpxtpx:PowerInWatts>229</gpxtpx:PowerInWatts></gpxtpx:PowerExtension></extensions></trkpt>
<trkpt lat="38.5761318" lon="-121.4575024">
<ele>7</ele><time>2025-03-05T17:20:19.000Z</time><extensions><gpxtpx:TrackPointExtension><gpxtpx:hr>156</gpxtpx:hr><gpxtpx:cad>79</gpxtpx:cad></gpxtpx:TrackPointExtension></extensions><extensions><gpxtpx:PowerExtension><gpxtpx:PowerInWatts>230</gpxtpx:PowerInWatts></gpxtpx:PowerExtension></extensions></trkpt>
<trkpt lat="38.5761791" lon="-121.4574754">
<ele>7</ele><time>2025-03-05T17:20:21.000Z</time><extensions><gpxtpx:TrackPointExtension><gpxtpx:hr>156</gpxtpx:hr><gpxtpx:cad>76</gpxtpx:cad></gpxtpx:TrackPointExtension></extensions><extensions><gpxtpx:PowerExtension><gpxtpx:PowerInWatts>230</gpxtpx:PowerInWatts></gpxtpx:PowerExtension></extensions></trkpt>
<trkpt lat="38.5762311" lon="-121.4574490">
<ele>7</ele><time>2025-03-05T17:20:24.000Z</time><extensions><gpxtpx:TrackPointExtension><gpxtpx:hr>156</gpxtpx:hr><gpxtpx:cad>77</gpxtpx:cad></gpxtpx:TrackPointExtension></extensions><extensions><gpxtpx:PowerExtension><gpxtpx:PowerInWatts>232</gpxtpx:PowerInWatts></gpxtpx:PowerExtension></extensions></trkpt>
<trkpt lat="38.5762916" lon="-121.4574231">
<ele>7</ele><time>2025-03-05T17:20:26.000Z</time><extensions><gpxtpx:TrackPointExtension><gpxtpx:hr>156</gpxtpx:hr><gpxtpx:cad>76</gpxtpx:cad></gpxtpx:TrackPointExtension></extensions><extensions><gpxtpx:PowerExtension><gpxtpx:PowerInWatts>221</gpxtpx:PowerInWatts></gpxtpx:PowerExtension></extensions></trkpt>
<trkpt lat="38.5763582" lon="-121.4573947">
<ele>7</ele><time>2025-03-05T17:20:28.000Z</time><extensions><gpxtpx:TrackPointExtension><gpxtpx:hr>157</gpxtpx:hr><gpxtpx:cad>78</gpxtpx:cad></gpxtpx:TrackPointExtension></extensions><extensions><gpxtpx:PowerExtension><gpxtpx:PowerInWatts>221</gpxtpx:PowerInWatts></gpxtpx:PowerExtension></extensions></trkpt>
<trkpt lat="38.5764117" lon="-121.4573718">
<ele>7</ele><time>2025-03-05T17:20:30.000Z</time><extensions><gpxtpx:TrackPointExtension><gpxtpx:hr>156</gpxtpx:hr><gpxtpx:cad>75</gpxtpx:cad></gpxtpx:TrackPointExtension></extensions><extensions><gpxtpx:PowerExtension><gpxtpx:PowerInWatts>221</gpxtpx:PowerInWatts></gpxtpx:PowerExtension></extensions></trkpt>
<trkpt lat="38.5764652" lon="-121.4573489">
<ele>7</ele><time>2025-03-05T17:20:32.000Z</time><extensions><gpxtpx:TrackPointExtension><gpxtpx:hr>156</gpxtpx:hr><gpxtpx:cad>70</gpxtpx:cad></gpxtpx:TrackPointExtension></extensions><extensions><gpxtpx:PowerExtension><gpxtpx:PowerInWatts>219</gpxtpx:PowerInWatts></gpxtpx:PowerExtension></extensions></trkpt>
<trkpt lat="38.5765220" lon="-121.4573246">
<ele>7</ele><time>2025-03-05T17:20:35.000Z</time><extensions><gpxtpx:TrackPointExtension><gpxtpx:hr>156</gpxtpx:hr><gpxtpx:cad>66</gpxtpx:cad></gpxtpx:TrackPointExtension></extensions><extensions><gpxtpx:PowerExtension><gpxtpx:PowerInWatts>227</gpxtpx:PowerInWatts></gpxtpx:PowerExtension></extensions></trkpt>
<trkpt lat="38.5765757" lon="-121.4573268">
<ele>7</ele><time>2025-03-05T17:20:38.000Z</time><extensions><gpxtpx:TrackPointExtension><gpxtpx:hr>156</gpxtpx:hr><gpxtpx:cad>67</gpxtpx:cad></gpxtpx:TrackPointExtension></extensions><extensions><gpxtpx:PowerExtension><gpxtpx:PowerInWatts>228</gpxtpx:PowerInWatts></gpxtpx:PowerExtension></extensions></trkpt>
<trkpt lat="38.5766310" lon="-121.4573564">
<ele>7</ele><time>2025-03-05T17:20:41.000Z</time><extensions><gpxtpx:TrackPointExtension><gpxtpx:hr>156</gpxtpx:hr><gpxtpx:cad>64</gpxtpx:cad></gpxtpx:TrackPointExtension></extensions><extensions><gpxtpx:PowerExtension><gpxtpx:PowerInWatts>223</gpxtpx:PowerInWatts></gpxtpx:PowerExtension></extensions></trkpt>
</trkseg><trkseg>
<trkpt lat="38.5766621" lon="-121.4574739">
<ele>7</ele><time>2025-03-05T17:20:55.000Z</time><extensions><gpxtpx:TrackPointExtension><gpxtpx:hr>151</gpxtpx:hr><gpxtpx:cad>63</gpxtpx:cad></gpxtpx:TrackPointExtension></extensions><extensions><gpxtpx:PowerExtension><gpxtpx:PowerInWatts>194</gpxtpx:PowerInWatts></gpxtpx:PowerExtension></extensions></trkpt>
<trkpt lat="38.5767099" lon="-121.4575127">
<ele>7</ele><time>2025-03-05T17:20:59.000Z</time><extensions><gpxtpx:TrackPointExtension><gpxtpx:hr>148</gpxtpx:hr><gpxtpx:cad>61</gpxtpx:cad></gpxtpx:TrackPointExtension></extensions><extensions><gpxtpx:PowerExtension><gpxtpx:PowerInWatts>194</gpxtpx:PowerInWatts></gpxtpx:PowerExtension></extensions></trkpt>
<trkpt lat="38.5767450" lon="-121.4575572">
<ele>7</ele><time>2025-03-05T17:21:04.000Z</time><extensions><gpxtpx:TrackPointExtension><gpxtpx:hr>143</gpxtpx:hr><gpxtpx:cad>59</gpxtpx:cad></gpxtpx:TrackPointExtension></extensions><extensions><gpxtpx:PowerExtension><gpxtpx:PowerInWatts>69</gpxtpx:PowerInWatts></gpxtpx:PowerExtension></extensions></trkpt>
<trkpt lat="38.5767628" lon="-121.4576238">
<ele>7</ele><time>2025-03-05T17:21:09.000Z</time><extensions><gpxtpx:TrackPointExtension><gpxtpx:hr>139</gpxtpx:hr><gpxtpx:cad>61</gpxtpx:cad></gpxtpx:TrackPointExtension></extensions><extensions><gpxtpx:PowerExtension><gpxtpx:PowerInWatts>83</gpxtpx:PowerInWatts></gpxtpx:PowerExtension></extensions></trkpt>
<trkpt lat="38.5767793" lon="-121.4576856">
<ele>7</ele><time>2025-03-05T17:21:13.000Z</time><extensions><gpxtpx:TrackPointExtension><gpxtpx:hr>137</gpxtpx:hr><gpxtpx:cad>60</gpxtpx:cad></gpxtpx:TrackPointExtension></extensions><extensions><gpxtpx:PowerExtension><gpxtpx:PowerInWatts>81</gpxtpx:PowerInWatts></gpxtpx:PowerExtension></extensions></trkpt>
<trkpt lat="38.5767947" lon="-121.4577431">
<ele>7</ele><time>2025-03-05T17:21:17.000Z</time><extensions><gpxtpx:TrackPointExtension><gpxtpx:hr>134</gpxtpx:hr><gpxtpx:cad>61</gpxtpx:cad></gpxtpx:TrackPointExtension></extensions><extensions><gpxtpx:PowerExtension><gpxtpx:PowerInWatts>81</gpxtpx:PowerInWatts></gpxtpx:PowerExtension></extensions></trkpt>
<trkpt lat="38.5768134" lon="-121.4578132">
<ele>7</ele><time>2025-03-05T17:21:22.000Z</time><extensions><gpxtpx:TrackPointExtension><gpxtpx:hr>132</gpxtpx:hr><gpxtpx:cad>59</gpxtpx:cad></gpxtpx:TrackPointExtension></extensions><extensions><gpxtpx:PowerExtension><gpxtpx:PowerInWatts>83</gpxtpx:PowerInWatts></gpxtpx:PowerExtension></extensions></trkpt>
<trkpt lat="38.5768285" lon="-121.4578696">
<ele>7</ele><time>2025-03-05T17:21:25.000Z</time><extensions><gpxtpx:TrackPointExtension><gpxtpx:hr>132</gpxtpx:hr><gpxtpx:cad>58</gpxtpx:cad></gpxtpx:TrackPointExtension></extensions><extensions><gpxtpx:PowerExtension><gpxtpx:PowerInWatts>82</gpxtpx:PowerInWatts></gpxtpx:PowerExtension></extensions></trkpt>
<trkpt lat="38.5768458" lon="-121.4579341">
<ele>7</ele><time>2025-03-05T17:21:29.000Z</time><extensions><gpxtpx:TrackPointExtension><gpxtpx:hr>131</gpxtpx:hr><gpxtpx:cad>58</gpxtpx:cad></gpxtpx:TrackPointExtension></extensions><extensions><gpxtpx:PowerExtension><gpxtpx:PowerInWatts>82</gpxtpx:PowerInWatts></gpxtpx:PowerExtension></extensions></trkpt>
<trkpt lat="38.5768604" lon="-121.4579890">
<ele>7</ele><time>2025-03-05T17:21:31.000Z</time><extensions><gpxtpx:TrackPointExtension><gpxtpx:hr>130</gpxtpx:hr><gpxtpx:cad>62</gpxtpx:cad></gpxtpx:TrackPointExtension></extensions><extensions><gpxtpx:PowerExtension><gpxtpx:PowerInWatts>84</gpxtpx:PowerInWatts></gpxtpx:PowerExtension></extensions></trkpt>
<trkpt lat="38.5768840" lon="-121.4580800">
<ele>7</ele><time>2025-03-05T17:21:34.000Z</time><extensions><gpxtpx:TrackPointExtension><gpxtpx:hr>130</gpxtpx:hr><gpxtpx:cad>63</gpxtpx:cad></gpxtpx:TrackPointExtension></extensions><extensions><gpxtpx:PowerExtension><gpxtpx:PowerInWatts>89</gpxtpx:PowerInWatts></gpxtpx:PowerExtension></extensions></trkpt>
<trkpt lat="38.5769064" lon="-121.4581673">
<ele>7</ele><time>2025-03-05T17:21:36.000Z</time><extensions><gpxtpx:TrackPointExtension><gpxtpx:hr>131</gpxtpx:hr><gpxtpx:cad>66</gpxtpx:cad></gpxtpx:TrackPointExtension></extensions><extensions><gpxtpx:PowerExtension><gpxtpx:PowerInWatts>120</gpxtpx:PowerInWatts></gpxtpx:PowerExtension></extensions></trkpt>
<trkpt lat="38.5769217" lon="-121.4582266">
<ele>7</ele><time>2025-03-05T17:21:38.000Z</time><extensions><gpxtpx:TrackPointExtension><gpxtpx:hr>131</gpxtpx:hr><gpxtpx:cad>67</gpxtpx:cad></gpxtpx:TrackPointExtension></extensions><extensions><gpxtpx:PowerExtension><gpxtpx:PowerInWatts>138</gpxtpx:PowerInWatts></gpxtpx:PowerExtension></extensions></trkpt>
<trkpt lat="38.5769373" lon="-121.4582877">
<ele>8</ele><time>2025-03-05T17:21:40.000Z</time><extensions><gpxtpx:TrackPointExtension><gpxtpx:hr>131</gpxtpx:hr><gpxtpx:cad>75</gpxtpx:cad></gpxtpx:TrackPointExtension></extensions><extensions><gpxtpx:PowerExtension><gpxtpx:PowerInWatts>138</gpxtpx:PowerInWatts></gpxtpx:PowerExtension></extensions></trkpt>
<trkpt lat="38.5769568" lon="-121.4583644">
<ele>8</ele><time>2025-03-05T17:21:42.000Z</time><extensions><gpxtpx:TrackPointExtension><gpxtpx:hr>132</gpxtpx:hr><gpxtpx:cad>74</gpxtpx:cad></gpxtpx:TrackPointExtension></extensions><extensions><gpxtpx:PowerExtension><gpxtpx:PowerInWatts>209</gpxtpx:PowerInWatts></gpxtpx:PowerExtension></extensions></trkpt>
<trkpt lat="38.5769794" lon="-121.4584506">
<ele>8</ele><time>2025-03-05T17:21:45.000Z</time><extensions><gpxtpx:TrackPointExtension><gpxtpx:hr>133</gpxtpx:hr><gpxtpx:cad>81</gpxtpx:cad></gpxtpx:TrackPointExtension></extensions><extensions><gpxtpx:PowerExtension><gpxtpx:PowerInWatts>234</gpxtpx:PowerInWatts></gpxtpx:PowerExtension></extensions></trkpt>
<trkpt lat="38.5769973" lon="-121.4585164">
<ele>8</ele><time>2025-03-05T17:21:47.000Z</time><extensions><gpxtpx:TrackPointExtension><gpxtpx:hr>133</gpxtpx:hr><gpxtpx:cad>79</gpxtpx:cad></gpxtpx:TrackPointExtension></extensions><extensions><gpxtpx:PowerExtension><gpxtpx:PowerInWatts>234</gpxtpx:PowerInWatts></gpxtpx:PowerExtension></extensions></trkpt>
<trkpt lat="38.5770163" lon="-121.4585864">
<ele>8</ele><time>2025-03-05T17:21:49.000Z</time><extensions><gpxtpx:TrackPointExtension><gpxtpx:hr>134</gpxtpx:hr><gpxtpx:cad>77</gpxtpx:cad></gpxtpx:TrackPointExtension></extensions><extensions><gpxtpx:PowerExtension><gpxtpx:PowerInWatts>226</gpxtpx:PowerInWatts></gpxtpx:PowerExtension></extensions></trkpt>
<trkpt lat="38.5770367" lon="-121.4586619">
<ele>8</ele><time>2025-03-05T17:21:51.000Z</time><extensions><gpxtpx:TrackPointExtension><gpxtpx:hr>134</gpxtpx:hr><gpxtpx:cad>79</gpxtpx:cad></gpxtpx:TrackPointExtension></extensions><extensions><gpxtpx:PowerExtension><gpxtpx:PowerInWatts>226</gpxtpx:PowerInWatts></gpxtpx:PowerExtension></extensions></trkpt>
<trkpt lat="38.5770354" lon="-121.4587588">
<ele>8</ele><time>2025-03-05T17:21:54.000Z</time><extensions><gpxtpx:TrackPointExtension><gpxtpx:hr>135</gpxtpx:hr><gpxtpx:cad>80</gpxtpx:cad></gpxtpx:TrackPointExtension></extensions><extensions><gpxtpx:PowerExtension><gpxtpx:PowerInWatts>225</gpxtpx:PowerInWatts></gpxtpx:PowerExtension></extensions></trkpt>
<trkpt lat="38.5770448" lon="-121.4588191">
<ele>8</ele><time>2025-03-05T17:21:56.000Z</time><extensions><gpxtpx:TrackPointExtension><gpxtpx:hr>136</gpxtpx:hr><gpxtpx:cad>75</gpxtpx:cad></gpxtpx:TrackPointExtension></extensions><extensions><gpxtpx:PowerExtension><gpxtpx:PowerInWatts>227</gpxtpx:PowerInWatts></gpxtpx:PowerExtension></extensions></trkpt>
<trkpt lat="38.5770668" lon="-121.4589024">
<ele>8</ele><time>2025-03-05T17:21:58.000Z</time><extensions><gpxtpx:TrackPointExtension><gpxtpx:hr>136</gpxtpx:hr><gpxtpx:cad>82</gpxtpx:cad></gpxtpx:TrackPointExtension></extensions><extensions><gpxtpx:PowerExtension><gpxtpx:PowerInWatts>228</gpxtpx:PowerInWatts></gpxtpx:PowerExtension></extensions></trkpt>
<trkpt lat="38.5770837" lon="-121.4589779">
<ele>8</ele><time>2025-03-05T17:22:00.000Z</time><extensions><gpxtpx:TrackPointExtension><gpxtpx:hr>136</gpxtpx:hr><gpxtpx:cad>82</gpxtpx:cad></gpxtpx:TrackPointExtension></extensions><extensions><gpxtpx:PowerExtension><gpxtpx:PowerInWatts>228</gpxtpx:PowerInWatts></gpxtpx:PowerExtension></extensions></trkpt>
<trkpt lat="38.5770965" lon="-121.4590354">
<ele>8</ele><time>2025-03-05T17:22:02.000Z</time><extensions><gpxtpx:TrackPointExtension><gpxtpx:hr>137</gpxtpx:hr><gpxtpx:cad>82</gpxtpx:cad></gpxtpx:TrackPointExtension></extensions><extensions><gpxtpx:PowerExtension><gpxtpx:PowerInWatts>228</gpxtpx:PowerInWatts></gpxtpx:PowerExtension></extensions></trkpt>
<trkpt lat="38.5771212" lon="-121.4591101">
<ele>8</ele><time>2025-03-05T17:22:04.000Z</time><extensions><gpxtpx:TrackPointExtension><gpxtpx:hr>138</gpxtpx:hr><gpxtpx:cad>81</gpxtpx:cad></gpxtpx:TrackPointExtension></extensions><extensions><gpxtpx:PowerExtension><gpxtpx:PowerInWatts>224</gpxtpx:PowerInWatts></gpxtpx:PowerExtension></extensions></trkpt>
<trkpt lat="38.5771384" lon="-121.4591755">
<ele>8</ele><time>2025-03-05T17:22:06.000Z</time><extensions><gpxtpx:TrackPointExtension><gpxtpx:hr>140</gpxtpx:hr><gpxtpx:cad>83</gpxtpx:cad></gpxtpx:TrackPointExtension></extensions><extensions><gpxtpx:PowerExtension><gpxtpx:PowerInWatts>227</gpxtpx:PowerInWatts></gpxtpx:PowerExtension></extensions></trkpt>
<trkpt lat="38.5771488" lon="-121.4592366">
<ele>8</ele><time>2025-03-05T17:22:08.000Z</time><extensions><gpxtpx:TrackPointExtension><gpxtpx:hr>140</gpxtpx:hr><gpxtpx:cad>79</gpxtpx:cad></gpxtpx:TrackPointExtension></extensions><extensions><gpxtpx:PowerExtension><gpxtpx:PowerInWatts>227</gpxtpx:PowerInWatts></gpxtpx:PowerExtension></extensions></trkpt>
<trkpt lat="38.5771746" lon="-121.4593087">
<ele>8</ele><time>2025-03-05T17:22:10.000Z</time><extensions><gpxtpx:TrackPointExtension><gpxtpx:hr>141</gpxtpx:hr><gpxtpx:cad>79</gpxtpx:cad></gpxtpx:TrackPointExtension></extensions><extensions><gpxtpx:PowerExtension><gpxtpx:PowerInWatts>226</gpxtpx:PowerInWatts></gpxtpx:PowerExtension></extensions></trkpt>
<trkpt lat="38.5771964" lon="-121.4593762">
<ele>8</ele><time>2025-03-05T17:22:12.000Z</time><extensions><gpxtpx:TrackPointExtension><gpxtpx:hr>143</gpxtpx:hr><gpxtpx:cad>77</gpxtpx:cad></gpxtpx:TrackPointExtension></extensions><extensions><gpxtpx:PowerExtension><gpxtpx:PowerInWatts>229</gpxtpx:PowerInWatts></gpxtpx:PowerExtension></extensions></trkpt>
<trkpt lat="38.5771985" lon="-121.4594467">
<ele>8</ele><time>2025-03-05T17:22:14.000Z</time><extensions><gpxtpx:TrackPointExtension><gpxtpx:hr>143</gpxtpx:hr><gpxtpx:cad>80</gpxtpx:cad></gpxtpx:TrackPointExtension></extensions><extensions><gpxtpx:PowerExtension><gpxtpx:PowerInWatts>229</gpxtpx:PowerInWatts></gpxtpx:PowerExtension></extensions></trkpt>
<trkpt lat="38.5772027" lon="-121.4595236">
<ele>8</ele><time>2025-03-05T17:22:16.000Z</time><extensions><gpxtpx:TrackPointExtension><gpxtpx:hr>144</gpxtpx:hr><gpxtpx:cad>81</gpxtpx:cad></gpxtpx:TrackPointExtension></extensions><extensions><gpxtpx:PowerExtension><gpxtpx:PowerInWatts>230</gpxtpx:PowerInWatts></gpxtpx:PowerExtension></extensions></trkpt>
<trkpt lat="38.5772201" lon="-121.4595844">
<ele>8</ele><time>2025-03-05T17:22:18.000Z</time><extensions><gpxtpx:TrackPointExtension><gpxtpx:hr>144</gpxtpx:hr><gpxtpx:cad>81</gpxtpx:cad></gpxtpx:TrackPointExtension></extensions><extensions><gpxtpx:PowerExtension><gpxtpx:PowerInWatts>230</gpxtpx:PowerInWatts></gpxtpx:PowerExtension></extensions></trkpt>
<trkpt lat="38.5772489" lon="-121.4596773">
<ele>8</ele><time>2025-03-05T17:22:21.000Z</time><extensions><gpxtpx:TrackPointExtension><gpxtpx:hr>144</gpxtpx:hr><gpxtpx:cad>80</gpxtpx:cad></gpxtpx:TrackPointExtension></extensions><extensions><gpxtpx:PowerExtension><gpxtpx:PowerInWatts>234</gpxtpx:PowerInWatts></gpxtpx:PowerExtension></extensions></trkpt>
<trkpt lat="38.5772668" lon="-121.4597435">
<ele>8</ele><time>2025-03-05T17:22:23.000Z</time><extensions><gpxtpx:TrackPointExtension><gpxtpx:hr>145</gpxtpx:hr><gpxtpx:cad>82</gpxtpx:cad></gpxtpx:TrackPointExtension></extensions><extensions><gpxtpx:PowerExtension><gpxtpx:PowerInWatts>234</gpxtpx:PowerInWatts></gpxtpx:PowerExtension></extensions></trkpt>
<trkpt lat="38.5772867" lon="-121.4598174">
<ele>8</ele><time>2025-03-05T17:22:25.000Z</time><extensions><gpxtpx:TrackPointExtension><gpxtpx:hr>146</gpxtpx:hr><gpxtpx:cad>84</gpxtpx:cad></gpxtpx:TrackPointExtension></extensions><extensions><gpxtpx:PowerExtension><gpxtpx:PowerInWatts>230</gpxtpx:PowerInWatts></gpxtpx:PowerExtension></extensions></trkpt>
<trkpt lat="38.5773119" lon="-121.4598903">
<ele>8</ele><time>2025-03-05T17:22:27.000Z</time><extensions><gpxtpx:TrackPointExtension><gpxtpx:hr>147</gpxtpx:hr><gpxtpx:cad>83</gpxtpx:cad></gpxtpx:TrackPointExtension></extensions><extensions><gpxtpx:PowerExtension><gpxtpx:PowerInWatts>227</gpxtpx:PowerInWatts></gpxtpx:PowerExtension></extensions></trkpt>
<trkpt lat="38.5773374" lon="-121.4599854">
<ele>8</ele><time>2025-03-05T17:22:30.000Z</time><extensions><gpxtpx:TrackPointExtension><gpxtpx:hr>147</gpxtpx:hr><gpxtpx:cad>81</gpxtpx:cad></gpxtpx:TrackPointExtension></extensions><extensions><gpxtpx:PowerExtension><gpxtpx:PowerInWatts>228</gpxtpx:PowerInWatts></gpxtpx:PowerExtension></extensions></trkpt>
<trkpt lat="38.5773536" lon="-121.4600477">
<ele>8</ele><time>2025-03-05T17:22:32.000Z</time><extensions><gpxtpx:TrackPointExtension><gpxtpx:hr>147</gpxtpx:hr><gpxtpx:cad>79</gpxtpx:cad></gpxtpx:TrackPointExtension></extensions><extensions><gpxtpx:PowerExtension><gpxtpx:PowerInWatts>230</gpxtpx:PowerInWatts></gpxtpx:PowerExtension></extensions></trkpt>
<trkpt lat="38.5773664" lon="-121.4601119">
<ele>8</ele><time>2025-03-05T17:22:34.000Z</time><extensions><gpxtpx:TrackPointExtension><gpxtpx:hr>147</gpxtpx:hr><gpxtpx:cad>77</gpxtpx:cad></gpxtpx:TrackPointExtension></extensions><extensions><gpxtpx:PowerExtension><gpxtpx:PowerInWatts>230</gpxtpx:PowerInWatts></gpxtpx:PowerExtension></extensions></trkpt>
<trkpt lat="38.5773984" lon="-121.4601748">
<ele>9</ele><time>2025-03-05T17:22:36.000Z</time><extensions><gpxtpx:TrackPointExtension><gpxtpx:hr>147</gpxtpx:hr><gpxtpx:cad>80</gpxtpx:cad></gpxtpx:TrackPointExtension></extensions><extensions><gpxtpx:PowerExtension><gpxtpx:PowerInWatts>230</gpxtpx:PowerInWatts></gpxtpx:PowerExtension></extensions></trkpt>
<trkpt lat="38.5774151" lon="-121.4602674">
<ele>9</ele><time>2025-03-05T17:22:39.000Z</time><extensions><gpxtpx:TrackPointExtension><gpxtpx:hr>148</gpxtpx:hr><gpxtpx:cad>83</gpxtpx:cad></gpxtpx:TrackPointExtension></extensions><extensions><gpxtpx:PowerExtension><gpxtpx:PowerInWatts>230</gpxtpx:PowerInWatts></gpxtpx:PowerExtension></extensions></trkpt>
<trkpt lat="38.5774510" lon="-121.4603512">
<ele>9</ele><time>2025-03-05T17:22:42.000Z</time><extensions><gpxtpx:TrackPointExtension><gpxtpx:hr>148</gpxtpx:hr><gpxtpx:cad>82</gpxtpx:cad></gpxtpx:TrackPointExtension></extensions><extensions><gpxtpx:PowerExtension><gpxtpx:PowerInWatts>229</gpxtpx:PowerInWatts></gpxtpx:PowerExtension></extensions></trkpt>
<trkpt lat="38.5774612" lon="-121.4604187">
<ele>9</ele><time>2025-03-05T17:22:44.000Z</time><extensions><gpxtpx:TrackPointExtension><gpxtpx:hr>148</gpxtpx:hr><gpxtpx:cad>79</gpxtpx:cad></gpxtpx:TrackPointExtension></extensions><extensions><gpxtpx:PowerExtension><gpxtpx:PowerInWatts>229</gpxtpx:PowerInWatts></gpxtpx:PowerExtension></extensions></trkpt>
<trkpt lat="38.5774782" lon="-121.4604731">
<ele>9</ele><time>2025-03-05T17:22:46.000Z</time><extensions><gpxtpx:TrackPointExtension><gpxtpx:hr>148</gpxtpx:hr><gpxtpx:cad>76</gpxtpx:cad></gpxtpx:TrackPointExtension></extensions><extensions><gpxtpx:PowerExtension><gpxtpx:PowerInWatts>227</gpxtpx:PowerInWatts></gpxtpx:PowerExtension></extensions></trkpt>
<trkpt lat="38.5775061" lon="-121.4605365">
<ele>9</ele><time>2025-03-05T17:22:48.000Z</time><extensions><gpxtpx:TrackPointExtension><gpxtpx:hr>148</gpxtpx:hr><gpxtpx:cad>77</gpxtpx:cad></gpxtpx:TrackPointExtension></extensions><extensions><gpxtpx:PowerExtension><gpxtpx:PowerInWatts>226</gpxtpx:PowerInWatts></gpxtpx:PowerExtension></extensions></trkpt>
<trkpt lat="38.5775223" lon="-121.4606035">
<ele>9</ele><time>2025-03-05T17:22:50.000Z</time><extensions><gpxtpx:TrackPointExtension><gpxtpx:hr>149</gpxtpx:hr><gpxtpx:cad>79</gpxtpx:cad></gpxtpx:TrackPointExtension></extensions><extensions><gpxtpx:PowerExtension><gpxtpx:PowerInWatts>225</gpxtpx:PowerInWatts></gpxtpx:PowerExtension></extensions></trkpt>
<trkpt lat="38.5775373" lon="-121.4606728">
<ele>9</ele><time>2025-03-05T17:22:52.000Z</time><extensions><gpxtpx:TrackPointExtension><gpxtpx:hr>150</gpxtpx:hr><gpxtpx:cad>78</gpxtpx:cad></gpxtpx:TrackPointExtension></extensions><extensions><gpxtpx:PowerExtension><gpxtpx:PowerInWatts>224</gpxtpx:PowerInWatts></gpxtpx:PowerExtension></extensions></trkpt>
<trkpt lat="38.5775526" lon="-121.4607419">
<ele>9</ele><time>2025-03-05T17:22:54.000Z</time><extensions><gpxtpx:TrackPointExtension><gpxtpx:hr>150</gpxtpx:hr><gpxtpx:cad>79</gpxtpx:cad></gpxtpx:TrackPointExtension></extensions><extensions><gpxtpx:PowerExtension><gpxtpx:PowerInWatts>224</gpxtpx:PowerInWatts></gpxtpx:PowerExtension></extensions></trkpt>
<trkpt lat="38.5775869" lon="-121.4608285">
<ele>9</ele><time>2025-03-05T17:22:57.000Z</time><extensions><gpxtpx:TrackPointExtension><gpxtpx:hr>151</gpxtpx:hr><gpxtpx:cad>77</gpxtpx:cad></gpxtpx:TrackPointExtension></extensions><extensions><gpxtpx:PowerExtension><gpxtpx:PowerInWatts>226</gpxtpx:PowerInWatts></gpxtpx:PowerExtension></extensions></trkpt>
<trkpt lat="38.5775957" lon="-121.4609016">
<ele>9</ele><time>2025-03-05T17:22:59.000Z</time><extensions><gpxtpx:TrackPointExtension><gpxtpx:hr>151</gpxtpx:hr><gpxtpx:cad>76</gpxtpx:cad></gpxtpx:TrackPointExtension></extensions><extensions><gpxtpx:PowerExtension><gpxtpx:PowerInWatts>226</gpxtpx:PowerInWatts></gpxtpx:PowerExtension></extensions></trkpt>
<trkpt lat="38.5776189" lon="-121.4609704">
<ele>9</ele><time>2025-03-05T17:23:01.000Z</time><extensions><gpxtpx:TrackPointExtension><gpxtpx:hr>152</gpxtpx:hr><gpxtpx:cad>78</gpxtpx:cad></gpxtpx:TrackPointExtension></extensions><extensions><gpxtpx:PowerExtension><gpxtpx:PowerInWatts>225</gpxtpx:PowerInWatts></gpxtpx:PowerExtension></extensions></trkpt>
<trkpt lat="38.5776450" lon="-121.4610343">
<ele>9</ele><time>2025-03-05T17:23:03.000Z</time><extensions><gpxtpx:TrackPointExtension><gpxtpx:hr>152</gpxtpx:hr><gpxtpx:cad>82</gpxtpx:cad></gpxtpx:TrackPointExtension></extensions><extensions><gpxtpx:PowerExtension><gpxtpx:PowerInWatts>226</gpxtpx:PowerInWatts></gpxtpx:PowerExtension></extensions></trkpt>
<trkpt lat="38.5776584" lon="-121.4610964">
<ele>9</ele><time>2025-03-05T17:23:05.000Z</time><extensions><gpxtpx:TrackPointExtension><gpxtpx:hr>152</gpxtpx:hr><gpxtpx:cad>82</gpxtpx:cad></gpxtpx:TrackPointExtension></extensions><extensions><gpxtpx:PowerExtension><gpxtpx:PowerInWatts>227</gpxtpx:PowerInWatts></gpxtpx:PowerExtension></extensions></trkpt>
<trkpt lat="38.5776689" lon="-121.4611694">
<ele>9</ele><time>2025-03-05T17:23:07.000Z</time><extensions><gpxtpx:TrackPointExtension><gpxtpx:hr>152</gpxtpx:hr><gpxtpx:cad>78</gpxtpx:cad></gpxtpx:TrackPointExtension></extensions><extensions><gpxtpx:PowerExtension><gpxtpx:PowerInWatts>227</gpxtpx:PowerInWatts></gpxtpx:PowerExtension></extensions></trkpt>
<trkpt lat="38.5776948" lon="-121.4612481">
<ele>9</ele><time>2025-03-05T17:23:09.000Z</time><extensions><gpxtpx:TrackPointExtension><gpxtpx:hr>152</gpxtpx:hr><gpxtpx:cad>77</gpxtpx:cad></gpxtpx:TrackPointExtension></extensions><extensions><gpxtpx:PowerExtension><gpxtpx:PowerInWatts>230</gpxtpx:PowerInWatts></gpxtpx:PowerExtension></extensions></trkpt>
<trkpt lat="38.5777006" lon="-121.4613180">
<ele>9</ele><time>2025-03-05T17:23:11.000Z</time><extensions><gpxtpx:TrackPointExtension><gpxtpx:hr>152</gpxtpx:hr><gpxtpx:cad>74</gpxtpx:cad></gpxtpx:TrackPointExtension></extensions><extensions><gpxtpx:PowerExtension><gpxtpx:PowerInWatts>230</gpxtpx:PowerInWatts></gpxtpx:PowerExtension></extensions></trkpt>
<trkpt lat="38.5777190" lon="-121.4613825">
<ele>9</ele><time>2025-03-05T17:23:13.000Z</time><extensions><gpxtpx:TrackPointExtension><gpxtpx:hr>152</gpxtpx:hr><gpxtpx:cad>79</gpxtpx:cad></gpxtpx:TrackPointExtension></extensions><extensions><gpxtpx:PowerExtension><gpxtpx:PowerInWatts>230</gpxtpx:PowerInWatts></gpxtpx:PowerExtension></extensions></trkpt>
<trkpt lat="38.5777404" lon="-121.4614564">
<ele>9</ele><time>2025-03-05T17:23:16.000Z</time><extensions><gpxtpx:TrackPointExtension><gpxtpx:hr>152</gpxtpx:hr><gpxtpx:cad>82</gpxtpx:cad></gpxtpx:TrackPointExtension></extensions><extensions><gpxtpx:PowerExtension><gpxtpx:PowerInWatts>234</gpxtpx:PowerInWatts></gpxtpx:PowerExtension></extensions></trkpt>
<trkpt lat="38.5777663" lon="-121.4615111">
<ele>9</ele><time>2025-03-05T17:23:18.000Z</time><extensions><gpxtpx:TrackPointExtension><gpxtpx:hr>153</gpxtpx:hr><gpxtpx:cad>79</gpxtpx:cad></gpxtpx:TrackPointExtension></extensions><extensions><gpxtpx:PowerExtension><gpxtpx:PowerInWatts>234</gpxtpx:PowerInWatts></gpxtpx:PowerExtension></extensions></trkpt>
<trkpt lat="38.5777790" lon="-121.4615691">
<ele>9</ele><time>2025-03-05T17:23:20.000Z</time><extensions><gpxtpx:TrackPointExtension><gpxtpx:hr>153</gpxtpx:hr><gpxtpx:cad>78</gpxtpx:cad></gpxtpx:TrackPointExtension></extensions><extensions><gpxtpx:PowerExtension><gpxtpx:PowerInWatts>234</gpxtpx:PowerInWatts></gpxtpx:PowerExtension></extensions></trkpt>
<trkpt lat="38.5778028" lon="-121.4616337">
<ele>9</ele><time>2025-03-05T17:23:22.000Z</time><extensions><gpxtpx:TrackPointExtension><gpxtpx:hr>153</gpxtpx:hr><gpxtpx:cad>78</gpxtpx:cad></gpxtpx:TrackPointExtension></extensions><extensions><gpxtpx:PowerExtension><gpxtpx:PowerInWatts>232</gpxtpx:PowerInWatts></gpxtpx:PowerExtension></extensions></trkpt>
<trkpt lat="38.5778276" lon="-121.4617016">
<ele>9</ele><time>2025-03-05T17:23:24.000Z</time><extensions><gpxtpx:TrackPointExtension><gpxtpx:hr>153</gpxtpx:hr><gpxtpx:cad>78</gpxtpx:cad></gpxtpx:TrackPointExtension></extensions><extensions><gpxtpx:PowerExtension><gpxtpx:PowerInWatts>232</gpxtpx:PowerInWatts></gpxtpx:PowerExtension></extensions></trkpt>
<trkpt lat="38.5778481" lon="-121.4617868">
<ele>9</ele><time>2025-03-05T17:23:27.000Z</time><extensions><gpxtpx:TrackPointExtension><gpxtpx:hr>153</gpxtpx:hr><gpxtpx:cad>79</gpxtpx:cad></gpxtpx:TrackPointExtension></extensions><extensions><gpxtpx:PowerExtension><gpxtpx:PowerInWatts>224</gpxtpx:PowerInWatts></gpxtpx:PowerExtension></extensions></trkpt>
<trkpt lat="38.5778602" lon="-121.4618516">
<ele>9</ele><time>2025-03-05T17:23:29.000Z</time><extensions><gpxtpx:TrackPointExtension><gpxtpx:hr>153</gpxtpx:hr><gpxtpx:cad>79</gpxtpx:cad></gpxtpx:TrackPointExtension></extensions><extensions><gpxtpx:PowerExtension><gpxtpx:PowerInWatts>221</gpxtpx:PowerInWatts></gpxtpx:PowerExtension></extensions></trkpt>
<trkpt lat="38.5778680" lon="-121.4619163">
<ele>9</ele><time>2025-03-05T17:23:31.000Z</time><extensions><gpxtpx:TrackPointExtension><gpxtpx:hr>153</gpxtpx:hr><gpxtpx:cad>81</gpxtpx:cad></gpxtpx:TrackPointExtension></extensions><extensions><gpxtpx:PowerExtension><gpxtpx:PowerInWatts>221</gpxtpx:PowerInWatts></gpxtpx:PowerExtension></extensions></trkpt>
<trkpt lat="38.5779024" lon="-121.4619917">
<ele>9</ele><time>2025-03-05T17:23:34.000Z</time><extensions><gpxtpx:TrackPointExtension><gpxtpx:hr>153</gpxtpx:hr><gpxtpx:cad>81</gpxtpx:cad></gpxtpx:TrackPointExtension></extensions><extensions><gpxtpx:PowerExtension><gpxtpx:PowerInWatts>218</gpxtpx:PowerInWatts></gpxtpx:PowerExtension></extensions></trkpt>
<trkpt lat="38.5779065" lon="-121.4620626">
<ele>9</ele><time>2025-03-05T17:23:36.000Z</time><extensions><gpxtpx:TrackPointExtension><gpxtpx:hr>153</gpxtpx:hr><gpxtpx:cad>77</gpxtpx:cad></gpxtpx:TrackPointExtension></extensions><extensions><gpxtpx:PowerExtension><gpxtpx:PowerInWatts>218</gpxtpx:PowerInWatts></gpxtpx:PowerExtension></extensions></trkpt>
<trkpt lat="38.5779420" lon="-121.4621333">
<ele>9</ele><time>2025-03-05T17:23:38.000Z</time><extensions><gpxtpx:TrackPointExtension><gpxtpx:hr>153</gpxtpx:hr><gpxtpx:cad>78</gpxtpx:cad></gpxtpx:TrackPointExtension></extensions><extensions><gpxtpx:PowerExtension><gpxtpx:PowerInWatts>218</gpxtpx:PowerInWatts></gpxtpx:PowerExtension></extensions></trkpt>
<trkpt lat="38.5779542" lon="-121.4622024">
<ele>9</ele><time>2025-03-05T17:23:40.000Z</time><extensions><gpxtpx:TrackPointExtension><gpxtpx:hr>153</gpxtpx:hr><gpxtpx:cad>81</gpxtpx:cad></gpxtpx:TrackPointExtension></extensions><extensions><gpxtpx:PowerExtension><gpxtpx:PowerInWatts>217</gpxtpx:PowerInWatts></gpxtpx:PowerExtension></extensions></trkpt>
<trkpt lat="38.5779645" lon="-121.4622619">
<ele>9</ele><time>2025-03-05T17:23:42.000Z</time><extensions><gpxtpx:TrackPointExtension><gpxtpx:hr>153</gpxtpx:hr><gpxtpx:cad>83</gpxtpx:cad></gpxtpx:TrackPointExtension></extensions><extensions><gpxtpx:PowerExtension><gpxtpx:PowerInWatts>217</gpxtpx:PowerInWatts></gpxtpx:PowerExtension></extensions></trkpt>
<trkpt lat="38.5779963" lon="-121.4623138">
<ele>9</ele><time>2025-03-05T17:23:44.000Z</time><extensions><gpxtpx:TrackPointExtension><gpxtpx:hr>153</gpxtpx:hr><gpxtpx:cad>79</gpxtpx:cad></gpxtpx:TrackPointExtension></extensions><extensions><gpxtpx:PowerExtension><gpxtpx:PowerInWatts>216</gpxtpx:PowerInWatts></gpxtpx:PowerExtension></extensions></trkpt>
<trkpt lat="38.5780139" lon="-121.4623777">
<ele>9</ele><time>2025-03-05T17:23:46.000Z</time><extensions><gpxtpx:TrackPointExtension><gpxtpx:hr>153</gpxtpx:hr><gpxtpx:cad>76</gpxtpx:cad></gpxtpx:TrackPointExtension></extensions><extensions><gpxtpx:PowerExtension><gpxtpx:PowerInWatts>219</gpxtpx:PowerInWatts></gpxtpx:PowerExtension></extensions></trkpt>
<trkpt lat="38.5780196" lon="-121.4624375">
<ele>9</ele><time>2025-03-05T17:23:48.000Z</time><extensions><gpxtpx:TrackPointExtension><gpxtpx:hr>153</gpxtpx:hr><gpxtpx:cad>79</gpxtpx:cad></gpxtpx:TrackPointExtension></extensions><extensions><gpxtpx:PowerExtension><gpxtpx:PowerInWatts>220</gpxtpx:PowerInWatts></gpxtpx:PowerExtension></extensions></trkpt>
<trkpt lat="38.5780536" lon="-121.4624977">
<ele>9</ele><time>2025-03-05T17:23:50.000Z</time><extensions><gpxtpx:TrackPointExtension><gpxtpx:hr>153</gpxtpx:hr><gpxtpx:cad>80</gpxtpx:cad></gpxtpx:TrackPointExtension></extensions><extensions><gpxtpx:PowerExtension><gpxtpx:PowerInWatts>220</gpxtpx:PowerInWatts></gpxtpx:PowerExtension></extensions></trkpt>
<trkpt lat="38.5780671" lon="-121.4625681">
<ele>9</ele><time>2025-03-05T17:23:52.000Z</time><extensions><gpxtpx:TrackPointExtension><gpxtpx:hr>153</gpxtpx:hr><gpxtpx:cad>80</gpxtpx:cad></gpxtpx:TrackPointExtension></extensions><extensions><gpxtpx:PowerExtension><gpxtpx:PowerInWatts>217</gpxtpx:PowerInWatts></gpxtpx:PowerExtension></extensions></trkpt>
<trkpt lat="38.5780938" lon="-121.4626434">
<ele>9</ele><time>2025-03-05T17:23:54.000Z</time><extensions><gpxtpx:TrackPointExtension><gpxtpx:hr>153</gpxtpx:hr><gpxtpx:cad>81</gpxtpx:cad></gpxtpx:TrackPointExtension></extensions><extensions><gpxtpx:PowerExtension><gpxtpx:PowerInWatts>216</gpxtpx:PowerInWatts></gpxtpx:PowerExtension></extensions></trkpt>
<trkpt lat="38.5780963" lon="-121.4627267">
<ele>9</ele><time>2025-03-05T17:23:56.000Z</time><extensions><gpxtpx:TrackPointExtension><gpxtpx:hr>153</gpxtpx:hr><gpxtpx:cad>83</gpxtpx:cad></gpxtpx:TrackPointExtension></extensions><extensions><gpxtpx:PowerExtension><gpxtpx:PowerInWatts>216</gpxtpx:PowerInWatts></gpxtpx:PowerExtension></extensions></trkpt>
<trkpt lat="38.5780996" lon="-121.4627957">
<ele>9</ele><time>2025-03-05T17:23:58.000Z</time><extensions><gpxtpx:TrackPointExtension><gpxtpx:hr>153</gpxtpx:hr><gpxtpx:cad>79</gpxtpx:cad></gpxtpx:TrackPointExtension></extensions><extensions><gpxtpx:PowerExtension><gpxtpx:PowerInWatts>217</gpxtpx:PowerInWatts></gpxtpx:PowerExtension></extensions></trkpt>
<trkpt lat="38.5780490" lon="-121.4628372">
<ele>9</ele><time>2025-03-05T17:24:00.000Z</time><extensions><gpxtpx:TrackPointExtension><gpxtpx:hr>153</gpxtpx:hr><gpxtpx:cad>77</gpxtpx:cad></gpxtpx:TrackPointExtension></extensions><extensions><gpxtpx:PowerExtension><gpxtpx:PowerInWatts>217</gpxtpx:PowerInWatts></gpxtpx:PowerExtension></extensions></trkpt>
<trkpt lat="38.5779998" lon="-121.4628494">
<ele>9</ele><time>2025-03-05T17:24:02.000Z</time><extensions><gpxtpx:TrackPointExtension><gpxtpx:hr>153</gpxtpx:hr><gpxtpx:cad>77</gpxtpx:cad></gpxtpx:TrackPointExtension></extensions><extensions><gpxtpx:PowerExtension><gpxtpx:PowerInWatts>224</gpxtpx:PowerInWatts></gpxtpx:PowerExtension></extensions></trkpt>
<trkpt lat="38.5779459" lon="-121.4628603">
<ele>9</ele><time>2025-03-05T17:24:04.000Z</time><extensions><gpxtpx:TrackPointExtension><gpxtpx:hr>153</gpxtpx:hr><gpxtpx:cad>79</gpxtpx:cad></gpxtpx:TrackPointExtension></extensions><extensions><gpxtpx:PowerExtension><gpxtpx:PowerInWatts>226</gpxtpx:PowerInWatts></gpxtpx:PowerExtension></extensions></trkpt>
<trkpt lat="38.5778856" lon="-121.4629200">
<ele>9</ele><time>2025-03-05T17:24:06.000Z</time><extensions><gpxtpx:TrackPointExtension><gpxtpx:hr>154</gpxtpx:hr><gpxtpx:cad>82</gpxtpx:cad></gpxtpx:TrackPointExtension></extensions><extensions><gpxtpx:PowerExtension><gpxtpx:PowerInWatts>221</gpxtpx:PowerInWatts></gpxtpx:PowerExtension></extensions></trkpt>
<trkpt lat="38.5778303" lon="-121.4629566">
<ele>9</ele><time>2025-03-05T17:24:09.000Z</time><extensions><gpxtpx:TrackPointExtension><gpxtpx:hr>154</gpxtpx:hr><gpxtpx:cad>81</gpxtpx:cad></gpxtpx:TrackPointExtension></extensions><extensions><gpxtpx:PowerExtension><gpxtpx:PowerInWatts>219</gpxtpx:PowerInWatts></gpxtpx:PowerExtension></extensions></trkpt>
<trkpt lat="38.5777845" lon="-121.4629822">
<ele>9</ele><time>2025-03-05T17:24:11.000Z</time><extensions><gpxtpx:TrackPointExtension><gpxtpx:hr>154</gpxtpx:hr><gpxtpx:cad>80</gpxtpx:cad></gpxtpx:TrackPointExtension></extensions><extensions><gpxtpx:PowerExtension><gpxtpx:PowerInWatts>219</gpxtpx:PowerInWatts></gpxtpx:PowerExtension></extensions></trkpt>
<trkpt lat="38.5777351" lon="-121.4630065">
<ele>9</ele><time>2025-03-05T17:24:13.000Z</time><extensions><gpxtpx:TrackPointExtension><gpxtpx:hr>154</gpxtpx:hr><gpxtpx:cad>79</gpxtpx:cad></gpxtpx:TrackPointExtension></extensions><extensions><gpxtpx:PowerExtension><gpxtpx:PowerInWatts>221</gpxtpx:PowerInWatts></gpxtpx:PowerExtension></extensions></trkpt>
<trkpt lat="38.5776901" lon="-121.4630321">
<ele>8</ele><time>2025-03-05T17:24:15.000Z</time><extensions><gpxtpx:TrackPointExtension><gpxtpx:hr>154</gpxtpx:hr><gpxtpx:cad>82</gpxtpx:cad></gpxtpx:TrackPointExtension></extensions><extensions><gpxtpx:PowerExtension><gpxtpx:PowerInWatts>231</gpxtpx:PowerInWatts></gpxtpx:PowerExtension></extensions></trkpt>
<trkpt lat="38.5776348" lon="-121.4630422">
<ele>8</ele><time>2025-03-05T17:24:17.000Z</time><extensions><gpxtpx:TrackPointExtension><gpxtpx:hr>154</gpxtpx:hr><gpxtpx:cad>79</gpxtpx:cad></gpxtpx:TrackPointExtension></extensions><extensions><gpxtpx:PowerExtension><gpxtpx:PowerInWatts>222</gpxtpx:PowerInWatts></gpxtpx:PowerExtension></extensions></trkpt>
<trkpt lat="38.5775760" lon="-121.4630677">
<ele>8</ele><time>2025-03-05T17:24:20.000Z</time><extensions><gpxtpx:TrackPointExtension><gpxtpx:hr>153</gpxtpx:hr><gpxtpx:cad>79</gpxtpx:cad></gpxtpx:TrackPointExtension></extensions><extensions><gpxtpx:PowerExtension><gpxtpx:PowerInWatts>222</gpxtpx:PowerInWatts></gpxtpx:PowerExtension></extensions></trkpt>
<trkpt lat="38.5775138" lon="-121.4630933">
<ele>8</ele><time>2025-03-05T17:24:21.999Z</time><extensions><gpxtpx:TrackPointExtension><gpxtpx:hr>153</gpxtpx:hr><gpxtpx:cad>78</gpxtpx:cad></gpxtpx:TrackPointExtension></extensions><extensions><gpxtpx:PowerExtension><gpxtpx:PowerInWatts>223</gpxtpx:PowerInWatts></gpxtpx:PowerExtension></extensions></trkpt>
<trkpt lat="38.5774641" lon="-121.4631031">
<ele>8</ele><time>2025-03-05T17:24:23.999Z</time><extensions><gpxtpx:TrackPointExtension><gpxtpx:hr>153</gpxtpx:hr><gpxtpx:cad>77</gpxtpx:cad></gpxtpx:TrackPointExtension></extensions><extensions><gpxtpx:PowerExtension><gpxtpx:PowerInWatts>217</gpxtpx:PowerInWatts></gpxtpx:PowerExtension></extensions></trkpt>
<trkpt lat="38.5774101" lon="-121.4631091">
<ele>8</ele><time>2025-03-05T17:24:25.999Z</time><extensions><gpxtpx:TrackPointExtension><gpxtpx:hr>152</gpxtpx:hr><gpxtpx:cad>75</gpxtpx:cad></gpxtpx:TrackPointExtension></extensions><extensions><gpxtpx:PowerExtension><gpxtpx:PowerInWatts>217</gpxtpx:PowerInWatts></gpxtpx:PowerExtension></extensions></trkpt>
<trkpt lat="38.5773560" lon="-121.4631351">
<ele>8</ele><time>2025-03-05T17:24:27.999Z</time><extensions><gpxtpx:TrackPointExtension><gpxtpx:hr>152</gpxtpx:hr><gpxtpx:cad>79</gpxtpx:cad></gpxtpx:TrackPointExtension></extensions><extensions><gpxtpx:PowerExtension><gpxtpx:PowerInWatts>217</gpxtpx:PowerInWatts></gpxtpx:PowerExtension></extensions></trkpt>
<trkpt lat="38.5773052" lon="-121.4631460">
<ele>8</ele><time>2025-03-05T17:24:29.999Z</time><extensions><gpxtpx:TrackPointExtension><gpxtpx:hr>153</gpxtpx:hr><gpxtpx:cad>82</gpxtpx:cad></gpxtpx:TrackPointExtension></extensions><extensions><gpxtpx:PowerExtension><gpxtpx:PowerInWatts>220</gpxtpx:PowerInWatts></gpxtpx:PowerExtension></extensions></trkpt>
<trkpt lat="38.5772401" lon="-121.4631904">
<ele>8</ele><time>2025-03-05T17:24:32.999Z</time><extensions><gpxtpx:TrackPointExtension><gpxtpx:hr>153</gpxtpx:hr><gpxtpx:cad>82</gpxtpx:cad></gpxtpx:TrackPointExtension></extensions><extensions><gpxtpx:PowerExtension><gpxtpx:PowerInWatts>219</gpxtpx:PowerInWatts></gpxtpx:PowerExtension></extensions></trkpt>
<trkpt lat="38.5771827" lon="-121.4632128">
<ele>8</ele><time>2025-03-05T17:24:34.999Z</time><extensions><gpxtpx:TrackPointExtension><gpxtpx:hr>153</gpxtpx:hr><gpxtpx:cad>79</gpxtpx:cad></gpxtpx:TrackPointExtension></extensions><extensions><gpxtpx:PowerExtension><gpxtpx:PowerInWatts>221</gpxtpx:PowerInWatts></gpxtpx:PowerExtension></extensions></trkpt>
<trkpt lat="38.5771282" lon="-121.4632411">
<ele>8</ele><time>2025-03-05T17:24:36.999Z</time><extensions><gpxtpx:TrackPointExtension><gpxtpx:hr>153</gpxtpx:hr><gpxtpx:cad>76</gpxtpx:cad></gpxtpx:TrackPointExtension></extensions><extensions><gpxtpx:PowerExtension><gpxtpx:PowerInWatts>221</gpxtpx:PowerInWatts></gpxtpx:PowerExtension></extensions></trkpt>
<trkpt lat="38.5770824" lon="-121.4632435">
<ele>9</ele><time>2025-03-05T17:24:38.999Z</time><extensions><gpxtpx:TrackPointExtension><gpxtpx:hr>153</gpxtpx:hr><gpxtpx:cad>77</gpxtpx:cad></gpxtpx:TrackPointExtension></extensions><extensions><gpxtpx:PowerExtension><gpxtpx:PowerInWatts>221</gpxtpx:PowerInWatts></gpxtpx:PowerExtension></extensions></trkpt>
<trkpt lat="38.5770292" lon="-121.4632770">
<ele>9</ele><time>2025-03-05T17:24:40.999Z</time><extensions><gpxtpx:TrackPointExtension><gpxtpx:hr>152</gpxtpx:hr><gpxtpx:cad>81</gpxtpx:cad></gpxtpx:TrackPointExtension></extensions><extensions><gpxtpx:PowerExtension><gpxtpx:PowerInWatts>220</gpxtpx:PowerInWatts></gpxtpx:PowerExtension></extensions></trkpt>
<trkpt lat="38.5769723" lon="-121.4632937">
<ele>9</ele><time>2025-03-05T17:24:42.999Z</time><extensions><gpxtpx:TrackPointExtension><gpxtpx:hr>152</gpxtpx:hr><gpxtpx:cad>85</gpxtpx:cad></gpxtpx:TrackPointExtension></extensions><extensions><gpxtpx:PowerExtension><gpxtpx:PowerInWatts>222</gpxtpx:PowerInWatts></gpxtpx:PowerExtension></extensions></trkpt>
<trkpt lat="38.5769163" lon="-121.4633080">
<ele>9</ele><time>2025-03-05T17:24:44.999Z</time><extensions><gpxtpx:TrackPointExtension><gpxtpx:hr>150</gpxtpx:hr><gpxtpx:cad>80</gpxtpx:cad></gpxtpx:TrackPointExtension></extensions><extensions><gpxtpx:PowerExtension><gpxtpx:PowerInWatts>222</gpxtpx:PowerInWatts></gpxtpx:PowerExtension></extensions></trkpt>
<trkpt lat="38.5768650" lon="-121.4633130">
<ele>9</ele><time>2025-03-05T17:24:46.999Z</time><extensions><gpxtpx:TrackPointExtension><gpxtpx:hr>149</gpxtpx:hr><gpxtpx:cad>80</gpxtpx:cad></gpxtpx:TrackPointExtension></extensions><extensions><gpxtpx:PowerExtension><gpxtpx:PowerInWatts>222</gpxtpx:PowerInWatts></gpxtpx:PowerExtension></extensions></trkpt>
<trkpt lat="38.5768114" lon="-121.4633468">
<ele>9</ele><time>2025-03-05T17:24:48.999Z</time><extensions><gpxtpx:TrackPointExtension><gpxtpx:hr>149</gpxtpx:hr><gpxtpx:cad>79</gpxtpx:cad></gpxtpx:TrackPointExtension></extensions><extensions><gpxtpx:PowerExtension><gpxtpx:PowerInWatts>222</gpxtpx:PowerInWatts></gpxtpx:PowerExtension></extensions></trkpt>
<trkpt lat="38.5767635" lon="-121.4633567">
<ele>9</ele><time>2025-03-05T17:24:50.999Z</time><extensions><gpxtpx:TrackPointExtension><gpxtpx:hr>147</gpxtpx:hr><gpxtpx:cad>80</gpxtpx:cad></gpxtpx:TrackPointExtension></extensions><extensions><gpxtpx:PowerExtension><gpxtpx:PowerInWatts>226</gpxtpx:PowerInWatts></gpxtpx:PowerExtension></extensions></trkpt>
<trkpt lat="38.5767157" lon="-121.4633844">
<ele>9</ele><time>2025-03-05T17:24:52.999Z</time><extensions><gpxtpx:TrackPointExtension><gpxtpx:hr>146</gpxtpx:hr><gpxtpx:cad>82</gpxtpx:cad></gpxtpx:TrackPointExtension></extensions><extensions><gpxtpx:PowerExtension><gpxtpx:PowerInWatts>226</gpxtpx:PowerInWatts></gpxtpx:PowerExtension></extensions></trkpt>
<trkpt lat="38.5766724" lon="-121.4634289">
<ele>9</ele><time>2025-03-05T17:24:54.999Z</time><extensions><gpxtpx:TrackPointExtension><gpxtpx:hr>146</gpxtpx:hr><gpxtpx:cad>85</gpxtpx:cad></gpxtpx:TrackPointExtension></extensions><extensions><gpxtpx:PowerExtension><gpxtpx:PowerInWatts>224</gpxtpx:PowerInWatts></gpxtpx:PowerExtension></extensions></trkpt>
<trkpt lat="38.5766237" lon="-121.4634421">
<ele>9</ele><time>2025-03-05T17:24:56.999Z</time><extensions><gpxtpx:TrackPointExtension><gpxtpx:hr>146</gpxtpx:hr><gpxtpx:cad>80</gpxtpx:cad></gpxtpx:TrackPointExtension></extensions><extensions><gpxtpx:PowerExtension><gpxtpx:PowerInWatts>223</gpxtpx:PowerInWatts></gpxtpx:PowerExtension></extensions></trkpt>
<trkpt lat="38.5765725" lon="-121.4634729">
<ele>9</ele><time>2025-03-05T17:24:58.999Z</time><extensions><gpxtpx:TrackPointExtension><gpxtpx:hr>147</gpxtpx:hr><gpxtpx:cad>77</gpxtpx:cad></gpxtpx:TrackPointExtension></extensions><extensions><gpxtpx:PowerExtension><gpxtpx:PowerInWatts>223</gpxtpx:PowerInWatts></gpxtpx:PowerExtension></extensions></trkpt>
<trkpt lat="38.5765191" lon="-121.4634941">
<ele>9</ele><time>2025-03-05T17:25:00.999Z</time><extensions><gpxtpx:TrackPointExtension><gpxtpx:hr>147</gpxtpx:hr><gpxtpx:cad>77</gpxtpx:cad></gpxtpx:TrackPointExtension></extensions><extensions><gpxtpx:PowerExtension><gpxtpx:PowerInWatts>222</gpxtpx:PowerInWatts></gpxtpx:PowerExtension></extensions></trkpt>
<trkpt lat="38.5764739" lon="-121.4635002">
<ele>8</ele><time>2025-03-05T17:25:02.999Z</time><extensions><gpxtpx:TrackPointExtension><gpxtpx:hr>149</gpxtpx:hr><gpxtpx:cad>81</gpxtpx:cad></gpxtpx:TrackPointExtension></extensions><extensions><gpxtpx:PowerExtension><gpxtpx:PowerInWatts>221</gpxtpx:PowerInWatts></gpxtpx:PowerExtension></extensions></trkpt>
<trkpt lat="38.5764248" lon="-121.4635252">
<ele>8</ele><time>2025-03-05T17:25:04.999Z</time><extensions><gpxtpx:TrackPointExtension><gpxtpx:hr>150</gpxtpx:hr><gpxtpx:cad>85</gpxtpx:cad></gpxtpx:TrackPointExtension></extensions><extensions><gpxtpx:PowerExtension><gpxtpx:PowerInWatts>220</gpxtpx:PowerInWatts></gpxtpx:PowerExtension></extensions></trkpt>
<trkpt lat="38.5763796" lon="-121.4635577">
<ele>8</ele><time>2025-03-05T17:25:06.999Z</time><extensions><gpxtpx:TrackPointExtension><gpxtpx:hr>150</gpxtpx:hr><gpxtpx:cad>79</gpxtpx:cad></gpxtpx:TrackPointExtension></extensions><extensions><gpxtpx:PowerExtension><gpxtpx:PowerInWatts>220</gpxtpx:PowerInWatts></gpxtpx:PowerExtension></extensions></trkpt>
<trkpt lat="38.5763184" lon="-121.4635939">
<ele>8</ele><time>2025-03-05T17:25:09.999Z</time><extensions><gpxtpx:TrackPointExtension><gpxtpx:hr>152</gpxtpx:hr><gpxtpx:cad>75</gpxtpx:cad></gpxtpx:TrackPointExtension></extensions><extensions><gpxtpx:PowerExtension><gpxtpx:PowerInWatts>217</gpxtpx:PowerInWatts></gpxtpx:PowerExtension></extensions></trkpt>
<trkpt lat="38.5762647" lon="-121.4636097">
<ele>8</ele><time>2025-03-05T17:25:11.999Z</time><extensions><gpxtpx:TrackPointExtension><gpxtpx:hr>152</gpxtpx:hr><gpxtpx:cad>84</gpxtpx:cad></gpxtpx:TrackPointExtension></extensions><extensions><gpxtpx:PowerExtension><gpxtpx:PowerInWatts>217</gpxtpx:PowerInWatts></gpxtpx:PowerExtension></extensions></trkpt>
<trkpt lat="38.5762187" lon="-121.4636185">
<ele>8</ele><time>2025-03-05T17:25:13.999Z</time><extensions><gpxtpx:TrackPointExtension><gpxtpx:hr>153</gpxtpx:hr><gpxtpx:cad>83</gpxtpx:cad></gpxtpx:TrackPointExtension></extensions><extensions><gpxtpx:PowerExtension><gpxtpx:PowerInWatts>217</gpxtpx:PowerInWatts></gpxtpx:PowerExtension></extensions></trkpt>
<trkpt lat="38.5761687" lon="-121.4636524">
<ele>8</ele><time>2025-03-05T17:25:15.999Z</time><extensions><gpxtpx:TrackPointExtension><gpxtpx:hr>153</gpxtpx:hr><gpxtpx:cad>80</gpxtpx:cad></gpxtpx:TrackPointExtension></extensions><extensions><gpxtpx:PowerExtension><gpxtpx:PowerInWatts>214</gpxtpx:PowerInWatts></gpxtpx:PowerExtension></extensions></trkpt>
<trkpt lat="38.5761182" lon="-121.4636476">
<ele>8</ele><time>2025-03-05T17:25:17.999Z</time><extensions><gpxtpx:TrackPointExtension><gpxtpx:hr>153</gpxtpx:hr><gpxtpx:cad>77</gpxtpx:cad></gpxtpx:TrackPointExtension></extensions><extensions><gpxtpx:PowerExtension><gpxtpx:PowerInWatts>214</gpxtpx:PowerInWatts></gpxtpx:PowerExtension></extensions></trkpt>
<trkpt lat="38.5760711" lon="-121.4636431">
<ele>8</ele><time>2025-03-05T17:25:19.999Z</time><extensions><gpxtpx:TrackPointExtension><gpxtpx:hr>153</gpxtpx:hr><gpxtpx:cad>77</gpxtpx:cad></gpxtpx:TrackPointExtension></extensions><extensions><gpxtpx:PowerExtension><gpxtpx:PowerInWatts>214</gpxtpx:PowerInWatts></gpxtpx:PowerExtension></extensions></trkpt>
<trkpt lat="38.5760219" lon="-121.4636468">
<ele>8</ele><time>2025-03-05T17:25:21.999Z</time><extensions><gpxtpx:TrackPointExtension><gpxtpx:hr>153</gpxtpx:hr><gpxtpx:cad>78</gpxtpx:cad></gpxtpx:TrackPointExtension></extensions><extensions><gpxtpx:PowerExtension><gpxtpx:PowerInWatts>215</gpxtpx:PowerInWatts></gpxtpx:PowerExtension></extensions></trkpt>
<trkpt lat="38.5759595" lon="-121.4636188">
<ele>8</ele><time>2025-03-05T17:25:24.999Z</time><extensions><gpxtpx:TrackPointExtension><gpxtpx:hr>154</gpxtpx:hr><gpxtpx:cad>79</gpxtpx:cad></gpxtpx:TrackPointExtension></extensions><extensions><gpxtpx:PowerExtension><gpxtpx:PowerInWatts>218</gpxtpx:PowerInWatts></gpxtpx:PowerExtension></extensions></trkpt>
<trkpt lat="38.5759190" lon="-121.4635874">
<ele>8</ele><time>2025-03-05T17:25:25.999Z</time><extensions><gpxtpx:TrackPointExtension><gpxtpx:hr>154</gpxtpx:hr><gpxtpx:cad>79</gpxtpx:cad></gpxtpx:TrackPointExtension></extensions><extensions><gpxtpx:PowerExtension><gpxtpx:PowerInWatts>217</gpxtpx:PowerInWatts></gpxtpx:PowerExtension></extensions></trkpt>
<trkpt lat="38.5758503" lon="-121.4635877">
<ele>8</ele><time>2025-03-05T17:25:27.999Z</time><extensions><gpxtpx:TrackPointExtension><gpxtpx:hr>153</gpxtpx:hr><gpxtpx:cad>79</gpxtpx:cad></gpxtpx:TrackPointExtension></extensions><extensions><gpxtpx:PowerExtension><gpxtpx:PowerInWatts>215</gpxtpx:PowerInWatts></gpxtpx:PowerExtension></extensions></trkpt>
<trkpt lat="38.5757908" lon="-121.4635964">
<ele>8</ele><time>2025-03-05T17:25:29.999Z</time><extensions><gpxtpx:TrackPointExtension><gpxtpx:hr>153</gpxtpx:hr><gpxtpx:cad>79</gpxtpx:cad></gpxtpx:TrackPointExtension></extensions><extensions><gpxtpx:PowerExtension><gpxtpx:PowerInWatts>215</gpxtpx:PowerInWatts></gpxtpx:PowerExtension></extensions></trkpt>
<trkpt lat="38.5757424" lon="-121.4636123">
<ele>8</ele><time>2025-03-05T17:25:31.999Z</time><extensions><gpxtpx:TrackPointExtension><gpxtpx:hr>153</gpxtpx:hr><gpxtpx:cad>80</gpxtpx:cad></gpxtpx:TrackPointExtension></extensions><extensions><gpxtpx:PowerExtension><gpxtpx:PowerInWatts>215</gpxtpx:PowerInWatts></gpxtpx:PowerExtension></extensions></trkpt>
<trkpt lat="38.5756947" lon="-121.4636301">
<ele>8</ele><time>2025-03-05T17:25:33.999Z</time><extensions><gpxtpx:TrackPointExtension><gpxtpx:hr>153</gpxtpx:hr><gpxtpx:cad>76</gpxtpx:cad></gpxtpx:TrackPointExtension></extensions><extensions><gpxtpx:PowerExtension><gpxtpx:PowerInWatts>217</gpxtpx:PowerInWatts></gpxtpx:PowerExtension></extensions></trkpt>
<trkpt lat="38.5756291" lon="-121.4636602">
<ele>8</ele><time>2025-03-05T17:25:35.999Z</time><extensions><gpxtpx:TrackPointExtension><gpxtpx:hr>153</gpxtpx:hr><gpxtpx:cad>77</gpxtpx:cad></gpxtpx:TrackPointExtension></extensions><extensions><gpxtpx:PowerExtension><gpxtpx:PowerInWatts>223</gpxtpx:PowerInWatts></gpxtpx:PowerExtension></extensions></trkpt>
<trkpt lat="38.5755802" lon="-121.4636821">
<ele>8</ele><time>2025-03-05T17:25:37.999Z</time><extensions><gpxtpx:TrackPointExtension><gpxtpx:hr>153</gpxtpx:hr><gpxtpx:cad>82</gpxtpx:cad></gpxtpx:TrackPointExtension></extensions><extensions><gpxtpx:PowerExtension><gpxtpx:PowerInWatts>223</gpxtpx:PowerInWatts></gpxtpx:PowerExtension></extensions></trkpt>
<trkpt lat="38.5755314" lon="-121.4637031">
<ele>8</ele><time>2025-03-05T17:25:39.999Z</time><extensions><gpxtpx:TrackPointExtension><gpxtpx:hr>153</gpxtpx:hr><gpxtpx:cad>73</gpxtpx:cad></gpxtpx:TrackPointExtension></extensions><extensions><gpxtpx:PowerExtension><gpxtpx:PowerInWatts>225</gpxtpx:PowerInWatts></gpxtpx:PowerExtension></extensions></trkpt>
<trkpt lat="38.5754749" lon="-121.4637274">
<ele>8</ele><time>2025-03-05T17:25:41.999Z</time><extensions><gpxtpx:TrackPointExtension><gpxtpx:hr>153</gpxtpx:hr><gpxtpx:cad>75</gpxtpx:cad></gpxtpx:TrackPointExtension></extensions><extensions><gpxtpx:PowerExtension><gpxtpx:PowerInWatts>222</gpxtpx:PowerInWatts></gpxtpx:PowerExtension></extensions></trkpt>
<trkpt lat="38.5754296" lon="-121.4637469">
<ele>8</ele><time>2025-03-05T17:25:43.999Z</time><extensions><gpxtpx:TrackPointExtension><gpxtpx:hr>153</gpxtpx:hr><gpxtpx:cad>80</gpxtpx:cad></gpxtpx:TrackPointExtension></extensions><extensions><gpxtpx:PowerExtension><gpxtpx:PowerInWatts>227</gpxtpx:PowerInWatts></gpxtpx:PowerExtension></extensions></trkpt>
<trkpt lat="38.5753741" lon="-121.4637707">
<ele>8</ele><time>2025-03-05T17:25:45.999Z</time><extensions><gpxtpx:TrackPointExtension><gpxtpx:hr>154</gpxtpx:hr><gpxtpx:cad>83</gpxtpx:cad></gpxtpx:TrackPointExtension></extensions><extensions><gpxtpx:PowerExtension><gpxtpx:PowerInWatts>227</gpxtpx:PowerInWatts></gpxtpx:PowerExtension></extensions></trkpt>
<trkpt lat="38.5753185" lon="-121.4637906">
<ele>8</ele><time>2025-03-05T17:25:47.999Z</time><extensions><gpxtpx:TrackPointExtension><gpxtpx:hr>154</gpxtpx:hr><gpxtpx:cad>79</gpxtpx:cad></gpxtpx:TrackPointExtension></extensions><extensions><gpxtpx:PowerExtension><gpxtpx:PowerInWatts>225</gpxtpx:PowerInWatts></gpxtpx:PowerExtension></extensions></trkpt>
<trkpt lat="38.5752648" lon="-121.4638023">
<ele>8</ele><time>2025-03-05T17:25:49.999Z</time><extensions><gpxtpx:TrackPointExtension><gpxtpx:hr>154</gpxtpx:hr><gpxtpx:cad>77</gpxtpx:cad></gpxtpx:TrackPointExtension></extensions><extensions><gpxtpx:PowerExtension><gpxtpx:PowerInWatts>225</gpxtpx:PowerInWatts></gpxtpx:PowerExtension></extensions></trkpt>
<trkpt lat="38.5752055" lon="-121.4638105">
<ele>8</ele><time>2025-03-05T17:25:51.999Z</time><extensions><gpxtpx:TrackPointExtension><gpxtpx:hr>154</gpxtpx:hr><gpxtpx:cad>77</gpxtpx:cad></gpxtpx:TrackPointExtension></extensions><extensions><gpxtpx:PowerExtension><gpxtpx:PowerInWatts>225</gpxtpx:PowerInWatts></gpxtpx:PowerExtension></extensions></trkpt>
<trkpt lat="38.5751514" lon="-121.4637896">
<ele>8</ele><time>2025-03-05T17:25:53.999Z</time><extensions><gpxtpx:TrackPointExtension><gpxtpx:hr>153</gpxtpx:hr><gpxtpx:cad>81</gpxtpx:cad></gpxtpx:TrackPointExtension></extensions><extensions><gpxtpx:PowerExtension><gpxtpx:PowerInWatts>222</gpxtpx:PowerInWatts></gpxtpx:PowerExtension></extensions></trkpt>
<trkpt lat="38.5750775" lon="-121.4637597">
<ele>8</ele><time>2025-03-05T17:25:56.999Z</time><extensions><gpxtpx:TrackPointExtension><gpxtpx:hr>153</gpxtpx:hr><gpxtpx:cad>81</gpxtpx:cad></gpxtpx:TrackPointExtension></extensions><extensions><gpxtpx:PowerExtension><gpxtpx:PowerInWatts>224</gpxtpx:PowerInWatts></gpxtpx:PowerExtension></extensions></trkpt>
<trkpt lat="38.5750363" lon="-121.4637343">
<ele>8</ele><time>2025-03-05T17:25:58.999Z</time><extensions><gpxtpx:TrackPointExtension><gpxtpx:hr>154</gpxtpx:hr><gpxtpx:cad>81</gpxtpx:cad></gpxtpx:TrackPointExtension></extensions><extensions><gpxtpx:PowerExtension><gpxtpx:PowerInWatts>224</gpxtpx:PowerInWatts></gpxtpx:PowerExtension></extensions></trkpt>
<trkpt lat="38.5749877" lon="-121.4636941">
<ele>8</ele><time>2025-03-05T17:26:00.999Z</time><extensions><gpxtpx:TrackPointExtension><gpxtpx:hr>154</gpxtpx:hr><gpxtpx:cad>79</gpxtpx:cad></gpxtpx:TrackPointExtension></extensions><extensions><gpxtpx:PowerExtension><gpxtpx:PowerInWatts>222</gpxtpx:PowerInWatts></gpxtpx:PowerExtension></extensions></trkpt>
<trkpt lat="38.5749664" lon="-121.4636319">
<ele>8</ele><time>2025-03-05T17:26:02.999Z</time><extensions><gpxtpx:TrackPointExtension><gpxtpx:hr>154</gpxtpx:hr><gpxtpx:cad>78</gpxtpx:cad></gpxtpx:TrackPointExtension></extensions><extensions><gpxtpx:PowerExtension><gpxtpx:PowerInWatts>222</gpxtpx:PowerInWatts></gpxtpx:PowerExtension></extensions></trkpt>
<trkpt lat="38.5749326" lon="-121.4635844">
<ele>8</ele><time>2025-03-05T17:26:04.999Z</time><extensions><gpxtpx:TrackPointExtension><gpxtpx:hr>154</gpxtpx:hr><gpxtpx:cad>82</gpxtpx:cad></gpxtpx:TrackPointExtension></extensions><extensions><gpxtpx:PowerExtension><gpxtpx:PowerInWatts>221</gpxtpx:PowerInWatts></gpxtpx:PowerExtension></extensions></trkpt>
<trkpt lat="38.5748851" lon="-121.4635327">
<ele>8</ele><time>2025-03-05T17:26:06.999Z</time><extensions><gpxtpx:TrackPointExtension><gpxtpx:hr>154</gpxtpx:hr><gpxtpx:cad>82</gpxtpx:cad></gpxtpx:TrackPointExtension></extensions><extensions><gpxtpx:PowerExtension><gpxtpx:PowerInWatts>221</gpxtpx:PowerInWatts></gpxtpx:PowerExtension></extensions></trkpt>
<trkpt lat="38.5748671" lon="-121.4634631">
<ele>8</ele><time>2025-03-05T17:26:08.999Z</time><extensions><gpxtpx:TrackPointExtension><gpxtpx:hr>154</gpxtpx:hr><gpxtpx:cad>82</gpxtpx:cad></gpxtpx:TrackPointExtension></extensions><extensions><gpxtpx:PowerExtension><gpxtpx:PowerInWatts>221</gpxtpx:PowerInWatts></gpxtpx:PowerExtension></extensions></trkpt>
<trkpt lat="38.5748579" lon="-121.4633723">
<ele>8</ele><time>2025-03-05T17:26:11.999Z</time><extensions><gpxtpx:TrackPointExtension><gpxtpx:hr>156</gpxtpx:hr><gpxtpx:cad>83</gpxtpx:cad></gpxtpx:TrackPointExtension></extensions><extensions><gpxtpx:PowerExtension><gpxtpx:PowerInWatts>221</gpxtpx:PowerInWatts></gpxtpx:PowerExtension></extensions></trkpt>
<trkpt lat="38.5748565" lon="-121.4633072">
<ele>9</ele><time>2025-03-05T17:26:13.999Z</time><extensions><gpxtpx:TrackPointExtension><gpxtpx:hr>156</gpxtpx:hr><gpxtpx:cad>77</gpxtpx:cad></gpxtpx:TrackPointExtension></extensions><extensions><gpxtpx:PowerExtension><gpxtpx:PowerInWatts>221</gpxtpx:PowerInWatts></gpxtpx:PowerExtension></extensions></trkpt>
<trkpt lat="38.5748267" lon="-121.4632457">
<ele>9</ele><time>2025-03-05T17:26:15.999Z</time><extensions><gpxtpx:TrackPointExtension><gpxtpx:hr>156</gpxtpx:hr><gpxtpx:cad>77</gpxtpx:cad></gpxtpx:TrackPointExtension></extensions><extensions><gpxtpx:PowerExtension><gpxtpx:PowerInWatts>224</gpxtpx:PowerInWatts></gpxtpx:PowerExtension></extensions></trkpt>
<trkpt lat="38.5748121" lon="-121.4631707">
<ele>9</ele><time>2025-03-05T17:26:17.999Z</time><extensions><gpxtpx:TrackPointExtension><gpxtpx:hr>155</gpxtpx:hr><gpxtpx:cad>81</gpxtpx:cad></gpxtpx:TrackPointExtension></extensions><extensions><gpxtpx:PowerExtension><gpxtpx:PowerInWatts>222</gpxtpx:PowerInWatts></gpxtpx:PowerExtension></extensions></trkpt>
<trkpt lat="38.5747890" lon="-121.4631009">
<ele>9</ele><time>2025-03-05T17:26:19.999Z</time><extensions><gpxtpx:TrackPointExtension><gpxtpx:hr>155</gpxtpx:hr><gpxtpx:cad>80</gpxtpx:cad></gpxtpx:TrackPointExtension></extensions><extensions><gpxtpx:PowerExtension><gpxtpx:PowerInWatts>222</gpxtpx:PowerInWatts></gpxtpx:PowerExtension></extensions></trkpt>
<trkpt lat="38.5747506" lon="-121.4630391">
<ele>9</ele><time>2025-03-05T17:26:21.999Z</time><extensions><gpxtpx:TrackPointExtension><gpxtpx:hr>155</gpxtpx:hr><gpxtpx:cad>77</gpxtpx:cad></gpxtpx:TrackPointExtension></extensions><extensions><gpxtpx:PowerExtension><gpxtpx:PowerInWatts>222</gpxtpx:PowerInWatts></gpxtpx:PowerExtension></extensions></trkpt>
<trkpt lat="38.5747500" lon="-121.4629596">
<ele>9</ele><time>2025-03-05T17:26:23.999Z</time><extensions><gpxtpx:TrackPointExtension><gpxtpx:hr>156</gpxtpx:hr><gpxtpx:cad>77</gpxtpx:cad></gpxtpx:TrackPointExtension></extensions><extensions><gpxtpx:PowerExtension><gpxtpx:PowerInWatts>222</gpxtpx:PowerInWatts></gpxtpx:PowerExtension></extensions></trkpt>
<trkpt lat="38.5747369" lon="-121.4628894">
<ele>9</ele><time>2025-03-05T17:26:25.999Z</time><extensions><gpxtpx:TrackPointExtension><gpxtpx:hr>156</gpxtpx:hr><gpxtpx:cad>79</gpxtpx:cad></gpxtpx:TrackPointExtension></extensions><extensions><gpxtpx:PowerExtension><gpxtpx:PowerInWatts>224</gpxtpx:PowerInWatts></gpxtpx:PowerExtension></extensions></trkpt>
<trkpt lat="38.5747148" lon="-121.4628249">
<ele>9</ele><time>2025-03-05T17:26:27.999Z</time><extensions><gpxtpx:TrackPointExtension><gpxtpx:hr>155</gpxtpx:hr><gpxtpx:cad>79</gpxtpx:cad></gpxtpx:TrackPointExtension></extensions><extensions><gpxtpx:PowerExtension><gpxtpx:PowerInWatts>228</gpxtpx:PowerInWatts></gpxtpx:PowerExtension></extensions></trkpt>
<trkpt lat="38.5747384" lon="-121.4627598">
<ele>9</ele><time>2025-03-05T17:26:29.999Z</time><extensions><gpxtpx:TrackPointExtension><gpxtpx:hr>155</gpxtpx:hr><gpxtpx:cad>81</gpxtpx:cad></gpxtpx:TrackPointExtension></extensions><extensions><gpxtpx:PowerExtension><gpxtpx:PowerInWatts>229</gpxtpx:PowerInWatts></gpxtpx:PowerExtension></extensions></trkpt>
<trkpt lat="38.5747495" lon="-121.4626960">
<ele>9</ele><time>2025-03-05T17:26:31.999Z</time><extensions><gpxtpx:TrackPointExtension><gpxtpx:hr>155</gpxtpx:hr><gpxtpx:cad>80</gpxtpx:cad></gpxtpx:TrackPointExtension></extensions><extensions><gpxtpx:PowerExtension><gpxtpx:PowerInWatts>230</gpxtpx:PowerInWatts></gpxtpx:PowerExtension></extensions></trkpt>
<trkpt lat="38.5747151" lon="-121.4626171">
<ele>9</ele><time>2025-03-05T17:26:33.999Z</time><extensions><gpxtpx:TrackPointExtension><gpxtpx:hr>155</gpxtpx:hr><gpxtpx:cad>80</gpxtpx:cad></gpxtpx:TrackPointExtension></extensions><extensions><gpxtpx:PowerExtension><gpxtpx:PowerInWatts>230</gpxtpx:PowerInWatts></gpxtpx:PowerExtension></extensions></trkpt>
<trkpt lat="38.5746942" lon="-121.4625381">
<ele>9</ele><time>2025-03-05T17:26:35.999Z</time><extensions><gpxtpx:TrackPointExtension><gpxtpx:hr>155</gpxtpx:hr><gpxtpx:cad>80</gpxtpx:cad></gpxtpx:TrackPointExtension></extensions><extensions><gpxtpx:PowerExtension><gpxtpx:PowerInWatts>235</gpxtpx:PowerInWatts></gpxtpx:PowerExtension></extensions></trkpt>
<trkpt lat="38.5746707" lon="-121.4624638">
<ele>9</ele><time>2025-03-05T17:26:37.999Z</time><extensions><gpxtpx:TrackPointExtension><gpxtpx:hr>155</gpxtpx:hr><gpxtpx:cad>76</gpxtpx:cad></gpxtpx:TrackPointExtension></extensions><extensions><gpxtpx:PowerExtension><gpxtpx:PowerInWatts>235</gpxtpx:PowerInWatts></gpxtpx:PowerExtension></extensions></trkpt>
<trkpt lat="38.5746583" lon="-121.4624077">
<ele>9</ele><time>2025-03-05T17:26:39.999Z</time><extensions><gpxtpx:TrackPointExtension><gpxtpx:hr>155</gpxtpx:hr><gpxtpx:cad>77</gpxtpx:cad></gpxtpx:TrackPointExtension></extensions><extensions><gpxtpx:PowerExtension><gpxtpx:PowerInWatts>236</gpxtpx:PowerInWatts></gpxtpx:PowerExtension></extensions></trkpt>
<trkpt lat="38.5746369" lon="-121.4623356">
<ele>9</ele><time>2025-03-05T17:26:41.999Z</time><extensions><gpxtpx:TrackPointExtension><gpxtpx:hr>155</gpxtpx:hr><gpxtpx:cad>79</gpxtpx:cad></gpxtpx:TrackPointExtension></extensions><extensions><gpxtpx:PowerExtension><gpxtpx:PowerInWatts>236</gpxtpx:PowerInWatts></gpxtpx:PowerExtension></extensions></trkpt>
<trkpt lat="38.5746222" lon="-121.4622772">
<ele>9</ele><time>2025-03-05T17:26:43.999Z</time><extensions><gpxtpx:TrackPointExtension><gpxtpx:hr>155</gpxtpx:hr><gpxtpx:cad>80</gpxtpx:cad></gpxtpx:TrackPointExtension></extensions><extensions><gpxtpx:PowerExtension><gpxtpx:PowerInWatts>235</gpxtpx:PowerInWatts></gpxtpx:PowerExtension></extensions></trkpt>
<trkpt lat="38.5746112" lon="-121.4621934">
<ele>9</ele><time>2025-03-05T17:26:45.999Z</time><extensions><gpxtpx:TrackPointExtension><gpxtpx:hr>156</gpxtpx:hr><gpxtpx:cad>80</gpxtpx:cad></gpxtpx:TrackPointExtension></extensions><extensions><gpxtpx:PowerExtension><gpxtpx:PowerInWatts>238</gpxtpx:PowerInWatts></gpxtpx:PowerExtension></extensions></trkpt>
<trkpt lat="38.5745917" lon="-121.4621359">
<ele>9</ele><time>2025-03-05T17:26:47.999Z</time><extensions><gpxtpx:TrackPointExtension><gpxtpx:hr>156</gpxtpx:hr><gpxtpx:cad>80</gpxtpx:cad></gpxtpx:TrackPointExtension></extensions><extensions><gpxtpx:PowerExtension><gpxtpx:PowerInWatts>234</gpxtpx:PowerInWatts></gpxtpx:PowerExtension></extensions></trkpt>
<trkpt lat="38.5745733" lon="-121.4620637">
<ele>9</ele><time>2025-03-05T17:26:49.999Z</time><extensions><gpxtpx:TrackPointExtension><gpxtpx:hr>156</gpxtpx:hr><gpxtpx:cad>80</gpxtpx:cad></gpxtpx:TrackPointExtension></extensions><extensions><gpxtpx:PowerExtension><gpxtpx:PowerInWatts>232</gpxtpx:PowerInWatts></gpxtpx:PowerExtension></extensions></trkpt>
<trkpt lat="38.5745772" lon="-121.4620046">
<ele>9</ele><time>2025-03-05T17:26:51.999Z</time><extensions><gpxtpx:TrackPointExtension><gpxtpx:hr>156</gpxtpx:hr><gpxtpx:cad>77</gpxtpx:cad></gpxtpx:TrackPointExtension></extensions><extensions><gpxtpx:PowerExtension><gpxtpx:PowerInWatts>232</gpxtpx:PowerInWatts></gpxtpx:PowerExtension></extensions></trkpt>
<trkpt lat="38.5745536" lon="-121.4619285">
<ele>9</ele><time>2025-03-05T17:26:53.999Z</time><extensions><gpxtpx:TrackPointExtension><gpxtpx:hr>155</gpxtpx:hr><gpxtpx:cad>77</gpxtpx:cad></gpxtpx:TrackPointExtension></extensions><extensions><gpxtpx:PowerExtension><gpxtpx:PowerInWatts>232</gpxtpx:PowerInWatts></gpxtpx:PowerExtension></extensions></trkpt>
<trkpt lat="38.5745233" lon="-121.4618619">
<ele>9</ele><time>2025-03-05T17:26:55.999Z</time><extensions><gpxtpx:TrackPointExtension><gpxtpx:hr>156</gpxtpx:hr><gpxtpx:cad>76</gpxtpx:cad></gpxtpx:TrackPointExtension></extensions><extensions><gpxtpx:PowerExtension><gpxtpx:PowerInWatts>229</gpxtpx:PowerInWatts></gpxtpx:PowerExtension></extensions></trkpt>
<trkpt lat="38.5745165" lon="-121.4617879">
<ele>9</ele><time>2025-03-05T17:26:57.999Z</time><extensions><gpxtpx:TrackPointExtension><gpxtpx:hr>156</gpxtpx:hr><gpxtpx:cad>80</gpxtpx:cad></gpxtpx:TrackPointExtension></extensions><extensions><gpxtpx:PowerExtension><gpxtpx:PowerInWatts>231</gpxtpx:PowerInWatts></gpxtpx:PowerExtension></extensions></trkpt>
<trkpt lat="38.5744991" lon="-121.4617197">
<ele>9</ele><time>2025-03-05T17:26:59.999Z</time><extensions><gpxtpx:TrackPointExtension><gpxtpx:hr>156</gpxtpx:hr><gpxtpx:cad>83</gpxtpx:cad></gpxtpx:TrackPointExtension></extensions><extensions><gpxtpx:PowerExtension><gpxtpx:PowerInWatts>231</gpxtpx:PowerInWatts></gpxtpx:PowerExtension></extensions></trkpt>
<trkpt lat="38.5744771" lon="-121.4616515">
<ele>9</ele><time>2025-03-05T17:27:01.999Z</time><extensions><gpxtpx:TrackPointExtension><gpxtpx:hr>156</gpxtpx:hr><gpxtpx:cad>82</gpxtpx:cad></gpxtpx:TrackPointExtension></extensions><extensions><gpxtpx:PowerExtension><gpxtpx:PowerInWatts>230</gpxtpx:PowerInWatts></gpxtpx:PowerExtension></extensions></trkpt>
<trkpt lat="38.5744392" lon="-121.4615948">
<ele>9</ele><time>2025-03-05T17:27:03.999Z</time><extensions><gpxtpx:TrackPointExtension><gpxtpx:hr>156</gpxtpx:hr><gpxtpx:cad>83</gpxtpx:cad></gpxtpx:TrackPointExtension></extensions><extensions><gpxtpx:PowerExtension><gpxtpx:PowerInWatts>230</gpxtpx:PowerInWatts></gpxtpx:PowerExtension></extensions></trkpt>
<trkpt lat="38.5744092" lon="-121.4615172">
<ele>9</ele><time>2025-03-05T17:27:06.999Z</time><extensions><gpxtpx:TrackPointExtension><gpxtpx:hr>155</gpxtpx:hr><gpxtpx:cad>81</gpxtpx:cad></gpxtpx:TrackPointExtension></extensions><extensions><gpxtpx:PowerExtension><gpxtpx:PowerInWatts>230</gpxtpx:PowerInWatts></gpxtpx:PowerExtension></extensions></trkpt>
<trkpt lat="38.5743973" lon="-121.4614429">
<ele>9</ele><time>2025-03-05T17:27:08.999Z</time><extensions><gpxtpx:TrackPointExtension><gpxtpx:hr>155</gpxtpx:hr><gpxtpx:cad>80</gpxtpx:cad></gpxtpx:TrackPointExtension></extensions><extensions><gpxtpx:PowerExtension><gpxtpx:PowerInWatts>230</gpxtpx:PowerInWatts></gpxtpx:PowerExtension></extensions></trkpt>
<trkpt lat="38.5743749" lon="-121.4613632">
<ele>9</ele><time>2025-03-05T17:27:10.999Z</time><extensions><gpxtpx:TrackPointExtension><gpxtpx:hr>155</gpxtpx:hr><gpxtpx:cad>79</gpxtpx:cad></gpxtpx:TrackPointExtension></extensions><extensions><gpxtpx:PowerExtension><gpxtpx:PowerInWatts>232</gpxtpx:PowerInWatts></gpxtpx:PowerExtension></extensions></trkpt>
<trkpt lat="38.5743580" lon="-121.4612862">
<ele>9</ele><time>2025-03-05T17:27:12.999Z</time><extensions><gpxtpx:TrackPointExtension><gpxtpx:hr>155</gpxtpx:hr><gpxtpx:cad>80</gpxtpx:cad></gpxtpx:TrackPointExtension></extensions><extensions><gpxtpx:PowerExtension><gpxtpx:PowerInWatts>228</gpxtpx:PowerInWatts></gpxtpx:PowerExtension></extensions></trkpt>
<trkpt lat="38.5743257" lon="-121.4612125">
<ele>9</ele><time>2025-03-05T17:27:14.999Z</time><extensions><gpxtpx:TrackPointExtension><gpxtpx:hr>155</gpxtpx:hr><gpxtpx:cad>83</gpxtpx:cad></gpxtpx:TrackPointExtension></extensions><extensions><gpxtpx:PowerExtension><gpxtpx:PowerInWatts>228</gpxtpx:PowerInWatts></gpxtpx:PowerExtension></extensions></trkpt>
<trkpt lat="38.5743125" lon="-121.4611327">
<ele>9</ele><time>2025-03-05T17:27:16.999Z</time><extensions><gpxtpx:TrackPointExtension><gpxtpx:hr>155</gpxtpx:hr><gpxtpx:cad>84</gpxtpx:cad></gpxtpx:TrackPointExtension></extensions><extensions><gpxtpx:PowerExtension><gpxtpx:PowerInWatts>227</gpxtpx:PowerInWatts></gpxtpx:PowerExtension></extensions></trkpt>
<trkpt lat="38.5743024" lon="-121.4610459">
<ele>9</ele><time>2025-03-05T17:27:19.999Z</time><extensions><gpxtpx:TrackPointExtension><gpxtpx:hr>155</gpxtpx:hr><gpxtpx:cad>82</gpxtpx:cad></gpxtpx:TrackPointExtension></extensions><extensions><gpxtpx:PowerExtension><gpxtpx:PowerInWatts>234</gpxtpx:PowerInWatts></gpxtpx:PowerExtension></extensions></trkpt>
<trkpt lat="38.5743064" lon="-121.4609838">
<ele>9</ele><time>2025-03-05T17:27:21.999Z</time><extensions><gpxtpx:TrackPointExtension><gpxtpx:hr>155</gpxtpx:hr><gpxtpx:cad>79</gpxtpx:cad></gpxtpx:TrackPointExtension></extensions><extensions><gpxtpx:PowerExtension><gpxtpx:PowerInWatts>234</gpxtpx:PowerInWatts></gpxtpx:PowerExtension></extensions></trkpt>
<trkpt lat="38.5742755" lon="-121.4609188">
<ele>9</ele><time>2025-03-05T17:27:23.999Z</time><extensions><gpxtpx:TrackPointExtension><gpxtpx:hr>155</gpxtpx:hr><gpxtpx:cad>80</gpxtpx:cad></gpxtpx:TrackPointExtension></extensions><extensions><gpxtpx:PowerExtension><gpxtpx:PowerInWatts>236</gpxtpx:PowerInWatts></gpxtpx:PowerExtension></extensions></trkpt>
<trkpt lat="38.5742537" lon="-121.4608570">
<ele>9</ele><time>2025-03-05T17:27:25.999Z</time><extensions><gpxtpx:TrackPointExtension><gpxtpx:hr>155</gpxtpx:hr><gpxtpx:cad>80</gpxtpx:cad></gpxtpx:TrackPointExtension></extensions><extensions><gpxtpx:PowerExtension><gpxtpx:PowerInWatts>236</gpxtpx:PowerInWatts></gpxtpx:PowerExtension></extensions></trkpt>
<trkpt lat="38.5742347" lon="-121.4607946">
<ele>9</ele><time>2025-03-05T17:27:27.999Z</time><extensions><gpxtpx:TrackPointExtension><gpxtpx:hr>155</gpxtpx:hr><gpxtpx:cad>77</gpxtpx:cad></gpxtpx:TrackPointExtension></extensions><extensions><gpxtpx:PowerExtension><gpxtpx:PowerInWatts>230</gpxtpx:PowerInWatts></gpxtpx:PowerExtension></extensions></trkpt>
<trkpt lat="38.5742275" lon="-121.4607375">
<ele>9</ele><time>2025-03-05T17:27:29.999Z</time><extensions><gpxtpx:TrackPointExtension><gpxtpx:hr>155</gpxtpx:hr><gpxtpx:cad>72</gpxtpx:cad></gpxtpx:TrackPointExtension></extensions><extensions><gpxtpx:PowerExtension><gpxtpx:PowerInWatts>230</gpxtpx:PowerInWatts></gpxtpx:PowerExtension></extensions></trkpt>
<trkpt lat="38.5742425" lon="-121.4606589">
<ele>9</ele><time>2025-03-05T17:27:32.999Z</time><extensions><gpxtpx:TrackPointExtension><gpxtpx:hr>155</gpxtpx:hr><gpxtpx:cad>74</gpxtpx:cad></gpxtpx:TrackPointExtension></extensions><extensions><gpxtpx:PowerExtension><gpxtpx:PowerInWatts>230</gpxtpx:PowerInWatts></gpxtpx:PowerExtension></extensions></trkpt>
<trkpt lat="38.5743161" lon="-121.4606355">
<ele>9</ele><time>2025-03-05T17:27:34.998Z</time><extensions><gpxtpx:TrackPointExtension><gpxtpx:hr>155</gpxtpx:hr><gpxtpx:cad>79</gpxtpx:cad></gpxtpx:TrackPointExtension></extensions><extensions><gpxtpx:PowerExtension><gpxtpx:PowerInWatts>229</gpxtpx:PowerInWatts></gpxtpx:PowerExtension></extensions></trkpt>
<trkpt lat="38.5743708" lon="-121.4606229">
<ele>9</ele><time>2025-03-05T17:27:36.999Z</time><extensions><gpxtpx:TrackPointExtension><gpxtpx:hr>155</gpxtpx:hr><gpxtpx:cad>84</gpxtpx:cad></gpxtpx:TrackPointExtension></extensions><extensions><gpxtpx:PowerExtension><gpxtpx:PowerInWatts>226</gpxtpx:PowerInWatts></gpxtpx:PowerExtension></extensions></trkpt>
<trkpt lat="38.5744181" lon="-121.4606068">
<ele>9</ele><time>2025-03-05T17:27:38.999Z</time><extensions><gpxtpx:TrackPointExtension><gpxtpx:hr>154</gpxtpx:hr><gpxtpx:cad>80</gpxtpx:cad></gpxtpx:TrackPointExtension></extensions><extensions><gpxtpx:PowerExtension><gpxtpx:PowerInWatts>222</gpxtpx:PowerInWatts></gpxtpx:PowerExtension></extensions></trkpt>
<trkpt lat="38.5744634" lon="-121.4605735">
<ele>8</ele><time>2025-03-05T17:27:40.999Z</time><extensions><gpxtpx:TrackPointExtension><gpxtpx:hr>154</gpxtpx:hr><gpxtpx:cad>77</gpxtpx:cad></gpxtpx:TrackPointExtension></extensions><extensions><gpxtpx:PowerExtension><gpxtpx:PowerInWatts>221</gpxtpx:PowerInWatts></gpxtpx:PowerExtension></extensions></trkpt>
<trkpt lat="38.5745098" lon="-121.4605561">
<ele>8</ele><time>2025-03-05T17:27:42.999Z</time><extensions><gpxtpx:TrackPointExtension><gpxtpx:hr>153</gpxtpx:hr><gpxtpx:cad>76</gpxtpx:cad></gpxtpx:TrackPointExtension></extensions><extensions><gpxtpx:PowerExtension><gpxtpx:PowerInWatts>221</gpxtpx:PowerInWatts></gpxtpx:PowerExtension></extensions></trkpt>
<trkpt lat="38.5745784" lon="-121.4605363">
<ele>8</ele><time>2025-03-05T17:27:44.999Z</time><extensions><gpxtpx:TrackPointExtension><gpxtpx:hr>153</gpxtpx:hr><gpxtpx:cad>78</gpxtpx:cad></gpxtpx:TrackPointExtension></extensions><extensions><gpxtpx:PowerExtension><gpxtpx:PowerInWatts>224</gpxtpx:PowerInWatts></gpxtpx:PowerExtension></extensions></trkpt>
<trkpt lat="38.5746428" lon="-121.4605289">
<ele>8</ele><time>2025-03-05T17:27:46.999Z</time><extensions><gpxtpx:TrackPointExtension><gpxtpx:hr>153</gpxtpx:hr><gpxtpx:cad>76</gpxtpx:cad></gpxtpx:TrackPointExtension></extensions><extensions><gpxtpx:PowerExtension><gpxtpx:PowerInWatts>224</gpxtpx:PowerInWatts></gpxtpx:PowerExtension></extensions></trkpt>
<trkpt lat="38.5746940" lon="-121.4605078">
<ele>8</ele><time>2025-03-05T17:27:48.999Z</time><extensions><gpxtpx:TrackPointExtension><gpxtpx:hr>153</gpxtpx:hr><gpxtpx:cad>77</gpxtpx:cad></gpxtpx:TrackPointExtension></extensions><extensions><gpxtpx:PowerExtension><gpxtpx:PowerInWatts>228</gpxtpx:PowerInWatts></gpxtpx:PowerExtension></extensions></trkpt>
<trkpt lat="38.5747441" lon="-121.4604784">
<ele>8</ele><time>2025-03-05T17:27:50.999Z</time><extensions><gpxtpx:TrackPointExtension><gpxtpx:hr>154</gpxtpx:hr><gpxtpx:cad>80</gpxtpx:cad></gpxtpx:TrackPointExtension></extensions><extensions><gpxtpx:PowerExtension><gpxtpx:PowerInWatts>228</gpxtpx:PowerInWatts></gpxtpx:PowerExtension></extensions></trkpt>
<trkpt lat="38.5747913" lon="-121.4604437">
<ele>8</ele><time>2025-03-05T17:27:52.999Z</time><extensions><gpxtpx:TrackPointExtension><gpxtpx:hr>154</gpxtpx:hr><gpxtpx:cad>79</gpxtpx:cad></gpxtpx:TrackPointExtension></extensions><extensions><gpxtpx:PowerExtension><gpxtpx:PowerInWatts>228</gpxtpx:PowerInWatts></gpxtpx:PowerExtension></extensions></trkpt>
<trkpt lat="38.5748418" lon="-121.4604332">
<ele>8</ele><time>2025-03-05T17:27:54.999Z</time><extensions><gpxtpx:TrackPointExtension><gpxtpx:hr>154</gpxtpx:hr><gpxtpx:cad>79</gpxtpx:cad></gpxtpx:TrackPointExtension></extensions><extensions><gpxtpx:PowerExtension><gpxtpx:PowerInWatts>228</gpxtpx:PowerInWatts></gpxtpx:PowerExtension></extensions></trkpt>
<trkpt lat="38.5748908" lon="-121.4604204">
<ele>8</ele><time>2025-03-05T17:27:56.999Z</time><extensions><gpxtpx:TrackPointExtension><gpxtpx:hr>154</gpxtpx:hr><gpxtpx:cad>79</gpxtpx:cad></gpxtpx:TrackPointExtension></extensions><extensions><gpxtpx:PowerExtension><gpxtpx:PowerInWatts>232</gpxtpx:PowerInWatts></gpxtpx:PowerExtension></extensions></trkpt>
<trkpt lat="38.5749364" lon="-121.4603815">
<ele>8</ele><time>2025-03-05T17:27:58.999Z</time><extensions><gpxtpx:TrackPointExtension><gpxtpx:hr>154</gpxtpx:hr><gpxtpx:cad>80</gpxtpx:cad></gpxtpx:TrackPointExtension></extensions><extensions><gpxtpx:PowerExtension><gpxtpx:PowerInWatts>227</gpxtpx:PowerInWatts></gpxtpx:PowerExtension></extensions></trkpt>
<trkpt lat="38.5749815" lon="-121.4603725">
<ele>8</ele><time>2025-03-05T17:28:00.999Z</time><extensions><gpxtpx:TrackPointExtension><gpxtpx:hr>154</gpxtpx:hr><gpxtpx:cad>80</gpxtpx:cad></gpxtpx:TrackPointExtension></extensions><extensions><gpxtpx:PowerExtension><gpxtpx:PowerInWatts>227</gpxtpx:PowerInWatts></gpxtpx:PowerExtension></extensions></trkpt>
<trkpt lat="38.5750439" lon="-121.4603390">
<ele>8</ele><time>2025-03-05T17:28:02.999Z</time><extensions><gpxtpx:TrackPointExtension><gpxtpx:hr>154</gpxtpx:hr><gpxtpx:cad>76</gpxtpx:cad></gpxtpx:TrackPointExtension></extensions><extensions><gpxtpx:PowerExtension><gpxtpx:PowerInWatts>227</gpxtpx:PowerInWatts></gpxtpx:PowerExtension></extensions></trkpt>
<trkpt lat="38.5751052" lon="-121.4603109">
<ele>8</ele><time>2025-03-05T17:28:04.999Z</time><extensions><gpxtpx:TrackPointExtension><gpxtpx:hr>154</gpxtpx:hr><gpxtpx:cad>76</gpxtpx:cad></gpxtpx:TrackPointExtension></extensions><extensions><gpxtpx:PowerExtension><gpxtpx:PowerInWatts>223</gpxtpx:PowerInWatts></gpxtpx:PowerExtension></extensions></trkpt>
<trkpt lat="38.5751505" lon="-121.4603012">
<ele>8</ele><time>2025-03-05T17:28:06.999Z</time><extensions><gpxtpx:TrackPointExtension><gpxtpx:hr>154</gpxtpx:hr><gpxtpx:cad>80</gpxtpx:cad></gpxtpx:TrackPointExtension></extensions><extensions><gpxtpx:PowerExtension><gpxtpx:PowerInWatts>222</gpxtpx:PowerInWatts></gpxtpx:PowerExtension></extensions></trkpt>
<trkpt lat="38.5752031" lon="-121.4602564">
<ele>8</ele><time>2025-03-05T17:28:08.999Z</time><extensions><gpxtpx:TrackPointExtension><gpxtpx:hr>154</gpxtpx:hr><gpxtpx:cad>79</gpxtpx:cad></gpxtpx:TrackPointExtension></extensions><extensions><gpxtpx:PowerExtension><gpxtpx:PowerInWatts>222</gpxtpx:PowerInWatts></gpxtpx:PowerExtension></extensions></trkpt>
<trkpt lat="38.5752552" lon="-121.4602376">
<ele>8</ele><time>2025-03-05T17:28:10.999Z</time><extensions><gpxtpx:TrackPointExtension><gpxtpx:hr>155</gpxtpx:hr><gpxtpx:cad>77</gpxtpx:cad></gpxtpx:TrackPointExtension></extensions><extensions><gpxtpx:PowerExtension><gpxtpx:PowerInWatts>222</gpxtpx:PowerInWatts></gpxtpx:PowerExtension></extensions></trkpt>
<trkpt lat="38.5753055" lon="-121.4602272">
<ele>8</ele><time>2025-03-05T17:28:12.999Z</time><extensions><gpxtpx:TrackPointExtension><gpxtpx:hr>155</gpxtpx:hr><gpxtpx:cad>76</gpxtpx:cad></gpxtpx:TrackPointExtension></extensions><extensions><gpxtpx:PowerExtension><gpxtpx:PowerInWatts>221</gpxtpx:PowerInWatts></gpxtpx:PowerExtension></extensions></trkpt>
<trkpt lat="38.5753577" lon="-121.4602010">
<ele>8</ele><time>2025-03-05T17:28:14.999Z</time><extensions><gpxtpx:TrackPointExtension><gpxtpx:hr>155</gpxtpx:hr><gpxtpx:cad>80</gpxtpx:cad></gpxtpx:TrackPointExtension></extensions><extensions><gpxtpx:PowerExtension><gpxtpx:PowerInWatts>222</gpxtpx:PowerInWatts></gpxtpx:PowerExtension></extensions></trkpt>
<trkpt lat="38.5754055" lon="-121.4601518">
<ele>8</ele><time>2025-03-05T17:28:17.999Z</time><extensions><gpxtpx:TrackPointExtension><gpxtpx:hr>154</gpxtpx:hr><gpxtpx:cad>84</gpxtpx:cad></gpxtpx:TrackPointExtension></extensions><extensions><gpxtpx:PowerExtension><gpxtpx:PowerInWatts>220</gpxtpx:PowerInWatts></gpxtpx:PowerExtension></extensions></trkpt>
<trkpt lat="38.5754590" lon="-121.4601489">
<ele>8</ele><time>2025-03-05T17:28:19.999Z</time><extensions><gpxtpx:TrackPointExtension><gpxtpx:hr>154</gpxtpx:hr><gpxtpx:cad>79</gpxtpx:cad></gpxtpx:TrackPointExtension></extensions><extensions><gpxtpx:PowerExtension><gpxtpx:PowerInWatts>222</gpxtpx:PowerInWatts></gpxtpx:PowerExtension></extensions></trkpt>
<trkpt lat="38.5755184" lon="-121.4601253">
<ele>8</ele><time>2025-03-05T17:28:21.999Z</time><extensions><gpxtpx:TrackPointExtension><gpxtpx:hr>153</gpxtpx:hr><gpxtpx:cad>77</gpxtpx:cad></gpxtpx:TrackPointExtension></extensions><extensions><gpxtpx:PowerExtension><gpxtpx:PowerInWatts>219</gpxtpx:PowerInWatts></gpxtpx:PowerExtension></extensions></trkpt>
<trkpt lat="38.5755768" lon="-121.4600960">
<ele>8</ele><time>2025-03-05T17:28:23.999Z</time><extensions><gpxtpx:TrackPointExtension><gpxtpx:hr>153</gpxtpx:hr><gpxtpx:cad>77</gpxtpx:cad></gpxtpx:TrackPointExtension></extensions><extensions><gpxtpx:PowerExtension><gpxtpx:PowerInWatts>219</gpxtpx:PowerInWatts></gpxtpx:PowerExtension></extensions></trkpt>
<trkpt lat="38.5756357" lon="-121.4600881">
<ele>8</ele><time>2025-03-05T17:28:25.999Z</time><extensions><gpxtpx:TrackPointExtension><gpxtpx:hr>153</gpxtpx:hr><gpxtpx:cad>80</gpxtpx:cad></gpxtpx:TrackPointExtension></extensions><extensions><gpxtpx:PowerExtension><gpxtpx:PowerInWatts>213</gpxtpx:PowerInWatts></gpxtpx:PowerExtension></extensions></trkpt>
<trkpt lat="38.5756756" lon="-121.4600493">
<ele>8</ele><time>2025-03-05T17:28:27.999Z</time><extensions><gpxtpx:TrackPointExtension><gpxtpx:hr>153</gpxtpx:hr><gpxtpx:cad>81</gpxtpx:cad></gpxtpx:TrackPointExtension></extensions><extensions><gpxtpx:PowerExtension><gpxtpx:PowerInWatts>213</gpxtpx:PowerInWatts></gpxtpx:PowerExtension></extensions></trkpt>
<trkpt lat="38.5757351" lon="-121.4600244">
<ele>8</ele><time>2025-03-05T17:28:29.999Z</time><extensions><gpxtpx:TrackPointExtension><gpxtpx:hr>153</gpxtpx:hr><gpxtpx:cad>81</gpxtpx:cad></gpxtpx:TrackPointExtension></extensions><extensions><gpxtpx:PowerExtension><gpxtpx:PowerInWatts>216</gpxtpx:PowerInWatts></gpxtpx:PowerExtension></extensions></trkpt>
<trkpt lat="38.5757838" lon="-121.4600170">
<ele>8</ele><time>2025-03-05T17:28:31.999Z</time><extensions><gpxtpx:TrackPointExtension><gpxtpx:hr>153</gpxtpx:hr><gpxtpx:cad>80</gpxtpx:cad></gpxtpx:TrackPointExtension></extensions><extensions><gpxtpx:PowerExtension><gpxtpx:PowerInWatts>218</gpxtpx:PowerInWatts></gpxtpx:PowerExtension></extensions></trkpt>
<trkpt lat="38.5758293" lon="-121.4599900">
<ele>8</ele><time>2025-03-05T17:28:33.999Z</time><extensions><gpxtpx:TrackPointExtension><gpxtpx:hr>152</gpxtpx:hr><gpxtpx:cad>76</gpxtpx:cad></gpxtpx:TrackPointExtension></extensions><extensions><gpxtpx:PowerExtension><gpxtpx:PowerInWatts>218</gpxtpx:PowerInWatts></gpxtpx:PowerExtension></extensions></trkpt>
<trkpt lat="38.5758765" lon="-121.4599656">
<ele>8</ele><time>2025-03-05T17:28:35.999Z</time><extensions><gpxtpx:TrackPointExtension><gpxtpx:hr>153</gpxtpx:hr><gpxtpx:cad>76</gpxtpx:cad></gpxtpx:TrackPointExtension></extensions><extensions><gpxtpx:PowerExtension><gpxtpx:PowerInWatts>218</gpxtpx:PowerInWatts></gpxtpx:PowerExtension></extensions></trkpt>
<trkpt lat="38.5759231" lon="-121.4599545">
<ele>8</ele><time>2025-03-05T17:28:37.999Z</time><extensions><gpxtpx:TrackPointExtension><gpxtpx:hr>153</gpxtpx:hr><gpxtpx:cad>80</gpxtpx:cad></gpxtpx:TrackPointExtension></extensions><extensions><gpxtpx:PowerExtension><gpxtpx:PowerInWatts>217</gpxtpx:PowerInWatts></gpxtpx:PowerExtension></extensions></trkpt>
<trkpt lat="38.5759847" lon="-121.4599175">
<ele>8</ele><time>2025-03-05T17:28:39.999Z</time><extensions><gpxtpx:TrackPointExtension><gpxtpx:hr>153</gpxtpx:hr><gpxtpx:cad>84</gpxtpx:cad></gpxtpx:TrackPointExtension></extensions><extensions><gpxtpx:PowerExtension><gpxtpx:PowerInWatts>215</gpxtpx:PowerInWatts></gpxtpx:PowerExtension></extensions></trkpt>
<trkpt lat="38.5760452" lon="-121.4598894">
<ele>8</ele><time>2025-03-05T17:28:42.999Z</time><extensions><gpxtpx:TrackPointExtension><gpxtpx:hr>153</gpxtpx:hr><gpxtpx:cad>80</gpxtpx:cad></gpxtpx:TrackPointExtension></extensions><extensions><gpxtpx:PowerExtension><gpxtpx:PowerInWatts>213</gpxtpx:PowerInWatts></gpxtpx:PowerExtension></extensions></trkpt>
<trkpt lat="38.5760993" lon="-121.4598624">
<ele>8</ele><time>2025-03-05T17:28:44.999Z</time><extensions><gpxtpx:TrackPointExtension><gpxtpx:hr>153</gpxtpx:hr><gpxtpx:cad>77</gpxtpx:cad></gpxtpx:TrackPointExtension></extensions><extensions><gpxtpx:PowerExtension><gpxtpx:PowerInWatts>218</gpxtpx:PowerInWatts></gpxtpx:PowerExtension></extensions></trkpt>
<trkpt lat="38.5761531" lon="-121.4598377">
<ele>8</ele><time>2025-03-05T17:28:46.999Z</time><extensions><gpxtpx:TrackPointExtension><gpxtpx:hr>153</gpxtpx:hr><gpxtpx:cad>76</gpxtpx:cad></gpxtpx:TrackPointExtension></extensions><extensions><gpxtpx:PowerExtension><gpxtpx:PowerInWatts>218</gpxtpx:PowerInWatts></gpxtpx:PowerExtension></extensions></trkpt>
<trkpt lat="38.5761982" lon="-121.4598161">
<ele>8</ele><time>2025-03-05T17:28:48.999Z</time><extensions><gpxtpx:TrackPointExtension><gpxtpx:hr>153</gpxtpx:hr><gpxtpx:cad>80</gpxtpx:cad></gpxtpx:TrackPointExtension></extensions><extensions><gpxtpx:PowerExtension><gpxtpx:PowerInWatts>218</gpxtpx:PowerInWatts></gpxtpx:PowerExtension></extensions></trkpt>
<trkpt lat="38.5762529" lon="-121.4598065">
<ele>8</ele><time>2025-03-05T17:28:50.999Z</time><extensions><gpxtpx:TrackPointExtension><gpxtpx:hr>153</gpxtpx:hr><gpxtpx:cad>82</gpxtpx:cad></gpxtpx:TrackPointExtension></extensions><extensions><gpxtpx:PowerExtension><gpxtpx:PowerInWatts>218</gpxtpx:PowerInWatts></gpxtpx:PowerExtension></extensions></trkpt>
<trkpt lat="38.5763137" lon="-121.4597796">
<ele>8</ele><time>2025-03-05T17:28:52.999Z</time><extensions><gpxtpx:TrackPointExtension><gpxtpx:hr>153</gpxtpx:hr><gpxtpx:cad>78</gpxtpx:cad></gpxtpx:TrackPointExtension></extensions><extensions><gpxtpx:PowerExtension><gpxtpx:PowerInWatts>218</gpxtpx:PowerInWatts></gpxtpx:PowerExtension></extensions></trkpt>
<trkpt lat="38.5763688" lon="-121.4597612">
<ele>8</ele><time>2025-03-05T17:28:54.999Z</time><extensions><gpxtpx:TrackPointExtension><gpxtpx:hr>153</gpxtpx:hr><gpxtpx:cad>75</gpxtpx:cad></gpxtpx:TrackPointExtension></extensions><extensions><gpxtpx:PowerExtension><gpxtpx:PowerInWatts>218</gpxtpx:PowerInWatts></gpxtpx:PowerExtension></extensions></trkpt>
<trkpt lat="38.5764164" lon="-121.4597437">
<ele>8</ele><time>2025-03-05T17:28:56.999Z</time><extensions><gpxtpx:TrackPointExtension><gpxtpx:hr>153</gpxtpx:hr><gpxtpx:cad>78</gpxtpx:cad></gpxtpx:TrackPointExtension></extensions><extensions><gpxtpx:PowerExtension><gpxtpx:PowerInWatts>218</gpxtpx:PowerInWatts></gpxtpx:PowerExtension></extensions></trkpt>
<trkpt lat="38.5764666" lon="-121.4596721">
<ele>8</ele><time>2025-03-05T17:28:58.999Z</time><extensions><gpxtpx:TrackPointExtension><gpxtpx:hr>153</gpxtpx:hr><gpxtpx:cad>77</gpxtpx:cad></gpxtpx:TrackPointExtension></extensions><extensions><gpxtpx:PowerExtension><gpxtpx:PowerInWatts>218</gpxtpx:PowerInWatts></gpxtpx:PowerExtension></extensions></trkpt>
<trkpt lat="38.5764616" lon="-121.4595715">
<ele>8</ele><time>2025-03-05T17:29:00.999Z</time><extensions><gpxtpx:TrackPointExtension><gpxtpx:hr>154</gpxtpx:hr><gpxtpx:cad>82</gpxtpx:cad></gpxtpx:TrackPointExtension></extensions><extensions><gpxtpx:PowerExtension><gpxtpx:PowerInWatts>226</gpxtpx:PowerInWatts></gpxtpx:PowerExtension></extensions></trkpt>
<trkpt lat="38.5764631" lon="-121.4594863">
<ele>8</ele><time>2025-03-05T17:29:02.999Z</time><extensions><gpxtpx:TrackPointExtension><gpxtpx:hr>154</gpxtpx:hr><gpxtpx:cad>82</gpxtpx:cad></gpxtpx:TrackPointExtension></extensions><extensions><gpxtpx:PowerExtension><gpxtpx:PowerInWatts>226</gpxtpx:PowerInWatts></gpxtpx:PowerExtension></extensions></trkpt>
<trkpt lat="38.5764324" lon="-121.4594034">
<ele>8</ele><time>2025-03-05T17:29:04.999Z</time><extensions><gpxtpx:TrackPointExtension><gpxtpx:hr>154</gpxtpx:hr><gpxtpx:cad>77</gpxtpx:cad></gpxtpx:TrackPointExtension></extensions><extensions><gpxtpx:PowerExtension><gpxtpx:PowerInWatts>226</gpxtpx:PowerInWatts></gpxtpx:PowerExtension></extensions></trkpt>
<trkpt lat="38.5764310" lon="-121.4593393">
<ele>8</ele><time>2025-03-05T17:29:06.999Z</time><extensions><gpxtpx:TrackPointExtension><gpxtpx:hr>153</gpxtpx:hr><gpxtpx:cad>77</gpxtpx:cad></gpxtpx:TrackPointExtension></extensions><extensions><gpxtpx:PowerExtension><gpxtpx:PowerInWatts>230</gpxtpx:PowerInWatts></gpxtpx:PowerExtension></extensions></trkpt>
<trkpt lat="38.5764091" lon="-121.4592586">
<ele>8</ele><time>2025-03-05T17:29:08.999Z</time><extensions><gpxtpx:TrackPointExtension><gpxtpx:hr>153</gpxtpx:hr><gpxtpx:cad>82</gpxtpx:cad></gpxtpx:TrackPointExtension></extensions><extensions><gpxtpx:PowerExtension><gpxtpx:PowerInWatts>232</gpxtpx:PowerInWatts></gpxtpx:PowerExtension></extensions></trkpt>
<trkpt lat="38.5763874" lon="-121.4591855">
<ele>8</ele><time>2025-03-05T17:29:10.999Z</time><extensions><gpxtpx:TrackPointExtension><gpxtpx:hr>153</gpxtpx:hr><gpxtpx:cad>81</gpxtpx:cad></gpxtpx:TrackPointExtension></extensions><extensions><gpxtpx:PowerExtension><gpxtpx:PowerInWatts>232</gpxtpx:PowerInWatts></gpxtpx:PowerExtension></extensions></trkpt>
<trkpt lat="38.5763898" lon="-121.4591242">
<ele>8</ele><time>2025-03-05T17:29:12.999Z</time><extensions><gpxtpx:TrackPointExtension><gpxtpx:hr>153</gpxtpx:hr><gpxtpx:cad>78</gpxtpx:cad></gpxtpx:TrackPointExtension></extensions><extensions><gpxtpx:PowerExtension><gpxtpx:PowerInWatts>232</gpxtpx:PowerInWatts></gpxtpx:PowerExtension></extensions></trkpt>
<trkpt lat="38.5763519" lon="-121.4590630">
<ele>8</ele><time>2025-03-05T17:29:14.999Z</time><extensions><gpxtpx:TrackPointExtension><gpxtpx:hr>153</gpxtpx:hr><gpxtpx:cad>78</gpxtpx:cad></gpxtpx:TrackPointExtension></extensions><extensions><gpxtpx:PowerExtension><gpxtpx:PowerInWatts>233</gpxtpx:PowerInWatts></gpxtpx:PowerExtension></extensions></trkpt>
<trkpt lat="38.5763534" lon="-121.4589846">
<ele>8</ele><time>2025-03-05T17:29:16.999Z</time><extensions><gpxtpx:TrackPointExtension><gpxtpx:hr>153</gpxtpx:hr><gpxtpx:cad>82</gpxtpx:cad></gpxtpx:TrackPointExtension></extensions><extensions><gpxtpx:PowerExtension><gpxtpx:PowerInWatts>233</gpxtpx:PowerInWatts></gpxtpx:PowerExtension></extensions></trkpt>
<trkpt lat="38.5763186" lon="-121.4589254">
<ele>8</ele><time>2025-03-05T17:29:18.999Z</time><extensions><gpxtpx:TrackPointExtension><gpxtpx:hr>153</gpxtpx:hr><gpxtpx:cad>78</gpxtpx:cad></gpxtpx:TrackPointExtension></extensions><extensions><gpxtpx:PowerExtension><gpxtpx:PowerInWatts>235</gpxtpx:PowerInWatts></gpxtpx:PowerExtension></extensions></trkpt>
<trkpt lat="38.5762819" lon="-121.4588865">
<ele>7</ele><time>2025-03-05T17:29:20.999Z</time><extensions><gpxtpx:TrackPointExtension><gpxtpx:hr>153</gpxtpx:hr><gpxtpx:cad>81</gpxtpx:cad></gpxtpx:TrackPointExtension></extensions><extensions><gpxtpx:PowerExtension><gpxtpx:PowerInWatts>232</gpxtpx:PowerInWatts></gpxtpx:PowerExtension></extensions></trkpt>
<trkpt lat="38.5762758" lon="-121.4588179">
<ele>7</ele><time>2025-03-05T17:29:22.999Z</time><extensions><gpxtpx:TrackPointExtension><gpxtpx:hr>153</gpxtpx:hr><gpxtpx:cad>81</gpxtpx:cad></gpxtpx:TrackPointExtension></extensions><extensions><gpxtpx:PowerExtension><gpxtpx:PowerInWatts>232</gpxtpx:PowerInWatts></gpxtpx:PowerExtension></extensions></trkpt>
<trkpt lat="38.5762621" lon="-121.4587570">
<ele>7</ele><time>2025-03-05T17:29:24.999Z</time><extensions><gpxtpx:TrackPointExtension><gpxtpx:hr>154</gpxtpx:hr><gpxtpx:cad>82</gpxtpx:cad></gpxtpx:TrackPointExtension></extensions><extensions><gpxtpx:PowerExtension><gpxtpx:PowerInWatts>232</gpxtpx:PowerInWatts></gpxtpx:PowerExtension></extensions></trkpt>
<trkpt lat="38.5762401" lon="-121.4587067">
<ele>7</ele><time>2025-03-05T17:29:26.999Z</time><extensions><gpxtpx:TrackPointExtension><gpxtpx:hr>154</gpxtpx:hr><gpxtpx:cad>80</gpxtpx:cad></gpxtpx:TrackPointExtension></extensions><extensions><gpxtpx:PowerExtension><gpxtpx:PowerInWatts>232</gpxtpx:PowerInWatts></gpxtpx:PowerExtension></extensions></trkpt>
<trkpt lat="38.5762227" lon="-121.4586449">
<ele>7</ele><time>2025-03-05T17:29:28.999Z</time><extensions><gpxtpx:TrackPointExtension><gpxtpx:hr>154</gpxtpx:hr><gpxtpx:cad>80</gpxtpx:cad></gpxtpx:TrackPointExtension></extensions><extensions><gpxtpx:PowerExtension><gpxtpx:PowerInWatts>225</gpxtpx:PowerInWatts></gpxtpx:PowerExtension></extensions></trkpt>
<trkpt lat="38.5762106" lon="-121.4585819">
<ele>7</ele><time>2025-03-05T17:29:30.999Z</time><extensions><gpxtpx:TrackPointExtension><gpxtpx:hr>153</gpxtpx:hr><gpxtpx:cad>80</gpxtpx:cad></gpxtpx:TrackPointExtension></extensions><extensions><gpxtpx:PowerExtension><gpxtpx:PowerInWatts>225</gpxtpx:PowerInWatts></gpxtpx:PowerExtension></extensions></trkpt>
<trkpt lat="38.5761947" lon="-121.4585227">
<ele>7</ele><time>2025-03-05T17:29:32.999Z</time><extensions><gpxtpx:TrackPointExtension><gpxtpx:hr>153</gpxtpx:hr><gpxtpx:cad>81</gpxtpx:cad></gpxtpx:TrackPointExtension></extensions><extensions><gpxtpx:PowerExtension><gpxtpx:PowerInWatts>225</gpxtpx:PowerInWatts></gpxtpx:PowerExtension></extensions></trkpt>
<trkpt lat="38.5761866" lon="-121.4584619">
<ele>7</ele><time>2025-03-05T17:29:34.999Z</time><extensions><gpxtpx:TrackPointExtension><gpxtpx:hr>153</gpxtpx:hr><gpxtpx:cad>82</gpxtpx:cad></gpxtpx:TrackPointExtension></extensions><extensions><gpxtpx:PowerExtension><gpxtpx:PowerInWatts>221</gpxtpx:PowerInWatts></gpxtpx:PowerExtension></extensions></trkpt>
<trkpt lat="38.5761731" lon="-121.4583854">
<ele>7</ele><time>2025-03-05T17:29:36.999Z</time><extensions><gpxtpx:TrackPointExtension><gpxtpx:hr>153</gpxtpx:hr><gpxtpx:cad>76</gpxtpx:cad></gpxtpx:TrackPointExtension></extensions><extensions><gpxtpx:PowerExtension><gpxtpx:PowerInWatts>219</gpxtpx:PowerInWatts></gpxtpx:PowerExtension></extensions></trkpt>
<trkpt lat="38.5761454" lon="-121.4583254">
<ele>7</ele><time>2025-03-05T17:29:38.999Z</time><extensions><gpxtpx:TrackPointExtension><gpxtpx:hr>153</gpxtpx:hr><gpxtpx:cad>70</gpxtpx:cad></gpxtpx:TrackPointExtension></extensions><extensions><gpxtpx:PowerExtension><gpxtpx:PowerInWatts>218</gpxtpx:PowerInWatts></gpxtpx:PowerExtension></extensions></trkpt>
<trkpt lat="38.5761257" lon="-121.4582611">
<ele>7</ele><time>2025-03-05T17:29:40.999Z</time><extensions><gpxtpx:TrackPointExtension><gpxtpx:hr>153</gpxtpx:hr><gpxtpx:cad>73</gpxtpx:cad></gpxtpx:TrackPointExtension></extensions><extensions><gpxtpx:PowerExtension><gpxtpx:PowerInWatts>219</gpxtpx:PowerInWatts></gpxtpx:PowerExtension></extensions></trkpt>
<trkpt lat="38.5761302" lon="-121.4581762">
<ele>8</ele><time>2025-03-05T17:29:42.999Z</time><extensions><gpxtpx:TrackPointExtension><gpxtpx:hr>153</gpxtpx:hr><gpxtpx:cad>71</gpxtpx:cad></gpxtpx:TrackPointExtension></extensions><extensions><gpxtpx:PowerExtension><gpxtpx:PowerInWatts>219</gpxtpx:PowerInWatts></gpxtpx:PowerExtension></extensions></trkpt>
<trkpt lat="38.5761007" lon="-121.4581100">
<ele>8</ele><time>2025-03-05T17:29:44.999Z</time><extensions><gpxtpx:TrackPointExtension><gpxtpx:hr>153</gpxtpx:hr><gpxtpx:cad>75</gpxtpx:cad></gpxtpx:TrackPointExtension></extensions><extensions><gpxtpx:PowerExtension><gpxtpx:PowerInWatts>219</gpxtpx:PowerInWatts></gpxtpx:PowerExtension></extensions></trkpt>
<trkpt lat="38.5760914" lon="-121.4580400">
<ele>8</ele><time>2025-03-05T17:29:46.999Z</time><extensions><gpxtpx:TrackPointExtension><gpxtpx:hr>153</gpxtpx:hr><gpxtpx:cad>75</gpxtpx:cad></gpxtpx:TrackPointExtension></extensions><extensions><gpxtpx:PowerExtension><gpxtpx:PowerInWatts>220</gpxtpx:PowerInWatts></gpxtpx:PowerExtension></extensions></trkpt>
<trkpt lat="38.5760684" lon="-121.4579737">
<ele>8</ele><time>2025-03-05T17:29:48.999Z</time><extensions><gpxtpx:TrackPointExtension><gpxtpx:hr>153</gpxtpx:hr><gpxtpx:cad>78</gpxtpx:cad></gpxtpx:TrackPointExtension></extensions><extensions><gpxtpx:PowerExtension><gpxtpx:PowerInWatts>227</gpxtpx:PowerInWatts></gpxtpx:PowerExtension></extensions></trkpt>
<trkpt lat="38.5760404" lon="-121.4578997">
<ele>8</ele><time>2025-03-05T17:29:50.999Z</time><extensions><gpxtpx:TrackPointExtension><gpxtpx:hr>154</gpxtpx:hr><gpxtpx:cad>77</gpxtpx:cad></gpxtpx:TrackPointExtension></extensions><extensions><gpxtpx:PowerExtension><gpxtpx:PowerInWatts>227</gpxtpx:PowerInWatts></gpxtpx:PowerExtension></extensions></trkpt>
<trkpt lat="38.5760203" lon="-121.4578311">
<ele>8</ele><time>2025-03-05T17:29:52.999Z</time><extensions><gpxtpx:TrackPointExtension><gpxtpx:hr>154</gpxtpx:hr><gpxtpx:cad>73</gpxtpx:cad></gpxtpx:TrackPointExtension></extensions><extensions><gpxtpx:PowerExtension><gpxtpx:PowerInWatts>227</gpxtpx:PowerInWatts></gpxtpx:PowerExtension></extensions></trkpt>
<trkpt lat="38.5759966" lon="-121.4577616">
<ele>8</ele><time>2025-03-05T17:29:54.999Z</time><extensions><gpxtpx:TrackPointExtension><gpxtpx:hr>154</gpxtpx:hr><gpxtpx:cad>71</gpxtpx:cad></gpxtpx:TrackPointExtension></extensions><extensions><gpxtpx:PowerExtension><gpxtpx:PowerInWatts>226</gpxtpx:PowerInWatts></gpxtpx:PowerExtension></extensions></trkpt>
<trkpt lat="38.5759690" lon="-121.4576870">
<ele>7</ele><time>2025-03-05T17:29:56.999Z</time><extensions><gpxtpx:TrackPointExtension><gpxtpx:hr>154</gpxtpx:hr><gpxtpx:cad>74</gpxtpx:cad></gpxtpx:TrackPointExtension></extensions><extensions><gpxtpx:PowerExtension><gpxtpx:PowerInWatts>228</gpxtpx:PowerInWatts></gpxtpx:PowerExtension></extensions></trkpt>
<trkpt lat="38.5759467" lon="-121.4576277">
<ele>7</ele><time>2025-03-05T17:29:58.999Z</time><extensions><gpxtpx:TrackPointExtension><gpxtpx:hr>153</gpxtpx:hr><gpxtpx:cad>73</gpxtpx:cad></gpxtpx:TrackPointExtension></extensions><extensions><gpxtpx:PowerExtension><gpxtpx:PowerInWatts>232</gpxtpx:PowerInWatts></gpxtpx:PowerExtension></extensions></trkpt>
<trkpt lat="38.5759279" lon="-121.4575625">
<ele>7</ele><time>2025-03-05T17:30:01.999Z</time><extensions><gpxtpx:TrackPointExtension><gpxtpx:hr>153</gpxtpx:hr><gpxtpx:cad>69</gpxtpx:cad></gpxtpx:TrackPointExtension></extensions><extensions><gpxtpx:PowerExtension><gpxtpx:PowerInWatts>234</gpxtpx:PowerInWatts></gpxtpx:PowerExtension></extensions></trkpt>
<trkpt lat="38.5759888" lon="-121.4575484">
<ele>7</ele><time>2025-03-05T17:30:06.999Z</time><extensions><gpxtpx:TrackPointExtension><gpxtpx:hr>153</gpxtpx:hr><gpxtpx:cad>68</gpxtpx:cad></gpxtpx:TrackPointExtension></extensions><extensions><gpxtpx:PowerExtension><gpxtpx:PowerInWatts>232</gpxtpx:PowerInWatts></gpxtpx:PowerExtension></extensions></trkpt>
<trkpt lat="38.5761318" lon="-121.4574920">
<ele>7</ele><time>2025-03-05T17:30:08.999Z</time><extensions><gpxtpx:TrackPointExtension><gpxtpx:hr>153</gpxtpx:hr><gpxtpx:cad>73</gpxtpx:cad></gpxtpx:TrackPointExtension></extensions><extensions><gpxtpx:PowerExtension><gpxtpx:PowerInWatts>232</gpxtpx:PowerInWatts></gpxtpx:PowerExtension></extensions></trkpt>
<trkpt lat="38.5761714" lon="-121.4574619">
<ele>7</ele><time>2025-03-05T17:30:10.999Z</time><extensions><gpxtpx:TrackPointExtension><gpxtpx:hr>153</gpxtpx:hr><gpxtpx:cad>75</gpxtpx:cad></gpxtpx:TrackPointExtension></extensions><extensions><gpxtpx:PowerExtension><gpxtpx:PowerInWatts>220</gpxtpx:PowerInWatts></gpxtpx:PowerExtension></extensions></trkpt>
<trkpt lat="38.5762250" lon="-121.4574488">
<ele>7</ele><time>2025-03-05T17:30:12.999Z</time><extensions><gpxtpx:TrackPointExtension><gpxtpx:hr>153</gpxtpx:hr><gpxtpx:cad>70</gpxtpx:cad></gpxtpx:TrackPointExtension></extensions><extensions><gpxtpx:PowerExtension><gpxtpx:PowerInWatts>206</gpxtpx:PowerInWatts></gpxtpx:PowerExtension></extensions></trkpt>
<trkpt lat="38.5762858" lon="-121.4574256">
<ele>7</ele><time>2025-03-05T17:30:15.999Z</time><extensions><gpxtpx:TrackPointExtension><gpxtpx:hr>153</gpxtpx:hr><gpxtpx:cad>67</gpxtpx:cad></gpxtpx:TrackPointExtension></extensions><extensions><gpxtpx:PowerExtension><gpxtpx:PowerInWatts>208</gpxtpx:PowerInWatts></gpxtpx:PowerExtension></extensions></trkpt>
<trkpt lat="38.5763339" lon="-121.4574050">
<ele>7</ele><time>2025-03-05T17:30:17.999Z</time><extensions><gpxtpx:TrackPointExtension><gpxtpx:hr>153</gpxtpx:hr><gpxtpx:cad>63</gpxtpx:cad></gpxtpx:TrackPointExtension></extensions><extensions><gpxtpx:PowerExtension><gpxtpx:PowerInWatts>208</gpxtpx:PowerInWatts></gpxtpx:PowerExtension></extensions></trkpt>
<trkpt lat="38.5764006" lon="-121.4573765">
<ele>7</ele><time>2025-03-05T17:30:20.999Z</time><extensions><gpxtpx:TrackPointExtension><gpxtpx:hr>153</gpxtpx:hr><gpxtpx:cad>61</gpxtpx:cad></gpxtpx:TrackPointExtension></extensions><extensions><gpxtpx:PowerExtension><gpxtpx:PowerInWatts>208</gpxtpx:PowerInWatts></gpxtpx:PowerExtension></extensions></trkpt>
<trkpt lat="38.5764491" lon="-121.4573558">
<ele>8</ele><time>2025-03-05T17:30:22.999Z</time><extensions><gpxtpx:TrackPointExtension><gpxtpx:hr>153</gpxtpx:hr><gpxtpx:cad>61</gpxtpx:cad></gpxtpx:TrackPointExtension></extensions><extensions><gpxtpx:PowerExtension><gpxtpx:PowerInWatts>204</gpxtpx:PowerInWatts></gpxtpx:PowerExtension></extensions></trkpt>
<trkpt lat="38.5764973" lon="-121.4573352">
<ele>8</ele><time>2025-03-05T17:30:24.999Z</time><extensions><gpxtpx:TrackPointExtension><gpxtpx:hr>153</gpxtpx:hr><gpxtpx:cad>58</gpxtpx:cad></gpxtpx:TrackPointExtension></extensions><extensions><gpxtpx:PowerExtension><gpxtpx:PowerInWatts>204</gpxtpx:PowerInWatts></gpxtpx:PowerExtension></extensions></trkpt>
<trkpt lat="38.5765506" lon="-121.4573189">
<ele>8</ele><time>2025-03-05T17:30:28.999Z</time><extensions><gpxtpx:TrackPointExtension><gpxtpx:hr>153</gpxtpx:hr><gpxtpx:cad>61</gpxtpx:cad></gpxtpx:TrackPointExtension></extensions><extensions><gpxtpx:PowerExtension><gpxtpx:PowerInWatts>203</gpxtpx:PowerInWatts></gpxtpx:PowerExtension></extensions></trkpt>
<trkpt lat="38.5765922" lon="-121.4573457">
<ele>8</ele><time>2025-03-05T17:30:32.999Z</time><extensions><gpxtpx:TrackPointExtension><gpxtpx:hr>152</gpxtpx:hr><gpxtpx:cad>60</gpxtpx:cad></gpxtpx:TrackPointExtension></extensions><extensions><gpxtpx:PowerExtension><gpxtpx:PowerInWatts>207</gpxtpx:PowerInWatts></gpxtpx:PowerExtension></extensions></trkpt>
<trkpt lat="38.5766215" lon="-121.4574140">
<ele>8</ele><time>2025-03-05T17:30:36.999Z</time><extensions><gpxtpx:TrackPointExtension><gpxtpx:hr>148</gpxtpx:hr><gpxtpx:cad>60</gpxtpx:cad></gpxtpx:TrackPointExtension></extensions><extensions><gpxtpx:PowerExtension><gpxtpx:PowerInWatts>91</gpxtpx:PowerInWatts></gpxtpx:PowerExtension></extensions></trkpt>
</trkseg><trkseg>
<trkpt lat="38.5767020" lon="-121.4574958">
<ele>8</ele><time>2025-03-05T17:30:56.999Z</time><extensions><gpxtpx:TrackPointExtension><gpxtpx:hr>135</gpxtpx:hr><gpxtpx:cad>58</gpxtpx:cad></gpxtpx:TrackPointExtension></extensions><extensions><gpxtpx:PowerExtension><gpxtpx:PowerInWatts>65</gpxtpx:PowerInWatts></gpxtpx:PowerExtension></extensions></trkpt>
<trkpt lat="38.5767359" lon="-121.4575404">
<ele>8</ele><time>2025-03-05T17:31:00.999Z</time><extensions><gpxtpx:TrackPointExtension><gpxtpx:hr>131</gpxtpx:hr><gpxtpx:cad>58</gpxtpx:cad></gpxtpx:TrackPointExtension></extensions><extensions><gpxtpx:PowerExtension><gpxtpx:PowerInWatts>65</gpxtpx:PowerInWatts></gpxtpx:PowerExtension></extensions></trkpt>
<trkpt lat="38.5767593" lon="-121.4576107">
<ele>8</ele><time>2025-03-05T17:31:04.999Z</time><extensions><gpxtpx:TrackPointExtension><gpxtpx:hr>131</gpxtpx:hr><gpxtpx:cad>60</gpxtpx:cad></gpxtpx:TrackPointExtension></extensions><extensions><gpxtpx:PowerExtension><gpxtpx:PowerInWatts>65</gpxtpx:PowerInWatts></gpxtpx:PowerExtension></extensions></trkpt>
<trkpt lat="38.5767812" lon="-121.4576928">
<ele>8</ele><time>2025-03-05T17:31:07.999Z</time><extensions><gpxtpx:TrackPointExtension><gpxtpx:hr>130</gpxtpx:hr><gpxtpx:cad>61</gpxtpx:cad></gpxtpx:TrackPointExtension></extensions><extensions><gpxtpx:PowerExtension><gpxtpx:PowerInWatts>79</gpxtpx:PowerInWatts></gpxtpx:PowerExtension></extensions></trkpt>
<trkpt lat="38.5768003" lon="-121.4577640">
<ele>8</ele><time>2025-03-05T17:31:09.999Z</time><extensions><gpxtpx:TrackPointExtension><gpxtpx:hr>130</gpxtpx:hr><gpxtpx:cad>61</gpxtpx:cad></gpxtpx:TrackPointExtension></extensions><extensions><gpxtpx:PowerExtension><gpxtpx:PowerInWatts>79</gpxtpx:PowerInWatts></gpxtpx:PowerExtension></extensions></trkpt>
<trkpt lat="38.5768182" lon="-121.4578311">
<ele>8</ele><time>2025-03-05T17:31:11.999Z</time><extensions><gpxtpx:TrackPointExtension><gpxtpx:hr>130</gpxtpx:hr><gpxtpx:cad>65</gpxtpx:cad></gpxtpx:TrackPointExtension></extensions><extensions><gpxtpx:PowerExtension><gpxtpx:PowerInWatts>79</gpxtpx:PowerInWatts></gpxtpx:PowerExtension></extensions></trkpt>
<trkpt lat="38.5768453" lon="-121.4579324">
<ele>8</ele><time>2025-03-05T17:31:14.999Z</time><extensions><gpxtpx:TrackPointExtension><gpxtpx:hr>132</gpxtpx:hr><gpxtpx:cad>66</gpxtpx:cad></gpxtpx:TrackPointExtension></extensions><extensions><gpxtpx:PowerExtension><gpxtpx:PowerInWatts>95</gpxtpx:PowerInWatts></gpxtpx:PowerExtension></extensions></trkpt>
<trkpt lat="38.5768782" lon="-121.4580574">
<ele>8</ele><time>2025-03-05T17:31:17.999Z</time><extensions><gpxtpx:TrackPointExtension><gpxtpx:hr>134</gpxtpx:hr><gpxtpx:cad>69</gpxtpx:cad></gpxtpx:TrackPointExtension></extensions><extensions><gpxtpx:PowerExtension><gpxtpx:PowerInWatts>107</gpxtpx:PowerInWatts></gpxtpx:PowerExtension></extensions></trkpt>
<trkpt lat="38.5768928" lon="-121.4581142">
<ele>8</ele><time>2025-03-05T17:31:18.999Z</time><extensions><gpxtpx:TrackPointExtension><gpxtpx:hr>135</gpxtpx:hr><gpxtpx:cad>84</gpxtpx:cad></gpxtpx:TrackPointExtension></extensions><extensions><gpxtpx:PowerExtension><gpxtpx:PowerInWatts>141</gpxtpx:PowerInWatts></gpxtpx:PowerExtension></extensions></trkpt>
<trkpt lat="38.5769093" lon="-121.4581786">
<ele>8</ele><time>2025-03-05T17:31:20.999Z</time><extensions><gpxtpx:TrackPointExtension><gpxtpx:hr>136</gpxtpx:hr><gpxtpx:cad>87</gpxtpx:cad></gpxtpx:TrackPointExtension></extensions><extensions><gpxtpx:PowerExtension><gpxtpx:PowerInWatts>141</gpxtpx:PowerInWatts></gpxtpx:PowerExtension></extensions></trkpt>
<trkpt lat="38.5769329" lon="-121.4582706">
<ele>8</ele><time>2025-03-05T17:31:22.999Z</time><extensions><gpxtpx:TrackPointExtension><gpxtpx:hr>138</gpxtpx:hr><gpxtpx:cad>83</gpxtpx:cad></gpxtpx:TrackPointExtension></extensions><extensions><gpxtpx:PowerExtension><gpxtpx:PowerInWatts>141</gpxtpx:PowerInWatts></gpxtpx:PowerExtension></extensions></trkpt>
<trkpt lat="38.5769530" lon="-121.4583492">
<ele>8</ele><time>2025-03-05T17:31:24.999Z</time><extensions><gpxtpx:TrackPointExtension><gpxtpx:hr>139</gpxtpx:hr><gpxtpx:cad>83</gpxtpx:cad></gpxtpx:TrackPointExtension></extensions><extensions><gpxtpx:PowerExtension><gpxtpx:PowerInWatts>173</gpxtpx:PowerInWatts></gpxtpx:PowerExtension></extensions></trkpt>
<trkpt lat="38.5769745" lon="-121.4584323">
<ele>8</ele><time>2025-03-05T17:31:26.999Z</time><extensions><gpxtpx:TrackPointExtension><gpxtpx:hr>140</gpxtpx:hr><gpxtpx:cad>90</gpxtpx:cad></gpxtpx:TrackPointExtension></extensions><extensions><gpxtpx:PowerExtension><gpxtpx:PowerInWatts>205</gpxtpx:PowerInWatts></gpxtpx:PowerExtension></extensions></trkpt>
<trkpt lat="38.5769912" lon="-121.4584941">
<ele>8</ele><time>2025-03-05T17:31:27.999Z</time><extensions><gpxtpx:TrackPointExtension><gpxtpx:hr>141</gpxtpx:hr><gpxtpx:cad>91</gpxtpx:cad></gpxtpx:TrackPointExtension></extensions><extensions><gpxtpx:PowerExtension><gpxtpx:PowerInWatts>205</gpxtpx:PowerInWatts></gpxtpx:PowerExtension></extensions></trkpt>
<trkpt lat="38.5770165" lon="-121.4585874">
<ele>8</ele><time>2025-03-05T17:31:29.999Z</time><extensions><gpxtpx:TrackPointExtension><gpxtpx:hr>142</gpxtpx:hr><gpxtpx:cad>82</gpxtpx:cad></gpxtpx:TrackPointExtension></extensions><extensions><gpxtpx:PowerExtension><gpxtpx:PowerInWatts>256</gpxtpx:PowerInWatts></gpxtpx:PowerExtension></extensions></trkpt>
<trkpt lat="38.5770336" lon="-121.4586504">
<ele>8</ele><time>2025-03-05T17:31:30.999Z</time><extensions><gpxtpx:TrackPointExtension><gpxtpx:hr>144</gpxtpx:hr><gpxtpx:cad>78</gpxtpx:cad></gpxtpx:TrackPointExtension></extensions><extensions><gpxtpx:PowerExtension><gpxtpx:PowerInWatts>256</gpxtpx:PowerInWatts></gpxtpx:PowerExtension></extensions></trkpt>
<trkpt lat="38.5770568" lon="-121.4587361">
<ele>8</ele><time>2025-03-05T17:31:32.999Z</time><extensions><gpxtpx:TrackPointExtension><gpxtpx:hr>144</gpxtpx:hr><gpxtpx:cad>82</gpxtpx:cad></gpxtpx:TrackPointExtension></extensions><extensions><gpxtpx:PowerExtension><gpxtpx:PowerInWatts>303</gpxtpx:PowerInWatts></gpxtpx:PowerExtension></extensions></trkpt>
<trkpt lat="38.5770796" lon="-121.4588201">
<ele>8</ele><time>2025-03-05T17:31:34.999Z</time><extensions><gpxtpx:TrackPointExtension><gpxtpx:hr>145</gpxtpx:hr><gpxtpx:cad>81</gpxtpx:cad></gpxtpx:TrackPointExtension></extensions><extensions><gpxtpx:PowerExtension><gpxtpx:PowerInWatts>299</gpxtpx:PowerInWatts></gpxtpx:PowerExtension></extensions></trkpt>
<trkpt lat="38.5771008" lon="-121.4588982">
<ele>8</ele><time>2025-03-05T17:31:36.999Z</time><extensions><gpxtpx:TrackPointExtension><gpxtpx:hr>147</gpxtpx:hr><gpxtpx:cad>78</gpxtpx:cad></gpxtpx:TrackPointExtension></extensions><extensions><gpxtpx:PowerExtension><gpxtpx:PowerInWatts>312</gpxtpx:PowerInWatts></gpxtpx:PowerExtension></extensions></trkpt>
<trkpt lat="38.5771235" lon="-121.4589819">
<ele>8</ele><time>2025-03-05T17:31:38.999Z</time><extensions><gpxtpx:TrackPointExtension><gpxtpx:hr>148</gpxtpx:hr><gpxtpx:cad>82</gpxtpx:cad></gpxtpx:TrackPointExtension></extensions><extensions><gpxtpx:PowerExtension><gpxtpx:PowerInWatts>312</gpxtpx:PowerInWatts></gpxtpx:PowerExtension></extensions></trkpt>
<trkpt lat="38.5771416" lon="-121.4590486">
<ele>8</ele><time>2025-03-05T17:31:40.999Z</time><extensions><gpxtpx:TrackPointExtension><gpxtpx:hr>148</gpxtpx:hr><gpxtpx:cad>83</gpxtpx:cad></gpxtpx:TrackPointExtension></extensions><extensions><gpxtpx:PowerExtension><gpxtpx:PowerInWatts>312</gpxtpx:PowerInWatts></gpxtpx:PowerExtension></extensions></trkpt>
<trkpt lat="38.5771627" lon="-121.4591265">
<ele>8</ele><time>2025-03-05T17:31:42.999Z</time><extensions><gpxtpx:TrackPointExtension><gpxtpx:hr>149</gpxtpx:hr><gpxtpx:cad>79</gpxtpx:cad></gpxtpx:TrackPointExtension></extensions><extensions><gpxtpx:PowerExtension><gpxtpx:PowerInWatts>308</gpxtpx:PowerInWatts></gpxtpx:PowerExtension></extensions></trkpt>
<trkpt lat="38.5771874" lon="-121.4592216">
<ele>8</ele><time>2025-03-05T17:31:44.999Z</time><extensions><gpxtpx:TrackPointExtension><gpxtpx:hr>150</gpxtpx:hr><gpxtpx:cad>81</gpxtpx:cad></gpxtpx:TrackPointExtension></extensions><extensions><gpxtpx:PowerExtension><gpxtpx:PowerInWatts>308</gpxtpx:PowerInWatts></gpxtpx:PowerExtension></extensions></trkpt>
<trkpt lat="38.5771569" lon="-121.4592639">
<ele>8</ele><time>2025-03-05T17:31:45.999Z</time><extensions><gpxtpx:TrackPointExtension><gpxtpx:hr>150</gpxtpx:hr><gpxtpx:cad>79</gpxtpx:cad></gpxtpx:TrackPointExtension></extensions><extensions><gpxtpx:PowerExtension><gpxtpx:PowerInWatts>308</gpxtpx:PowerInWatts></gpxtpx:PowerExtension></extensions></trkpt>
<trkpt lat="38.5771630" lon="-121.4593613">
<ele>8</ele><time>2025-03-05T17:31:47.999Z</time><extensions><gpxtpx:TrackPointExtension><gpxtpx:hr>150</gpxtpx:hr><gpxtpx:cad>78</gpxtpx:cad></gpxtpx:TrackPointExtension></extensions><extensions><gpxtpx:PowerExtension><gpxtpx:PowerInWatts>288</gpxtpx:PowerInWatts></gpxtpx:PowerExtension></extensions></trkpt>
<trkpt lat="38.5771904" lon="-121.4594342">
<ele>8</ele><time>2025-03-05T17:31:49.999Z</time><extensions><gpxtpx:TrackPointExtension><gpxtpx:hr>150</gpxtpx:hr><gpxtpx:cad>77</gpxtpx:cad></gpxtpx:TrackPointExtension></extensions><extensions><gpxtpx:PowerExtension><gpxtpx:PowerInWatts>288</gpxtpx:PowerInWatts></gpxtpx:PowerExtension></extensions></trkpt>
<trkpt lat="38.5772047" lon="-121.4595167">
<ele>8</ele><time>2025-03-05T17:31:51.999Z</time><extensions><gpxtpx:TrackPointExtension><gpxtpx:hr>150</gpxtpx:hr><gpxtpx:cad>81</gpxtpx:cad></gpxtpx:TrackPointExtension></extensions><extensions><gpxtpx:PowerExtension><gpxtpx:PowerInWatts>293</gpxtpx:PowerInWatts></gpxtpx:PowerExtension></extensions></trkpt>
<trkpt lat="38.5772411" lon="-121.4595653">
<ele>8</ele><time>2025-03-05T17:31:53.999Z</time><extensions><gpxtpx:TrackPointExtension><gpxtpx:hr>149</gpxtpx:hr><gpxtpx:cad>82</gpxtpx:cad></gpxtpx:TrackPointExtension></extensions><extensions><gpxtpx:PowerExtension><gpxtpx:PowerInWatts>293</gpxtpx:PowerInWatts></gpxtpx:PowerExtension></extensions></trkpt>
<trkpt lat="38.5772535" lon="-121.4596335">
<ele>8</ele><time>2025-03-05T17:31:55.999Z</time><extensions><gpxtpx:TrackPointExtension><gpxtpx:hr>148</gpxtpx:hr><gpxtpx:cad>78</gpxtpx:cad></gpxtpx:TrackPointExtension></extensions><extensions><gpxtpx:PowerExtension><gpxtpx:PowerInWatts>293</gpxtpx:PowerInWatts></gpxtpx:PowerExtension></extensions></trkpt>
<trkpt lat="38.5772750" lon="-121.4597065">
<ele>8</ele><time>2025-03-05T17:31:58.999Z</time><extensions><gpxtpx:TrackPointExtension><gpxtpx:hr>147</gpxtpx:hr><gpxtpx:cad>78</gpxtpx:cad></gpxtpx:TrackPointExtension></extensions><extensions><gpxtpx:PowerExtension><gpxtpx:PowerInWatts>289</gpxtpx:PowerInWatts></gpxtpx:PowerExtension></extensions></trkpt>
<trkpt lat="38.5772966" lon="-121.4597581">
<ele>8</ele><time>2025-03-05T17:32:00.999Z</time><extensions><gpxtpx:TrackPointExtension><gpxtpx:hr>146</gpxtpx:hr><gpxtpx:cad>79</gpxtpx:cad></gpxtpx:TrackPointExtension></extensions><extensions><gpxtpx:PowerExtension><gpxtpx:PowerInWatts>289</gpxtpx:PowerInWatts></gpxtpx:PowerExtension></extensions></trkpt>
<trkpt lat="38.5773196" lon="-121.4598290">
<ele>8</ele><time>2025-03-05T17:32:02.999Z</time><extensions><gpxtpx:TrackPointExtension><gpxtpx:hr>146</gpxtpx:hr><gpxtpx:cad>78</gpxtpx:cad></gpxtpx:TrackPointExtension></extensions><extensions><gpxtpx:PowerExtension><gpxtpx:PowerInWatts>271</gpxtpx:PowerInWatts></gpxtpx:PowerExtension></extensions></trkpt>
<trkpt lat="38.5773330" lon="-121.4598874">
<ele>8</ele><time>2025-03-05T17:32:04.999Z</time><extensions><gpxtpx:TrackPointExtension><gpxtpx:hr>147</gpxtpx:hr><gpxtpx:cad>79</gpxtpx:cad></gpxtpx:TrackPointExtension></extensions><extensions><gpxtpx:PowerExtension><gpxtpx:PowerInWatts>256</gpxtpx:PowerInWatts></gpxtpx:PowerExtension></extensions></trkpt>
<trkpt lat="38.5773622" lon="-121.4599544">
<ele>8</ele><time>2025-03-05T17:32:06.999Z</time><extensions><gpxtpx:TrackPointExtension><gpxtpx:hr>147</gpxtpx:hr><gpxtpx:cad>76</gpxtpx:cad></gpxtpx:TrackPointExtension></extensions><extensions><gpxtpx:PowerExtension><gpxtpx:PowerInWatts>256</gpxtpx:PowerInWatts></gpxtpx:PowerExtension></extensions></trkpt>
<trkpt lat="38.5773819" lon="-121.4600442">
<ele>8</ele><time>2025-03-05T17:32:09.999Z</time><extensions><gpxtpx:TrackPointExtension><gpxtpx:hr>149</gpxtpx:hr><gpxtpx:cad>76</gpxtpx:cad></gpxtpx:TrackPointExtension></extensions><extensions><gpxtpx:PowerExtension><gpxtpx:PowerInWatts>241</gpxtpx:PowerInWatts></gpxtpx:PowerExtension></extensions></trkpt>
<trkpt lat="38.5773962" lon="-121.4601164">
<ele>8</ele><time>2025-03-05T17:32:12.999Z</time><extensions><gpxtpx:TrackPointExtension><gpxtpx:hr>150</gpxtpx:hr><gpxtpx:cad>73</gpxtpx:cad></gpxtpx:TrackPointExtension></extensions><extensions><gpxtpx:PowerExtension><gpxtpx:PowerInWatts>236</gpxtpx:PowerInWatts></gpxtpx:PowerExtension></extensions></trkpt>
<trkpt lat="38.5774283" lon="-121.4601996">
<ele>9</ele><time>2025-03-05T17:32:15.999Z</time><extensions><gpxtpx:TrackPointExtension><gpxtpx:hr>151</gpxtpx:hr><gpxtpx:cad>75</gpxtpx:cad></gpxtpx:TrackPointExtension></extensions><extensions><gpxtpx:PowerExtension><gpxtpx:PowerInWatts>236</gpxtpx:PowerInWatts></gpxtpx:PowerExtension></extensions></trkpt>
<trkpt lat="38.5774351" lon="-121.4602628">
<ele>9</ele><time>2025-03-05T17:32:17.999Z</time><extensions><gpxtpx:TrackPointExtension><gpxtpx:hr>151</gpxtpx:hr><gpxtpx:cad>78</gpxtpx:cad></gpxtpx:TrackPointExtension></extensions><extensions><gpxtpx:PowerExtension><gpxtpx:PowerInWatts>226</gpxtpx:PowerInWatts></gpxtpx:PowerExtension></extensions></trkpt>
<trkpt lat="38.5774496" lon="-121.4603306">
<ele>9</ele><time>2025-03-05T17:32:19.999Z</time><extensions><gpxtpx:TrackPointExtension><gpxtpx:hr>152</gpxtpx:hr><gpxtpx:cad>79</gpxtpx:cad></gpxtpx:TrackPointExtension></extensions><extensions><gpxtpx:PowerExtension><gpxtpx:PowerInWatts>221</gpxtpx:PowerInWatts></gpxtpx:PowerExtension></extensions></trkpt>
<trkpt lat="38.5774722" lon="-121.4604180">
<ele>9</ele><time>2025-03-05T17:32:22.999Z</time><extensions><gpxtpx:TrackPointExtension><gpxtpx:hr>153</gpxtpx:hr><gpxtpx:cad>76</gpxtpx:cad></gpxtpx:TrackPointExtension></extensions><extensions><gpxtpx:PowerExtension><gpxtpx:PowerInWatts>221</gpxtpx:PowerInWatts></gpxtpx:PowerExtension></extensions></trkpt>
<trkpt lat="38.5774959" lon="-121.4604730">
<ele>9</ele><time>2025-03-05T17:32:24.999Z</time><extensions><gpxtpx:TrackPointExtension><gpxtpx:hr>153</gpxtpx:hr><gpxtpx:cad>75</gpxtpx:cad></gpxtpx:TrackPointExtension></extensions><extensions><gpxtpx:PowerExtension><gpxtpx:PowerInWatts>221</gpxtpx:PowerInWatts></gpxtpx:PowerExtension></extensions></trkpt>
<trkpt lat="38.5775173" lon="-121.4605357">
<ele>9</ele><time>2025-03-05T17:32:26.999Z</time><extensions><gpxtpx:TrackPointExtension><gpxtpx:hr>153</gpxtpx:hr><gpxtpx:cad>77</gpxtpx:cad></gpxtpx:TrackPointExtension></extensions><extensions><gpxtpx:PowerExtension><gpxtpx:PowerInWatts>215</gpxtpx:PowerInWatts></gpxtpx:PowerExtension></extensions></trkpt>
<trkpt lat="38.5775261" lon="-121.4606029">
<ele>8</ele><time>2025-03-05T17:32:28.999Z</time><extensions><gpxtpx:TrackPointExtension><gpxtpx:hr>153</gpxtpx:hr><gpxtpx:cad>79</gpxtpx:cad></gpxtpx:TrackPointExtension></extensions><extensions><gpxtpx:PowerExtension><gpxtpx:PowerInWatts>214</gpxtpx:PowerInWatts></gpxtpx:PowerExtension></extensions></trkpt>
<trkpt lat="38.5775284" lon="-121.4606635">
<ele>8</ele><time>2025-03-05T17:32:30.999Z</time><extensions><gpxtpx:TrackPointExtension><gpxtpx:hr>153</gpxtpx:hr><gpxtpx:cad>79</gpxtpx:cad></gpxtpx:TrackPointExtension></extensions><extensions><gpxtpx:PowerExtension><gpxtpx:PowerInWatts>214</gpxtpx:PowerInWatts></gpxtpx:PowerExtension></extensions></trkpt>
<trkpt lat="38.5775638" lon="-121.4607346">
<ele>8</ele><time>2025-03-05T17:32:32.999Z</time><extensions><gpxtpx:TrackPointExtension><gpxtpx:hr>153</gpxtpx:hr><gpxtpx:cad>78</gpxtpx:cad></gpxtpx:TrackPointExtension></extensions><extensions><gpxtpx:PowerExtension><gpxtpx:PowerInWatts>214</gpxtpx:PowerInWatts></gpxtpx:PowerExtension></extensions></trkpt>
<trkpt lat="38.5775758" lon="-121.4607972">
<ele>8</ele><time>2025-03-05T17:32:34.999Z</time><extensions><gpxtpx:TrackPointExtension><gpxtpx:hr>153</gpxtpx:hr><gpxtpx:cad>75</gpxtpx:cad></gpxtpx:TrackPointExtension></extensions><extensions><gpxtpx:PowerExtension><gpxtpx:PowerInWatts>212</gpxtpx:PowerInWatts></gpxtpx:PowerExtension></extensions></trkpt>
<trkpt lat="38.5776004" lon="-121.4608675">
<ele>8</ele><time>2025-03-05T17:32:36.999Z</time><extensions><gpxtpx:TrackPointExtension><gpxtpx:hr>153</gpxtpx:hr><gpxtpx:cad>74</gpxtpx:cad></gpxtpx:TrackPointExtension></extensions><extensions><gpxtpx:PowerExtension><gpxtpx:PowerInWatts>212</gpxtpx:PowerInWatts></gpxtpx:PowerExtension></extensions></trkpt>
<trkpt lat="38.5776131" lon="-121.4609257">
<ele>8</ele><time>2025-03-05T17:32:38.999Z</time><extensions><gpxtpx:TrackPointExtension><gpxtpx:hr>153</gpxtpx:hr><gpxtpx:cad>72</gpxtpx:cad></gpxtpx:TrackPointExtension></extensions><extensions><gpxtpx:PowerExtension><gpxtpx:PowerInWatts>214</gpxtpx:PowerInWatts></gpxtpx:PowerExtension></extensions></trkpt>
<trkpt lat="38.5776336" lon="-121.4609852">
<ele>8</ele><time>2025-03-05T17:32:40.999Z</time><extensions><gpxtpx:TrackPointExtension><gpxtpx:hr>153</gpxtpx:hr><gpxtpx:cad>75</gpxtpx:cad></gpxtpx:TrackPointExtension></extensions><extensions><gpxtpx:PowerExtension><gpxtpx:PowerInWatts>217</gpxtpx:PowerInWatts></gpxtpx:PowerExtension></extensions></trkpt>
<trkpt lat="38.5776517" lon="-121.4610449">
<ele>8</ele><time>2025-03-05T17:32:42.999Z</time><extensions><gpxtpx:TrackPointExtension><gpxtpx:hr>153</gpxtpx:hr><gpxtpx:cad>79</gpxtpx:cad></gpxtpx:TrackPointExtension></extensions><extensions><gpxtpx:PowerExtension><gpxtpx:PowerInWatts>217</gpxtpx:PowerInWatts></gpxtpx:PowerExtension></extensions></trkpt>
<trkpt lat="38.5776715" lon="-121.4611122">
<ele>8</ele><time>2025-03-05T17:32:44.999Z</time><extensions><gpxtpx:TrackPointExtension><gpxtpx:hr>153</gpxtpx:hr><gpxtpx:cad>79</gpxtpx:cad></gpxtpx:TrackPointExtension></extensions><extensions><gpxtpx:PowerExtension><gpxtpx:PowerInWatts>217</gpxtpx:PowerInWatts></gpxtpx:PowerExtension></extensions></trkpt>
<trkpt lat="38.5777061" lon="-121.4612002">
<ele>8</ele><time>2025-03-05T17:32:47.999Z</time><extensions><gpxtpx:TrackPointExtension><gpxtpx:hr>153</gpxtpx:hr><gpxtpx:cad>78</gpxtpx:cad></gpxtpx:TrackPointExtension></extensions><extensions><gpxtpx:PowerExtension><gpxtpx:PowerInWatts>215</gpxtpx:PowerInWatts></gpxtpx:PowerExtension></extensions></trkpt>
<trkpt lat="38.5777187" lon="-121.4612579">
<ele>8</ele><time>2025-03-05T17:32:49.999Z</time><extensions><gpxtpx:TrackPointExtension><gpxtpx:hr>153</gpxtpx:hr><gpxtpx:cad>73</gpxtpx:cad></gpxtpx:TrackPointExtension></extensions><extensions><gpxtpx:PowerExtension><gpxtpx:PowerInWatts>215</gpxtpx:PowerInWatts></gpxtpx:PowerExtension></extensions></trkpt>
<trkpt lat="38.5777326" lon="-121.4613374">
<ele>8</ele><time>2025-03-05T17:32:51.999Z</time><extensions><gpxtpx:TrackPointExtension><gpxtpx:hr>153</gpxtpx:hr><gpxtpx:cad>69</gpxtpx:cad></gpxtpx:TrackPointExtension></extensions><extensions><gpxtpx:PowerExtension><gpxtpx:PowerInWatts>215</gpxtpx:PowerInWatts></gpxtpx:PowerExtension></extensions></trkpt>
<trkpt lat="38.5777480" lon="-121.4614057">
<ele>8</ele><time>2025-03-05T17:32:54.999Z</time><extensions><gpxtpx:TrackPointExtension><gpxtpx:hr>153</gpxtpx:hr><gpxtpx:cad>67</gpxtpx:cad></gpxtpx:TrackPointExtension></extensions><extensions><gpxtpx:PowerExtension><gpxtpx:PowerInWatts>218</gpxtpx:PowerInWatts></gpxtpx:PowerExtension></extensions></trkpt>
<trkpt lat="38.5777705" lon="-121.4614683">
<ele>8</ele><time>2025-03-05T17:32:56.999Z</time><extensions><gpxtpx:TrackPointExtension><gpxtpx:hr>152</gpxtpx:hr><gpxtpx:cad>69</gpxtpx:cad></gpxtpx:TrackPointExtension></extensions><extensions><gpxtpx:PowerExtension><gpxtpx:PowerInWatts>218</gpxtpx:PowerInWatts></gpxtpx:PowerExtension></extensions></trkpt>
<trkpt lat="38.5777865" lon="-121.4615325">
<ele>8</ele><time>2025-03-05T17:32:58.999Z</time><extensions><gpxtpx:TrackPointExtension><gpxtpx:hr>152</gpxtpx:hr><gpxtpx:cad>69</gpxtpx:cad></gpxtpx:TrackPointExtension></extensions><extensions><gpxtpx:PowerExtension><gpxtpx:PowerInWatts>219</gpxtpx:PowerInWatts></gpxtpx:PowerExtension></extensions></trkpt>
<trkpt lat="38.5778037" lon="-121.4616087">
<ele>9</ele><time>2025-03-05T17:33:00.999Z</time><extensions><gpxtpx:TrackPointExtension><gpxtpx:hr>152</gpxtpx:hr><gpxtpx:cad>71</gpxtpx:cad></gpxtpx:TrackPointExtension></extensions><extensions><gpxtpx:PowerExtension><gpxtpx:PowerInWatts>215</gpxtpx:PowerInWatts></gpxtpx:PowerExtension></extensions></trkpt>
<trkpt lat="38.5778218" lon="-121.4616922">
<ele>9</ele><time>2025-03-05T17:33:02.999Z</time><extensions><gpxtpx:TrackPointExtension><gpxtpx:hr>153</gpxtpx:hr><gpxtpx:cad>69</gpxtpx:cad></gpxtpx:TrackPointExtension></extensions><extensions><gpxtpx:PowerExtension><gpxtpx:PowerInWatts>215</gpxtpx:PowerInWatts></gpxtpx:PowerExtension></extensions></trkpt>
<trkpt lat="38.5778453" lon="-121.4617443">
<ele>9</ele><time>2025-03-05T17:33:04.999Z</time><extensions><gpxtpx:TrackPointExtension><gpxtpx:hr>153</gpxtpx:hr><gpxtpx:cad>70</gpxtpx:cad></gpxtpx:TrackPointExtension></extensions><extensions><gpxtpx:PowerExtension><gpxtpx:PowerInWatts>215</gpxtpx:PowerInWatts></gpxtpx:PowerExtension></extensions></trkpt>
<trkpt lat="38.5778586" lon="-121.4618389">
<ele>9</ele><time>2025-03-05T17:33:07.999Z</time><extensions><gpxtpx:TrackPointExtension><gpxtpx:hr>153</gpxtpx:hr><gpxtpx:cad>73</gpxtpx:cad></gpxtpx:TrackPointExtension></extensions><extensions><gpxtpx:PowerExtension><gpxtpx:PowerInWatts>215</gpxtpx:PowerInWatts></gpxtpx:PowerExtension></extensions></trkpt>
<trkpt lat="38.5778676" lon="-121.4618967">
<ele>9</ele><time>2025-03-05T17:33:09.999Z</time><extensions><gpxtpx:TrackPointExtension><gpxtpx:hr>153</gpxtpx:hr><gpxtpx:cad>74</gpxtpx:cad></gpxtpx:TrackPointExtension></extensions><extensions><gpxtpx:PowerExtension><gpxtpx:PowerInWatts>214</gpxtpx:PowerInWatts></gpxtpx:PowerExtension></extensions></trkpt>
<trkpt lat="38.5778957" lon="-121.4619559">
<ele>9</ele><time>2025-03-05T17:33:11.999Z</time><extensions><gpxtpx:TrackPointExtension><gpxtpx:hr>153</gpxtpx:hr><gpxtpx:cad>75</gpxtpx:cad></gpxtpx:TrackPointExtension></extensions><extensions><gpxtpx:PowerExtension><gpxtpx:PowerInWatts>212</gpxtpx:PowerInWatts></gpxtpx:PowerExtension></extensions></trkpt>
<trkpt lat="38.5779151" lon="-121.4620262">
<ele>9</ele><time>2025-03-05T17:33:13.999Z</time><extensions><gpxtpx:TrackPointExtension><gpxtpx:hr>153</gpxtpx:hr><gpxtpx:cad>71</gpxtpx:cad></gpxtpx:TrackPointExtension></extensions><extensions><gpxtpx:PowerExtension><gpxtpx:PowerInWatts>207</gpxtpx:PowerInWatts></gpxtpx:PowerExtension></extensions></trkpt>
<trkpt lat="38.5779126" lon="-121.4621046">
<ele>9</ele><time>2025-03-05T17:33:15.999Z</time><extensions><gpxtpx:TrackPointExtension><gpxtpx:hr>153</gpxtpx:hr><gpxtpx:cad>68</gpxtpx:cad></gpxtpx:TrackPointExtension></extensions><extensions><gpxtpx:PowerExtension><gpxtpx:PowerInWatts>209</gpxtpx:PowerInWatts></gpxtpx:PowerExtension></extensions></trkpt>
<trkpt lat="38.5779366" lon="-121.4621554">
<ele>9</ele><time>2025-03-05T17:33:17.999Z</time><extensions><gpxtpx:TrackPointExtension><gpxtpx:hr>153</gpxtpx:hr><gpxtpx:cad>69</gpxtpx:cad></gpxtpx:TrackPointExtension></extensions><extensions><gpxtpx:PowerExtension><gpxtpx:PowerInWatts>209</gpxtpx:PowerInWatts></gpxtpx:PowerExtension></extensions></trkpt>
<trkpt lat="38.5779622" lon="-121.4622185">
<ele>9</ele><time>2025-03-05T17:33:19.999Z</time><extensions><gpxtpx:TrackPointExtension><gpxtpx:hr>153</gpxtpx:hr><gpxtpx:cad>75</gpxtpx:cad></gpxtpx:TrackPointExtension></extensions><extensions><gpxtpx:PowerExtension><gpxtpx:PowerInWatts>212</gpxtpx:PowerInWatts></gpxtpx:PowerExtension></extensions></trkpt>
<trkpt lat="38.5779733" lon="-121.4622790">
<ele>9</ele><time>2025-03-05T17:33:21.999Z</time><extensions><gpxtpx:TrackPointExtension><gpxtpx:hr>153</gpxtpx:hr><gpxtpx:cad>78</gpxtpx:cad></gpxtpx:TrackPointExtension></extensions><extensions><gpxtpx:PowerExtension><gpxtpx:PowerInWatts>215</gpxtpx:PowerInWatts></gpxtpx:PowerExtension></extensions></trkpt>
<trkpt lat="38.5780110" lon="-121.4623342">
<ele>9</ele><time>2025-03-05T17:33:23.999Z</time><extensions><gpxtpx:TrackPointExtension><gpxtpx:hr>153</gpxtpx:hr><gpxtpx:cad>80</gpxtpx:cad></gpxtpx:TrackPointExtension></extensions><extensions><gpxtpx:PowerExtension><gpxtpx:PowerInWatts>217</gpxtpx:PowerInWatts></gpxtpx:PowerExtension></extensions></trkpt>
<trkpt lat="38.5780212" lon="-121.4623962">
<ele>9</ele><time>2025-03-05T17:33:25.999Z</time><extensions><gpxtpx:TrackPointExtension><gpxtpx:hr>153</gpxtpx:hr><gpxtpx:cad>80</gpxtpx:cad></gpxtpx:TrackPointExtension></extensions><extensions><gpxtpx:PowerExtension><gpxtpx:PowerInWatts>217</gpxtpx:PowerInWatts></gpxtpx:PowerExtension></extensions></trkpt>
<trkpt lat="38.5780250" lon="-121.4624709">
<ele>9</ele><time>2025-03-05T17:33:27.999Z</time><extensions><gpxtpx:TrackPointExtension><gpxtpx:hr>153</gpxtpx:hr><gpxtpx:cad>80</gpxtpx:cad></gpxtpx:TrackPointExtension></extensions><extensions><gpxtpx:PowerExtension><gpxtpx:PowerInWatts>216</gpxtpx:PowerInWatts></gpxtpx:PowerExtension></extensions></trkpt>
<trkpt lat="38.5780458" lon="-121.4625397">
<ele>9</ele><time>2025-03-05T17:33:29.999Z</time><extensions><gpxtpx:TrackPointExtension><gpxtpx:hr>153</gpxtpx:hr><gpxtpx:cad>80</gpxtpx:cad></gpxtpx:TrackPointExtension></extensions><extensions><gpxtpx:PowerExtension><gpxtpx:PowerInWatts>217</gpxtpx:PowerInWatts></gpxtpx:PowerExtension></extensions></trkpt>
<trkpt lat="38.5780596" lon="-121.4626193">
<ele>9</ele><time>2025-03-05T17:33:31.999Z</time><extensions><gpxtpx:TrackPointExtension><gpxtpx:hr>152</gpxtpx:hr><gpxtpx:cad>82</gpxtpx:cad></gpxtpx:TrackPointExtension></extensions><extensions><gpxtpx:PowerExtension><gpxtpx:PowerInWatts>218</gpxtpx:PowerInWatts></gpxtpx:PowerExtension></extensions></trkpt>
<trkpt lat="38.5780803" lon="-121.4626860">
<ele>9</ele><time>2025-03-05T17:33:33.999Z</time><extensions><gpxtpx:TrackPointExtension><gpxtpx:hr>152</gpxtpx:hr><gpxtpx:cad>84</gpxtpx:cad></gpxtpx:TrackPointExtension></extensions><extensions><gpxtpx:PowerExtension><gpxtpx:PowerInWatts>216</gpxtpx:PowerInWatts></gpxtpx:PowerExtension></extensions></trkpt>
<trkpt lat="38.5781021" lon="-121.4627516">
<ele>9</ele><time>2025-03-05T17:33:35.999Z</time><extensions><gpxtpx:TrackPointExtension><gpxtpx:hr>152</gpxtpx:hr><gpxtpx:cad>81</gpxtpx:cad></gpxtpx:TrackPointExtension></extensions><extensions><gpxtpx:PowerExtension><gpxtpx:PowerInWatts>216</gpxtpx:PowerInWatts></gpxtpx:PowerExtension></extensions></trkpt>
<trkpt lat="38.5781079" lon="-121.4628111">
<ele>9</ele><time>2025-03-05T17:33:37.999Z</time><extensions><gpxtpx:TrackPointExtension><gpxtpx:hr>152</gpxtpx:hr><gpxtpx:cad>78</gpxtpx:cad></gpxtpx:TrackPointExtension></extensions><extensions><gpxtpx:PowerExtension><gpxtpx:PowerInWatts>216</gpxtpx:PowerInWatts></gpxtpx:PowerExtension></extensions></trkpt>
<trkpt lat="38.5780419" lon="-121.4628454">
<ele>9</ele><time>2025-03-05T17:33:39.999Z</time><extensions><gpxtpx:TrackPointExtension><gpxtpx:hr>153</gpxtpx:hr><gpxtpx:cad>76</gpxtpx:cad></gpxtpx:TrackPointExtension></extensions><extensions><gpxtpx:PowerExtension><gpxtpx:PowerInWatts>219</gpxtpx:PowerInWatts></gpxtpx:PowerExtension></extensions></trkpt>
<trkpt lat="38.5779934" lon="-121.4628360">
<ele>9</ele><time>2025-03-05T17:33:41.999Z</time><extensions><gpxtpx:TrackPointExtension><gpxtpx:hr>153</gpxtpx:hr><gpxtpx:cad>76</gpxtpx:cad></gpxtpx:TrackPointExtension></extensions><extensions><gpxtpx:PowerExtension><gpxtpx:PowerInWatts>223</gpxtpx:PowerInWatts></gpxtpx:PowerExtension></extensions></trkpt>
<trkpt lat="38.5779390" lon="-121.4628570">
<ele>9</ele><time>2025-03-05T17:33:43.999Z</time><extensions><gpxtpx:TrackPointExtension><gpxtpx:hr>153</gpxtpx:hr><gpxtpx:cad>77</gpxtpx:cad></gpxtpx:TrackPointExtension></extensions><extensions><gpxtpx:PowerExtension><gpxtpx:PowerInWatts>223</gpxtpx:PowerInWatts></gpxtpx:PowerExtension></extensions></trkpt>
<trkpt lat="38.5778816" lon="-121.4628874">
<ele>9</ele><time>2025-03-05T17:33:45.999Z</time><extensions><gpxtpx:TrackPointExtension><gpxtpx:hr>153</gpxtpx:hr><gpxtpx:cad>76</gpxtpx:cad></gpxtpx:TrackPointExtension></extensions><extensions><gpxtpx:PowerExtension><gpxtpx:PowerInWatts>223</gpxtpx:PowerInWatts></gpxtpx:PowerExtension></extensions></trkpt>
<trkpt lat="38.5778240" lon="-121.4629330">
<ele>9</ele><time>2025-03-05T17:33:48.999Z</time><extensions><gpxtpx:TrackPointExtension><gpxtpx:hr>153</gpxtpx:hr><gpxtpx:cad>73</gpxtpx:cad></gpxtpx:TrackPointExtension></extensions><extensions><gpxtpx:PowerExtension><gpxtpx:PowerInWatts>214</gpxtpx:PowerInWatts></gpxtpx:PowerExtension></extensions></trkpt>
<trkpt lat="38.5777617" lon="-121.4629724">
<ele>9</ele><time>2025-03-05T17:33:51.999Z</time><extensions><gpxtpx:TrackPointExtension><gpxtpx:hr>153</gpxtpx:hr><gpxtpx:cad>76</gpxtpx:cad></gpxtpx:TrackPointExtension></extensions><extensions><gpxtpx:PowerExtension><gpxtpx:PowerInWatts>218</gpxtpx:PowerInWatts></gpxtpx:PowerExtension></extensions></trkpt>
<trkpt lat="38.5777071" lon="-121.4629945">
<ele>9</ele><time>2025-03-05T17:33:53.999Z</time><extensions><gpxtpx:TrackPointExtension><gpxtpx:hr>152</gpxtpx:hr><gpxtpx:cad>80</gpxtpx:cad></gpxtpx:TrackPointExtension></extensions><extensions><gpxtpx:PowerExtension><gpxtpx:PowerInWatts>218</gpxtpx:PowerInWatts></gpxtpx:PowerExtension></extensions></trkpt>
<trkpt lat="38.5776393" lon="-121.4630151">
<ele>9</ele><time>2025-03-05T17:33:56.999Z</time><extensions><gpxtpx:TrackPointExtension><gpxtpx:hr>151</gpxtpx:hr><gpxtpx:cad>74</gpxtpx:cad></gpxtpx:TrackPointExtension></extensions><extensions><gpxtpx:PowerExtension><gpxtpx:PowerInWatts>214</gpxtpx:PowerInWatts></gpxtpx:PowerExtension></extensions></trkpt>
<trkpt lat="38.5775910" lon="-121.4630392">
<ele>9</ele><time>2025-03-05T17:33:58.999Z</time><extensions><gpxtpx:TrackPointExtension><gpxtpx:hr>151</gpxtpx:hr><gpxtpx:cad>71</gpxtpx:cad></gpxtpx:TrackPointExtension></extensions><extensions><gpxtpx:PowerExtension><gpxtpx:PowerInWatts>214</gpxtpx:PowerInWatts></gpxtpx:PowerExtension></extensions></trkpt>
<trkpt lat="38.5775134" lon="-121.4630626">
<ele>9</ele><time>2025-03-05T17:34:01.999Z</time><extensions><gpxtpx:TrackPointExtension><gpxtpx:hr>152</gpxtpx:hr><gpxtpx:cad>73</gpxtpx:cad></gpxtpx:TrackPointExtension></extensions><extensions><gpxtpx:PowerExtension><gpxtpx:PowerInWatts>208</gpxtpx:PowerInWatts></gpxtpx:PowerExtension></extensions></trkpt>
<trkpt lat="38.5774379" lon="-121.4630727">
<ele>9</ele><time>2025-03-05T17:34:03.999Z</time><extensions><gpxtpx:TrackPointExtension><gpxtpx:hr>152</gpxtpx:hr><gpxtpx:cad>75</gpxtpx:cad></gpxtpx:TrackPointExtension></extensions><extensions><gpxtpx:PowerExtension><gpxtpx:PowerInWatts>208</gpxtpx:PowerInWatts></gpxtpx:PowerExtension></extensions></trkpt>
<trkpt lat="38.5773971" lon="-121.4631209">
<ele>9</ele><time>2025-03-05T17:34:04.999Z</time><extensions><gpxtpx:TrackPointExtension><gpxtpx:hr>152</gpxtpx:hr><gpxtpx:cad>73</gpxtpx:cad></gpxtpx:TrackPointExtension></extensions><extensions><gpxtpx:PowerExtension><gpxtpx:PowerInWatts>208</gpxtpx:PowerInWatts></gpxtpx:PowerExtension></extensions></trkpt>
<trkpt lat="38.5773302" lon="-121.4631414">
<ele>9</ele><time>2025-03-05T17:34:06.999Z</time><extensions><gpxtpx:TrackPointExtension><gpxtpx:hr>152</gpxtpx:hr><gpxtpx:cad>74</gpxtpx:cad></gpxtpx:TrackPointExtension></extensions><extensions><gpxtpx:PowerExtension><gpxtpx:PowerInWatts>208</gpxtpx:PowerInWatts></gpxtpx:PowerExtension></extensions></trkpt>
<trkpt lat="38.5772567" lon="-121.4631550">
<ele>9</ele><time>2025-03-05T17:34:08.999Z</time><extensions><gpxtpx:TrackPointExtension><gpxtpx:hr>152</gpxtpx:hr><gpxtpx:cad>80</gpxtpx:cad></gpxtpx:TrackPointExtension></extensions><extensions><gpxtpx:PowerExtension><gpxtpx:PowerInWatts>208</gpxtpx:PowerInWatts></gpxtpx:PowerExtension></extensions></trkpt>
<trkpt lat="38.5771961" lon="-121.4631671">
<ele>9</ele><time>2025-03-05T17:34:10.999Z</time><extensions><gpxtpx:TrackPointExtension><gpxtpx:hr>153</gpxtpx:hr><gpxtpx:cad>82</gpxtpx:cad></gpxtpx:TrackPointExtension></extensions><extensions><gpxtpx:PowerExtension><gpxtpx:PowerInWatts>208</gpxtpx:PowerInWatts></gpxtpx:PowerExtension></extensions></trkpt>
<trkpt lat="38.5771418" lon="-121.4632082">
<ele>9</ele><time>2025-03-05T17:34:12.999Z</time><extensions><gpxtpx:TrackPointExtension><gpxtpx:hr>153</gpxtpx:hr><gpxtpx:cad>81</gpxtpx:cad></gpxtpx:TrackPointExtension></extensions><extensions><gpxtpx:PowerExtension><gpxtpx:PowerInWatts>239</gpxtpx:PowerInWatts></gpxtpx:PowerExtension></extensions></trkpt>
<trkpt lat="38.5770878" lon="-121.4632450">
<ele>9</ele><time>2025-03-05T17:34:14.999Z</time><extensions><gpxtpx:TrackPointExtension><gpxtpx:hr>154</gpxtpx:hr><gpxtpx:cad>78</gpxtpx:cad></gpxtpx:TrackPointExtension></extensions><extensions><gpxtpx:PowerExtension><gpxtpx:PowerInWatts>251</gpxtpx:PowerInWatts></gpxtpx:PowerExtension></extensions></trkpt>
<trkpt lat="38.5770186" lon="-121.4632638">
<ele>9</ele><time>2025-03-05T17:34:16.999Z</time><extensions><gpxtpx:TrackPointExtension><gpxtpx:hr>155</gpxtpx:hr><gpxtpx:cad>76</gpxtpx:cad></gpxtpx:TrackPointExtension></extensions><extensions><gpxtpx:PowerExtension><gpxtpx:PowerInWatts>251</gpxtpx:PowerInWatts></gpxtpx:PowerExtension></extensions></trkpt>
<trkpt lat="38.5769465" lon="-121.4632844">
<ele>9</ele><time>2025-03-05T17:34:18.999Z</time><extensions><gpxtpx:TrackPointExtension><gpxtpx:hr>155</gpxtpx:hr><gpxtpx:cad>75</gpxtpx:cad></gpxtpx:TrackPointExtension></extensions><extensions><gpxtpx:PowerExtension><gpxtpx:PowerInWatts>251</gpxtpx:PowerInWatts></gpxtpx:PowerExtension></extensions></trkpt>
<trkpt lat="38.5768867" lon="-121.4633006">
<ele>9</ele><time>2025-03-05T17:34:20.999Z</time><extensions><gpxtpx:TrackPointExtension><gpxtpx:hr>156</gpxtpx:hr><gpxtpx:cad>80</gpxtpx:cad></gpxtpx:TrackPointExtension></extensions><extensions><gpxtpx:PowerExtension><gpxtpx:PowerInWatts>272</gpxtpx:PowerInWatts></gpxtpx:PowerExtension></extensions></trkpt>
<trkpt lat="38.5768143" lon="-121.4633374">
<ele>9</ele><time>2025-03-05T17:34:22.999Z</time><extensions><gpxtpx:TrackPointExtension><gpxtpx:hr>156</gpxtpx:hr><gpxtpx:cad>80</gpxtpx:cad></gpxtpx:TrackPointExtension></extensions><extensions><gpxtpx:PowerExtension><gpxtpx:PowerInWatts>273</gpxtpx:PowerInWatts></gpxtpx:PowerExtension></extensions></trkpt>
<trkpt lat="38.5767510" lon="-121.4633634">
<ele>9</ele><time>2025-03-05T17:34:24.999Z</time><extensions><gpxtpx:TrackPointExtension><gpxtpx:hr>157</gpxtpx:hr><gpxtpx:cad>77</gpxtpx:cad></gpxtpx:TrackPointExtension></extensions><extensions><gpxtpx:PowerExtension><gpxtpx:PowerInWatts>273</gpxtpx:PowerInWatts></gpxtpx:PowerExtension></extensions></trkpt>
<trkpt lat="38.5766837" lon="-121.4634020">
<ele>9</ele><time>2025-03-05T17:34:26.999Z</time><extensions><gpxtpx:TrackPointExtension><gpxtpx:hr>158</gpxtpx:hr><gpxtpx:cad>77</gpxtpx:cad></gpxtpx:TrackPointExtension></extensions><extensions><gpxtpx:PowerExtension><gpxtpx:PowerInWatts>279</gpxtpx:PowerInWatts></gpxtpx:PowerExtension></extensions></trkpt>
<trkpt lat="38.5766228" lon="-121.4634381">
<ele>9</ele><time>2025-03-05T17:34:28.999Z</time><extensions><gpxtpx:TrackPointExtension><gpxtpx:hr>159</gpxtpx:hr><gpxtpx:cad>80</gpxtpx:cad></gpxtpx:TrackPointExtension></extensions><extensions><gpxtpx:PowerExtension><gpxtpx:PowerInWatts>279</gpxtpx:PowerInWatts></gpxtpx:PowerExtension></extensions></trkpt>
<trkpt lat="38.5765671" lon="-121.4634619">
<ele>9</ele><time>2025-03-05T17:34:30.999Z</time><extensions><gpxtpx:TrackPointExtension><gpxtpx:hr>159</gpxtpx:hr><gpxtpx:cad>83</gpxtpx:cad></gpxtpx:TrackPointExtension></extensions><extensions><gpxtpx:PowerExtension><gpxtpx:PowerInWatts>279</gpxtpx:PowerInWatts></gpxtpx:PowerExtension></extensions></trkpt>
<trkpt lat="38.5765186" lon="-121.4634797">
<ele>9</ele><time>2025-03-05T17:34:32.999Z</time><extensions><gpxtpx:TrackPointExtension><gpxtpx:hr>160</gpxtpx:hr><gpxtpx:cad>77</gpxtpx:cad></gpxtpx:TrackPointExtension></extensions><extensions><gpxtpx:PowerExtension><gpxtpx:PowerInWatts>281</gpxtpx:PowerInWatts></gpxtpx:PowerExtension></extensions></trkpt>
<trkpt lat="38.5764506" lon="-121.4635056">
<ele>9</ele><time>2025-03-05T17:34:35.999Z</time><extensions><gpxtpx:TrackPointExtension><gpxtpx:hr>160</gpxtpx:hr><gpxtpx:cad>73</gpxtpx:cad></gpxtpx:TrackPointExtension></extensions><extensions><gpxtpx:PowerExtension><gpxtpx:PowerInWatts>280</gpxtpx:PowerInWatts></gpxtpx:PowerExtension></extensions></trkpt>
<trkpt lat="38.5763896" lon="-121.4635367">
<ele>9</ele><time>2025-03-05T17:34:38.999Z</time><extensions><gpxtpx:TrackPointExtension><gpxtpx:hr>160</gpxtpx:hr><gpxtpx:cad>76</gpxtpx:cad></gpxtpx:TrackPointExtension></extensions><extensions><gpxtpx:PowerExtension><gpxtpx:PowerInWatts>274</gpxtpx:PowerInWatts></gpxtpx:PowerExtension></extensions></trkpt>
<trkpt lat="38.5763446" lon="-121.4635381">
<ele>9</ele><time>2025-03-05T17:34:40.999Z</time><extensions><gpxtpx:TrackPointExtension><gpxtpx:hr>159</gpxtpx:hr><gpxtpx:cad>81</gpxtpx:cad></gpxtpx:TrackPointExtension></extensions><extensions><gpxtpx:PowerExtension><gpxtpx:PowerInWatts>253</gpxtpx:PowerInWatts></gpxtpx:PowerExtension></extensions></trkpt>
<trkpt lat="38.5763036" lon="-121.4635761">
<ele>9</ele><time>2025-03-05T17:34:42.999Z</time><extensions><gpxtpx:TrackPointExtension><gpxtpx:hr>160</gpxtpx:hr><gpxtpx:cad>80</gpxtpx:cad></gpxtpx:TrackPointExtension></extensions><extensions><gpxtpx:PowerExtension><gpxtpx:PowerInWatts>253</gpxtpx:PowerInWatts></gpxtpx:PowerExtension></extensions></trkpt>
<trkpt lat="38.5762546" lon="-121.4635977">
<ele>9</ele><time>2025-03-05T17:34:44.999Z</time><extensions><gpxtpx:TrackPointExtension><gpxtpx:hr>160</gpxtpx:hr><gpxtpx:cad>79</gpxtpx:cad></gpxtpx:TrackPointExtension></extensions><extensions><gpxtpx:PowerExtension><gpxtpx:PowerInWatts>253</gpxtpx:PowerInWatts></gpxtpx:PowerExtension></extensions></trkpt>
<trkpt lat="38.5761959" lon="-121.4636222">
<ele>9</ele><time>2025-03-05T17:34:47.999Z</time><extensions><gpxtpx:TrackPointExtension><gpxtpx:hr>159</gpxtpx:hr><gpxtpx:cad>78</gpxtpx:cad></gpxtpx:TrackPointExtension></extensions><extensions><gpxtpx:PowerExtension><gpxtpx:PowerInWatts>230</gpxtpx:PowerInWatts></gpxtpx:PowerExtension></extensions></trkpt>
<trkpt lat="38.5761470" lon="-121.4636408">
<ele>9</ele><time>2025-03-05T17:34:49.999Z</time><extensions><gpxtpx:TrackPointExtension><gpxtpx:hr>159</gpxtpx:hr><gpxtpx:cad>78</gpxtpx:cad></gpxtpx:TrackPointExtension></extensions><extensions><gpxtpx:PowerExtension><gpxtpx:PowerInWatts>230</gpxtpx:PowerInWatts></gpxtpx:PowerExtension></extensions></trkpt>
<trkpt lat="38.5760860" lon="-121.4636363">
<ele>9</ele><time>2025-03-05T17:34:51.999Z</time><extensions><gpxtpx:TrackPointExtension><gpxtpx:hr>159</gpxtpx:hr><gpxtpx:cad>81</gpxtpx:cad></gpxtpx:TrackPointExtension></extensions><extensions><gpxtpx:PowerExtension><gpxtpx:PowerInWatts>230</gpxtpx:PowerInWatts></gpxtpx:PowerExtension></extensions></trkpt>
<trkpt lat="38.5760431" lon="-121.4636067">
<ele>9</ele><time>2025-03-05T17:34:53.999Z</time><extensions><gpxtpx:TrackPointExtension><gpxtpx:hr>158</gpxtpx:hr><gpxtpx:cad>79</gpxtpx:cad></gpxtpx:TrackPointExtension></extensions><extensions><gpxtpx:PowerExtension><gpxtpx:PowerInWatts>212</gpxtpx:PowerInWatts></gpxtpx:PowerExtension></extensions></trkpt>
<trkpt lat="38.5759993" lon="-121.4635812">
<ele>8</ele><time>2025-03-05T17:34:55.999Z</time><extensions><gpxtpx:TrackPointExtension><gpxtpx:hr>158</gpxtpx:hr><gpxtpx:cad>76</gpxtpx:cad></gpxtpx:TrackPointExtension></extensions><extensions><gpxtpx:PowerExtension><gpxtpx:PowerInWatts>218</gpxtpx:PowerInWatts></gpxtpx:PowerExtension></extensions></trkpt>
<trkpt lat="38.5759432" lon="-121.4635735">
<ele>8</ele><time>2025-03-05T17:34:57.999Z</time><extensions><gpxtpx:TrackPointExtension><gpxtpx:hr>158</gpxtpx:hr><gpxtpx:cad>75</gpxtpx:cad></gpxtpx:TrackPointExtension></extensions><extensions><gpxtpx:PowerExtension><gpxtpx:PowerInWatts>218</gpxtpx:PowerInWatts></gpxtpx:PowerExtension></extensions></trkpt>
<trkpt lat="38.5758963" lon="-121.4635419">
<ele>8</ele><time>2025-03-05T17:34:59.999Z</time><extensions><gpxtpx:TrackPointExtension><gpxtpx:hr>157</gpxtpx:hr><gpxtpx:cad>78</gpxtpx:cad></gpxtpx:TrackPointExtension></extensions><extensions><gpxtpx:PowerExtension><gpxtpx:PowerInWatts>218</gpxtpx:PowerInWatts></gpxtpx:PowerExtension></extensions></trkpt>
<trkpt lat="38.5758290" lon="-121.4635511">
<ele>8</ele><time>2025-03-05T17:35:01.999Z</time><extensions><gpxtpx:TrackPointExtension><gpxtpx:hr>157</gpxtpx:hr><gpxtpx:cad>78</gpxtpx:cad></gpxtpx:TrackPointExtension></extensions><extensions><gpxtpx:PowerExtension><gpxtpx:PowerInWatts>214</gpxtpx:PowerInWatts></gpxtpx:PowerExtension></extensions></trkpt>
<trkpt lat="38.5757671" lon="-121.4635739">
<ele>8</ele><time>2025-03-05T17:35:03.999Z</time><extensions><gpxtpx:TrackPointExtension><gpxtpx:hr>157</gpxtpx:hr><gpxtpx:cad>83</gpxtpx:cad></gpxtpx:TrackPointExtension></extensions><extensions><gpxtpx:PowerExtension><gpxtpx:PowerInWatts>211</gpxtpx:PowerInWatts></gpxtpx:PowerExtension></extensions></trkpt>
<trkpt lat="38.5757072" lon="-121.4635981">
<ele>8</ele><time>2025-03-05T17:35:05.999Z</time><extensions><gpxtpx:TrackPointExtension><gpxtpx:hr>157</gpxtpx:hr><gpxtpx:cad>84</gpxtpx:cad></gpxtpx:TrackPointExtension></extensions><extensions><gpxtpx:PowerExtension><gpxtpx:PowerInWatts>212</gpxtpx:PowerInWatts></gpxtpx:PowerExtension></extensions></trkpt>
<trkpt lat="38.5756469" lon="-121.4636380">
<ele>8</ele><time>2025-03-05T17:35:07.999Z</time><extensions><gpxtpx:TrackPointExtension><gpxtpx:hr>157</gpxtpx:hr><gpxtpx:cad>82</gpxtpx:cad></gpxtpx:TrackPointExtension></extensions><extensions><gpxtpx:PowerExtension><gpxtpx:PowerInWatts>212</gpxtpx:PowerInWatts></gpxtpx:PowerExtension></extensions></trkpt>
<trkpt lat="38.5755979" lon="-121.4636565">
<ele>8</ele><time>2025-03-05T17:35:09.999Z</time><extensions><gpxtpx:TrackPointExtension><gpxtpx:hr>157</gpxtpx:hr><gpxtpx:cad>80</gpxtpx:cad></gpxtpx:TrackPointExtension></extensions><extensions><gpxtpx:PowerExtension><gpxtpx:PowerInWatts>217</gpxtpx:PowerInWatts></gpxtpx:PowerExtension></extensions></trkpt>
<trkpt lat="38.5755401" lon="-121.4636700">
<ele>8</ele><time>2025-03-05T17:35:11.999Z</time><extensions><gpxtpx:TrackPointExtension><gpxtpx:hr>157</gpxtpx:hr><gpxtpx:cad>83</gpxtpx:cad></gpxtpx:TrackPointExtension></extensions><extensions><gpxtpx:PowerExtension><gpxtpx:PowerInWatts>219</gpxtpx:PowerInWatts></gpxtpx:PowerExtension></extensions></trkpt>
<trkpt lat="38.5754809" lon="-121.4636923">
<ele>8</ele><time>2025-03-05T17:35:13.999Z</time><extensions><gpxtpx:TrackPointExtension><gpxtpx:hr>157</gpxtpx:hr><gpxtpx:cad>80</gpxtpx:cad></gpxtpx:TrackPointExtension></extensions><extensions><gpxtpx:PowerExtension><gpxtpx:PowerInWatts>223</gpxtpx:PowerInWatts></gpxtpx:PowerExtension></extensions></trkpt>
<trkpt lat="38.5754310" lon="-121.4637277">
<ele>8</ele><time>2025-03-05T17:35:15.999Z</time><extensions><gpxtpx:TrackPointExtension><gpxtpx:hr>157</gpxtpx:hr><gpxtpx:cad>75</gpxtpx:cad></gpxtpx:TrackPointExtension></extensions><extensions><gpxtpx:PowerExtension><gpxtpx:PowerInWatts>223</gpxtpx:PowerInWatts></gpxtpx:PowerExtension></extensions></trkpt>
<trkpt lat="38.5753663" lon="-121.4637557">
<ele>8</ele><time>2025-03-05T17:35:18.999Z</time><extensions><gpxtpx:TrackPointExtension><gpxtpx:hr>157</gpxtpx:hr><gpxtpx:cad>73</gpxtpx:cad></gpxtpx:TrackPointExtension></extensions><extensions><gpxtpx:PowerExtension><gpxtpx:PowerInWatts>226</gpxtpx:PowerInWatts></gpxtpx:PowerExtension></extensions></trkpt>
<trkpt lat="38.5753141" lon="-121.4637769">
<ele>8</ele><time>2025-03-05T17:35:20.999Z</time><extensions><gpxtpx:TrackPointExtension><gpxtpx:hr>157</gpxtpx:hr><gpxtpx:cad>72</gpxtpx:cad></gpxtpx:TrackPointExtension></extensions><extensions><gpxtpx:PowerExtension><gpxtpx:PowerInWatts>226</gpxtpx:PowerInWatts></gpxtpx:PowerExtension></extensions></trkpt>
<trkpt lat="38.5752636" lon="-121.4637913">
<ele>8</ele><time>2025-03-05T17:35:22.999Z</time><extensions><gpxtpx:TrackPointExtension><gpxtpx:hr>157</gpxtpx:hr><gpxtpx:cad>78</gpxtpx:cad></gpxtpx:TrackPointExtension></extensions><extensions><gpxtpx:PowerExtension><gpxtpx:PowerInWatts>228</gpxtpx:PowerInWatts></gpxtpx:PowerExtension></extensions></trkpt>
<trkpt lat="38.5752181" lon="-121.4638098">
<ele>8</ele><time>2025-03-05T17:35:24.999Z</time><extensions><gpxtpx:TrackPointExtension><gpxtpx:hr>157</gpxtpx:hr><gpxtpx:cad>80</gpxtpx:cad></gpxtpx:TrackPointExtension></extensions><extensions><gpxtpx:PowerExtension><gpxtpx:PowerInWatts>224</gpxtpx:PowerInWatts></gpxtpx:PowerExtension></extensions></trkpt>
<trkpt lat="38.5751528" lon="-121.4637870">
<ele>8</ele><time>2025-03-05T17:35:26.999Z</time><extensions><gpxtpx:TrackPointExtension><gpxtpx:hr>157</gpxtpx:hr><gpxtpx:cad>81</gpxtpx:cad></gpxtpx:TrackPointExtension></extensions><extensions><gpxtpx:PowerExtension><gpxtpx:PowerInWatts>224</gpxtpx:PowerInWatts></gpxtpx:PowerExtension></extensions></trkpt>
<trkpt lat="38.5750627" lon="-121.4637422">
<ele>8</ele><time>2025-03-05T17:35:28.999Z</time><extensions><gpxtpx:TrackPointExtension><gpxtpx:hr>157</gpxtpx:hr><gpxtpx:cad>76</gpxtpx:cad></gpxtpx:TrackPointExtension></extensions><extensions><gpxtpx:PowerExtension><gpxtpx:PowerInWatts>225</gpxtpx:PowerInWatts></gpxtpx:PowerExtension></extensions></trkpt>
<trkpt lat="38.5750102" lon="-121.4636965">
<ele>8</ele><time>2025-03-05T17:35:30.999Z</time><extensions><gpxtpx:TrackPointExtension><gpxtpx:hr>158</gpxtpx:hr><gpxtpx:cad>73</gpxtpx:cad></gpxtpx:TrackPointExtension></extensions><extensions><gpxtpx:PowerExtension><gpxtpx:PowerInWatts>225</gpxtpx:PowerInWatts></gpxtpx:PowerExtension></extensions></trkpt>
<trkpt lat="38.5749547" lon="-121.4636440">
<ele>8</ele><time>2025-03-05T17:35:32.999Z</time><extensions><gpxtpx:TrackPointExtension><gpxtpx:hr>158</gpxtpx:hr><gpxtpx:cad>76</gpxtpx:cad></gpxtpx:TrackPointExtension></extensions><extensions><gpxtpx:PowerExtension><gpxtpx:PowerInWatts>218</gpxtpx:PowerInWatts></gpxtpx:PowerExtension></extensions></trkpt>
<trkpt lat="38.5749186" lon="-121.4635874">
<ele>8</ele><time>2025-03-05T17:35:34.999Z</time><extensions><gpxtpx:TrackPointExtension><gpxtpx:hr>159</gpxtpx:hr><gpxtpx:cad>71</gpxtpx:cad></gpxtpx:TrackPointExtension></extensions><extensions><gpxtpx:PowerExtension><gpxtpx:PowerInWatts>239</gpxtpx:PowerInWatts></gpxtpx:PowerExtension></extensions></trkpt>
<trkpt lat="38.5748744" lon="-121.4635203">
<ele>9</ele><time>2025-03-05T17:35:36.999Z</time><extensions><gpxtpx:TrackPointExtension><gpxtpx:hr>159</gpxtpx:hr><gpxtpx:cad>74</gpxtpx:cad></gpxtpx:TrackPointExtension></extensions><extensions><gpxtpx:PowerExtension><gpxtpx:PowerInWatts>239</gpxtpx:PowerInWatts></gpxtpx:PowerExtension></extensions></trkpt>
<trkpt lat="38.5748769" lon="-121.4634211">
<ele>9</ele><time>2025-03-05T17:35:38.999Z</time><extensions><gpxtpx:TrackPointExtension><gpxtpx:hr>160</gpxtpx:hr><gpxtpx:cad>79</gpxtpx:cad></gpxtpx:TrackPointExtension></extensions><extensions><gpxtpx:PowerExtension><gpxtpx:PowerInWatts>239</gpxtpx:PowerInWatts></gpxtpx:PowerExtension></extensions></trkpt>
<trkpt lat="38.5748604" lon="-121.4633279">
<ele>9</ele><time>2025-03-05T17:35:40.999Z</time><extensions><gpxtpx:TrackPointExtension><gpxtpx:hr>160</gpxtpx:hr><gpxtpx:cad>85</gpxtpx:cad></gpxtpx:TrackPointExtension></extensions><extensions><gpxtpx:PowerExtension><gpxtpx:PowerInWatts>246</gpxtpx:PowerInWatts></gpxtpx:PowerExtension></extensions></trkpt>
<trkpt lat="38.5748526" lon="-121.4632529">
<ele>9</ele><time>2025-03-05T17:35:42.999Z</time><extensions><gpxtpx:TrackPointExtension><gpxtpx:hr>161</gpxtpx:hr><gpxtpx:cad>85</gpxtpx:cad></gpxtpx:TrackPointExtension></extensions><extensions><gpxtpx:PowerExtension><gpxtpx:PowerInWatts>248</gpxtpx:PowerInWatts></gpxtpx:PowerExtension></extensions></trkpt>
<trkpt lat="38.5748013" lon="-121.4631877">
<ele>9</ele><time>2025-03-05T17:35:44.999Z</time><extensions><gpxtpx:TrackPointExtension><gpxtpx:hr>161</gpxtpx:hr><gpxtpx:cad>85</gpxtpx:cad></gpxtpx:TrackPointExtension></extensions><extensions><gpxtpx:PowerExtension><gpxtpx:PowerInWatts>257</gpxtpx:PowerInWatts></gpxtpx:PowerExtension></extensions></trkpt>
<trkpt lat="38.5747871" lon="-121.4631305">
<ele>9</ele><time>2025-03-05T17:35:45.999Z</time><extensions><gpxtpx:TrackPointExtension><gpxtpx:hr>161</gpxtpx:hr><gpxtpx:cad>81</gpxtpx:cad></gpxtpx:TrackPointExtension></extensions><extensions><gpxtpx:PowerExtension><gpxtpx:PowerInWatts>257</gpxtpx:PowerInWatts></gpxtpx:PowerExtension></extensions></trkpt>
<trkpt lat="38.5747948" lon="-121.4630356">
<ele>9</ele><time>2025-03-05T17:35:47.999Z</time><extensions><gpxtpx:TrackPointExtension><gpxtpx:hr>161</gpxtpx:hr><gpxtpx:cad>81</gpxtpx:cad></gpxtpx:TrackPointExtension></extensions><extensions><gpxtpx:PowerExtension><gpxtpx:PowerInWatts>257</gpxtpx:PowerInWatts></gpxtpx:PowerExtension></extensions></trkpt>
<trkpt lat="38.5747673" lon="-121.4629517">
<ele>9</ele><time>2025-03-05T17:35:49.999Z</time><extensions><gpxtpx:TrackPointExtension><gpxtpx:hr>162</gpxtpx:hr><gpxtpx:cad>77</gpxtpx:cad></gpxtpx:TrackPointExtension></extensions><extensions><gpxtpx:PowerExtension><gpxtpx:PowerInWatts>260</gpxtpx:PowerInWatts></gpxtpx:PowerExtension></extensions></trkpt>
<trkpt lat="38.5747326" lon="-121.4628643">
<ele>9</ele><time>2025-03-05T17:35:51.999Z</time><extensions><gpxtpx:TrackPointExtension><gpxtpx:hr>162</gpxtpx:hr><gpxtpx:cad>80</gpxtpx:cad></gpxtpx:TrackPointExtension></extensions><extensions><gpxtpx:PowerExtension><gpxtpx:PowerInWatts>260</gpxtpx:PowerInWatts></gpxtpx:PowerExtension></extensions></trkpt>
<trkpt lat="38.5747194" lon="-121.4627792">
<ele>9</ele><time>2025-03-05T17:35:53.999Z</time><extensions><gpxtpx:TrackPointExtension><gpxtpx:hr>163</gpxtpx:hr><gpxtpx:cad>85</gpxtpx:cad></gpxtpx:TrackPointExtension></extensions><extensions><gpxtpx:PowerExtension><gpxtpx:PowerInWatts>264</gpxtpx:PowerInWatts></gpxtpx:PowerExtension></extensions></trkpt>
<trkpt lat="38.5747032" lon="-121.4626969">
<ele>9</ele><time>2025-03-05T17:35:55.999Z</time><extensions><gpxtpx:TrackPointExtension><gpxtpx:hr>163</gpxtpx:hr><gpxtpx:cad>81</gpxtpx:cad></gpxtpx:TrackPointExtension></extensions><extensions><gpxtpx:PowerExtension><gpxtpx:PowerInWatts>271</gpxtpx:PowerInWatts></gpxtpx:PowerExtension></extensions></trkpt>
<trkpt lat="38.5746854" lon="-121.4626214">
<ele>9</ele><time>2025-03-05T17:35:58.999Z</time><extensions><gpxtpx:TrackPointExtension><gpxtpx:hr>163</gpxtpx:hr><gpxtpx:cad>79</gpxtpx:cad></gpxtpx:TrackPointExtension></extensions><extensions><gpxtpx:PowerExtension><gpxtpx:PowerInWatts>275</gpxtpx:PowerInWatts></gpxtpx:PowerExtension></extensions></trkpt>
<trkpt lat="38.5746612" lon="-121.4625558">
<ele>9</ele><time>2025-03-05T17:36:00.999Z</time><extensions><gpxtpx:TrackPointExtension><gpxtpx:hr>163</gpxtpx:hr><gpxtpx:cad>78</gpxtpx:cad></gpxtpx:TrackPointExtension></extensions><extensions><gpxtpx:PowerExtension><gpxtpx:PowerInWatts>276</gpxtpx:PowerInWatts></gpxtpx:PowerExtension></extensions></trkpt>
<trkpt lat="38.5746526" lon="-121.4624865">
<ele>9</ele><time>2025-03-05T17:36:03.999Z</time><extensions><gpxtpx:TrackPointExtension><gpxtpx:hr>163</gpxtpx:hr><gpxtpx:cad>82</gpxtpx:cad></gpxtpx:TrackPointExtension></extensions><extensions><gpxtpx:PowerExtension><gpxtpx:PowerInWatts>272</gpxtpx:PowerInWatts></gpxtpx:PowerExtension></extensions></trkpt>
<trkpt lat="38.5746326" lon="-121.4624313">
<ele>9</ele><time>2025-03-05T17:36:05.999Z</time><extensions><gpxtpx:TrackPointExtension><gpxtpx:hr>163</gpxtpx:hr><gpxtpx:cad>78</gpxtpx:cad></gpxtpx:TrackPointExtension></extensions><extensions><gpxtpx:PowerExtension><gpxtpx:PowerInWatts>259</gpxtpx:PowerInWatts></gpxtpx:PowerExtension></extensions></trkpt>
<trkpt lat="38.5746011" lon="-121.4623688">
<ele>9</ele><time>2025-03-05T17:36:07.999Z</time><extensions><gpxtpx:TrackPointExtension><gpxtpx:hr>163</gpxtpx:hr><gpxtpx:cad>80</gpxtpx:cad></gpxtpx:TrackPointExtension></extensions><extensions><gpxtpx:PowerExtension><gpxtpx:PowerInWatts>218</gpxtpx:PowerInWatts></gpxtpx:PowerExtension></extensions></trkpt>
<trkpt lat="38.5745921" lon="-121.4622930">
<ele>9</ele><time>2025-03-05T17:36:09.999Z</time><extensions><gpxtpx:TrackPointExtension><gpxtpx:hr>162</gpxtpx:hr><gpxtpx:cad>80</gpxtpx:cad></gpxtpx:TrackPointExtension></extensions><extensions><gpxtpx:PowerExtension><gpxtpx:PowerInWatts>204</gpxtpx:PowerInWatts></gpxtpx:PowerExtension></extensions></trkpt>
<trkpt lat="38.5745709" lon="-121.4622241">
<ele>9</ele><time>2025-03-05T17:36:11.999Z</time><extensions><gpxtpx:TrackPointExtension><gpxtpx:hr>161</gpxtpx:hr><gpxtpx:cad>82</gpxtpx:cad></gpxtpx:TrackPointExtension></extensions><extensions><gpxtpx:PowerExtension><gpxtpx:PowerInWatts>204</gpxtpx:PowerInWatts></gpxtpx:PowerExtension></extensions></trkpt>
<trkpt lat="38.5745581" lon="-121.4621618">
<ele>9</ele><time>2025-03-05T17:36:13.999Z</time><extensions><gpxtpx:TrackPointExtension><gpxtpx:hr>161</gpxtpx:hr><gpxtpx:cad>81</gpxtpx:cad></gpxtpx:TrackPointExtension></extensions><extensions><gpxtpx:PowerExtension><gpxtpx:PowerInWatts>205</gpxtpx:PowerInWatts></gpxtpx:PowerExtension></extensions></trkpt>
<trkpt lat="38.5745244" lon="-121.4620820">
<ele>9</ele><time>2025-03-05T17:36:16.999Z</time><extensions><gpxtpx:TrackPointExtension><gpxtpx:hr>160</gpxtpx:hr><gpxtpx:cad>78</gpxtpx:cad></gpxtpx:TrackPointExtension></extensions><extensions><gpxtpx:PowerExtension><gpxtpx:PowerInWatts>210</gpxtpx:PowerInWatts></gpxtpx:PowerExtension></extensions></trkpt>
<trkpt lat="38.5745085" lon="-121.4619979">
<ele>9</ele><time>2025-03-05T17:36:19.999Z</time><extensions><gpxtpx:TrackPointExtension><gpxtpx:hr>160</gpxtpx:hr><gpxtpx:cad>81</gpxtpx:cad></gpxtpx:TrackPointExtension></extensions><extensions><gpxtpx:PowerExtension><gpxtpx:PowerInWatts>210</gpxtpx:PowerInWatts></gpxtpx:PowerExtension></extensions></trkpt>
<trkpt lat="38.5744816" lon="-121.4619497">
<ele>9</ele><time>2025-03-05T17:36:21.999Z</time><extensions><gpxtpx:TrackPointExtension><gpxtpx:hr>159</gpxtpx:hr><gpxtpx:cad>82</gpxtpx:cad></gpxtpx:TrackPointExtension></extensions><extensions><gpxtpx:PowerExtension><gpxtpx:PowerInWatts>213</gpxtpx:PowerInWatts></gpxtpx:PowerExtension></extensions></trkpt>
<trkpt lat="38.5744656" lon="-121.4618822">
<ele>9</ele><time>2025-03-05T17:36:23.999Z</time><extensions><gpxtpx:TrackPointExtension><gpxtpx:hr>159</gpxtpx:hr><gpxtpx:cad>80</gpxtpx:cad></gpxtpx:TrackPointExtension></extensions><extensions><gpxtpx:PowerExtension><gpxtpx:PowerInWatts>209</gpxtpx:PowerInWatts></gpxtpx:PowerExtension></extensions></trkpt>
<trkpt lat="38.5744400" lon="-121.4618230">
<ele>9</ele><time>2025-03-05T17:36:25.999Z</time><extensions><gpxtpx:TrackPointExtension><gpxtpx:hr>159</gpxtpx:hr><gpxtpx:cad>78</gpxtpx:cad></gpxtpx:TrackPointExtension></extensions><extensions><gpxtpx:PowerExtension><gpxtpx:PowerInWatts>209</gpxtpx:PowerInWatts></gpxtpx:PowerExtension></extensions></trkpt>
<trkpt lat="38.5744264" lon="-121.4617557">
<ele>9</ele><time>2025-03-05T17:36:27.999Z</time><extensions><gpxtpx:TrackPointExtension><gpxtpx:hr>159</gpxtpx:hr><gpxtpx:cad>79</gpxtpx:cad></gpxtpx:TrackPointExtension></extensions><extensions><gpxtpx:PowerExtension><gpxtpx:PowerInWatts>209</gpxtpx:PowerInWatts></gpxtpx:PowerExtension></extensions></trkpt>
<trkpt lat="38.5744012" lon="-121.4616941">
<ele>9</ele><time>2025-03-05T17:36:29.999Z</time><extensions><gpxtpx:TrackPointExtension><gpxtpx:hr>159</gpxtpx:hr><gpxtpx:cad>82</gpxtpx:cad></gpxtpx:TrackPointExtension></extensions><extensions><gpxtpx:PowerExtension><gpxtpx:PowerInWatts>207</gpxtpx:PowerInWatts></gpxtpx:PowerExtension></extensions></trkpt>
<trkpt lat="38.5744264" lon="-121.4616171">
<ele>9</ele><time>2025-03-05T17:36:31.999Z</time><extensions><gpxtpx:TrackPointExtension><gpxtpx:hr>159</gpxtpx:hr><gpxtpx:cad>85</gpxtpx:cad></gpxtpx:TrackPointExtension></extensions><extensions><gpxtpx:PowerExtension><gpxtpx:PowerInWatts>209</gpxtpx:PowerInWatts></gpxtpx:PowerExtension></extensions></trkpt>
<trkpt lat="38.5744408" lon="-121.4615555">
<ele>9</ele><time>2025-03-05T17:36:33.999Z</time><extensions><gpxtpx:TrackPointExtension><gpxtpx:hr>159</gpxtpx:hr><gpxtpx:cad>80</gpxtpx:cad></gpxtpx:TrackPointExtension></extensions><extensions><gpxtpx:PowerExtension><gpxtpx:PowerInWatts>211</gpxtpx:PowerInWatts></gpxtpx:PowerExtension></extensions></trkpt>
<trkpt lat="38.5744194" lon="-121.4614777">
<ele>9</ele><time>2025-03-05T17:36:35.999Z</time><extensions><gpxtpx:TrackPointExtension><gpxtpx:hr>159</gpxtpx:hr><gpxtpx:cad>84</gpxtpx:cad></gpxtpx:TrackPointExtension></extensions><extensions><gpxtpx:PowerExtension><gpxtpx:PowerInWatts>218</gpxtpx:PowerInWatts></gpxtpx:PowerExtension></extensions></trkpt>
<trkpt lat="38.5743985" lon="-121.4614032">
<ele>9</ele><time>2025-03-05T17:36:37.999Z</time><extensions><gpxtpx:TrackPointExtension><gpxtpx:hr>159</gpxtpx:hr><gpxtpx:cad>79</gpxtpx:cad></gpxtpx:TrackPointExtension></extensions><extensions><gpxtpx:PowerExtension><gpxtpx:PowerInWatts>218</gpxtpx:PowerInWatts></gpxtpx:PowerExtension></extensions></trkpt>
<trkpt lat="38.5743770" lon="-121.4613336">
<ele>9</ele><time>2025-03-05T17:36:39.999Z</time><extensions><gpxtpx:TrackPointExtension><gpxtpx:hr>159</gpxtpx:hr><gpxtpx:cad>75</gpxtpx:cad></gpxtpx:TrackPointExtension></extensions><extensions><gpxtpx:PowerExtension><gpxtpx:PowerInWatts>218</gpxtpx:PowerInWatts></gpxtpx:PowerExtension></extensions></trkpt>
<trkpt lat="38.5743570" lon="-121.4612792">
<ele>9</ele><time>2025-03-05T17:36:41.999Z</time><extensions><gpxtpx:TrackPointExtension><gpxtpx:hr>160</gpxtpx:hr><gpxtpx:cad>73</gpxtpx:cad></gpxtpx:TrackPointExtension></extensions><extensions><gpxtpx:PowerExtension><gpxtpx:PowerInWatts>221</gpxtpx:PowerInWatts></gpxtpx:PowerExtension></extensions></trkpt>
<trkpt lat="38.5743317" lon="-121.4612164">
<ele>9</ele><time>2025-03-05T17:36:43.999Z</time><extensions><gpxtpx:TrackPointExtension><gpxtpx:hr>160</gpxtpx:hr><gpxtpx:cad>74</gpxtpx:cad></gpxtpx:TrackPointExtension></extensions><extensions><gpxtpx:PowerExtension><gpxtpx:PowerInWatts>221</gpxtpx:PowerInWatts></gpxtpx:PowerExtension></extensions></trkpt>
<trkpt lat="38.5743174" lon="-121.4611483">
<ele>9</ele><time>2025-03-05T17:36:45.999Z</time><extensions><gpxtpx:TrackPointExtension><gpxtpx:hr>160</gpxtpx:hr><gpxtpx:cad>77</gpxtpx:cad></gpxtpx:TrackPointExtension></extensions><extensions><gpxtpx:PowerExtension><gpxtpx:PowerInWatts>225</gpxtpx:PowerInWatts></gpxtpx:PowerExtension></extensions></trkpt>
<trkpt lat="38.5743004" lon="-121.4610947">
<ele>9</ele><time>2025-03-05T17:36:47.999Z</time><extensions><gpxtpx:TrackPointExtension><gpxtpx:hr>159</gpxtpx:hr><gpxtpx:cad>73</gpxtpx:cad></gpxtpx:TrackPointExtension></extensions><extensions><gpxtpx:PowerExtension><gpxtpx:PowerInWatts>225</gpxtpx:PowerInWatts></gpxtpx:PowerExtension></extensions></trkpt>
<trkpt lat="38.5742905" lon="-121.4610350">
<ele>9</ele><time>2025-03-05T17:36:49.999Z</time><extensions><gpxtpx:TrackPointExtension><gpxtpx:hr>159</gpxtpx:hr><gpxtpx:cad>73</gpxtpx:cad></gpxtpx:TrackPointExtension></extensions><extensions><gpxtpx:PowerExtension><gpxtpx:PowerInWatts>221</gpxtpx:PowerInWatts></gpxtpx:PowerExtension></extensions></trkpt>
<trkpt lat="38.5742663" lon="-121.4609490">
<ele>9</ele><time>2025-03-05T17:36:52.999Z</time><extensions><gpxtpx:TrackPointExtension><gpxtpx:hr>159</gpxtpx:hr><gpxtpx:cad>71</gpxtpx:cad></gpxtpx:TrackPointExtension></extensions><extensions><gpxtpx:PowerExtension><gpxtpx:PowerInWatts>220</gpxtpx:PowerInWatts></gpxtpx:PowerExtension></extensions></trkpt>
<trkpt lat="38.5742408" lon="-121.4608940">
<ele>9</ele><time>2025-03-05T17:36:54.999Z</time><extensions><gpxtpx:TrackPointExtension><gpxtpx:hr>159</gpxtpx:hr><gpxtpx:cad>75</gpxtpx:cad></gpxtpx:TrackPointExtension></extensions><extensions><gpxtpx:PowerExtension><gpxtpx:PowerInWatts>220</gpxtpx:PowerInWatts></gpxtpx:PowerExtension></extensions></trkpt>
<trkpt lat="38.5742230" lon="-121.4608046">
<ele>9</ele><time>2025-03-05T17:36:57.999Z</time><extensions><gpxtpx:TrackPointExtension><gpxtpx:hr>158</gpxtpx:hr><gpxtpx:cad>78</gpxtpx:cad></gpxtpx:TrackPointExtension></extensions><extensions><gpxtpx:PowerExtension><gpxtpx:PowerInWatts>220</gpxtpx:PowerInWatts></gpxtpx:PowerExtension></extensions></trkpt>
<trkpt lat="38.5742500" lon="-121.4607477">
<ele>9</ele><time>2025-03-05T17:36:59.999Z</time><extensions><gpxtpx:TrackPointExtension><gpxtpx:hr>157</gpxtpx:hr><gpxtpx:cad>75</gpxtpx:cad></gpxtpx:TrackPointExtension></extensions><extensions><gpxtpx:PowerExtension><gpxtpx:PowerInWatts>211</gpxtpx:PowerInWatts></gpxtpx:PowerExtension></extensions></trkpt>
<trkpt lat="38.5742665" lon="-121.4606846">
<ele>9</ele><time>2025-03-05T17:37:01.999Z</time><extensions><gpxtpx:TrackPointExtension><gpxtpx:hr>157</gpxtpx:hr><gpxtpx:cad>73</gpxtpx:cad></gpxtpx:TrackPointExtension></extensions><extensions><gpxtpx:PowerExtension><gpxtpx:PowerInWatts>210</gpxtpx:PowerInWatts></gpxtpx:PowerExtension></extensions></trkpt>
<trkpt lat="38.5743208" lon="-121.4606277">
<ele>9</ele><time>2025-03-05T17:37:04.999Z</time><extensions><gpxtpx:TrackPointExtension><gpxtpx:hr>157</gpxtpx:hr><gpxtpx:cad>69</gpxtpx:cad></gpxtpx:TrackPointExtension></extensions><extensions><gpxtpx:PowerExtension><gpxtpx:PowerInWatts>205</gpxtpx:PowerInWatts></gpxtpx:PowerExtension></extensions></trkpt>
<trkpt lat="38.5743638" lon="-121.4606067">
<ele>9</ele><time>2025-03-05T17:37:06.999Z</time><extensions><gpxtpx:TrackPointExtension><gpxtpx:hr>157</gpxtpx:hr><gpxtpx:cad>65</gpxtpx:cad></gpxtpx:TrackPointExtension></extensions><extensions><gpxtpx:PowerExtension><gpxtpx:PowerInWatts>205</gpxtpx:PowerInWatts></gpxtpx:PowerExtension></extensions></trkpt>
<trkpt lat="38.5744117" lon="-121.4605957">
<ele>9</ele><time>2025-03-05T17:37:08.999Z</time><extensions><gpxtpx:TrackPointExtension><gpxtpx:hr>157</gpxtpx:hr><gpxtpx:cad>72</gpxtpx:cad></gpxtpx:TrackPointExtension></extensions><extensions><gpxtpx:PowerExtension><gpxtpx:PowerInWatts>210</gpxtpx:PowerInWatts></gpxtpx:PowerExtension></extensions></trkpt>
<trkpt lat="38.5744733" lon="-121.4605627">
<ele>9</ele><time>2025-03-05T17:37:10.999Z</time><extensions><gpxtpx:TrackPointExtension><gpxtpx:hr>157</gpxtpx:hr><gpxtpx:cad>73</gpxtpx:cad></gpxtpx:TrackPointExtension></extensions><extensions><gpxtpx:PowerExtension><gpxtpx:PowerInWatts>210</gpxtpx:PowerInWatts></gpxtpx:PowerExtension></extensions></trkpt>
<trkpt lat="38.5745503" lon="-121.4605343">
<ele>9</ele><time>2025-03-05T17:37:13.999Z</time><extensions><gpxtpx:TrackPointExtension><gpxtpx:hr>157</gpxtpx:hr><gpxtpx:cad>73</gpxtpx:cad></gpxtpx:TrackPointExtension></extensions><extensions><gpxtpx:PowerExtension><gpxtpx:PowerInWatts>209</gpxtpx:PowerInWatts></gpxtpx:PowerExtension></extensions></trkpt>
<trkpt lat="38.5745967" lon="-121.4605171">
<ele>9</ele><time>2025-03-05T17:37:15.999Z</time><extensions><gpxtpx:TrackPointExtension><gpxtpx:hr>157</gpxtpx:hr><gpxtpx:cad>73</gpxtpx:cad></gpxtpx:TrackPointExtension></extensions><extensions><gpxtpx:PowerExtension><gpxtpx:PowerInWatts>209</gpxtpx:PowerInWatts></gpxtpx:PowerExtension></extensions></trkpt>
<trkpt lat="38.5746560" lon="-121.4605037">
<ele>9</ele><time>2025-03-05T17:37:17.999Z</time><extensions><gpxtpx:TrackPointExtension><gpxtpx:hr>157</gpxtpx:hr><gpxtpx:cad>74</gpxtpx:cad></gpxtpx:TrackPointExtension></extensions><extensions><gpxtpx:PowerExtension><gpxtpx:PowerInWatts>209</gpxtpx:PowerInWatts></gpxtpx:PowerExtension></extensions></trkpt>
<trkpt lat="38.5747255" lon="-121.4604647">
<ele>9</ele><time>2025-03-05T17:37:19.999Z</time><extensions><gpxtpx:TrackPointExtension><gpxtpx:hr>157</gpxtpx:hr><gpxtpx:cad>74</gpxtpx:cad></gpxtpx:TrackPointExtension></extensions><extensions><gpxtpx:PowerExtension><gpxtpx:PowerInWatts>218</gpxtpx:PowerInWatts></gpxtpx:PowerExtension></extensions></trkpt>
<trkpt lat="38.5747867" lon="-121.4604252">
<ele>9</ele><time>2025-03-05T17:37:21.999Z</time><extensions><gpxtpx:TrackPointExtension><gpxtpx:hr>157</gpxtpx:hr><gpxtpx:cad>72</gpxtpx:cad></gpxtpx:TrackPointExtension></extensions><extensions><gpxtpx:PowerExtension><gpxtpx:PowerInWatts>211</gpxtpx:PowerInWatts></gpxtpx:PowerExtension></extensions></trkpt>
<trkpt lat="38.5748535" lon="-121.4604128">
<ele>9</ele><time>2025-03-05T17:37:23.999Z</time><extensions><gpxtpx:TrackPointExtension><gpxtpx:hr>156</gpxtpx:hr><gpxtpx:cad>68</gpxtpx:cad></gpxtpx:TrackPointExtension></extensions><extensions><gpxtpx:PowerExtension><gpxtpx:PowerInWatts>211</gpxtpx:PowerInWatts></gpxtpx:PowerExtension></extensions></trkpt>
<trkpt lat="38.5749154" lon="-121.4603736">
<ele>9</ele><time>2025-03-05T17:37:25.999Z</time><extensions><gpxtpx:TrackPointExtension><gpxtpx:hr>156</gpxtpx:hr><gpxtpx:cad>68</gpxtpx:cad></gpxtpx:TrackPointExtension></extensions><extensions><gpxtpx:PowerExtension><gpxtpx:PowerInWatts>211</gpxtpx:PowerInWatts></gpxtpx:PowerExtension></extensions></trkpt>
<trkpt lat="38.5749843" lon="-121.4603493">
<ele>9</ele><time>2025-03-05T17:37:27.999Z</time><extensions><gpxtpx:TrackPointExtension><gpxtpx:hr>156</gpxtpx:hr><gpxtpx:cad>75</gpxtpx:cad></gpxtpx:TrackPointExtension></extensions><extensions><gpxtpx:PowerExtension><gpxtpx:PowerInWatts>223</gpxtpx:PowerInWatts></gpxtpx:PowerExtension></extensions></trkpt>
<trkpt lat="38.5750352" lon="-121.4603250">
<ele>9</ele><time>2025-03-05T17:37:29.999Z</time><extensions><gpxtpx:TrackPointExtension><gpxtpx:hr>156</gpxtpx:hr><gpxtpx:cad>80</gpxtpx:cad></gpxtpx:TrackPointExtension></extensions><extensions><gpxtpx:PowerExtension><gpxtpx:PowerInWatts>235</gpxtpx:PowerInWatts></gpxtpx:PowerExtension></extensions></trkpt>
<trkpt lat="38.5751004" lon="-121.4603118">
<ele>9</ele><time>2025-03-05T17:37:31.999Z</time><extensions><gpxtpx:TrackPointExtension><gpxtpx:hr>156</gpxtpx:hr><gpxtpx:cad>80</gpxtpx:cad></gpxtpx:TrackPointExtension></extensions><extensions><gpxtpx:PowerExtension><gpxtpx:PowerInWatts>244</gpxtpx:PowerInWatts></gpxtpx:PowerExtension></extensions></trkpt>
<trkpt lat="38.5751586" lon="-121.4602822">
<ele>9</ele><time>2025-03-05T17:37:33.999Z</time><extensions><gpxtpx:TrackPointExtension><gpxtpx:hr>157</gpxtpx:hr><gpxtpx:cad>78</gpxtpx:cad></gpxtpx:TrackPointExtension></extensions><extensions><gpxtpx:PowerExtension><gpxtpx:PowerInWatts>244</gpxtpx:PowerInWatts></gpxtpx:PowerExtension></extensions></trkpt>
<trkpt lat="38.5752223" lon="-121.4602551">
<ele>9</ele><time>2025-03-05T17:37:35.999Z</time><extensions><gpxtpx:TrackPointExtension><gpxtpx:hr>157</gpxtpx:hr><gpxtpx:cad>80</gpxtpx:cad></gpxtpx:TrackPointExtension></extensions><extensions><gpxtpx:PowerExtension><gpxtpx:PowerInWatts>244</gpxtpx:PowerInWatts></gpxtpx:PowerExtension></extensions></trkpt>
<trkpt lat="38.5752826" lon="-121.4602276">
<ele>8</ele><time>2025-03-05T17:37:37.999Z</time><extensions><gpxtpx:TrackPointExtension><gpxtpx:hr>157</gpxtpx:hr><gpxtpx:cad>85</gpxtpx:cad></gpxtpx:TrackPointExtension></extensions><extensions><gpxtpx:PowerExtension><gpxtpx:PowerInWatts>280</gpxtpx:PowerInWatts></gpxtpx:PowerExtension></extensions></trkpt>
<trkpt lat="38.5753623" lon="-121.4602090">
<ele>8</ele><time>2025-03-05T17:37:39.999Z</time><extensions><gpxtpx:TrackPointExtension><gpxtpx:hr>157</gpxtpx:hr><gpxtpx:cad>88</gpxtpx:cad></gpxtpx:TrackPointExtension></extensions><extensions><gpxtpx:PowerExtension><gpxtpx:PowerInWatts>266</gpxtpx:PowerInWatts></gpxtpx:PowerExtension></extensions></trkpt>
<trkpt lat="38.5754380" lon="-121.4601723">
<ele>8</ele><time>2025-03-05T17:37:41.999Z</time><extensions><gpxtpx:TrackPointExtension><gpxtpx:hr>158</gpxtpx:hr><gpxtpx:cad>82</gpxtpx:cad></gpxtpx:TrackPointExtension></extensions><extensions><gpxtpx:PowerExtension><gpxtpx:PowerInWatts>268</gpxtpx:PowerInWatts></gpxtpx:PowerExtension></extensions></trkpt>
<trkpt lat="38.5754967" lon="-121.4601454">
<ele>8</ele><time>2025-03-05T17:37:43.999Z</time><extensions><gpxtpx:TrackPointExtension><gpxtpx:hr>158</gpxtpx:hr><gpxtpx:cad>77</gpxtpx:cad></gpxtpx:TrackPointExtension></extensions><extensions><gpxtpx:PowerExtension><gpxtpx:PowerInWatts>268</gpxtpx:PowerInWatts></gpxtpx:PowerExtension></extensions></trkpt>
<trkpt lat="38.5755443" lon="-121.4600907">
<ele>8</ele><time>2025-03-05T17:37:45.999Z</time><extensions><gpxtpx:TrackPointExtension><gpxtpx:hr>158</gpxtpx:hr><gpxtpx:cad>80</gpxtpx:cad></gpxtpx:TrackPointExtension></extensions><extensions><gpxtpx:PowerExtension><gpxtpx:PowerInWatts>267</gpxtpx:PowerInWatts></gpxtpx:PowerExtension></extensions></trkpt>
<trkpt lat="38.5756044" lon="-121.4600800">
<ele>8</ele><time>2025-03-05T17:37:47.999Z</time><extensions><gpxtpx:TrackPointExtension><gpxtpx:hr>159</gpxtpx:hr><gpxtpx:cad>85</gpxtpx:cad></gpxtpx:TrackPointExtension></extensions><extensions><gpxtpx:PowerExtension><gpxtpx:PowerInWatts>275</gpxtpx:PowerInWatts></gpxtpx:PowerExtension></extensions></trkpt>
<trkpt lat="38.5756678" lon="-121.4600630">
<ele>8</ele><time>2025-03-05T17:37:49.999Z</time><extensions><gpxtpx:TrackPointExtension><gpxtpx:hr>159</gpxtpx:hr><gpxtpx:cad>84</gpxtpx:cad></gpxtpx:TrackPointExtension></extensions><extensions><gpxtpx:PowerExtension><gpxtpx:PowerInWatts>276</gpxtpx:PowerInWatts></gpxtpx:PowerExtension></extensions></trkpt>
<trkpt lat="38.5757141" lon="-121.4600211">
<ele>8</ele><time>2025-03-05T17:37:51.999Z</time><extensions><gpxtpx:TrackPointExtension><gpxtpx:hr>159</gpxtpx:hr><gpxtpx:cad>79</gpxtpx:cad></gpxtpx:TrackPointExtension></extensions><extensions><gpxtpx:PowerExtension><gpxtpx:PowerInWatts>276</gpxtpx:PowerInWatts></gpxtpx:PowerExtension></extensions></trkpt>
<trkpt lat="38.5757760" lon="-121.4600027">
<ele>8</ele><time>2025-03-05T17:37:53.999Z</time><extensions><gpxtpx:TrackPointExtension><gpxtpx:hr>160</gpxtpx:hr><gpxtpx:cad>75</gpxtpx:cad></gpxtpx:TrackPointExtension></extensions><extensions><gpxtpx:PowerExtension><gpxtpx:PowerInWatts>272</gpxtpx:PowerInWatts></gpxtpx:PowerExtension></extensions></trkpt>
<trkpt lat="38.5758333" lon="-121.4599988">
<ele>8</ele><time>2025-03-05T17:37:56.999Z</time><extensions><gpxtpx:TrackPointExtension><gpxtpx:hr>160</gpxtpx:hr><gpxtpx:cad>75</gpxtpx:cad></gpxtpx:TrackPointExtension></extensions><extensions><gpxtpx:PowerExtension><gpxtpx:PowerInWatts>264</gpxtpx:PowerInWatts></gpxtpx:PowerExtension></extensions></trkpt>
<trkpt lat="38.5758839" lon="-121.4599793">
<ele>8</ele><time>2025-03-05T17:37:59.000Z</time><extensions><gpxtpx:TrackPointExtension><gpxtpx:hr>160</gpxtpx:hr><gpxtpx:cad>73</gpxtpx:cad></gpxtpx:TrackPointExtension></extensions><extensions><gpxtpx:PowerExtension><gpxtpx:PowerInWatts>235</gpxtpx:PowerInWatts></gpxtpx:PowerExtension></extensions></trkpt>
<trkpt lat="38.5759344" lon="-121.4599553">
<ele>8</ele><time>2025-03-05T17:38:01.000Z</time><extensions><gpxtpx:TrackPointExtension><gpxtpx:hr>159</gpxtpx:hr><gpxtpx:cad>71</gpxtpx:cad></gpxtpx:TrackPointExtension></extensions><extensions><gpxtpx:PowerExtension><gpxtpx:PowerInWatts>234</gpxtpx:PowerInWatts></gpxtpx:PowerExtension></extensions></trkpt>
<trkpt lat="38.5759849" lon="-121.4599337">
<ele>8</ele><time>2025-03-05T17:38:03.000Z</time><extensions><gpxtpx:TrackPointExtension><gpxtpx:hr>159</gpxtpx:hr><gpxtpx:cad>73</gpxtpx:cad></gpxtpx:TrackPointExtension></extensions><extensions><gpxtpx:PowerExtension><gpxtpx:PowerInWatts>188</gpxtpx:PowerInWatts></gpxtpx:PowerExtension></extensions></trkpt>
<trkpt lat="38.5760335" lon="-121.4599150">
<ele>8</ele><time>2025-03-05T17:38:05.000Z</time><extensions><gpxtpx:TrackPointExtension><gpxtpx:hr>159</gpxtpx:hr><gpxtpx:cad>74</gpxtpx:cad></gpxtpx:TrackPointExtension></extensions><extensions><gpxtpx:PowerExtension><gpxtpx:PowerInWatts>188</gpxtpx:PowerInWatts></gpxtpx:PowerExtension></extensions></trkpt>
<trkpt lat="38.5760917" lon="-121.4598592">
<ele>8</ele><time>2025-03-05T17:38:08.000Z</time><extensions><gpxtpx:TrackPointExtension><gpxtpx:hr>159</gpxtpx:hr><gpxtpx:cad>72</gpxtpx:cad></gpxtpx:TrackPointExtension></extensions><extensions><gpxtpx:PowerExtension><gpxtpx:PowerInWatts>200</gpxtpx:PowerInWatts></gpxtpx:PowerExtension></extensions></trkpt>
<trkpt lat="38.5761613" lon="-121.4598548">
<ele>8</ele><time>2025-03-05T17:38:11.000Z</time><extensions><gpxtpx:TrackPointExtension><gpxtpx:hr>158</gpxtpx:hr><gpxtpx:cad>74</gpxtpx:cad></gpxtpx:TrackPointExtension></extensions><extensions><gpxtpx:PowerExtension><gpxtpx:PowerInWatts>200</gpxtpx:PowerInWatts></gpxtpx:PowerExtension></extensions></trkpt>
<trkpt lat="38.5762015" lon="-121.4598173">
<ele>8</ele><time>2025-03-05T17:38:13.000Z</time><extensions><gpxtpx:TrackPointExtension><gpxtpx:hr>158</gpxtpx:hr><gpxtpx:cad>77</gpxtpx:cad></gpxtpx:TrackPointExtension></extensions><extensions><gpxtpx:PowerExtension><gpxtpx:PowerInWatts>201</gpxtpx:PowerInWatts></gpxtpx:PowerExtension></extensions></trkpt>
<trkpt lat="38.5762589" lon="-121.4597867">
<ele>8</ele><time>2025-03-05T17:38:17.000Z</time><extensions><gpxtpx:TrackPointExtension><gpxtpx:hr>158</gpxtpx:hr><gpxtpx:cad>78</gpxtpx:cad></gpxtpx:TrackPointExtension></extensions><extensions><gpxtpx:PowerExtension><gpxtpx:PowerInWatts>193</gpxtpx:PowerInWatts></gpxtpx:PowerExtension></extensions></trkpt>
<trkpt lat="38.5763064" lon="-121.4597546">
<ele>8</ele><time>2025-03-05T17:38:19.000Z</time><extensions><gpxtpx:TrackPointExtension><gpxtpx:hr>157</gpxtpx:hr><gpxtpx:cad>76</gpxtpx:cad></gpxtpx:TrackPointExtension></extensions><extensions><gpxtpx:PowerExtension><gpxtpx:PowerInWatts>187</gpxtpx:PowerInWatts></gpxtpx:PowerExtension></extensions></trkpt>
<trkpt lat="38.5763451" lon="-121.4596980">
<ele>8</ele><time>2025-03-05T17:38:21.000Z</time><extensions><gpxtpx:TrackPointExtension><gpxtpx:hr>156</gpxtpx:hr><gpxtpx:cad>74</gpxtpx:cad></gpxtpx:TrackPointExtension></extensions><extensions><gpxtpx:PowerExtension><gpxtpx:PowerInWatts>187</gpxtpx:PowerInWatts></gpxtpx:PowerExtension></extensions></trkpt>
<trkpt lat="38.5763792" lon="-121.4596251">
<ele>8</ele><time>2025-03-05T17:38:23.000Z</time><extensions><gpxtpx:TrackPointExtension><gpxtpx:hr>156</gpxtpx:hr><gpxtpx:cad>75</gpxtpx:cad></gpxtpx:TrackPointExtension></extensions><extensions><gpxtpx:PowerExtension><gpxtpx:PowerInWatts>176</gpxtpx:PowerInWatts></gpxtpx:PowerExtension></extensions></trkpt>
<trkpt lat="38.5764240" lon="-121.4595250">
<ele>8</ele><time>2025-03-05T17:38:25.000Z</time><extensions><gpxtpx:TrackPointExtension><gpxtpx:hr>157</gpxtpx:hr><gpxtpx:cad>76</gpxtpx:cad></gpxtpx:TrackPointExtension></extensions><extensions><gpxtpx:PowerExtension><gpxtpx:PowerInWatts>176</gpxtpx:PowerInWatts></gpxtpx:PowerExtension></extensions></trkpt>
<trkpt lat="38.5764353" lon="-121.4594539">
<ele>8</ele><time>2025-03-05T17:38:26.000Z</time><extensions><gpxtpx:TrackPointExtension><gpxtpx:hr>157</gpxtpx:hr><gpxtpx:cad>78</gpxtpx:cad></gpxtpx:TrackPointExtension></extensions><extensions><gpxtpx:PowerExtension><gpxtpx:PowerInWatts>183</gpxtpx:PowerInWatts></gpxtpx:PowerExtension></extensions></trkpt>
<trkpt lat="38.5764173" lon="-121.4593534">
<ele>8</ele><time>2025-03-05T17:38:28.000Z</time><extensions><gpxtpx:TrackPointExtension><gpxtpx:hr>157</gpxtpx:hr><gpxtpx:cad>84</gpxtpx:cad></gpxtpx:TrackPointExtension></extensions><extensions><gpxtpx:PowerExtension><gpxtpx:PowerInWatts>193</gpxtpx:PowerInWatts></gpxtpx:PowerExtension></extensions></trkpt>
<trkpt lat="38.5763848" lon="-121.4593018">
<ele>8</ele><time>2025-03-05T17:38:29.000Z</time><extensions><gpxtpx:TrackPointExtension><gpxtpx:hr>157</gpxtpx:hr><gpxtpx:cad>88</gpxtpx:cad></gpxtpx:TrackPointExtension></extensions><extensions><gpxtpx:PowerExtension><gpxtpx:PowerInWatts>193</gpxtpx:PowerInWatts></gpxtpx:PowerExtension></extensions></trkpt>
<trkpt lat="38.5763824" lon="-121.4592032">
<ele>8</ele><time>2025-03-05T17:38:31.000Z</time><extensions><gpxtpx:TrackPointExtension><gpxtpx:hr>157</gpxtpx:hr><gpxtpx:cad>87</gpxtpx:cad></gpxtpx:TrackPointExtension></extensions><extensions><gpxtpx:PowerExtension><gpxtpx:PowerInWatts>327</gpxtpx:PowerInWatts></gpxtpx:PowerExtension></extensions></trkpt>
<trkpt lat="38.5763913" lon="-121.4590997">
<ele>8</ele><time>2025-03-05T17:38:33.000Z</time><extensions><gpxtpx:TrackPointExtension><gpxtpx:hr>158</gpxtpx:hr><gpxtpx:cad>79</gpxtpx:cad></gpxtpx:TrackPointExtension></extensions><extensions><gpxtpx:PowerExtension><gpxtpx:PowerInWatts>327</gpxtpx:PowerInWatts></gpxtpx:PowerExtension></extensions></trkpt>
<trkpt lat="38.5763691" lon="-121.4590069">
<ele>8</ele><time>2025-03-05T17:38:35.000Z</time><extensions><gpxtpx:TrackPointExtension><gpxtpx:hr>158</gpxtpx:hr><gpxtpx:cad>83</gpxtpx:cad></gpxtpx:TrackPointExtension></extensions><extensions><gpxtpx:PowerExtension><gpxtpx:PowerInWatts>327</gpxtpx:PowerInWatts></gpxtpx:PowerExtension></extensions></trkpt>
<trkpt lat="38.5763410" lon="-121.4589305">
<ele>8</ele><time>2025-03-05T17:38:37.000Z</time><extensions><gpxtpx:TrackPointExtension><gpxtpx:hr>159</gpxtpx:hr><gpxtpx:cad>83</gpxtpx:cad></gpxtpx:TrackPointExtension></extensions><extensions><gpxtpx:PowerExtension><gpxtpx:PowerInWatts>318</gpxtpx:PowerInWatts></gpxtpx:PowerExtension></extensions></trkpt>
<trkpt lat="38.5762953" lon="-121.4588588">
<ele>8</ele><time>2025-03-05T17:38:39.000Z</time><extensions><gpxtpx:TrackPointExtension><gpxtpx:hr>160</gpxtpx:hr><gpxtpx:cad>86</gpxtpx:cad></gpxtpx:TrackPointExtension></extensions><extensions><gpxtpx:PowerExtension><gpxtpx:PowerInWatts>318</gpxtpx:PowerInWatts></gpxtpx:PowerExtension></extensions></trkpt>
<trkpt lat="38.5762692" lon="-121.4587857">
<ele>8</ele><time>2025-03-05T17:38:41.000Z</time><extensions><gpxtpx:TrackPointExtension><gpxtpx:hr>160</gpxtpx:hr><gpxtpx:cad>82</gpxtpx:cad></gpxtpx:TrackPointExtension></extensions><extensions><gpxtpx:PowerExtension><gpxtpx:PowerInWatts>321</gpxtpx:PowerInWatts></gpxtpx:PowerExtension></extensions></trkpt>
<trkpt lat="38.5762699" lon="-121.4586956">
<ele>8</ele><time>2025-03-05T17:38:43.000Z</time><extensions><gpxtpx:TrackPointExtension><gpxtpx:hr>160</gpxtpx:hr><gpxtpx:cad>79</gpxtpx:cad></gpxtpx:TrackPointExtension></extensions><extensions><gpxtpx:PowerExtension><gpxtpx:PowerInWatts>321</gpxtpx:PowerInWatts></gpxtpx:PowerExtension></extensions></trkpt>
<trkpt lat="38.5762642" lon="-121.4586182">
<ele>8</ele><time>2025-03-05T17:38:45.000Z</time><extensions><gpxtpx:TrackPointExtension><gpxtpx:hr>160</gpxtpx:hr><gpxtpx:cad>81</gpxtpx:cad></gpxtpx:TrackPointExtension></extensions><extensions><gpxtpx:PowerExtension><gpxtpx:PowerInWatts>318</gpxtpx:PowerInWatts></gpxtpx:PowerExtension></extensions></trkpt>
<trkpt lat="38.5762571" lon="-121.4585425">
<ele>8</ele><time>2025-03-05T17:38:47.000Z</time><extensions><gpxtpx:TrackPointExtension><gpxtpx:hr>161</gpxtpx:hr><gpxtpx:cad>85</gpxtpx:cad></gpxtpx:TrackPointExtension></extensions><extensions><gpxtpx:PowerExtension><gpxtpx:PowerInWatts>311</gpxtpx:PowerInWatts></gpxtpx:PowerExtension></extensions></trkpt>
<trkpt lat="38.5762306" lon="-121.4584442">
<ele>8</ele><time>2025-03-05T17:38:49.000Z</time><extensions><gpxtpx:TrackPointExtension><gpxtpx:hr>161</gpxtpx:hr><gpxtpx:cad>86</gpxtpx:cad></gpxtpx:TrackPointExtension></extensions><extensions><gpxtpx:PowerExtension><gpxtpx:PowerInWatts>311</gpxtpx:PowerInWatts></gpxtpx:PowerExtension></extensions></trkpt>
<trkpt lat="38.5762029" lon="-121.4583814">
<ele>8</ele><time>2025-03-05T17:38:51.000Z</time><extensions><gpxtpx:TrackPointExtension><gpxtpx:hr>161</gpxtpx:hr><gpxtpx:cad>87</gpxtpx:cad></gpxtpx:TrackPointExtension></extensions><extensions><gpxtpx:PowerExtension><gpxtpx:PowerInWatts>293</gpxtpx:PowerInWatts></gpxtpx:PowerExtension></extensions></trkpt>
<trkpt lat="38.5761759" lon="-121.4583143">
<ele>8</ele><time>2025-03-05T17:38:53.000Z</time><extensions><gpxtpx:TrackPointExtension><gpxtpx:hr>161</gpxtpx:hr><gpxtpx:cad>82</gpxtpx:cad></gpxtpx:TrackPointExtension></extensions><extensions><gpxtpx:PowerExtension><gpxtpx:PowerInWatts>293</gpxtpx:PowerInWatts></gpxtpx:PowerExtension></extensions></trkpt>
<trkpt lat="38.5761600" lon="-121.4582327">
<ele>8</ele><time>2025-03-05T17:38:55.000Z</time><extensions><gpxtpx:TrackPointExtension><gpxtpx:hr>161</gpxtpx:hr><gpxtpx:cad>81</gpxtpx:cad></gpxtpx:TrackPointExtension></extensions><extensions><gpxtpx:PowerExtension><gpxtpx:PowerInWatts>285</gpxtpx:PowerInWatts></gpxtpx:PowerExtension></extensions></trkpt>
<trkpt lat="38.5761476" lon="-121.4581520">
<ele>8</ele><time>2025-03-05T17:38:57.000Z</time><extensions><gpxtpx:TrackPointExtension><gpxtpx:hr>162</gpxtpx:hr><gpxtpx:cad>86</gpxtpx:cad></gpxtpx:TrackPointExtension></extensions><extensions><gpxtpx:PowerExtension><gpxtpx:PowerInWatts>285</gpxtpx:PowerInWatts></gpxtpx:PowerExtension></extensions></trkpt>
<trkpt lat="38.5761163" lon="-121.4580535">
<ele>8</ele><time>2025-03-05T17:38:59.000Z</time><extensions><gpxtpx:TrackPointExtension><gpxtpx:hr>162</gpxtpx:hr><gpxtpx:cad>81</gpxtpx:cad></gpxtpx:TrackPointExtension></extensions><extensions><gpxtpx:PowerExtension><gpxtpx:PowerInWatts>282</gpxtpx:PowerInWatts></gpxtpx:PowerExtension></extensions></trkpt>
<trkpt lat="38.5760982" lon="-121.4579728">
<ele>8</ele><time>2025-03-05T17:39:01.000Z</time><extensions><gpxtpx:TrackPointExtension><gpxtpx:hr>162</gpxtpx:hr><gpxtpx:cad>78</gpxtpx:cad></gpxtpx:TrackPointExtension></extensions><extensions><gpxtpx:PowerExtension><gpxtpx:PowerInWatts>282</gpxtpx:PowerInWatts></gpxtpx:PowerExtension></extensions></trkpt>
<trkpt lat="38.5760755" lon="-121.4579024">
<ele>8</ele><time>2025-03-05T17:39:03.000Z</time><extensions><gpxtpx:TrackPointExtension><gpxtpx:hr>162</gpxtpx:hr><gpxtpx:cad>77</gpxtpx:cad></gpxtpx:TrackPointExtension></extensions><extensions><gpxtpx:PowerExtension><gpxtpx:PowerInWatts>282</gpxtpx:PowerInWatts></gpxtpx:PowerExtension></extensions></trkpt>
<trkpt lat="38.5760708" lon="-121.4578070">
<ele>8</ele><time>2025-03-05T17:39:05.000Z</time><extensions><gpxtpx:TrackPointExtension><gpxtpx:hr>162</gpxtpx:hr><gpxtpx:cad>80</gpxtpx:cad></gpxtpx:TrackPointExtension></extensions><extensions><gpxtpx:PowerExtension><gpxtpx:PowerInWatts>283</gpxtpx:PowerInWatts></gpxtpx:PowerExtension></extensions></trkpt>
<trkpt lat="38.5760513" lon="-121.4577149">
<ele>8</ele><time>2025-03-05T17:39:07.000Z</time><extensions><gpxtpx:TrackPointExtension><gpxtpx:hr>163</gpxtpx:hr><gpxtpx:cad>86</gpxtpx:cad></gpxtpx:TrackPointExtension></extensions><extensions><gpxtpx:PowerExtension><gpxtpx:PowerInWatts>283</gpxtpx:PowerInWatts></gpxtpx:PowerExtension></extensions></trkpt>
<trkpt lat="38.5760807" lon="-121.4576296">
<ele>8</ele><time>2025-03-05T17:39:09.000Z</time><extensions><gpxtpx:TrackPointExtension><gpxtpx:hr>163</gpxtpx:hr><gpxtpx:cad>81</gpxtpx:cad></gpxtpx:TrackPointExtension></extensions><extensions><gpxtpx:PowerExtension><gpxtpx:PowerInWatts>283</gpxtpx:PowerInWatts></gpxtpx:PowerExtension></extensions></trkpt>
<trkpt lat="38.5761279" lon="-121.4575744">
<ele>8</ele><time>2025-03-05T17:39:11.000Z</time><extensions><gpxtpx:TrackPointExtension><gpxtpx:hr>163</gpxtpx:hr><gpxtpx:cad>78</gpxtpx:cad></gpxtpx:TrackPointExtension></extensions><extensions><gpxtpx:PowerExtension><gpxtpx:PowerInWatts>283</gpxtpx:PowerInWatts></gpxtpx:PowerExtension></extensions></trkpt>
<trkpt lat="38.5761930" lon="-121.4575267">
<ele>8</ele><time>2025-03-05T17:39:13.000Z</time><extensions><gpxtpx:TrackPointExtension><gpxtpx:hr>163</gpxtpx:hr><gpxtpx:cad>80</gpxtpx:cad></gpxtpx:TrackPointExtension></extensions><extensions><gpxtpx:PowerExtension><gpxtpx:PowerInWatts>281</gpxtpx:PowerInWatts></gpxtpx:PowerExtension></extensions></trkpt>
<trkpt lat="38.5762553" lon="-121.4575505">
<ele>8</ele><time>2025-03-05T17:39:15.000Z</time><extensions><gpxtpx:TrackPointExtension><gpxtpx:hr>164</gpxtpx:hr><gpxtpx:cad>75</gpxtpx:cad></gpxtpx:TrackPointExtension></extensions><extensions><gpxtpx:PowerExtension><gpxtpx:PowerInWatts>285</gpxtpx:PowerInWatts></gpxtpx:PowerExtension></extensions></trkpt>
<trkpt lat="38.5762944" lon="-121.4575163">
<ele>8</ele><time>2025-03-05T17:39:17.000Z</time><extensions><gpxtpx:TrackPointExtension><gpxtpx:hr>164</gpxtpx:hr><gpxtpx:cad>83</gpxtpx:cad></gpxtpx:TrackPointExtension></extensions><extensions><gpxtpx:PowerExtension><gpxtpx:PowerInWatts>279</gpxtpx:PowerInWatts></gpxtpx:PowerExtension></extensions></trkpt>
<trkpt lat="38.5763537" lon="-121.4574751">
<ele>8</ele><time>2025-03-05T17:39:19.000Z</time><extensions><gpxtpx:TrackPointExtension><gpxtpx:hr>164</gpxtpx:hr><gpxtpx:cad>81</gpxtpx:cad></gpxtpx:TrackPointExtension></extensions><extensions><gpxtpx:PowerExtension><gpxtpx:PowerInWatts>279</gpxtpx:PowerInWatts></gpxtpx:PowerExtension></extensions></trkpt>
<trkpt lat="38.5764261" lon="-121.4574655">
<ele>8</ele><time>2025-03-05T17:39:21.000Z</time><extensions><gpxtpx:TrackPointExtension><gpxtpx:hr>164</gpxtpx:hr><gpxtpx:cad>76</gpxtpx:cad></gpxtpx:TrackPointExtension></extensions><extensions><gpxtpx:PowerExtension><gpxtpx:PowerInWatts>279</gpxtpx:PowerInWatts></gpxtpx:PowerExtension></extensions></trkpt>
<trkpt lat="38.5764919" lon="-121.4574385">
<ele>8</ele><time>2025-03-05T17:39:23.000Z</time><extensions><gpxtpx:TrackPointExtension><gpxtpx:hr>164</gpxtpx:hr><gpxtpx:cad>78</gpxtpx:cad></gpxtpx:TrackPointExtension></extensions><extensions><gpxtpx:PowerExtension><gpxtpx:PowerInWatts>274</gpxtpx:PowerInWatts></gpxtpx:PowerExtension></extensions></trkpt>
<trkpt lat="38.5765603" lon="-121.4574032">
<ele>8</ele><time>2025-03-05T17:39:25.000Z</time><extensions><gpxtpx:TrackPointExtension><gpxtpx:hr>164</gpxtpx:hr><gpxtpx:cad>85</gpxtpx:cad></gpxtpx:TrackPointExtension></extensions><extensions><gpxtpx:PowerExtension><gpxtpx:PowerInWatts>270</gpxtpx:PowerInWatts></gpxtpx:PowerExtension></extensions></trkpt>
<trkpt lat="38.5766261" lon="-121.4574052">
<ele>8</ele><time>2025-03-05T17:39:28.000Z</time><extensions><gpxtpx:TrackPointExtension><gpxtpx:hr>164</gpxtpx:hr><gpxtpx:cad>76</gpxtpx:cad></gpxtpx:TrackPointExtension></extensions><extensions><gpxtpx:PowerExtension><gpxtpx:PowerInWatts>274</gpxtpx:PowerInWatts></gpxtpx:PowerExtension></extensions></trkpt>
<trkpt lat="38.5766585" lon="-121.4574552">
<ele>8</ele><time>2025-03-05T17:39:30.000Z</time><extensions><gpxtpx:TrackPointExtension><gpxtpx:hr>164</gpxtpx:hr><gpxtpx:cad>79</gpxtpx:cad></gpxtpx:TrackPointExtension></extensions><extensions><gpxtpx:PowerExtension><gpxtpx:PowerInWatts>274</gpxtpx:PowerInWatts></gpxtpx:PowerExtension></extensions></trkpt>
<trkpt lat="38.5766972" lon="-121.4575073">
<ele>8</ele><time>2025-03-05T17:39:33.000Z</time><extensions><gpxtpx:TrackPointExtension><gpxtpx:hr>164</gpxtpx:hr><gpxtpx:cad>75</gpxtpx:cad></gpxtpx:TrackPointExtension></extensions><extensions><gpxtpx:PowerExtension><gpxtpx:PowerInWatts>274</gpxtpx:PowerInWatts></gpxtpx:PowerExtension></extensions></trkpt>
<trkpt lat="38.5767342" lon="-121.4575652">
<ele>8</ele><time>2025-03-05T17:39:36.000Z</time><extensions><gpxtpx:TrackPointExtension><gpxtpx:hr>164</gpxtpx:hr><gpxtpx:cad>76</gpxtpx:cad></gpxtpx:TrackPointExtension></extensions><extensions><gpxtpx:PowerExtension><gpxtpx:PowerInWatts>259</gpxtpx:PowerInWatts></gpxtpx:PowerExtension></extensions></trkpt>
<trkpt lat="38.5767830" lon="-121.4576076">
<ele>8</ele><time>2025-03-05T17:39:39.000Z</time><extensions><gpxtpx:TrackPointExtension><gpxtpx:hr>163</gpxtpx:hr><gpxtpx:cad>78</gpxtpx:cad></gpxtpx:TrackPointExtension></extensions><extensions><gpxtpx:PowerExtension><gpxtpx:PowerInWatts>177</gpxtpx:PowerInWatts></gpxtpx:PowerExtension></extensions></trkpt>
<trkpt lat="38.5767980" lon="-121.4576804">
<ele>8</ele><time>2025-03-05T17:39:42.000Z</time><extensions><gpxtpx:TrackPointExtension><gpxtpx:hr>163</gpxtpx:hr><gpxtpx:cad>78</gpxtpx:cad></gpxtpx:TrackPointExtension></extensions><extensions><gpxtpx:PowerExtension><gpxtpx:PowerInWatts>177</gpxtpx:PowerInWatts></gpxtpx:PowerExtension></extensions></trkpt>
<trkpt lat="38.5768264" lon="-121.4577351">
<ele>8</ele><time>2025-03-05T17:39:44.000Z</time><extensions><gpxtpx:TrackPointExtension><gpxtpx:hr>162</gpxtpx:hr><gpxtpx:cad>80</gpxtpx:cad></gpxtpx:TrackPointExtension></extensions><extensions><gpxtpx:PowerExtension><gpxtpx:PowerInWatts>191</gpxtpx:PowerInWatts></gpxtpx:PowerExtension></extensions></trkpt>
<trkpt lat="38.5768370" lon="-121.4578252">
<ele>8</ele><time>2025-03-05T17:39:47.000Z</time><extensions><gpxtpx:TrackPointExtension><gpxtpx:hr>162</gpxtpx:hr><gpxtpx:cad>79</gpxtpx:cad></gpxtpx:TrackPointExtension></extensions><extensions><gpxtpx:PowerExtension><gpxtpx:PowerInWatts>185</gpxtpx:PowerInWatts></gpxtpx:PowerExtension></extensions></trkpt>
<trkpt lat="38.5768406" lon="-121.4578990">
<ele>8</ele><time>2025-03-05T17:39:50.000Z</time><extensions><gpxtpx:TrackPointExtension><gpxtpx:hr>161</gpxtpx:hr><gpxtpx:cad>79</gpxtpx:cad></gpxtpx:TrackPointExtension></extensions><extensions><gpxtpx:PowerExtension><gpxtpx:PowerInWatts>181</gpxtpx:PowerInWatts></gpxtpx:PowerExtension></extensions></trkpt>
<trkpt lat="38.5768690" lon="-121.4579448">
<ele>8</ele><time>2025-03-05T17:39:52.000Z</time><extensions><gpxtpx:TrackPointExtension><gpxtpx:hr>160</gpxtpx:hr><gpxtpx:cad>80</gpxtpx:cad></gpxtpx:TrackPointExtension></extensions><extensions><gpxtpx:PowerExtension><gpxtpx:PowerInWatts>182</gpxtpx:PowerInWatts></gpxtpx:PowerExtension></extensions></trkpt>
<trkpt lat="38.5768950" lon="-121.4580027">
<ele>8</ele><time>2025-03-05T17:39:54.000Z</time><extensions><gpxtpx:TrackPointExtension><gpxtpx:hr>160</gpxtpx:hr><gpxtpx:cad>77</gpxtpx:cad></gpxtpx:TrackPointExtension></extensions><extensions><gpxtpx:PowerExtension><gpxtpx:PowerInWatts>184</gpxtpx:PowerInWatts></gpxtpx:PowerExtension></extensions></trkpt>
<trkpt lat="38.5769111" lon="-121.4580625">
<ele>8</ele><time>2025-03-05T17:39:56.000Z</time><extensions><gpxtpx:TrackPointExtension><gpxtpx:hr>160</gpxtpx:hr><gpxtpx:cad>75</gpxtpx:cad></gpxtpx:TrackPointExtension></extensions><extensions><gpxtpx:PowerExtension><gpxtpx:PowerInWatts>184</gpxtpx:PowerInWatts></gpxtpx:PowerExtension></extensions></trkpt>
<trkpt lat="38.5769254" lon="-121.4581238">
<ele>8</ele><time>2025-03-05T17:39:58.000Z</time><extensions><gpxtpx:TrackPointExtension><gpxtpx:hr>160</gpxtpx:hr><gpxtpx:cad>72</gpxtpx:cad></gpxtpx:TrackPointExtension></extensions><extensions><gpxtpx:PowerExtension><gpxtpx:PowerInWatts>181</gpxtpx:PowerInWatts></gpxtpx:PowerExtension></extensions></trkpt>
<trkpt lat="38.5769444" lon="-121.4581828">
<ele>8</ele><time>2025-03-05T17:40:00.000Z</time><extensions><gpxtpx:TrackPointExtension><gpxtpx:hr>159</gpxtpx:hr><gpxtpx:cad>77</gpxtpx:cad></gpxtpx:TrackPointExtension></extensions><extensions><gpxtpx:PowerExtension><gpxtpx:PowerInWatts>181</gpxtpx:PowerInWatts></gpxtpx:PowerExtension></extensions></trkpt>
<trkpt lat="38.5769584" lon="-121.4582646">
<ele>8</ele><time>2025-03-05T17:40:03.000Z</time><extensions><gpxtpx:TrackPointExtension><gpxtpx:hr>159</gpxtpx:hr><gpxtpx:cad>78</gpxtpx:cad></gpxtpx:TrackPointExtension></extensions><extensions><gpxtpx:PowerExtension><gpxtpx:PowerInWatts>185</gpxtpx:PowerInWatts></gpxtpx:PowerExtension></extensions></trkpt>
<trkpt lat="38.5769729" lon="-121.4583263">
<ele>8</ele><time>2025-03-05T17:40:05.000Z</time><extensions><gpxtpx:TrackPointExtension><gpxtpx:hr>158</gpxtpx:hr><gpxtpx:cad>75</gpxtpx:cad></gpxtpx:TrackPointExtension></extensions><extensions><gpxtpx:PowerExtension><gpxtpx:PowerInWatts>185</gpxtpx:PowerInWatts></gpxtpx:PowerExtension></extensions></trkpt>
<trkpt lat="38.5770005" lon="-121.4583954">
<ele>8</ele><time>2025-03-05T17:40:08.000Z</time><extensions><gpxtpx:TrackPointExtension><gpxtpx:hr>157</gpxtpx:hr><gpxtpx:cad>79</gpxtpx:cad></gpxtpx:TrackPointExtension></extensions><extensions><gpxtpx:PowerExtension><gpxtpx:PowerInWatts>187</gpxtpx:PowerInWatts></gpxtpx:PowerExtension></extensions></trkpt>
<trkpt lat="38.5770167" lon="-121.4584687">
<ele>8</ele><time>2025-03-05T17:40:10.000Z</time><extensions><gpxtpx:TrackPointExtension><gpxtpx:hr>157</gpxtpx:hr><gpxtpx:cad>78</gpxtpx:cad></gpxtpx:TrackPointExtension></extensions><extensions><gpxtpx:PowerExtension><gpxtpx:PowerInWatts>189</gpxtpx:PowerInWatts></gpxtpx:PowerExtension></extensions></trkpt>
<trkpt lat="38.5770181" lon="-121.4585334">
<ele>8</ele><time>2025-03-05T17:40:12.000Z</time><extensions><gpxtpx:TrackPointExtension><gpxtpx:hr>157</gpxtpx:hr><gpxtpx:cad>77</gpxtpx:cad></gpxtpx:TrackPointExtension></extensions><extensions><gpxtpx:PowerExtension><gpxtpx:PowerInWatts>188</gpxtpx:PowerInWatts></gpxtpx:PowerExtension></extensions></trkpt>
<trkpt lat="38.5770405" lon="-121.4585913">
<ele>8</ele><time>2025-03-05T17:40:14.000Z</time><extensions><gpxtpx:TrackPointExtension><gpxtpx:hr>157</gpxtpx:hr><gpxtpx:cad>77</gpxtpx:cad></gpxtpx:TrackPointExtension></extensions><extensions><gpxtpx:PowerExtension><gpxtpx:PowerInWatts>187</gpxtpx:PowerInWatts></gpxtpx:PowerExtension></extensions></trkpt>
<trkpt lat="38.5770478" lon="-121.4586675">
<ele>8</ele><time>2025-03-05T17:40:16.000Z</time><extensions><gpxtpx:TrackPointExtension><gpxtpx:hr>157</gpxtpx:hr><gpxtpx:cad>75</gpxtpx:cad></gpxtpx:TrackPointExtension></extensions><extensions><gpxtpx:PowerExtension><gpxtpx:PowerInWatts>187</gpxtpx:PowerInWatts></gpxtpx:PowerExtension></extensions></trkpt>
<trkpt lat="38.5770749" lon="-121.4587572">
<ele>8</ele><time>2025-03-05T17:40:19.000Z</time><extensions><gpxtpx:TrackPointExtension><gpxtpx:hr>156</gpxtpx:hr><gpxtpx:cad>76</gpxtpx:cad></gpxtpx:TrackPointExtension></extensions><extensions><gpxtpx:PowerExtension><gpxtpx:PowerInWatts>190</gpxtpx:PowerInWatts></gpxtpx:PowerExtension></extensions></trkpt>
<trkpt lat="38.5770964" lon="-121.4588143">
<ele>8</ele><time>2025-03-05T17:40:21.000Z</time><extensions><gpxtpx:TrackPointExtension><gpxtpx:hr>155</gpxtpx:hr><gpxtpx:cad>74</gpxtpx:cad></gpxtpx:TrackPointExtension></extensions><extensions><gpxtpx:PowerExtension><gpxtpx:PowerInWatts>198</gpxtpx:PowerInWatts></gpxtpx:PowerExtension></extensions></trkpt>
<trkpt lat="38.5771151" lon="-121.4588732">
<ele>8</ele><time>2025-03-05T17:40:23.000Z</time><extensions><gpxtpx:TrackPointExtension><gpxtpx:hr>155</gpxtpx:hr><gpxtpx:cad>75</gpxtpx:cad></gpxtpx:TrackPointExtension></extensions><extensions><gpxtpx:PowerExtension><gpxtpx:PowerInWatts>198</gpxtpx:PowerInWatts></gpxtpx:PowerExtension></extensions></trkpt>
<trkpt lat="38.5771312" lon="-121.4589520">
<ele>8</ele><time>2025-03-05T17:40:26.000Z</time><extensions><gpxtpx:TrackPointExtension><gpxtpx:hr>155</gpxtpx:hr><gpxtpx:cad>79</gpxtpx:cad></gpxtpx:TrackPointExtension></extensions><extensions><gpxtpx:PowerExtension><gpxtpx:PowerInWatts>201</gpxtpx:PowerInWatts></gpxtpx:PowerExtension></extensions></trkpt>
<trkpt lat="38.5771436" lon="-121.4590395">
<ele>8</ele><time>2025-03-05T17:40:29.000Z</time><extensions><gpxtpx:TrackPointExtension><gpxtpx:hr>156</gpxtpx:hr><gpxtpx:cad>80</gpxtpx:cad></gpxtpx:TrackPointExtension></extensions><extensions><gpxtpx:PowerExtension><gpxtpx:PowerInWatts>201</gpxtpx:PowerInWatts></gpxtpx:PowerExtension></extensions></trkpt>
<trkpt lat="38.5771600" lon="-121.4590992">
<ele>8</ele><time>2025-03-05T17:40:31.000Z</time><extensions><gpxtpx:TrackPointExtension><gpxtpx:hr>156</gpxtpx:hr><gpxtpx:cad>77</gpxtpx:cad></gpxtpx:TrackPointExtension></extensions><extensions><gpxtpx:PowerExtension><gpxtpx:PowerInWatts>201</gpxtpx:PowerInWatts></gpxtpx:PowerExtension></extensions></trkpt>
<trkpt lat="38.5771962" lon="-121.4591608">
<ele>8</ele><time>2025-03-05T17:40:34.000Z</time><extensions><gpxtpx:TrackPointExtension><gpxtpx:hr>156</gpxtpx:hr><gpxtpx:cad>76</gpxtpx:cad></gpxtpx:TrackPointExtension></extensions><extensions><gpxtpx:PowerExtension><gpxtpx:PowerInWatts>195</gpxtpx:PowerInWatts></gpxtpx:PowerExtension></extensions></trkpt>
<trkpt lat="38.5771920" lon="-121.4592407">
<ele>8</ele><time>2025-03-05T17:40:36.000Z</time><extensions><gpxtpx:TrackPointExtension><gpxtpx:hr>155</gpxtpx:hr><gpxtpx:cad>76</gpxtpx:cad></gpxtpx:TrackPointExtension></extensions><extensions><gpxtpx:PowerExtension><gpxtpx:PowerInWatts>197</gpxtpx:PowerInWatts></gpxtpx:PowerExtension></extensions></trkpt>
<trkpt lat="38.5772084" lon="-121.4593261">
<ele>8</ele><time>2025-03-05T17:40:39.000Z</time><extensions><gpxtpx:TrackPointExtension><gpxtpx:hr>155</gpxtpx:hr><gpxtpx:cad>75</gpxtpx:cad></gpxtpx:TrackPointExtension></extensions><extensions><gpxtpx:PowerExtension><gpxtpx:PowerInWatts>198</gpxtpx:PowerInWatts></gpxtpx:PowerExtension></extensions></trkpt>
<trkpt lat="38.5772237" lon="-121.4594012">
<ele>8</ele><time>2025-03-05T17:40:41.000Z</time><extensions><gpxtpx:TrackPointExtension><gpxtpx:hr>155</gpxtpx:hr><gpxtpx:cad>75</gpxtpx:cad></gpxtpx:TrackPointExtension></extensions><extensions><gpxtpx:PowerExtension><gpxtpx:PowerInWatts>198</gpxtpx:PowerInWatts></gpxtpx:PowerExtension></extensions></trkpt>
<trkpt lat="38.5772392" lon="-121.4594608">
<ele>8</ele><time>2025-03-05T17:40:43.000Z</time><extensions><gpxtpx:TrackPointExtension><gpxtpx:hr>155</gpxtpx:hr><gpxtpx:cad>79</gpxtpx:cad></gpxtpx:TrackPointExtension></extensions><extensions><gpxtpx:PowerExtension><gpxtpx:PowerInWatts>198</gpxtpx:PowerInWatts></gpxtpx:PowerExtension></extensions></trkpt>
<trkpt lat="38.5772602" lon="-121.4595390">
<ele>8</ele><time>2025-03-05T17:40:45.000Z</time><extensions><gpxtpx:TrackPointExtension><gpxtpx:hr>155</gpxtpx:hr><gpxtpx:cad>76</gpxtpx:cad></gpxtpx:TrackPointExtension></extensions><extensions><gpxtpx:PowerExtension><gpxtpx:PowerInWatts>201</gpxtpx:PowerInWatts></gpxtpx:PowerExtension></extensions></trkpt>
<trkpt lat="38.5772840" lon="-121.4596275">
<ele>8</ele><time>2025-03-05T17:40:48.000Z</time><extensions><gpxtpx:TrackPointExtension><gpxtpx:hr>155</gpxtpx:hr><gpxtpx:cad>77</gpxtpx:cad></gpxtpx:TrackPointExtension></extensions><extensions><gpxtpx:PowerExtension><gpxtpx:PowerInWatts>204</gpxtpx:PowerInWatts></gpxtpx:PowerExtension></extensions></trkpt>
<trkpt lat="38.5773070" lon="-121.4597128">
<ele>8</ele><time>2025-03-05T17:40:51.000Z</time><extensions><gpxtpx:TrackPointExtension><gpxtpx:hr>155</gpxtpx:hr><gpxtpx:cad>79</gpxtpx:cad></gpxtpx:TrackPointExtension></extensions><extensions><gpxtpx:PowerExtension><gpxtpx:PowerInWatts>210</gpxtpx:PowerInWatts></gpxtpx:PowerExtension></extensions></trkpt>
<trkpt lat="38.5773277" lon="-121.4597899">
<ele>8</ele><time>2025-03-05T17:40:53.000Z</time><extensions><gpxtpx:TrackPointExtension><gpxtpx:hr>154</gpxtpx:hr><gpxtpx:cad>76</gpxtpx:cad></gpxtpx:TrackPointExtension></extensions><extensions><gpxtpx:PowerExtension><gpxtpx:PowerInWatts>211</gpxtpx:PowerInWatts></gpxtpx:PowerExtension></extensions></trkpt>
<trkpt lat="38.5773478" lon="-121.4598645">
<ele>8</ele><time>2025-03-05T17:40:55.000Z</time><extensions><gpxtpx:TrackPointExtension><gpxtpx:hr>154</gpxtpx:hr><gpxtpx:cad>79</gpxtpx:cad></gpxtpx:TrackPointExtension></extensions><extensions><gpxtpx:PowerExtension><gpxtpx:PowerInWatts>209</gpxtpx:PowerInWatts></gpxtpx:PowerExtension></extensions></trkpt>
<trkpt lat="38.5773646" lon="-121.4599273">
<ele>8</ele><time>2025-03-05T17:40:57.000Z</time><extensions><gpxtpx:TrackPointExtension><gpxtpx:hr>153</gpxtpx:hr><gpxtpx:cad>79</gpxtpx:cad></gpxtpx:TrackPointExtension></extensions><extensions><gpxtpx:PowerExtension><gpxtpx:PowerInWatts>210</gpxtpx:PowerInWatts></gpxtpx:PowerExtension></extensions></trkpt>
<trkpt lat="38.5773898" lon="-121.4600207">
<ele>9</ele><time>2025-03-05T17:41:00.000Z</time><extensions><gpxtpx:TrackPointExtension><gpxtpx:hr>153</gpxtpx:hr><gpxtpx:cad>79</gpxtpx:cad></gpxtpx:TrackPointExtension></extensions><extensions><gpxtpx:PowerExtension><gpxtpx:PowerInWatts>214</gpxtpx:PowerInWatts></gpxtpx:PowerExtension></extensions></trkpt>
<trkpt lat="38.5774045" lon="-121.4600758">
<ele>9</ele><time>2025-03-05T17:41:02.000Z</time><extensions><gpxtpx:TrackPointExtension><gpxtpx:hr>153</gpxtpx:hr><gpxtpx:cad>82</gpxtpx:cad></gpxtpx:TrackPointExtension></extensions><extensions><gpxtpx:PowerExtension><gpxtpx:PowerInWatts>214</gpxtpx:PowerInWatts></gpxtpx:PowerExtension></extensions></trkpt>
<trkpt lat="38.5774087" lon="-121.4601422">
<ele>9</ele><time>2025-03-05T17:41:04.000Z</time><extensions><gpxtpx:TrackPointExtension><gpxtpx:hr>153</gpxtpx:hr><gpxtpx:cad>85</gpxtpx:cad></gpxtpx:TrackPointExtension></extensions><extensions><gpxtpx:PowerExtension><gpxtpx:PowerInWatts>220</gpxtpx:PowerInWatts></gpxtpx:PowerExtension></extensions></trkpt>
<trkpt lat="38.5774255" lon="-121.4602072">
<ele>9</ele><time>2025-03-05T17:41:06.000Z</time><extensions><gpxtpx:TrackPointExtension><gpxtpx:hr>153</gpxtpx:hr><gpxtpx:cad>82</gpxtpx:cad></gpxtpx:TrackPointExtension></extensions><extensions><gpxtpx:PowerExtension><gpxtpx:PowerInWatts>220</gpxtpx:PowerInWatts></gpxtpx:PowerExtension></extensions></trkpt>
<trkpt lat="38.5774404" lon="-121.4602706">
<ele>9</ele><time>2025-03-05T17:41:08.000Z</time><extensions><gpxtpx:TrackPointExtension><gpxtpx:hr>153</gpxtpx:hr><gpxtpx:cad>82</gpxtpx:cad></gpxtpx:TrackPointExtension></extensions><extensions><gpxtpx:PowerExtension><gpxtpx:PowerInWatts>220</gpxtpx:PowerInWatts></gpxtpx:PowerExtension></extensions></trkpt>
<trkpt lat="38.5774665" lon="-121.4603191">
<ele>9</ele><time>2025-03-05T17:41:09.000Z</time><extensions><gpxtpx:TrackPointExtension><gpxtpx:hr>152</gpxtpx:hr><gpxtpx:cad>79</gpxtpx:cad></gpxtpx:TrackPointExtension></extensions><extensions><gpxtpx:PowerExtension><gpxtpx:PowerInWatts>220</gpxtpx:PowerInWatts></gpxtpx:PowerExtension></extensions></trkpt>
<trkpt lat="38.5774775" lon="-121.4604026">
<ele>9</ele><time>2025-03-05T17:41:11.000Z</time><extensions><gpxtpx:TrackPointExtension><gpxtpx:hr>152</gpxtpx:hr><gpxtpx:cad>79</gpxtpx:cad></gpxtpx:TrackPointExtension></extensions><extensions><gpxtpx:PowerExtension><gpxtpx:PowerInWatts>216</gpxtpx:PowerInWatts></gpxtpx:PowerExtension></extensions></trkpt>
<trkpt lat="38.5775070" lon="-121.4604801">
<ele>9</ele><time>2025-03-05T17:41:13.000Z</time><extensions><gpxtpx:TrackPointExtension><gpxtpx:hr>152</gpxtpx:hr><gpxtpx:cad>81</gpxtpx:cad></gpxtpx:TrackPointExtension></extensions><extensions><gpxtpx:PowerExtension><gpxtpx:PowerInWatts>215</gpxtpx:PowerInWatts></gpxtpx:PowerExtension></extensions></trkpt>
<trkpt lat="38.5775297" lon="-121.4605665">
<ele>9</ele><time>2025-03-05T17:41:15.000Z</time><extensions><gpxtpx:TrackPointExtension><gpxtpx:hr>153</gpxtpx:hr><gpxtpx:cad>82</gpxtpx:cad></gpxtpx:TrackPointExtension></extensions><extensions><gpxtpx:PowerExtension><gpxtpx:PowerInWatts>218</gpxtpx:PowerInWatts></gpxtpx:PowerExtension></extensions></trkpt>
<trkpt lat="38.5775494" lon="-121.4606456">
<ele>9</ele><time>2025-03-05T17:41:17.000Z</time><extensions><gpxtpx:TrackPointExtension><gpxtpx:hr>154</gpxtpx:hr><gpxtpx:cad>83</gpxtpx:cad></gpxtpx:TrackPointExtension></extensions><extensions><gpxtpx:PowerExtension><gpxtpx:PowerInWatts>218</gpxtpx:PowerInWatts></gpxtpx:PowerExtension></extensions></trkpt>
<trkpt lat="38.5775486" lon="-121.4607460">
<ele>9</ele><time>2025-03-05T17:41:19.000Z</time><extensions><gpxtpx:TrackPointExtension><gpxtpx:hr>154</gpxtpx:hr><gpxtpx:cad>81</gpxtpx:cad></gpxtpx:TrackPointExtension></extensions><extensions><gpxtpx:PowerExtension><gpxtpx:PowerInWatts>231</gpxtpx:PowerInWatts></gpxtpx:PowerExtension></extensions></trkpt>
<trkpt lat="38.5775628" lon="-121.4608452">
<ele>9</ele><time>2025-03-05T17:41:21.000Z</time><extensions><gpxtpx:TrackPointExtension><gpxtpx:hr>155</gpxtpx:hr><gpxtpx:cad>81</gpxtpx:cad></gpxtpx:TrackPointExtension></extensions><extensions><gpxtpx:PowerExtension><gpxtpx:PowerInWatts>239</gpxtpx:PowerInWatts></gpxtpx:PowerExtension></extensions></trkpt>
<trkpt lat="38.5776105" lon="-121.4609106">
<ele>9</ele><time>2025-03-05T17:41:23.000Z</time><extensions><gpxtpx:TrackPointExtension><gpxtpx:hr>155</gpxtpx:hr><gpxtpx:cad>86</gpxtpx:cad></gpxtpx:TrackPointExtension></extensions><extensions><gpxtpx:PowerExtension><gpxtpx:PowerInWatts>239</gpxtpx:PowerInWatts></gpxtpx:PowerExtension></extensions></trkpt>
<trkpt lat="38.5776366" lon="-121.4609963">
<ele>9</ele><time>2025-03-05T17:41:25.000Z</time><extensions><gpxtpx:TrackPointExtension><gpxtpx:hr>156</gpxtpx:hr><gpxtpx:cad>83</gpxtpx:cad></gpxtpx:TrackPointExtension></extensions><extensions><gpxtpx:PowerExtension><gpxtpx:PowerInWatts>281</gpxtpx:PowerInWatts></gpxtpx:PowerExtension></extensions></trkpt>
<trkpt lat="38.5776518" lon="-121.4610657">
<ele>9</ele><time>2025-03-05T17:41:27.000Z</time><extensions><gpxtpx:TrackPointExtension><gpxtpx:hr>157</gpxtpx:hr><gpxtpx:cad>79</gpxtpx:cad></gpxtpx:TrackPointExtension></extensions><extensions><gpxtpx:PowerExtension><gpxtpx:PowerInWatts>306</gpxtpx:PowerInWatts></gpxtpx:PowerExtension></extensions></trkpt>
<trkpt lat="38.5776554" lon="-121.4611569">
<ele>9</ele><time>2025-03-05T17:41:29.000Z</time><extensions><gpxtpx:TrackPointExtension><gpxtpx:hr>157</gpxtpx:hr><gpxtpx:cad>83</gpxtpx:cad></gpxtpx:TrackPointExtension></extensions><extensions><gpxtpx:PowerExtension><gpxtpx:PowerInWatts>306</gpxtpx:PowerInWatts></gpxtpx:PowerExtension></extensions></trkpt>
<trkpt lat="38.5776635" lon="-121.4612468">
<ele>9</ele><time>2025-03-05T17:41:31.000Z</time><extensions><gpxtpx:TrackPointExtension><gpxtpx:hr>157</gpxtpx:hr><gpxtpx:cad>82</gpxtpx:cad></gpxtpx:TrackPointExtension></extensions><extensions><gpxtpx:PowerExtension><gpxtpx:PowerInWatts>289</gpxtpx:PowerInWatts></gpxtpx:PowerExtension></extensions></trkpt>
<trkpt lat="38.5776935" lon="-121.4613173">
<ele>9</ele><time>2025-03-05T17:41:33.000Z</time><extensions><gpxtpx:TrackPointExtension><gpxtpx:hr>158</gpxtpx:hr><gpxtpx:cad>82</gpxtpx:cad></gpxtpx:TrackPointExtension></extensions><extensions><gpxtpx:PowerExtension><gpxtpx:PowerInWatts>272</gpxtpx:PowerInWatts></gpxtpx:PowerExtension></extensions></trkpt>
<trkpt lat="38.5777190" lon="-121.4613972">
<ele>9</ele><time>2025-03-05T17:41:34.999Z</time><extensions><gpxtpx:TrackPointExtension><gpxtpx:hr>158</gpxtpx:hr><gpxtpx:cad>79</gpxtpx:cad></gpxtpx:TrackPointExtension></extensions><extensions><gpxtpx:PowerExtension><gpxtpx:PowerInWatts>272</gpxtpx:PowerInWatts></gpxtpx:PowerExtension></extensions></trkpt>
<trkpt lat="38.5777546" lon="-121.4614779">
<ele>9</ele><time>2025-03-05T17:41:36.999Z</time><extensions><gpxtpx:TrackPointExtension><gpxtpx:hr>159</gpxtpx:hr><gpxtpx:cad>81</gpxtpx:cad></gpxtpx:TrackPointExtension></extensions><extensions><gpxtpx:PowerExtension><gpxtpx:PowerInWatts>272</gpxtpx:PowerInWatts></gpxtpx:PowerExtension></extensions></trkpt>
<trkpt lat="38.5777794" lon="-121.4615518">
<ele>9</ele><time>2025-03-05T17:41:38.999Z</time><extensions><gpxtpx:TrackPointExtension><gpxtpx:hr>159</gpxtpx:hr><gpxtpx:cad>75</gpxtpx:cad></gpxtpx:TrackPointExtension></extensions><extensions><gpxtpx:PowerExtension><gpxtpx:PowerInWatts>273</gpxtpx:PowerInWatts></gpxtpx:PowerExtension></extensions></trkpt>
<trkpt lat="38.5777788" lon="-121.4616339">
<ele>9</ele><time>2025-03-05T17:41:40.999Z</time><extensions><gpxtpx:TrackPointExtension><gpxtpx:hr>160</gpxtpx:hr><gpxtpx:cad>77</gpxtpx:cad></gpxtpx:TrackPointExtension></extensions><extensions><gpxtpx:PowerExtension><gpxtpx:PowerInWatts>273</gpxtpx:PowerInWatts></gpxtpx:PowerExtension></extensions></trkpt>
<trkpt lat="38.5778028" lon="-121.4616905">
<ele>9</ele><time>2025-03-05T17:41:42.999Z</time><extensions><gpxtpx:TrackPointExtension><gpxtpx:hr>160</gpxtpx:hr><gpxtpx:cad>80</gpxtpx:cad></gpxtpx:TrackPointExtension></extensions><extensions><gpxtpx:PowerExtension><gpxtpx:PowerInWatts>273</gpxtpx:PowerInWatts></gpxtpx:PowerExtension></extensions></trkpt>
<trkpt lat="38.5778215" lon="-121.4617488">
<ele>9</ele><time>2025-03-05T17:41:43.999Z</time><extensions><gpxtpx:TrackPointExtension><gpxtpx:hr>160</gpxtpx:hr><gpxtpx:cad>78</gpxtpx:cad></gpxtpx:TrackPointExtension></extensions><extensions><gpxtpx:PowerExtension><gpxtpx:PowerInWatts>274</gpxtpx:PowerInWatts></gpxtpx:PowerExtension></extensions></trkpt>
<trkpt lat="38.5778329" lon="-121.4618165">
<ele>9</ele><time>2025-03-05T17:41:45.999Z</time><extensions><gpxtpx:TrackPointExtension><gpxtpx:hr>161</gpxtpx:hr><gpxtpx:cad>78</gpxtpx:cad></gpxtpx:TrackPointExtension></extensions><extensions><gpxtpx:PowerExtension><gpxtpx:PowerInWatts>272</gpxtpx:PowerInWatts></gpxtpx:PowerExtension></extensions></trkpt>
<trkpt lat="38.5778641" lon="-121.4618837">
<ele>9</ele><time>2025-03-05T17:41:47.999Z</time><extensions><gpxtpx:TrackPointExtension><gpxtpx:hr>161</gpxtpx:hr><gpxtpx:cad>78</gpxtpx:cad></gpxtpx:TrackPointExtension></extensions><extensions><gpxtpx:PowerExtension><gpxtpx:PowerInWatts>270</gpxtpx:PowerInWatts></gpxtpx:PowerExtension></extensions></trkpt>
<trkpt lat="38.5778889" lon="-121.4619552">
<ele>9</ele><time>2025-03-05T17:41:49.999Z</time><extensions><gpxtpx:TrackPointExtension><gpxtpx:hr>161</gpxtpx:hr><gpxtpx:cad>78</gpxtpx:cad></gpxtpx:TrackPointExtension></extensions><extensions><gpxtpx:PowerExtension><gpxtpx:PowerInWatts>270</gpxtpx:PowerInWatts></gpxtpx:PowerExtension></extensions></trkpt>
<trkpt lat="38.5779082" lon="-121.4620399">
<ele>9</ele><time>2025-03-05T17:41:51.999Z</time><extensions><gpxtpx:TrackPointExtension><gpxtpx:hr>161</gpxtpx:hr><gpxtpx:cad>81</gpxtpx:cad></gpxtpx:TrackPointExtension></extensions><extensions><gpxtpx:PowerExtension><gpxtpx:PowerInWatts>270</gpxtpx:PowerInWatts></gpxtpx:PowerExtension></extensions></trkpt>
<trkpt lat="38.5779145" lon="-121.4621419">
<ele>9</ele><time>2025-03-05T17:41:53.999Z</time><extensions><gpxtpx:TrackPointExtension><gpxtpx:hr>162</gpxtpx:hr><gpxtpx:cad>83</gpxtpx:cad></gpxtpx:TrackPointExtension></extensions><extensions><gpxtpx:PowerExtension><gpxtpx:PowerInWatts>266</gpxtpx:PowerInWatts></gpxtpx:PowerExtension></extensions></trkpt>
<trkpt lat="38.5779509" lon="-121.4622103">
<ele>9</ele><time>2025-03-05T17:41:55.999Z</time><extensions><gpxtpx:TrackPointExtension><gpxtpx:hr>162</gpxtpx:hr><gpxtpx:cad>85</gpxtpx:cad></gpxtpx:TrackPointExtension></extensions><extensions><gpxtpx:PowerExtension><gpxtpx:PowerInWatts>266</gpxtpx:PowerInWatts></gpxtpx:PowerExtension></extensions></trkpt>
<trkpt lat="38.5779600" lon="-121.4622668">
<ele>9</ele><time>2025-03-05T17:41:57.999Z</time><extensions><gpxtpx:TrackPointExtension><gpxtpx:hr>163</gpxtpx:hr><gpxtpx:cad>83</gpxtpx:cad></gpxtpx:TrackPointExtension></extensions><extensions><gpxtpx:PowerExtension><gpxtpx:PowerInWatts>266</gpxtpx:PowerInWatts></gpxtpx:PowerExtension></extensions></trkpt>
<trkpt lat="38.5779764" lon="-121.4623494">
<ele>9</ele><time>2025-03-05T17:41:59.999Z</time><extensions><gpxtpx:TrackPointExtension><gpxtpx:hr>163</gpxtpx:hr><gpxtpx:cad>80</gpxtpx:cad></gpxtpx:TrackPointExtension></extensions><extensions><gpxtpx:PowerExtension><gpxtpx:PowerInWatts>272</gpxtpx:PowerInWatts></gpxtpx:PowerExtension></extensions></trkpt>
<trkpt lat="38.5780106" lon="-121.4624322">
<ele>9</ele><time>2025-03-05T17:42:01.999Z</time><extensions><gpxtpx:TrackPointExtension><gpxtpx:hr>163</gpxtpx:hr><gpxtpx:cad>78</gpxtpx:cad></gpxtpx:TrackPointExtension></extensions><extensions><gpxtpx:PowerExtension><gpxtpx:PowerInWatts>272</gpxtpx:PowerInWatts></gpxtpx:PowerExtension></extensions></trkpt>
<trkpt lat="38.5780393" lon="-121.4625132">
<ele>9</ele><time>2025-03-05T17:42:03.999Z</time><extensions><gpxtpx:TrackPointExtension><gpxtpx:hr>163</gpxtpx:hr><gpxtpx:cad>82</gpxtpx:cad></gpxtpx:TrackPointExtension></extensions><extensions><gpxtpx:PowerExtension><gpxtpx:PowerInWatts>272</gpxtpx:PowerInWatts></gpxtpx:PowerExtension></extensions></trkpt>
<trkpt lat="38.5780662" lon="-121.4625868">
<ele>9</ele><time>2025-03-05T17:42:05.999Z</time><extensions><gpxtpx:TrackPointExtension><gpxtpx:hr>163</gpxtpx:hr><gpxtpx:cad>81</gpxtpx:cad></gpxtpx:TrackPointExtension></extensions><extensions><gpxtpx:PowerExtension><gpxtpx:PowerInWatts>273</gpxtpx:PowerInWatts></gpxtpx:PowerExtension></extensions></trkpt>
<trkpt lat="38.5780809" lon="-121.4626560">
<ele>9</ele><time>2025-03-05T17:42:07.999Z</time><extensions><gpxtpx:TrackPointExtension><gpxtpx:hr>164</gpxtpx:hr><gpxtpx:cad>81</gpxtpx:cad></gpxtpx:TrackPointExtension></extensions><extensions><gpxtpx:PowerExtension><gpxtpx:PowerInWatts>273</gpxtpx:PowerInWatts></gpxtpx:PowerExtension></extensions></trkpt>
<trkpt lat="38.5780992" lon="-121.4627272">
<ele>9</ele><time>2025-03-05T17:42:09.999Z</time><extensions><gpxtpx:TrackPointExtension><gpxtpx:hr>164</gpxtpx:hr><gpxtpx:cad>77</gpxtpx:cad></gpxtpx:TrackPointExtension></extensions><extensions><gpxtpx:PowerExtension><gpxtpx:PowerInWatts>273</gpxtpx:PowerInWatts></gpxtpx:PowerExtension></extensions></trkpt>
<trkpt lat="38.5780843" lon="-121.4627925">
<ele>9</ele><time>2025-03-05T17:42:11.999Z</time><extensions><gpxtpx:TrackPointExtension><gpxtpx:hr>164</gpxtpx:hr><gpxtpx:cad>81</gpxtpx:cad></gpxtpx:TrackPointExtension></extensions><extensions><gpxtpx:PowerExtension><gpxtpx:PowerInWatts>273</gpxtpx:PowerInWatts></gpxtpx:PowerExtension></extensions></trkpt>
<trkpt lat="38.5780530" lon="-121.4628407">
<ele>9</ele><time>2025-03-05T17:42:13.999Z</time><extensions><gpxtpx:TrackPointExtension><gpxtpx:hr>164</gpxtpx:hr><gpxtpx:cad>84</gpxtpx:cad></gpxtpx:TrackPointExtension></extensions><extensions><gpxtpx:PowerExtension><gpxtpx:PowerInWatts>273</gpxtpx:PowerInWatts></gpxtpx:PowerExtension></extensions></trkpt>
<trkpt lat="38.5779889" lon="-121.4628630">
<ele>9</ele><time>2025-03-05T17:42:16.999Z</time><extensions><gpxtpx:TrackPointExtension><gpxtpx:hr>164</gpxtpx:hr><gpxtpx:cad>78</gpxtpx:cad></gpxtpx:TrackPointExtension></extensions><extensions><gpxtpx:PowerExtension><gpxtpx:PowerInWatts>258</gpxtpx:PowerInWatts></gpxtpx:PowerExtension></extensions></trkpt>
<trkpt lat="38.5779402" lon="-121.4628592">
<ele>9</ele><time>2025-03-05T17:42:18.999Z</time><extensions><gpxtpx:TrackPointExtension><gpxtpx:hr>163</gpxtpx:hr><gpxtpx:cad>76</gpxtpx:cad></gpxtpx:TrackPointExtension></extensions><extensions><gpxtpx:PowerExtension><gpxtpx:PowerInWatts>258</gpxtpx:PowerInWatts></gpxtpx:PowerExtension></extensions></trkpt>
<trkpt lat="38.5778770" lon="-121.4628767">
<ele>9</ele><time>2025-03-05T17:42:21.999Z</time><extensions><gpxtpx:TrackPointExtension><gpxtpx:hr>163</gpxtpx:hr><gpxtpx:cad>79</gpxtpx:cad></gpxtpx:TrackPointExtension></extensions><extensions><gpxtpx:PowerExtension><gpxtpx:PowerInWatts>234</gpxtpx:PowerInWatts></gpxtpx:PowerExtension></extensions></trkpt>
<trkpt lat="38.5778369" lon="-121.4629209">
<ele>9</ele><time>2025-03-05T17:42:23.999Z</time><extensions><gpxtpx:TrackPointExtension><gpxtpx:hr>163</gpxtpx:hr><gpxtpx:cad>75</gpxtpx:cad></gpxtpx:TrackPointExtension></extensions><extensions><gpxtpx:PowerExtension><gpxtpx:PowerInWatts>234</gpxtpx:PowerInWatts></gpxtpx:PowerExtension></extensions></trkpt>
<trkpt lat="38.5777760" lon="-121.4629407">
<ele>9</ele><time>2025-03-05T17:42:26.999Z</time><extensions><gpxtpx:TrackPointExtension><gpxtpx:hr>162</gpxtpx:hr><gpxtpx:cad>76</gpxtpx:cad></gpxtpx:TrackPointExtension></extensions><extensions><gpxtpx:PowerExtension><gpxtpx:PowerInWatts>222</gpxtpx:PowerInWatts></gpxtpx:PowerExtension></extensions></trkpt>
<trkpt lat="38.5777244" lon="-121.4629529">
<ele>9</ele><time>2025-03-05T17:42:28.999Z</time><extensions><gpxtpx:TrackPointExtension><gpxtpx:hr>161</gpxtpx:hr><gpxtpx:cad>79</gpxtpx:cad></gpxtpx:TrackPointExtension></extensions><extensions><gpxtpx:PowerExtension><gpxtpx:PowerInWatts>222</gpxtpx:PowerInWatts></gpxtpx:PowerExtension></extensions></trkpt>
<trkpt lat="38.5776843" lon="-121.4629880">
<ele>9</ele><time>2025-03-05T17:42:30.999Z</time><extensions><gpxtpx:TrackPointExtension><gpxtpx:hr>161</gpxtpx:hr><gpxtpx:cad>81</gpxtpx:cad></gpxtpx:TrackPointExtension></extensions><extensions><gpxtpx:PowerExtension><gpxtpx:PowerInWatts>219</gpxtpx:PowerInWatts></gpxtpx:PowerExtension></extensions></trkpt>
<trkpt lat="38.5776209" lon="-121.4629950">
<ele>9</ele><time>2025-03-05T17:42:32.999Z</time><extensions><gpxtpx:TrackPointExtension><gpxtpx:hr>160</gpxtpx:hr><gpxtpx:cad>82</gpxtpx:cad></gpxtpx:TrackPointExtension></extensions><extensions><gpxtpx:PowerExtension><gpxtpx:PowerInWatts>219</gpxtpx:PowerInWatts></gpxtpx:PowerExtension></extensions></trkpt>
<trkpt lat="38.5775577" lon="-121.4630184">
<ele>9</ele><time>2025-03-05T17:42:34.999Z</time><extensions><gpxtpx:TrackPointExtension><gpxtpx:hr>160</gpxtpx:hr><gpxtpx:cad>78</gpxtpx:cad></gpxtpx:TrackPointExtension></extensions><extensions><gpxtpx:PowerExtension><gpxtpx:PowerInWatts>214</gpxtpx:PowerInWatts></gpxtpx:PowerExtension></extensions></trkpt>
<trkpt lat="38.5775231" lon="-121.4630597">
<ele>9</ele><time>2025-03-05T17:42:35.999Z</time><extensions><gpxtpx:TrackPointExtension><gpxtpx:hr>160</gpxtpx:hr><gpxtpx:cad>78</gpxtpx:cad></gpxtpx:TrackPointExtension></extensions><extensions><gpxtpx:PowerExtension><gpxtpx:PowerInWatts>214</gpxtpx:PowerInWatts></gpxtpx:PowerExtension></extensions></trkpt>
<trkpt lat="38.5774652" lon="-121.4630941">
<ele>9</ele><time>2025-03-05T17:42:37.999Z</time><extensions><gpxtpx:TrackPointExtension><gpxtpx:hr>160</gpxtpx:hr><gpxtpx:cad>78</gpxtpx:cad></gpxtpx:TrackPointExtension></extensions><extensions><gpxtpx:PowerExtension><gpxtpx:PowerInWatts>214</gpxtpx:PowerInWatts></gpxtpx:PowerExtension></extensions></trkpt>
<trkpt lat="38.5774055" lon="-121.4631126">
<ele>9</ele><time>2025-03-05T17:42:39.999Z</time><extensions><gpxtpx:TrackPointExtension><gpxtpx:hr>160</gpxtpx:hr><gpxtpx:cad>84</gpxtpx:cad></gpxtpx:TrackPointExtension></extensions><extensions><gpxtpx:PowerExtension><gpxtpx:PowerInWatts>215</gpxtpx:PowerInWatts></gpxtpx:PowerExtension></extensions></trkpt>
<trkpt lat="38.5773454" lon="-121.4631337">
<ele>9</ele><time>2025-03-05T17:42:41.999Z</time><extensions><gpxtpx:TrackPointExtension><gpxtpx:hr>160</gpxtpx:hr><gpxtpx:cad>84</gpxtpx:cad></gpxtpx:TrackPointExtension></extensions><extensions><gpxtpx:PowerExtension><gpxtpx:PowerInWatts>222</gpxtpx:PowerInWatts></gpxtpx:PowerExtension></extensions></trkpt>
<trkpt lat="38.5772698" lon="-121.4631415">
<ele>9</ele><time>2025-03-05T17:42:43.999Z</time><extensions><gpxtpx:TrackPointExtension><gpxtpx:hr>160</gpxtpx:hr><gpxtpx:cad>75</gpxtpx:cad></gpxtpx:TrackPointExtension></extensions><extensions><gpxtpx:PowerExtension><gpxtpx:PowerInWatts>240</gpxtpx:PowerInWatts></gpxtpx:PowerExtension></extensions></trkpt>
<trkpt lat="38.5771962" lon="-121.4631784">
<ele>9</ele><time>2025-03-05T17:42:45.999Z</time><extensions><gpxtpx:TrackPointExtension><gpxtpx:hr>160</gpxtpx:hr><gpxtpx:cad>77</gpxtpx:cad></gpxtpx:TrackPointExtension></extensions><extensions><gpxtpx:PowerExtension><gpxtpx:PowerInWatts>240</gpxtpx:PowerInWatts></gpxtpx:PowerExtension></extensions></trkpt>
<trkpt lat="38.5771381" lon="-121.4632168">
<ele>9</ele><time>2025-03-05T17:42:47.999Z</time><extensions><gpxtpx:TrackPointExtension><gpxtpx:hr>160</gpxtpx:hr><gpxtpx:cad>70</gpxtpx:cad></gpxtpx:TrackPointExtension></extensions><extensions><gpxtpx:PowerExtension><gpxtpx:PowerInWatts>240</gpxtpx:PowerInWatts></gpxtpx:PowerExtension></extensions></trkpt>
<trkpt lat="38.5770777" lon="-121.4632436">
<ele>9</ele><time>2025-03-05T17:42:49.999Z</time><extensions><gpxtpx:TrackPointExtension><gpxtpx:hr>160</gpxtpx:hr><gpxtpx:cad>72</gpxtpx:cad></gpxtpx:TrackPointExtension></extensions><extensions><gpxtpx:PowerExtension><gpxtpx:PowerInWatts>256</gpxtpx:PowerInWatts></gpxtpx:PowerExtension></extensions></trkpt>
<trkpt lat="38.5770092" lon="-121.4632647">
<ele>9</ele><time>2025-03-05T17:42:51.999Z</time><extensions><gpxtpx:TrackPointExtension><gpxtpx:hr>161</gpxtpx:hr><gpxtpx:cad>71</gpxtpx:cad></gpxtpx:TrackPointExtension></extensions><extensions><gpxtpx:PowerExtension><gpxtpx:PowerInWatts>286</gpxtpx:PowerInWatts></gpxtpx:PowerExtension></extensions></trkpt>
<trkpt lat="38.5769351" lon="-121.4632921">
<ele>9</ele><time>2025-03-05T17:42:53.999Z</time><extensions><gpxtpx:TrackPointExtension><gpxtpx:hr>162</gpxtpx:hr><gpxtpx:cad>67</gpxtpx:cad></gpxtpx:TrackPointExtension></extensions><extensions><gpxtpx:PowerExtension><gpxtpx:PowerInWatts>286</gpxtpx:PowerInWatts></gpxtpx:PowerExtension></extensions></trkpt>
<trkpt lat="38.5768657" lon="-121.4633200">
<ele>9</ele><time>2025-03-05T17:42:55.999Z</time><extensions><gpxtpx:TrackPointExtension><gpxtpx:hr>162</gpxtpx:hr><gpxtpx:cad>63</gpxtpx:cad></gpxtpx:TrackPointExtension></extensions><extensions><gpxtpx:PowerExtension><gpxtpx:PowerInWatts>286</gpxtpx:PowerInWatts></gpxtpx:PowerExtension></extensions></trkpt>
<trkpt lat="38.5767997" lon="-121.4633388">
<ele>9</ele><time>2025-03-05T17:42:57.999Z</time><extensions><gpxtpx:TrackPointExtension><gpxtpx:hr>163</gpxtpx:hr><gpxtpx:cad>71</gpxtpx:cad></gpxtpx:TrackPointExtension></extensions><extensions><gpxtpx:PowerExtension><gpxtpx:PowerInWatts>279</gpxtpx:PowerInWatts></gpxtpx:PowerExtension></extensions></trkpt>
<trkpt lat="38.5767433" lon="-121.4633690">
<ele>9</ele><time>2025-03-05T17:42:59.999Z</time><extensions><gpxtpx:TrackPointExtension><gpxtpx:hr>163</gpxtpx:hr><gpxtpx:cad>70</gpxtpx:cad></gpxtpx:TrackPointExtension></extensions><extensions><gpxtpx:PowerExtension><gpxtpx:PowerInWatts>277</gpxtpx:PowerInWatts></gpxtpx:PowerExtension></extensions></trkpt>
<trkpt lat="38.5766818" lon="-121.4633754">
<ele>9</ele><time>2025-03-05T17:43:01.999Z</time><extensions><gpxtpx:TrackPointExtension><gpxtpx:hr>163</gpxtpx:hr><gpxtpx:cad>70</gpxtpx:cad></gpxtpx:TrackPointExtension></extensions><extensions><gpxtpx:PowerExtension><gpxtpx:PowerInWatts>274</gpxtpx:PowerInWatts></gpxtpx:PowerExtension></extensions></trkpt>
<trkpt lat="38.5766383" lon="-121.4634213">
<ele>9</ele><time>2025-03-05T17:43:03.999Z</time><extensions><gpxtpx:TrackPointExtension><gpxtpx:hr>163</gpxtpx:hr><gpxtpx:cad>68</gpxtpx:cad></gpxtpx:TrackPointExtension></extensions><extensions><gpxtpx:PowerExtension><gpxtpx:PowerInWatts>274</gpxtpx:PowerInWatts></gpxtpx:PowerExtension></extensions></trkpt>
<trkpt lat="38.5765940" lon="-121.4634389">
<ele>9</ele><time>2025-03-05T17:43:05.999Z</time><extensions><gpxtpx:TrackPointExtension><gpxtpx:hr>163</gpxtpx:hr><gpxtpx:cad>68</gpxtpx:cad></gpxtpx:TrackPointExtension></extensions><extensions><gpxtpx:PowerExtension><gpxtpx:PowerInWatts>274</gpxtpx:PowerInWatts></gpxtpx:PowerExtension></extensions></trkpt>
<trkpt lat="38.5765373" lon="-121.4634647">
<ele>9</ele><time>2025-03-05T17:43:08.999Z</time><extensions><gpxtpx:TrackPointExtension><gpxtpx:hr>163</gpxtpx:hr><gpxtpx:cad>73</gpxtpx:cad></gpxtpx:TrackPointExtension></extensions><extensions><gpxtpx:PowerExtension><gpxtpx:PowerInWatts>274</gpxtpx:PowerInWatts></gpxtpx:PowerExtension></extensions></trkpt>
<trkpt lat="38.5764726" lon="-121.4634634">
<ele>9</ele><time>2025-03-05T17:43:10.999Z</time><extensions><gpxtpx:TrackPointExtension><gpxtpx:hr>163</gpxtpx:hr><gpxtpx:cad>77</gpxtpx:cad></gpxtpx:TrackPointExtension></extensions><extensions><gpxtpx:PowerExtension><gpxtpx:PowerInWatts>267</gpxtpx:PowerInWatts></gpxtpx:PowerExtension></extensions></trkpt>
<trkpt lat="38.5764281" lon="-121.4634513">
<ele>9</ele><time>2025-03-05T17:43:12.999Z</time><extensions><gpxtpx:TrackPointExtension><gpxtpx:hr>163</gpxtpx:hr><gpxtpx:cad>78</gpxtpx:cad></gpxtpx:TrackPointExtension></extensions><extensions><gpxtpx:PowerExtension><gpxtpx:PowerInWatts>246</gpxtpx:PowerInWatts></gpxtpx:PowerExtension></extensions></trkpt>
<trkpt lat="38.5763709" lon="-121.4634758">
<ele>9</ele><time>2025-03-05T17:43:15.999Z</time><extensions><gpxtpx:TrackPointExtension><gpxtpx:hr>163</gpxtpx:hr><gpxtpx:cad>78</gpxtpx:cad></gpxtpx:TrackPointExtension></extensions><extensions><gpxtpx:PowerExtension><gpxtpx:PowerInWatts>246</gpxtpx:PowerInWatts></gpxtpx:PowerExtension></extensions></trkpt>
<trkpt lat="38.5763280" lon="-121.4635014">
<ele>9</ele><time>2025-03-05T17:43:17.999Z</time><extensions><gpxtpx:TrackPointExtension><gpxtpx:hr>162</gpxtpx:hr><gpxtpx:cad>77</gpxtpx:cad></gpxtpx:TrackPointExtension></extensions><extensions><gpxtpx:PowerExtension><gpxtpx:PowerInWatts>215</gpxtpx:PowerInWatts></gpxtpx:PowerExtension></extensions></trkpt>
<trkpt lat="38.5762840" lon="-121.4635319">
<ele>9</ele><time>2025-03-05T17:43:19.999Z</time><extensions><gpxtpx:TrackPointExtension><gpxtpx:hr>162</gpxtpx:hr><gpxtpx:cad>80</gpxtpx:cad></gpxtpx:TrackPointExtension></extensions><extensions><gpxtpx:PowerExtension><gpxtpx:PowerInWatts>215</gpxtpx:PowerInWatts></gpxtpx:PowerExtension></extensions></trkpt>
<trkpt lat="38.5762394" lon="-121.4635401">
<ele>9</ele><time>2025-03-05T17:43:21.999Z</time><extensions><gpxtpx:TrackPointExtension><gpxtpx:hr>161</gpxtpx:hr><gpxtpx:cad>83</gpxtpx:cad></gpxtpx:TrackPointExtension></extensions><extensions><gpxtpx:PowerExtension><gpxtpx:PowerInWatts>214</gpxtpx:PowerInWatts></gpxtpx:PowerExtension></extensions></trkpt>
<trkpt lat="38.5761788" lon="-121.4635603">
<ele>9</ele><time>2025-03-05T17:43:24.999Z</time><extensions><gpxtpx:TrackPointExtension><gpxtpx:hr>161</gpxtpx:hr><gpxtpx:cad>84</gpxtpx:cad></gpxtpx:TrackPointExtension></extensions><extensions><gpxtpx:PowerExtension><gpxtpx:PowerInWatts>204</gpxtpx:PowerInWatts></gpxtpx:PowerExtension></extensions></trkpt>
<trkpt lat="38.5761258" lon="-121.4635802">
<ele>9</ele><time>2025-03-05T17:43:26.999Z</time><extensions><gpxtpx:TrackPointExtension><gpxtpx:hr>160</gpxtpx:hr><gpxtpx:cad>79</gpxtpx:cad></gpxtpx:TrackPointExtension></extensions><extensions><gpxtpx:PowerExtension><gpxtpx:PowerInWatts>204</gpxtpx:PowerInWatts></gpxtpx:PowerExtension></extensions></trkpt>
<trkpt lat="38.5760556" lon="-121.4636103">
<ele>9</ele><time>2025-03-05T17:43:29.999Z</time><extensions><gpxtpx:TrackPointExtension><gpxtpx:hr>160</gpxtpx:hr><gpxtpx:cad>75</gpxtpx:cad></gpxtpx:TrackPointExtension></extensions><extensions><gpxtpx:PowerExtension><gpxtpx:PowerInWatts>203</gpxtpx:PowerInWatts></gpxtpx:PowerExtension></extensions></trkpt>
<trkpt lat="38.5760035" lon="-121.4635911">
<ele>8</ele><time>2025-03-05T17:43:32.999Z</time><extensions><gpxtpx:TrackPointExtension><gpxtpx:hr>160</gpxtpx:hr><gpxtpx:cad>79</gpxtpx:cad></gpxtpx:TrackPointExtension></extensions><extensions><gpxtpx:PowerExtension><gpxtpx:PowerInWatts>198</gpxtpx:PowerInWatts></gpxtpx:PowerExtension></extensions></trkpt>
<trkpt lat="38.5759418" lon="-121.4635713">
<ele>8</ele><time>2025-03-05T17:43:35.999Z</time><extensions><gpxtpx:TrackPointExtension><gpxtpx:hr>160</gpxtpx:hr><gpxtpx:cad>75</gpxtpx:cad></gpxtpx:TrackPointExtension></extensions><extensions><gpxtpx:PowerExtension><gpxtpx:PowerInWatts>202</gpxtpx:PowerInWatts></gpxtpx:PowerExtension></extensions></trkpt>
<trkpt lat="38.5758862" lon="-121.4635502">
<ele>8</ele><time>2025-03-05T17:43:37.999Z</time><extensions><gpxtpx:TrackPointExtension><gpxtpx:hr>160</gpxtpx:hr><gpxtpx:cad>73</gpxtpx:cad></gpxtpx:TrackPointExtension></extensions><extensions><gpxtpx:PowerExtension><gpxtpx:PowerInWatts>202</gpxtpx:PowerInWatts></gpxtpx:PowerExtension></extensions></trkpt>
<trkpt lat="38.5758300" lon="-121.4635420">
<ele>8</ele><time>2025-03-05T17:43:39.999Z</time><extensions><gpxtpx:TrackPointExtension><gpxtpx:hr>160</gpxtpx:hr><gpxtpx:cad>72</gpxtpx:cad></gpxtpx:TrackPointExtension></extensions><extensions><gpxtpx:PowerExtension><gpxtpx:PowerInWatts>202</gpxtpx:PowerInWatts></gpxtpx:PowerExtension></extensions></trkpt>
<trkpt lat="38.5757794" lon="-121.4635653">
<ele>8</ele><time>2025-03-05T17:43:41.999Z</time><extensions><gpxtpx:TrackPointExtension><gpxtpx:hr>159</gpxtpx:hr><gpxtpx:cad>75</gpxtpx:cad></gpxtpx:TrackPointExtension></extensions><extensions><gpxtpx:PowerExtension><gpxtpx:PowerInWatts>194</gpxtpx:PowerInWatts></gpxtpx:PowerExtension></extensions></trkpt>
<trkpt lat="38.5757183" lon="-121.4635941">
<ele>8</ele><time>2025-03-05T17:43:43.999Z</time><extensions><gpxtpx:TrackPointExtension><gpxtpx:hr>159</gpxtpx:hr><gpxtpx:cad>75</gpxtpx:cad></gpxtpx:TrackPointExtension></extensions><extensions><gpxtpx:PowerExtension><gpxtpx:PowerInWatts>194</gpxtpx:PowerInWatts></gpxtpx:PowerExtension></extensions></trkpt>
<trkpt lat="38.5756654" lon="-121.4636064">
<ele>8</ele><time>2025-03-05T17:43:45.999Z</time><extensions><gpxtpx:TrackPointExtension><gpxtpx:hr>158</gpxtpx:hr><gpxtpx:cad>77</gpxtpx:cad></gpxtpx:TrackPointExtension></extensions><extensions><gpxtpx:PowerExtension><gpxtpx:PowerInWatts>197</gpxtpx:PowerInWatts></gpxtpx:PowerExtension></extensions></trkpt>
<trkpt lat="38.5756134" lon="-121.4636035">
<ele>8</ele><time>2025-03-05T17:43:47.999Z</time><extensions><gpxtpx:TrackPointExtension><gpxtpx:hr>158</gpxtpx:hr><gpxtpx:cad>72</gpxtpx:cad></gpxtpx:TrackPointExtension></extensions><extensions><gpxtpx:PowerExtension><gpxtpx:PowerInWatts>197</gpxtpx:PowerInWatts></gpxtpx:PowerExtension></extensions></trkpt>
<trkpt lat="38.5755457" lon="-121.4636147">
<ele>8</ele><time>2025-03-05T17:43:49.999Z</time><extensions><gpxtpx:TrackPointExtension><gpxtpx:hr>158</gpxtpx:hr><gpxtpx:cad>70</gpxtpx:cad></gpxtpx:TrackPointExtension></extensions><extensions><gpxtpx:PowerExtension><gpxtpx:PowerInWatts>197</gpxtpx:PowerInWatts></gpxtpx:PowerExtension></extensions></trkpt>
<trkpt lat="38.5754911" lon="-121.4636634">
<ele>8</ele><time>2025-03-05T17:43:51.999Z</time><extensions><gpxtpx:TrackPointExtension><gpxtpx:hr>158</gpxtpx:hr><gpxtpx:cad>71</gpxtpx:cad></gpxtpx:TrackPointExtension></extensions><extensions><gpxtpx:PowerExtension><gpxtpx:PowerInWatts>203</gpxtpx:PowerInWatts></gpxtpx:PowerExtension></extensions></trkpt>
<trkpt lat="38.5754421" lon="-121.4637289">
<ele>8</ele><time>2025-03-05T17:43:53.999Z</time><extensions><gpxtpx:TrackPointExtension><gpxtpx:hr>158</gpxtpx:hr><gpxtpx:cad>71</gpxtpx:cad></gpxtpx:TrackPointExtension></extensions><extensions><gpxtpx:PowerExtension><gpxtpx:PowerInWatts>203</gpxtpx:PowerInWatts></gpxtpx:PowerExtension></extensions></trkpt>
<trkpt lat="38.5753804" lon="-121.4637584">
<ele>8</ele><time>2025-03-05T17:43:55.999Z</time><extensions><gpxtpx:TrackPointExtension><gpxtpx:hr>159</gpxtpx:hr><gpxtpx:cad>72</gpxtpx:cad></gpxtpx:TrackPointExtension></extensions><extensions><gpxtpx:PowerExtension><gpxtpx:PowerInWatts>203</gpxtpx:PowerInWatts></gpxtpx:PowerExtension></extensions></trkpt>
<trkpt lat="38.5753166" lon="-121.4637878">
<ele>8</ele><time>2025-03-05T17:43:57.999Z</time><extensions><gpxtpx:TrackPointExtension><gpxtpx:hr>159</gpxtpx:hr><gpxtpx:cad>72</gpxtpx:cad></gpxtpx:TrackPointExtension></extensions><extensions><gpxtpx:PowerExtension><gpxtpx:PowerInWatts>218</gpxtpx:PowerInWatts></gpxtpx:PowerExtension></extensions></trkpt>
<trkpt lat="38.5752521" lon="-121.4638000">
<ele>8</ele><time>2025-03-05T17:43:59.999Z</time><extensions><gpxtpx:TrackPointExtension><gpxtpx:hr>158</gpxtpx:hr><gpxtpx:cad>73</gpxtpx:cad></gpxtpx:TrackPointExtension></extensions><extensions><gpxtpx:PowerExtension><gpxtpx:PowerInWatts>218</gpxtpx:PowerInWatts></gpxtpx:PowerExtension></extensions></trkpt>
<trkpt lat="38.5751966" lon="-121.4638036">
<ele>8</ele><time>2025-03-05T17:44:01.999Z</time><extensions><gpxtpx:TrackPointExtension><gpxtpx:hr>158</gpxtpx:hr><gpxtpx:cad>80</gpxtpx:cad></gpxtpx:TrackPointExtension></extensions><extensions><gpxtpx:PowerExtension><gpxtpx:PowerInWatts>228</gpxtpx:PowerInWatts></gpxtpx:PowerExtension></extensions></trkpt>
<trkpt lat="38.5751378" lon="-121.4637825">
<ele>8</ele><time>2025-03-05T17:44:03.999Z</time><extensions><gpxtpx:TrackPointExtension><gpxtpx:hr>156</gpxtpx:hr><gpxtpx:cad>83</gpxtpx:cad></gpxtpx:TrackPointExtension></extensions><extensions><gpxtpx:PowerExtension><gpxtpx:PowerInWatts>227</gpxtpx:PowerInWatts></gpxtpx:PowerExtension></extensions></trkpt>
<trkpt lat="38.5750692" lon="-121.4637529">
<ele>8</ele><time>2025-03-05T17:44:05.999Z</time><extensions><gpxtpx:TrackPointExtension><gpxtpx:hr>156</gpxtpx:hr><gpxtpx:cad>80</gpxtpx:cad></gpxtpx:TrackPointExtension></extensions><extensions><gpxtpx:PowerExtension><gpxtpx:PowerInWatts>227</gpxtpx:PowerInWatts></gpxtpx:PowerExtension></extensions></trkpt>
<trkpt lat="38.5750084" lon="-121.4637070">
<ele>8</ele><time>2025-03-05T17:44:07.999Z</time><extensions><gpxtpx:TrackPointExtension><gpxtpx:hr>155</gpxtpx:hr><gpxtpx:cad>75</gpxtpx:cad></gpxtpx:TrackPointExtension></extensions><extensions><gpxtpx:PowerExtension><gpxtpx:PowerInWatts>235</gpxtpx:PowerInWatts></gpxtpx:PowerExtension></extensions></trkpt>
<trkpt lat="38.5749484" lon="-121.4636540">
<ele>8</ele><time>2025-03-05T17:44:09.999Z</time><extensions><gpxtpx:TrackPointExtension><gpxtpx:hr>155</gpxtpx:hr><gpxtpx:cad>77</gpxtpx:cad></gpxtpx:TrackPointExtension></extensions><extensions><gpxtpx:PowerExtension><gpxtpx:PowerInWatts>237</gpxtpx:PowerInWatts></gpxtpx:PowerExtension></extensions></trkpt>
<trkpt lat="38.5749136" lon="-121.4635810">
<ele>8</ele><time>2025-03-05T17:44:11.999Z</time><extensions><gpxtpx:TrackPointExtension><gpxtpx:hr>155</gpxtpx:hr><gpxtpx:cad>82</gpxtpx:cad></gpxtpx:TrackPointExtension></extensions><extensions><gpxtpx:PowerExtension><gpxtpx:PowerInWatts>237</gpxtpx:PowerInWatts></gpxtpx:PowerExtension></extensions></trkpt>
<trkpt lat="38.5748901" lon="-121.4635127">
<ele>8</ele><time>2025-03-05T17:44:13.999Z</time><extensions><gpxtpx:TrackPointExtension><gpxtpx:hr>155</gpxtpx:hr><gpxtpx:cad>86</gpxtpx:cad></gpxtpx:TrackPointExtension></extensions><extensions><gpxtpx:PowerExtension><gpxtpx:PowerInWatts>245</gpxtpx:PowerInWatts></gpxtpx:PowerExtension></extensions></trkpt>
<trkpt lat="38.5748696" lon="-121.4634274">
<ele>8</ele><time>2025-03-05T17:44:15.999Z</time><extensions><gpxtpx:TrackPointExtension><gpxtpx:hr>157</gpxtpx:hr><gpxtpx:cad>85</gpxtpx:cad></gpxtpx:TrackPointExtension></extensions><extensions><gpxtpx:PowerExtension><gpxtpx:PowerInWatts>282</gpxtpx:PowerInWatts></gpxtpx:PowerExtension></extensions></trkpt>
<trkpt lat="38.5748625" lon="-121.4633702">
<ele>9</ele><time>2025-03-05T17:44:17.999Z</time><extensions><gpxtpx:TrackPointExtension><gpxtpx:hr>157</gpxtpx:hr><gpxtpx:cad>85</gpxtpx:cad></gpxtpx:TrackPointExtension></extensions><extensions><gpxtpx:PowerExtension><gpxtpx:PowerInWatts>282</gpxtpx:PowerInWatts></gpxtpx:PowerExtension></extensions></trkpt>
<trkpt lat="38.5748570" lon="-121.4632824">
<ele>9</ele><time>2025-03-05T17:44:19.999Z</time><extensions><gpxtpx:TrackPointExtension><gpxtpx:hr>159</gpxtpx:hr><gpxtpx:cad>85</gpxtpx:cad></gpxtpx:TrackPointExtension></extensions><extensions><gpxtpx:PowerExtension><gpxtpx:PowerInWatts>275</gpxtpx:PowerInWatts></gpxtpx:PowerExtension></extensions></trkpt>
<trkpt lat="38.5748352" lon="-121.4632105">
<ele>9</ele><time>2025-03-05T17:44:21.999Z</time><extensions><gpxtpx:TrackPointExtension><gpxtpx:hr>160</gpxtpx:hr><gpxtpx:cad>85</gpxtpx:cad></gpxtpx:TrackPointExtension></extensions><extensions><gpxtpx:PowerExtension><gpxtpx:PowerInWatts>265</gpxtpx:PowerInWatts></gpxtpx:PowerExtension></extensions></trkpt>
<trkpt lat="38.5748217" lon="-121.4631529">
<ele>9</ele><time>2025-03-05T17:44:22.999Z</time><extensions><gpxtpx:TrackPointExtension><gpxtpx:hr>160</gpxtpx:hr><gpxtpx:cad>83</gpxtpx:cad></gpxtpx:TrackPointExtension></extensions><extensions><gpxtpx:PowerExtension><gpxtpx:PowerInWatts>265</gpxtpx:PowerInWatts></gpxtpx:PowerExtension></extensions></trkpt>
<trkpt lat="38.5747845" lon="-121.4630596">
<ele>9</ele><time>2025-03-05T17:44:24.999Z</time><extensions><gpxtpx:TrackPointExtension><gpxtpx:hr>161</gpxtpx:hr><gpxtpx:cad>83</gpxtpx:cad></gpxtpx:TrackPointExtension></extensions><extensions><gpxtpx:PowerExtension><gpxtpx:PowerInWatts>265</gpxtpx:PowerInWatts></gpxtpx:PowerExtension></extensions></trkpt>
<trkpt lat="38.5747697" lon="-121.4629713">
<ele>9</ele><time>2025-03-05T17:44:26.999Z</time><extensions><gpxtpx:TrackPointExtension><gpxtpx:hr>165</gpxtpx:hr><gpxtpx:cad>85</gpxtpx:cad></gpxtpx:TrackPointExtension></extensions><extensions><gpxtpx:PowerExtension><gpxtpx:PowerInWatts>262</gpxtpx:PowerInWatts></gpxtpx:PowerExtension></extensions></trkpt>
<trkpt lat="38.5747549" lon="-121.4629030">
<ele>9</ele><time>2025-03-05T17:44:28.999Z</time><extensions><gpxtpx:TrackPointExtension><gpxtpx:hr>167</gpxtpx:hr><gpxtpx:cad>83</gpxtpx:cad></gpxtpx:TrackPointExtension></extensions><extensions><gpxtpx:PowerExtension><gpxtpx:PowerInWatts>266</gpxtpx:PowerInWatts></gpxtpx:PowerExtension></extensions></trkpt>
<trkpt lat="38.5747203" lon="-121.4628308">
<ele>9</ele><time>2025-03-05T17:44:30.999Z</time><extensions><gpxtpx:TrackPointExtension><gpxtpx:hr>167</gpxtpx:hr><gpxtpx:cad>83</gpxtpx:cad></gpxtpx:TrackPointExtension></extensions><extensions><gpxtpx:PowerExtension><gpxtpx:PowerInWatts>266</gpxtpx:PowerInWatts></gpxtpx:PowerExtension></extensions></trkpt>
<trkpt lat="38.5746845" lon="-121.4627446">
<ele>9</ele><time>2025-03-05T17:44:32.998Z</time><extensions><gpxtpx:TrackPointExtension><gpxtpx:hr>168</gpxtpx:hr><gpxtpx:cad>82</gpxtpx:cad></gpxtpx:TrackPointExtension></extensions><extensions><gpxtpx:PowerExtension><gpxtpx:PowerInWatts>274</gpxtpx:PowerInWatts></gpxtpx:PowerExtension></extensions></trkpt>
<trkpt lat="38.5746709" lon="-121.4626619">
<ele>9</ele><time>2025-03-05T17:44:34.998Z</time><extensions><gpxtpx:TrackPointExtension><gpxtpx:hr>167</gpxtpx:hr><gpxtpx:cad>82</gpxtpx:cad></gpxtpx:TrackPointExtension></extensions><extensions><gpxtpx:PowerExtension><gpxtpx:PowerInWatts>276</gpxtpx:PowerInWatts></gpxtpx:PowerExtension></extensions></trkpt>
<trkpt lat="38.5746541" lon="-121.4625842">
<ele>9</ele><time>2025-03-05T17:44:36.998Z</time><extensions><gpxtpx:TrackPointExtension><gpxtpx:hr>166</gpxtpx:hr><gpxtpx:cad>82</gpxtpx:cad></gpxtpx:TrackPointExtension></extensions><extensions><gpxtpx:PowerExtension><gpxtpx:PowerInWatts>276</gpxtpx:PowerInWatts></gpxtpx:PowerExtension></extensions></trkpt>
<trkpt lat="38.5746451" lon="-121.4624988">
<ele>9</ele><time>2025-03-05T17:44:38.998Z</time><extensions><gpxtpx:TrackPointExtension><gpxtpx:hr>166</gpxtpx:hr><gpxtpx:cad>83</gpxtpx:cad></gpxtpx:TrackPointExtension></extensions><extensions><gpxtpx:PowerExtension><gpxtpx:PowerInWatts>272</gpxtpx:PowerInWatts></gpxtpx:PowerExtension></extensions></trkpt>
<trkpt lat="38.5746205" lon="-121.4624020">
<ele>9</ele><time>2025-03-05T17:44:40.997Z</time><extensions><gpxtpx:TrackPointExtension><gpxtpx:hr>166</gpxtpx:hr><gpxtpx:cad>83</gpxtpx:cad></gpxtpx:TrackPointExtension></extensions><extensions><gpxtpx:PowerExtension><gpxtpx:PowerInWatts>272</gpxtpx:PowerInWatts></gpxtpx:PowerExtension></extensions></trkpt>
<trkpt lat="38.5746088" lon="-121.4623309">
<ele>10</ele><time>2025-03-05T17:44:42.997Z</time><extensions><gpxtpx:TrackPointExtension><gpxtpx:hr>166</gpxtpx:hr><gpxtpx:cad>83</gpxtpx:cad></gpxtpx:TrackPointExtension></extensions><extensions><gpxtpx:PowerExtension><gpxtpx:PowerInWatts>274</gpxtpx:PowerInWatts></gpxtpx:PowerExtension></extensions></trkpt>
<trkpt lat="38.5745895" lon="-121.4622409">
<ele>9</ele><time>2025-03-05T17:44:44.997Z</time><extensions><gpxtpx:TrackPointExtension><gpxtpx:hr>166</gpxtpx:hr><gpxtpx:cad>83</gpxtpx:cad></gpxtpx:TrackPointExtension></extensions><extensions><gpxtpx:PowerExtension><gpxtpx:PowerInWatts>274</gpxtpx:PowerInWatts></gpxtpx:PowerExtension></extensions></trkpt>
<trkpt lat="38.5745725" lon="-121.4621840">
<ele>9</ele><time>2025-03-05T17:44:45.997Z</time><extensions><gpxtpx:TrackPointExtension><gpxtpx:hr>166</gpxtpx:hr><gpxtpx:cad>83</gpxtpx:cad></gpxtpx:TrackPointExtension></extensions><extensions><gpxtpx:PowerExtension><gpxtpx:PowerInWatts>274</gpxtpx:PowerInWatts></gpxtpx:PowerExtension></extensions></trkpt>
<trkpt lat="38.5745533" lon="-121.4621147">
<ele>9</ele><time>2025-03-05T17:44:47.997Z</time><extensions><gpxtpx:TrackPointExtension><gpxtpx:hr>166</gpxtpx:hr><gpxtpx:cad>78</gpxtpx:cad></gpxtpx:TrackPointExtension></extensions><extensions><gpxtpx:PowerExtension><gpxtpx:PowerInWatts>277</gpxtpx:PowerInWatts></gpxtpx:PowerExtension></extensions></trkpt>
<trkpt lat="38.5745291" lon="-121.4620397">
<ele>9</ele><time>2025-03-05T17:44:49.997Z</time><extensions><gpxtpx:TrackPointExtension><gpxtpx:hr>166</gpxtpx:hr><gpxtpx:cad>78</gpxtpx:cad></gpxtpx:TrackPointExtension></extensions><extensions><gpxtpx:PowerExtension><gpxtpx:PowerInWatts>277</gpxtpx:PowerInWatts></gpxtpx:PowerExtension></extensions></trkpt>
<trkpt lat="38.5745065" lon="-121.4619606">
<ele>9</ele><time>2025-03-05T17:44:51.997Z</time><extensions><gpxtpx:TrackPointExtension><gpxtpx:hr>166</gpxtpx:hr><gpxtpx:cad>81</gpxtpx:cad></gpxtpx:TrackPointExtension></extensions><extensions><gpxtpx:PowerExtension><gpxtpx:PowerInWatts>281</gpxtpx:PowerInWatts></gpxtpx:PowerExtension></extensions></trkpt>
<trkpt lat="38.5744778" lon="-121.4618888">
<ele>9</ele><time>2025-03-05T17:44:53.997Z</time><extensions><gpxtpx:TrackPointExtension><gpxtpx:hr>166</gpxtpx:hr><gpxtpx:cad>81</gpxtpx:cad></gpxtpx:TrackPointExtension></extensions><extensions><gpxtpx:PowerExtension><gpxtpx:PowerInWatts>281</gpxtpx:PowerInWatts></gpxtpx:PowerExtension></extensions></trkpt>
<trkpt lat="38.5744513" lon="-121.4618155">
<ele>9</ele><time>2025-03-05T17:44:55.997Z</time><extensions><gpxtpx:TrackPointExtension><gpxtpx:hr>166</gpxtpx:hr><gpxtpx:cad>80</gpxtpx:cad></gpxtpx:TrackPointExtension></extensions><extensions><gpxtpx:PowerExtension><gpxtpx:PowerInWatts>281</gpxtpx:PowerInWatts></gpxtpx:PowerExtension></extensions></trkpt>
<trkpt lat="38.5744246" lon="-121.4617677">
<ele>9</ele><time>2025-03-05T17:44:57.997Z</time><extensions><gpxtpx:TrackPointExtension><gpxtpx:hr>166</gpxtpx:hr><gpxtpx:cad>80</gpxtpx:cad></gpxtpx:TrackPointExtension></extensions><extensions><gpxtpx:PowerExtension><gpxtpx:PowerInWatts>281</gpxtpx:PowerInWatts></gpxtpx:PowerExtension></extensions></trkpt>
<trkpt lat="38.5744099" lon="-121.4617003">
<ele>9</ele><time>2025-03-05T17:44:59.996Z</time><extensions><gpxtpx:TrackPointExtension><gpxtpx:hr>166</gpxtpx:hr><gpxtpx:cad>82</gpxtpx:cad></gpxtpx:TrackPointExtension></extensions><extensions><gpxtpx:PowerExtension><gpxtpx:PowerInWatts>271</gpxtpx:PowerInWatts></gpxtpx:PowerExtension></extensions></trkpt>
<trkpt lat="38.5743882" lon="-121.4616052">
<ele>9</ele><time>2025-03-05T17:45:02.996Z</time><extensions><gpxtpx:TrackPointExtension><gpxtpx:hr>165</gpxtpx:hr><gpxtpx:cad>78</gpxtpx:cad></gpxtpx:TrackPointExtension></extensions><extensions><gpxtpx:PowerExtension><gpxtpx:PowerInWatts>271</gpxtpx:PowerInWatts></gpxtpx:PowerExtension></extensions></trkpt>
<trkpt lat="38.5743663" lon="-121.4615355">
<ele>9</ele><time>2025-03-05T17:45:04.996Z</time><extensions><gpxtpx:TrackPointExtension><gpxtpx:hr>165</gpxtpx:hr><gpxtpx:cad>76</gpxtpx:cad></gpxtpx:TrackPointExtension></extensions><extensions><gpxtpx:PowerExtension><gpxtpx:PowerInWatts>271</gpxtpx:PowerInWatts></gpxtpx:PowerExtension></extensions></trkpt>
<trkpt lat="38.5743613" lon="-121.4614468">
<ele>9</ele><time>2025-03-05T17:45:07.996Z</time><extensions><gpxtpx:TrackPointExtension><gpxtpx:hr>164</gpxtpx:hr><gpxtpx:cad>78</gpxtpx:cad></gpxtpx:TrackPointExtension></extensions><extensions><gpxtpx:PowerExtension><gpxtpx:PowerInWatts>256</gpxtpx:PowerInWatts></gpxtpx:PowerExtension></extensions></trkpt>
<trkpt lat="38.5743218" lon="-121.4613985">
<ele>9</ele><time>2025-03-05T17:45:09.996Z</time><extensions><gpxtpx:TrackPointExtension><gpxtpx:hr>164</gpxtpx:hr><gpxtpx:cad>78</gpxtpx:cad></gpxtpx:TrackPointExtension></extensions><extensions><gpxtpx:PowerExtension><gpxtpx:PowerInWatts>251</gpxtpx:PowerInWatts></gpxtpx:PowerExtension></extensions></trkpt>
<trkpt lat="38.5743139" lon="-121.4613244">
<ele>9</ele><time>2025-03-05T17:45:12.996Z</time><extensions><gpxtpx:TrackPointExtension><gpxtpx:hr>164</gpxtpx:hr><gpxtpx:cad>76</gpxtpx:cad></gpxtpx:TrackPointExtension></extensions><extensions><gpxtpx:PowerExtension><gpxtpx:PowerInWatts>251</gpxtpx:PowerInWatts></gpxtpx:PowerExtension></extensions></trkpt>
<trkpt lat="38.5743018" lon="-121.4612678">
<ele>9</ele><time>2025-03-05T17:45:14.996Z</time><extensions><gpxtpx:TrackPointExtension><gpxtpx:hr>164</gpxtpx:hr><gpxtpx:cad>76</gpxtpx:cad></gpxtpx:TrackPointExtension></extensions><extensions><gpxtpx:PowerExtension><gpxtpx:PowerInWatts>241</gpxtpx:PowerInWatts></gpxtpx:PowerExtension></extensions></trkpt>
<trkpt lat="38.5742819" lon="-121.4612105">
<ele>9</ele><time>2025-03-05T17:45:16.996Z</time><extensions><gpxtpx:TrackPointExtension><gpxtpx:hr>163</gpxtpx:hr><gpxtpx:cad>80</gpxtpx:cad></gpxtpx:TrackPointExtension></extensions><extensions><gpxtpx:PowerExtension><gpxtpx:PowerInWatts>241</gpxtpx:PowerInWatts></gpxtpx:PowerExtension></extensions></trkpt>
<trkpt lat="38.5742891" lon="-121.4611512">
<ele>9</ele><time>2025-03-05T17:45:18.996Z</time><extensions><gpxtpx:TrackPointExtension><gpxtpx:hr>163</gpxtpx:hr><gpxtpx:cad>80</gpxtpx:cad></gpxtpx:TrackPointExtension></extensions><extensions><gpxtpx:PowerExtension><gpxtpx:PowerInWatts>227</gpxtpx:PowerInWatts></gpxtpx:PowerExtension></extensions></trkpt>
<trkpt lat="38.5742627" lon="-121.4610963">
<ele>9</ele><time>2025-03-05T17:45:20.996Z</time><extensions><gpxtpx:TrackPointExtension><gpxtpx:hr>162</gpxtpx:hr><gpxtpx:cad>80</gpxtpx:cad></gpxtpx:TrackPointExtension></extensions><extensions><gpxtpx:PowerExtension><gpxtpx:PowerInWatts>227</gpxtpx:PowerInWatts></gpxtpx:PowerExtension></extensions></trkpt>
<trkpt lat="38.5742370" lon="-121.4610373">
<ele>9</ele><time>2025-03-05T17:45:22.996Z</time><extensions><gpxtpx:TrackPointExtension><gpxtpx:hr>162</gpxtpx:hr><gpxtpx:cad>83</gpxtpx:cad></gpxtpx:TrackPointExtension></extensions><extensions><gpxtpx:PowerExtension><gpxtpx:PowerInWatts>223</gpxtpx:PowerInWatts></gpxtpx:PowerExtension></extensions></trkpt>
<trkpt lat="38.5742145" lon="-121.4609526">
<ele>9</ele><time>2025-03-05T17:45:24.996Z</time><extensions><gpxtpx:TrackPointExtension><gpxtpx:hr>161</gpxtpx:hr><gpxtpx:cad>82</gpxtpx:cad></gpxtpx:TrackPointExtension></extensions><extensions><gpxtpx:PowerExtension><gpxtpx:PowerInWatts>217</gpxtpx:PowerInWatts></gpxtpx:PowerExtension></extensions></trkpt>
<trkpt lat="38.5742185" lon="-121.4608744">
<ele>9</ele><time>2025-03-05T17:45:26.996Z</time><extensions><gpxtpx:TrackPointExtension><gpxtpx:hr>161</gpxtpx:hr><gpxtpx:cad>81</gpxtpx:cad></gpxtpx:TrackPointExtension></extensions><extensions><gpxtpx:PowerExtension><gpxtpx:PowerInWatts>217</gpxtpx:PowerInWatts></gpxtpx:PowerExtension></extensions></trkpt>
<trkpt lat="38.5742391" lon="-121.4607805">
<ele>9</ele><time>2025-03-05T17:45:28.996Z</time><extensions><gpxtpx:TrackPointExtension><gpxtpx:hr>161</gpxtpx:hr><gpxtpx:cad>78</gpxtpx:cad></gpxtpx:TrackPointExtension></extensions><extensions><gpxtpx:PowerExtension><gpxtpx:PowerInWatts>219</gpxtpx:PowerInWatts></gpxtpx:PowerExtension></extensions></trkpt>
<trkpt lat="38.5742411" lon="-121.4607050">
<ele>9</ele><time>2025-03-05T17:45:30.996Z</time><extensions><gpxtpx:TrackPointExtension><gpxtpx:hr>161</gpxtpx:hr><gpxtpx:cad>83</gpxtpx:cad></gpxtpx:TrackPointExtension></extensions><extensions><gpxtpx:PowerExtension><gpxtpx:PowerInWatts>219</gpxtpx:PowerInWatts></gpxtpx:PowerExtension></extensions></trkpt>
<trkpt lat="38.5742899" lon="-121.4606344">
<ele>9</ele><time>2025-03-05T17:45:32.996Z</time><extensions><gpxtpx:TrackPointExtension><gpxtpx:hr>162</gpxtpx:hr><gpxtpx:cad>85</gpxtpx:cad></gpxtpx:TrackPointExtension></extensions><extensions><gpxtpx:PowerExtension><gpxtpx:PowerInWatts>219</gpxtpx:PowerInWatts></gpxtpx:PowerExtension></extensions></trkpt>
<trkpt lat="38.5743334" lon="-121.4606094">
<ele>9</ele><time>2025-03-05T17:45:34.996Z</time><extensions><gpxtpx:TrackPointExtension><gpxtpx:hr>162</gpxtpx:hr><gpxtpx:cad>83</gpxtpx:cad></gpxtpx:TrackPointExtension></extensions><extensions><gpxtpx:PowerExtension><gpxtpx:PowerInWatts>228</gpxtpx:PowerInWatts></gpxtpx:PowerExtension></extensions></trkpt>
<trkpt lat="38.5743869" lon="-121.4605987">
<ele>9</ele><time>2025-03-05T17:45:35.996Z</time><extensions><gpxtpx:TrackPointExtension><gpxtpx:hr>162</gpxtpx:hr><gpxtpx:cad>85</gpxtpx:cad></gpxtpx:TrackPointExtension></extensions><extensions><gpxtpx:PowerExtension><gpxtpx:PowerInWatts>228</gpxtpx:PowerInWatts></gpxtpx:PowerExtension></extensions></trkpt>
<trkpt lat="38.5744495" lon="-121.4605601">
<ele>9</ele><time>2025-03-05T17:45:37.996Z</time><extensions><gpxtpx:TrackPointExtension><gpxtpx:hr>163</gpxtpx:hr><gpxtpx:cad>88</gpxtpx:cad></gpxtpx:TrackPointExtension></extensions><extensions><gpxtpx:PowerExtension><gpxtpx:PowerInWatts>243</gpxtpx:PowerInWatts></gpxtpx:PowerExtension></extensions></trkpt>
<trkpt lat="38.5745005" lon="-121.4605343">
<ele>9</ele><time>2025-03-05T17:45:39.996Z</time><extensions><gpxtpx:TrackPointExtension><gpxtpx:hr>163</gpxtpx:hr><gpxtpx:cad>85</gpxtpx:cad></gpxtpx:TrackPointExtension></extensions><extensions><gpxtpx:PowerExtension><gpxtpx:PowerInWatts>243</gpxtpx:PowerInWatts></gpxtpx:PowerExtension></extensions></trkpt>
<trkpt lat="38.5745698" lon="-121.4605006">
<ele>9</ele><time>2025-03-05T17:45:41.996Z</time><extensions><gpxtpx:TrackPointExtension><gpxtpx:hr>163</gpxtpx:hr><gpxtpx:cad>81</gpxtpx:cad></gpxtpx:TrackPointExtension></extensions><extensions><gpxtpx:PowerExtension><gpxtpx:PowerInWatts>247</gpxtpx:PowerInWatts></gpxtpx:PowerExtension></extensions></trkpt>
<trkpt lat="38.5746534" lon="-121.4604632">
<ele>9</ele><time>2025-03-05T17:45:43.996Z</time><extensions><gpxtpx:TrackPointExtension><gpxtpx:hr>163</gpxtpx:hr><gpxtpx:cad>86</gpxtpx:cad></gpxtpx:TrackPointExtension></extensions><extensions><gpxtpx:PowerExtension><gpxtpx:PowerInWatts>254</gpxtpx:PowerInWatts></gpxtpx:PowerExtension></extensions></trkpt>
<trkpt lat="38.5747281" lon="-121.4604229">
<ele>9</ele><time>2025-03-05T17:45:45.996Z</time><extensions><gpxtpx:TrackPointExtension><gpxtpx:hr>163</gpxtpx:hr><gpxtpx:cad>85</gpxtpx:cad></gpxtpx:TrackPointExtension></extensions><extensions><gpxtpx:PowerExtension><gpxtpx:PowerInWatts>254</gpxtpx:PowerInWatts></gpxtpx:PowerExtension></extensions></trkpt>
<trkpt lat="38.5747870" lon="-121.4603976">
<ele>8</ele><time>2025-03-05T17:45:47.996Z</time><extensions><gpxtpx:TrackPointExtension><gpxtpx:hr>164</gpxtpx:hr><gpxtpx:cad>82</gpxtpx:cad></gpxtpx:TrackPointExtension></extensions><extensions><gpxtpx:PowerExtension><gpxtpx:PowerInWatts>254</gpxtpx:PowerInWatts></gpxtpx:PowerExtension></extensions></trkpt>
<trkpt lat="38.5748446" lon="-121.4603727">
<ele>8</ele><time>2025-03-05T17:45:49.996Z</time><extensions><gpxtpx:TrackPointExtension><gpxtpx:hr>164</gpxtpx:hr><gpxtpx:cad>84</gpxtpx:cad></gpxtpx:TrackPointExtension></extensions><extensions><gpxtpx:PowerExtension><gpxtpx:PowerInWatts>286</gpxtpx:PowerInWatts></gpxtpx:PowerExtension></extensions></trkpt>
<trkpt lat="38.5749010" lon="-121.4603484">
<ele>8</ele><time>2025-03-05T17:45:51.996Z</time><extensions><gpxtpx:TrackPointExtension><gpxtpx:hr>165</gpxtpx:hr><gpxtpx:cad>86</gpxtpx:cad></gpxtpx:TrackPointExtension></extensions><extensions><gpxtpx:PowerExtension><gpxtpx:PowerInWatts>286</gpxtpx:PowerInWatts></gpxtpx:PowerExtension></extensions></trkpt>
<trkpt lat="38.5749714" lon="-121.4603180">
<ele>8</ele><time>2025-03-05T17:45:53.996Z</time><extensions><gpxtpx:TrackPointExtension><gpxtpx:hr>165</gpxtpx:hr><gpxtpx:cad>82</gpxtpx:cad></gpxtpx:TrackPointExtension></extensions><extensions><gpxtpx:PowerExtension><gpxtpx:PowerInWatts>292</gpxtpx:PowerInWatts></gpxtpx:PowerExtension></extensions></trkpt>
<trkpt lat="38.5750323" lon="-121.4602918">
<ele>8</ele><time>2025-03-05T17:45:55.996Z</time><extensions><gpxtpx:TrackPointExtension><gpxtpx:hr>164</gpxtpx:hr><gpxtpx:cad>80</gpxtpx:cad></gpxtpx:TrackPointExtension></extensions><extensions><gpxtpx:PowerExtension><gpxtpx:PowerInWatts>292</gpxtpx:PowerInWatts></gpxtpx:PowerExtension></extensions></trkpt>
<trkpt lat="38.5751012" lon="-121.4602623">
<ele>8</ele><time>2025-03-05T17:45:57.996Z</time><extensions><gpxtpx:TrackPointExtension><gpxtpx:hr>164</gpxtpx:hr><gpxtpx:cad>78</gpxtpx:cad></gpxtpx:TrackPointExtension></extensions><extensions><gpxtpx:PowerExtension><gpxtpx:PowerInWatts>292</gpxtpx:PowerInWatts></gpxtpx:PowerExtension></extensions></trkpt>
<trkpt lat="38.5751684" lon="-121.4602342">
<ele>8</ele><time>2025-03-05T17:45:59.996Z</time><extensions><gpxtpx:TrackPointExtension><gpxtpx:hr>165</gpxtpx:hr><gpxtpx:cad>79</gpxtpx:cad></gpxtpx:TrackPointExtension></extensions><extensions><gpxtpx:PowerExtension><gpxtpx:PowerInWatts>283</gpxtpx:PowerInWatts></gpxtpx:PowerExtension></extensions></trkpt>
<trkpt lat="38.5752192" lon="-121.4602130">
<ele>8</ele><time>2025-03-05T17:46:01.996Z</time><extensions><gpxtpx:TrackPointExtension><gpxtpx:hr>165</gpxtpx:hr><gpxtpx:cad>79</gpxtpx:cad></gpxtpx:TrackPointExtension></extensions><extensions><gpxtpx:PowerExtension><gpxtpx:PowerInWatts>279</gpxtpx:PowerInWatts></gpxtpx:PowerExtension></extensions></trkpt>
<trkpt lat="38.5752996" lon="-121.4601795">
<ele>8</ele><time>2025-03-05T17:46:03.996Z</time><extensions><gpxtpx:TrackPointExtension><gpxtpx:hr>165</gpxtpx:hr><gpxtpx:cad>79</gpxtpx:cad></gpxtpx:TrackPointExtension></extensions><extensions><gpxtpx:PowerExtension><gpxtpx:PowerInWatts>279</gpxtpx:PowerInWatts></gpxtpx:PowerExtension></extensions></trkpt>
<trkpt lat="38.5753709" lon="-121.4601497">
<ele>8</ele><time>2025-03-05T17:46:05.996Z</time><extensions><gpxtpx:TrackPointExtension><gpxtpx:hr>165</gpxtpx:hr><gpxtpx:cad>78</gpxtpx:cad></gpxtpx:TrackPointExtension></extensions><extensions><gpxtpx:PowerExtension><gpxtpx:PowerInWatts>280</gpxtpx:PowerInWatts></gpxtpx:PowerExtension></extensions></trkpt>
<trkpt lat="38.5754298" lon="-121.4601251">
<ele>8</ele><time>2025-03-05T17:46:07.996Z</time><extensions><gpxtpx:TrackPointExtension><gpxtpx:hr>166</gpxtpx:hr><gpxtpx:cad>79</gpxtpx:cad></gpxtpx:TrackPointExtension></extensions><extensions><gpxtpx:PowerExtension><gpxtpx:PowerInWatts>280</gpxtpx:PowerInWatts></gpxtpx:PowerExtension></extensions></trkpt>
<trkpt lat="38.5754734" lon="-121.4601069">
<ele>8</ele><time>2025-03-05T17:46:08.996Z</time><extensions><gpxtpx:TrackPointExtension><gpxtpx:hr>165</gpxtpx:hr><gpxtpx:cad>74</gpxtpx:cad></gpxtpx:TrackPointExtension></extensions><extensions><gpxtpx:PowerExtension><gpxtpx:PowerInWatts>280</gpxtpx:PowerInWatts></gpxtpx:PowerExtension></extensions></trkpt>
<trkpt lat="38.5755503" lon="-121.4600749">
<ele>8</ele><time>2025-03-05T17:46:10.996Z</time><extensions><gpxtpx:TrackPointExtension><gpxtpx:hr>166</gpxtpx:hr><gpxtpx:cad>76</gpxtpx:cad></gpxtpx:TrackPointExtension></extensions><extensions><gpxtpx:PowerExtension><gpxtpx:PowerInWatts>285</gpxtpx:PowerInWatts></gpxtpx:PowerExtension></extensions></trkpt>
<trkpt lat="38.5756168" lon="-121.4600471">
<ele>8</ele><time>2025-03-05T17:46:12.996Z</time><extensions><gpxtpx:TrackPointExtension><gpxtpx:hr>166</gpxtpx:hr><gpxtpx:cad>75</gpxtpx:cad></gpxtpx:TrackPointExtension></extensions><extensions><gpxtpx:PowerExtension><gpxtpx:PowerInWatts>285</gpxtpx:PowerInWatts></gpxtpx:PowerExtension></extensions></trkpt>
<trkpt lat="38.5756825" lon="-121.4600197">
<ele>8</ele><time>2025-03-05T17:46:14.996Z</time><extensions><gpxtpx:TrackPointExtension><gpxtpx:hr>166</gpxtpx:hr><gpxtpx:cad>74</gpxtpx:cad></gpxtpx:TrackPointExtension></extensions><extensions><gpxtpx:PowerExtension><gpxtpx:PowerInWatts>290</gpxtpx:PowerInWatts></gpxtpx:PowerExtension></extensions></trkpt>
<trkpt lat="38.5757410" lon="-121.4599953">
<ele>7</ele><time>2025-03-05T17:46:16.996Z</time><extensions><gpxtpx:TrackPointExtension><gpxtpx:hr>166</gpxtpx:hr><gpxtpx:cad>73</gpxtpx:cad></gpxtpx:TrackPointExtension></extensions><extensions><gpxtpx:PowerExtension><gpxtpx:PowerInWatts>291</gpxtpx:PowerInWatts></gpxtpx:PowerExtension></extensions></trkpt>
<trkpt lat="38.5757919" lon="-121.4599740">
<ele>7</ele><time>2025-03-05T17:46:18.996Z</time><extensions><gpxtpx:TrackPointExtension><gpxtpx:hr>166</gpxtpx:hr><gpxtpx:cad>76</gpxtpx:cad></gpxtpx:TrackPointExtension></extensions><extensions><gpxtpx:PowerExtension><gpxtpx:PowerInWatts>291</gpxtpx:PowerInWatts></gpxtpx:PowerExtension></extensions></trkpt>
<trkpt lat="38.5758412" lon="-121.4599534">
<ele>7</ele><time>2025-03-05T17:46:20.996Z</time><extensions><gpxtpx:TrackPointExtension><gpxtpx:hr>166</gpxtpx:hr><gpxtpx:cad>74</gpxtpx:cad></gpxtpx:TrackPointExtension></extensions><extensions><gpxtpx:PowerExtension><gpxtpx:PowerInWatts>291</gpxtpx:PowerInWatts></gpxtpx:PowerExtension></extensions></trkpt>
<trkpt lat="38.5759028" lon="-121.4599277">
<ele>7</ele><time>2025-03-05T17:46:23.997Z</time><extensions><gpxtpx:TrackPointExtension><gpxtpx:hr>167</gpxtpx:hr><gpxtpx:cad>71</gpxtpx:cad></gpxtpx:TrackPointExtension></extensions><extensions><gpxtpx:PowerExtension><gpxtpx:PowerInWatts>292</gpxtpx:PowerInWatts></gpxtpx:PowerExtension></extensions></trkpt>
<trkpt lat="38.5759488" lon="-121.4599085">
<ele>7</ele><time>2025-03-05T17:46:25.997Z</time><extensions><gpxtpx:TrackPointExtension><gpxtpx:hr>167</gpxtpx:hr><gpxtpx:cad>71</gpxtpx:cad></gpxtpx:TrackPointExtension></extensions><extensions><gpxtpx:PowerExtension><gpxtpx:PowerInWatts>292</gpxtpx:PowerInWatts></gpxtpx:PowerExtension></extensions></trkpt>
<trkpt lat="38.5760011" lon="-121.4598867">
<ele>7</ele><time>2025-03-05T17:46:27.997Z</time><extensions><gpxtpx:TrackPointExtension><gpxtpx:hr>167</gpxtpx:hr><gpxtpx:cad>80</gpxtpx:cad></gpxtpx:TrackPointExtension></extensions><extensions><gpxtpx:PowerExtension><gpxtpx:PowerInWatts>277</gpxtpx:PowerInWatts></gpxtpx:PowerExtension></extensions></trkpt>
<trkpt lat="38.5760478" lon="-121.4598672">
<ele>7</ele><time>2025-03-05T17:46:29.998Z</time><extensions><gpxtpx:TrackPointExtension><gpxtpx:hr>167</gpxtpx:hr><gpxtpx:cad>80</gpxtpx:cad></gpxtpx:TrackPointExtension></extensions><extensions><gpxtpx:PowerExtension><gpxtpx:PowerInWatts>264</gpxtpx:PowerInWatts></gpxtpx:PowerExtension></extensions></trkpt>
<trkpt lat="38.5761114" lon="-121.4598406">
<ele>7</ele><time>2025-03-05T17:46:32.998Z</time><extensions><gpxtpx:TrackPointExtension><gpxtpx:hr>166</gpxtpx:hr><gpxtpx:cad>70</gpxtpx:cad></gpxtpx:TrackPointExtension></extensions><extensions><gpxtpx:PowerExtension><gpxtpx:PowerInWatts>249</gpxtpx:PowerInWatts></gpxtpx:PowerExtension></extensions></trkpt>
<trkpt lat="38.5761552" lon="-121.4598222">
<ele>7</ele><time>2025-03-05T17:46:34.998Z</time><extensions><gpxtpx:TrackPointExtension><gpxtpx:hr>166</gpxtpx:hr><gpxtpx:cad>68</gpxtpx:cad></gpxtpx:TrackPointExtension></extensions><extensions><gpxtpx:PowerExtension><gpxtpx:PowerInWatts>242</gpxtpx:PowerInWatts></gpxtpx:PowerExtension></extensions></trkpt>
<trkpt lat="38.5762123" lon="-121.4597983">
<ele>7</ele><time>2025-03-05T17:46:37.998Z</time><extensions><gpxtpx:TrackPointExtension><gpxtpx:hr>165</gpxtpx:hr><gpxtpx:cad>69</gpxtpx:cad></gpxtpx:TrackPointExtension></extensions><extensions><gpxtpx:PowerExtension><gpxtpx:PowerInWatts>233</gpxtpx:PowerInWatts></gpxtpx:PowerExtension></extensions></trkpt>
<trkpt lat="38.5762732" lon="-121.4597728">
<ele>7</ele><time>2025-03-05T17:46:40.999Z</time><extensions><gpxtpx:TrackPointExtension><gpxtpx:hr>164</gpxtpx:hr><gpxtpx:cad>68</gpxtpx:cad></gpxtpx:TrackPointExtension></extensions><extensions><gpxtpx:PowerExtension><gpxtpx:PowerInWatts>192</gpxtpx:PowerInWatts></gpxtpx:PowerExtension></extensions></trkpt>
<trkpt lat="38.5763455" lon="-121.4597426">
<ele>7</ele><time>2025-03-05T17:46:43.999Z</time><extensions><gpxtpx:TrackPointExtension><gpxtpx:hr>163</gpxtpx:hr><gpxtpx:cad>68</gpxtpx:cad></gpxtpx:TrackPointExtension></extensions><extensions><gpxtpx:PowerExtension><gpxtpx:PowerInWatts>197</gpxtpx:PowerInWatts></gpxtpx:PowerExtension></extensions></trkpt>
<trkpt lat="38.5763888" lon="-121.4597245">
<ele>7</ele><time>2025-03-05T17:46:45.999Z</time><extensions><gpxtpx:TrackPointExtension><gpxtpx:hr>163</gpxtpx:hr><gpxtpx:cad>73</gpxtpx:cad></gpxtpx:TrackPointExtension></extensions><extensions><gpxtpx:PowerExtension><gpxtpx:PowerInWatts>188</gpxtpx:PowerInWatts></gpxtpx:PowerExtension></extensions></trkpt>
<trkpt lat="38.5764392" lon="-121.4596916">
<ele>7</ele><time>2025-03-05T17:46:48.999Z</time><extensions><gpxtpx:TrackPointExtension><gpxtpx:hr>162</gpxtpx:hr><gpxtpx:cad>74</gpxtpx:cad></gpxtpx:TrackPointExtension></extensions><extensions><gpxtpx:PowerExtension><gpxtpx:PowerInWatts>183</gpxtpx:PowerInWatts></gpxtpx:PowerExtension></extensions></trkpt>
<trkpt lat="38.5764697" lon="-121.4596022">
<ele>7</ele><time>2025-03-05T17:46:50.999Z</time><extensions><gpxtpx:TrackPointExtension><gpxtpx:hr>162</gpxtpx:hr><gpxtpx:cad>76</gpxtpx:cad></gpxtpx:TrackPointExtension></extensions><extensions><gpxtpx:PowerExtension><gpxtpx:PowerInWatts>183</gpxtpx:PowerInWatts></gpxtpx:PowerExtension></extensions></trkpt>
<trkpt lat="38.5764526" lon="-121.4595418">
<ele>7</ele><time>2025-03-05T17:46:51.999Z</time><extensions><gpxtpx:TrackPointExtension><gpxtpx:hr>161</gpxtpx:hr><gpxtpx:cad>72</gpxtpx:cad></gpxtpx:TrackPointExtension></extensions><extensions><gpxtpx:PowerExtension><gpxtpx:PowerInWatts>183</gpxtpx:PowerInWatts></gpxtpx:PowerExtension></extensions></trkpt>
<trkpt lat="38.5764455" lon="-121.4594640">
<ele>7</ele><time>2025-03-05T17:46:53.999Z</time><extensions><gpxtpx:TrackPointExtension><gpxtpx:hr>160</gpxtpx:hr><gpxtpx:cad>73</gpxtpx:cad></gpxtpx:TrackPointExtension></extensions><extensions><gpxtpx:PowerExtension><gpxtpx:PowerInWatts>194</gpxtpx:PowerInWatts></gpxtpx:PowerExtension></extensions></trkpt>
<trkpt lat="38.5764200" lon="-121.4593749">
<ele>8</ele><time>2025-03-05T17:46:55.999Z</time><extensions><gpxtpx:TrackPointExtension><gpxtpx:hr>161</gpxtpx:hr><gpxtpx:cad>75</gpxtpx:cad></gpxtpx:TrackPointExtension></extensions><extensions><gpxtpx:PowerExtension><gpxtpx:PowerInWatts>194</gpxtpx:PowerInWatts></gpxtpx:PowerExtension></extensions></trkpt>
<trkpt lat="38.5763949" lon="-121.4592755">
<ele>8</ele><time>2025-03-05T17:46:57.999Z</time><extensions><gpxtpx:TrackPointExtension><gpxtpx:hr>160</gpxtpx:hr><gpxtpx:cad>71</gpxtpx:cad></gpxtpx:TrackPointExtension></extensions><extensions><gpxtpx:PowerExtension><gpxtpx:PowerInWatts>203</gpxtpx:PowerInWatts></gpxtpx:PowerExtension></extensions></trkpt>
<trkpt lat="38.5763904" lon="-121.4591873">
<ele>8</ele><time>2025-03-05T17:46:59.999Z</time><extensions><gpxtpx:TrackPointExtension><gpxtpx:hr>161</gpxtpx:hr><gpxtpx:cad>75</gpxtpx:cad></gpxtpx:TrackPointExtension></extensions><extensions><gpxtpx:PowerExtension><gpxtpx:PowerInWatts>229</gpxtpx:PowerInWatts></gpxtpx:PowerExtension></extensions></trkpt>
<trkpt lat="38.5763663" lon="-121.4591097">
<ele>8</ele><time>2025-03-05T17:47:01.999Z</time><extensions><gpxtpx:TrackPointExtension><gpxtpx:hr>161</gpxtpx:hr><gpxtpx:cad>78</gpxtpx:cad></gpxtpx:TrackPointExtension></extensions><extensions><gpxtpx:PowerExtension><gpxtpx:PowerInWatts>229</gpxtpx:PowerInWatts></gpxtpx:PowerExtension></extensions></trkpt>
<trkpt lat="38.5763337" lon="-121.4590260">
<ele>8</ele><time>2025-03-05T17:47:03.999Z</time><extensions><gpxtpx:TrackPointExtension><gpxtpx:hr>162</gpxtpx:hr><gpxtpx:cad>80</gpxtpx:cad></gpxtpx:TrackPointExtension></extensions><extensions><gpxtpx:PowerExtension><gpxtpx:PowerInWatts>234</gpxtpx:PowerInWatts></gpxtpx:PowerExtension></extensions></trkpt>
<trkpt lat="38.5763093" lon="-121.4589451">
<ele>8</ele><time>2025-03-05T17:47:05.999Z</time><extensions><gpxtpx:TrackPointExtension><gpxtpx:hr>162</gpxtpx:hr><gpxtpx:cad>85</gpxtpx:cad></gpxtpx:TrackPointExtension></extensions><extensions><gpxtpx:PowerExtension><gpxtpx:PowerInWatts>252</gpxtpx:PowerInWatts></gpxtpx:PowerExtension></extensions></trkpt>
<trkpt lat="38.5762850" lon="-121.4588792">
<ele>8</ele><time>2025-03-05T17:47:07.999Z</time><extensions><gpxtpx:TrackPointExtension><gpxtpx:hr>162</gpxtpx:hr><gpxtpx:cad>87</gpxtpx:cad></gpxtpx:TrackPointExtension></extensions><extensions><gpxtpx:PowerExtension><gpxtpx:PowerInWatts>252</gpxtpx:PowerInWatts></gpxtpx:PowerExtension></extensions></trkpt>
<trkpt lat="38.5762552" lon="-121.4587856">
<ele>8</ele><time>2025-03-05T17:47:09.999Z</time><extensions><gpxtpx:TrackPointExtension><gpxtpx:hr>163</gpxtpx:hr><gpxtpx:cad>85</gpxtpx:cad></gpxtpx:TrackPointExtension></extensions><extensions><gpxtpx:PowerExtension><gpxtpx:PowerInWatts>252</gpxtpx:PowerInWatts></gpxtpx:PowerExtension></extensions></trkpt>
<trkpt lat="38.5762438" lon="-121.4587019">
<ele>8</ele><time>2025-03-05T17:47:11.999Z</time><extensions><gpxtpx:TrackPointExtension><gpxtpx:hr>163</gpxtpx:hr><gpxtpx:cad>81</gpxtpx:cad></gpxtpx:TrackPointExtension></extensions><extensions><gpxtpx:PowerExtension><gpxtpx:PowerInWatts>258</gpxtpx:PowerInWatts></gpxtpx:PowerExtension></extensions></trkpt>
<trkpt lat="38.5762159" lon="-121.4586206">
<ele>7</ele><time>2025-03-05T17:47:13.999Z</time><extensions><gpxtpx:TrackPointExtension><gpxtpx:hr>164</gpxtpx:hr><gpxtpx:cad>81</gpxtpx:cad></gpxtpx:TrackPointExtension></extensions><extensions><gpxtpx:PowerExtension><gpxtpx:PowerInWatts>265</gpxtpx:PowerInWatts></gpxtpx:PowerExtension></extensions></trkpt>
<trkpt lat="38.5762035" lon="-121.4585285">
<ele>7</ele><time>2025-03-05T17:47:15.999Z</time><extensions><gpxtpx:TrackPointExtension><gpxtpx:hr>164</gpxtpx:hr><gpxtpx:cad>86</gpxtpx:cad></gpxtpx:TrackPointExtension></extensions><extensions><gpxtpx:PowerExtension><gpxtpx:PowerInWatts>265</gpxtpx:PowerInWatts></gpxtpx:PowerExtension></extensions></trkpt>
<trkpt lat="38.5761788" lon="-121.4584565">
<ele>7</ele><time>2025-03-05T17:47:17.999Z</time><extensions><gpxtpx:TrackPointExtension><gpxtpx:hr>164</gpxtpx:hr><gpxtpx:cad>85</gpxtpx:cad></gpxtpx:TrackPointExtension></extensions><extensions><gpxtpx:PowerExtension><gpxtpx:PowerInWatts>270</gpxtpx:PowerInWatts></gpxtpx:PowerExtension></extensions></trkpt>
<trkpt lat="38.5761492" lon="-121.4583874">
<ele>7</ele><time>2025-03-05T17:47:19.999Z</time><extensions><gpxtpx:TrackPointExtension><gpxtpx:hr>164</gpxtpx:hr><gpxtpx:cad>81</gpxtpx:cad></gpxtpx:TrackPointExtension></extensions><extensions><gpxtpx:PowerExtension><gpxtpx:PowerInWatts>271</gpxtpx:PowerInWatts></gpxtpx:PowerExtension></extensions></trkpt>
<trkpt lat="38.5761184" lon="-121.4583039">
<ele>7</ele><time>2025-03-05T17:47:21.999Z</time><extensions><gpxtpx:TrackPointExtension><gpxtpx:hr>164</gpxtpx:hr><gpxtpx:cad>80</gpxtpx:cad></gpxtpx:TrackPointExtension></extensions><extensions><gpxtpx:PowerExtension><gpxtpx:PowerInWatts>271</gpxtpx:PowerInWatts></gpxtpx:PowerExtension></extensions></trkpt>
<trkpt lat="38.5761051" lon="-121.4582119">
<ele>7</ele><time>2025-03-05T17:47:23.999Z</time><extensions><gpxtpx:TrackPointExtension><gpxtpx:hr>164</gpxtpx:hr><gpxtpx:cad>81</gpxtpx:cad></gpxtpx:TrackPointExtension></extensions><extensions><gpxtpx:PowerExtension><gpxtpx:PowerInWatts>275</gpxtpx:PowerInWatts></gpxtpx:PowerExtension></extensions></trkpt>
<trkpt lat="38.5760946" lon="-121.4581114">
<ele>7</ele><time>2025-03-05T17:47:25.999Z</time><extensions><gpxtpx:TrackPointExtension><gpxtpx:hr>165</gpxtpx:hr><gpxtpx:cad>83</gpxtpx:cad></gpxtpx:TrackPointExtension></extensions><extensions><gpxtpx:PowerExtension><gpxtpx:PowerInWatts>275</gpxtpx:PowerInWatts></gpxtpx:PowerExtension></extensions></trkpt>
<trkpt lat="38.5760755" lon="-121.4580310">
<ele>7</ele><time>2025-03-05T17:47:27.999Z</time><extensions><gpxtpx:TrackPointExtension><gpxtpx:hr>166</gpxtpx:hr><gpxtpx:cad>77</gpxtpx:cad></gpxtpx:TrackPointExtension></extensions><extensions><gpxtpx:PowerExtension><gpxtpx:PowerInWatts>275</gpxtpx:PowerInWatts></gpxtpx:PowerExtension></extensions></trkpt>
<trkpt lat="38.5760422" lon="-121.4579573">
<ele>7</ele><time>2025-03-05T17:47:29.999Z</time><extensions><gpxtpx:TrackPointExtension><gpxtpx:hr>166</gpxtpx:hr><gpxtpx:cad>73</gpxtpx:cad></gpxtpx:TrackPointExtension></extensions><extensions><gpxtpx:PowerExtension><gpxtpx:PowerInWatts>282</gpxtpx:PowerInWatts></gpxtpx:PowerExtension></extensions></trkpt>
<trkpt lat="38.5760207" lon="-121.4578879">
<ele>7</ele><time>2025-03-05T17:47:31.999Z</time><extensions><gpxtpx:TrackPointExtension><gpxtpx:hr>166</gpxtpx:hr><gpxtpx:cad>73</gpxtpx:cad></gpxtpx:TrackPointExtension></extensions><extensions><gpxtpx:PowerExtension><gpxtpx:PowerInWatts>282</gpxtpx:PowerInWatts></gpxtpx:PowerExtension></extensions></trkpt>
<trkpt lat="38.5760182" lon="-121.4578241">
<ele>7</ele><time>2025-03-05T17:47:33.999Z</time><extensions><gpxtpx:TrackPointExtension><gpxtpx:hr>166</gpxtpx:hr><gpxtpx:cad>75</gpxtpx:cad></gpxtpx:TrackPointExtension></extensions><extensions><gpxtpx:PowerExtension><gpxtpx:PowerInWatts>307</gpxtpx:PowerInWatts></gpxtpx:PowerExtension></extensions></trkpt>
<trkpt lat="38.5760060" lon="-121.4577659">
<ele>7</ele><time>2025-03-05T17:47:35.999Z</time><extensions><gpxtpx:TrackPointExtension><gpxtpx:hr>166</gpxtpx:hr><gpxtpx:cad>76</gpxtpx:cad></gpxtpx:TrackPointExtension></extensions><extensions><gpxtpx:PowerExtension><gpxtpx:PowerInWatts>307</gpxtpx:PowerInWatts></gpxtpx:PowerExtension></extensions></trkpt>
<trkpt lat="38.5760045" lon="-121.4577003">
<ele>7</ele><time>2025-03-05T17:47:37.999Z</time><extensions><gpxtpx:TrackPointExtension><gpxtpx:hr>165</gpxtpx:hr><gpxtpx:cad>72</gpxtpx:cad></gpxtpx:TrackPointExtension></extensions><extensions><gpxtpx:PowerExtension><gpxtpx:PowerInWatts>286</gpxtpx:PowerInWatts></gpxtpx:PowerExtension></extensions></trkpt>
<trkpt lat="38.5759815" lon="-121.4576460">
<ele>7</ele><time>2025-03-05T17:47:39.999Z</time><extensions><gpxtpx:TrackPointExtension><gpxtpx:hr>165</gpxtpx:hr><gpxtpx:cad>70</gpxtpx:cad></gpxtpx:TrackPointExtension></extensions><extensions><gpxtpx:PowerExtension><gpxtpx:PowerInWatts>286</gpxtpx:PowerInWatts></gpxtpx:PowerExtension></extensions></trkpt>
<trkpt lat="38.5759542" lon="-121.4575902">
<ele>7</ele><time>2025-03-05T17:47:41.999Z</time><extensions><gpxtpx:TrackPointExtension><gpxtpx:hr>165</gpxtpx:hr><gpxtpx:cad>73</gpxtpx:cad></gpxtpx:TrackPointExtension></extensions><extensions><gpxtpx:PowerExtension><gpxtpx:PowerInWatts>286</gpxtpx:PowerInWatts></gpxtpx:PowerExtension></extensions></trkpt>
<trkpt lat="38.5759620" lon="-121.4574982">
<ele>7</ele><time>2025-03-05T17:47:44.999Z</time><extensions><gpxtpx:TrackPointExtension><gpxtpx:hr>164</gpxtpx:hr><gpxtpx:cad>75</gpxtpx:cad></gpxtpx:TrackPointExtension></extensions><extensions><gpxtpx:PowerExtension><gpxtpx:PowerInWatts>241</gpxtpx:PowerInWatts></gpxtpx:PowerExtension></extensions></trkpt>
<trkpt lat="38.5760139" lon="-121.4575109">
<ele>7</ele><time>2025-03-05T17:47:46.999Z</time><extensions><gpxtpx:TrackPointExtension><gpxtpx:hr>163</gpxtpx:hr><gpxtpx:cad>71</gpxtpx:cad></gpxtpx:TrackPointExtension></extensions><extensions><gpxtpx:PowerExtension><gpxtpx:PowerInWatts>235</gpxtpx:PowerInWatts></gpxtpx:PowerExtension></extensions></trkpt>
<trkpt lat="38.5760530" lon="-121.4575441">
<ele>7</ele><time>2025-03-05T17:47:48.999Z</time><extensions><gpxtpx:TrackPointExtension><gpxtpx:hr>163</gpxtpx:hr><gpxtpx:cad>68</gpxtpx:cad></gpxtpx:TrackPointExtension></extensions><extensions><gpxtpx:PowerExtension><gpxtpx:PowerInWatts>229</gpxtpx:PowerInWatts></gpxtpx:PowerExtension></extensions></trkpt>
<trkpt lat="38.5761174" lon="-121.4575206">
<ele>7</ele><time>2025-03-05T17:47:51.999Z</time><extensions><gpxtpx:TrackPointExtension><gpxtpx:hr>161</gpxtpx:hr><gpxtpx:cad>69</gpxtpx:cad></gpxtpx:TrackPointExtension></extensions><extensions><gpxtpx:PowerExtension><gpxtpx:PowerInWatts>214</gpxtpx:PowerInWatts></gpxtpx:PowerExtension></extensions></trkpt>
<trkpt lat="38.5761793" lon="-121.4574962">
<ele>7</ele><time>2025-03-05T17:47:54.999Z</time><extensions><gpxtpx:TrackPointExtension><gpxtpx:hr>160</gpxtpx:hr><gpxtpx:cad>68</gpxtpx:cad></gpxtpx:TrackPointExtension></extensions><extensions><gpxtpx:PowerExtension><gpxtpx:PowerInWatts>214</gpxtpx:PowerInWatts></gpxtpx:PowerExtension></extensions></trkpt>
<trkpt lat="38.5762395" lon="-121.4574714">
<ele>7</ele><time>2025-03-05T17:47:57.999Z</time><extensions><gpxtpx:TrackPointExtension><gpxtpx:hr>160</gpxtpx:hr><gpxtpx:cad>67</gpxtpx:cad></gpxtpx:TrackPointExtension></extensions><extensions><gpxtpx:PowerExtension><gpxtpx:PowerInWatts>206</gpxtpx:PowerInWatts></gpxtpx:PowerExtension></extensions></trkpt>
<trkpt lat="38.5762977" lon="-121.4574463">
<ele>7</ele><time>2025-03-05T17:48:00.999Z</time><extensions><gpxtpx:TrackPointExtension><gpxtpx:hr>160</gpxtpx:hr><gpxtpx:cad>67</gpxtpx:cad></gpxtpx:TrackPointExtension></extensions><extensions><gpxtpx:PowerExtension><gpxtpx:PowerInWatts>199</gpxtpx:PowerInWatts></gpxtpx:PowerExtension></extensions></trkpt>
<trkpt lat="38.5763398" lon="-121.4574180">
<ele>7</ele><time>2025-03-05T17:48:02.999Z</time><extensions><gpxtpx:TrackPointExtension><gpxtpx:hr>159</gpxtpx:hr><gpxtpx:cad>70</gpxtpx:cad></gpxtpx:TrackPointExtension></extensions><extensions><gpxtpx:PowerExtension><gpxtpx:PowerInWatts>199</gpxtpx:PowerInWatts></gpxtpx:PowerExtension></extensions></trkpt>
<trkpt lat="38.5764130" lon="-121.4573917">
<ele>8</ele><time>2025-03-05T17:48:05.999Z</time><extensions><gpxtpx:TrackPointExtension><gpxtpx:hr>158</gpxtpx:hr><gpxtpx:cad>67</gpxtpx:cad></gpxtpx:TrackPointExtension></extensions><extensions><gpxtpx:PowerExtension><gpxtpx:PowerInWatts>199</gpxtpx:PowerInWatts></gpxtpx:PowerExtension></extensions></trkpt>
<trkpt lat="38.5764820" lon="-121.4573656">
<ele>8</ele><time>2025-03-05T17:48:08.999Z</time><extensions><gpxtpx:TrackPointExtension><gpxtpx:hr>158</gpxtpx:hr><gpxtpx:cad>64</gpxtpx:cad></gpxtpx:TrackPointExtension></extensions><extensions><gpxtpx:PowerExtension><gpxtpx:PowerInWatts>197</gpxtpx:PowerInWatts></gpxtpx:PowerExtension></extensions></trkpt>
<trkpt lat="38.5765413" lon="-121.4573731">
<ele>8</ele><time>2025-03-05T17:48:11.999Z</time><extensions><gpxtpx:TrackPointExtension><gpxtpx:hr>158</gpxtpx:hr><gpxtpx:cad>66</gpxtpx:cad></gpxtpx:TrackPointExtension></extensions><extensions><gpxtpx:PowerExtension><gpxtpx:PowerInWatts>194</gpxtpx:PowerInWatts></gpxtpx:PowerExtension></extensions></trkpt>
<trkpt lat="38.5765986" lon="-121.4574016">
<ele>8</ele><time>2025-03-05T17:48:13.999Z</time><extensions><gpxtpx:TrackPointExtension><gpxtpx:hr>159</gpxtpx:hr><gpxtpx:cad>65</gpxtpx:cad></gpxtpx:TrackPointExtension></extensions><extensions><gpxtpx:PowerExtension><gpxtpx:PowerInWatts>198</gpxtpx:PowerInWatts></gpxtpx:PowerExtension></extensions></trkpt>
<trkpt lat="38.5766417" lon="-121.4574321">
<ele>8</ele><time>2025-03-05T17:48:16.999Z</time><extensions><gpxtpx:TrackPointExtension><gpxtpx:hr>159</gpxtpx:hr><gpxtpx:cad>66</gpxtpx:cad></gpxtpx:TrackPointExtension></extensions><extensions><gpxtpx:PowerExtension><gpxtpx:PowerInWatts>193</gpxtpx:PowerInWatts></gpxtpx:PowerExtension></extensions></trkpt>
</trkseg><trkseg>
<trkpt lat="38.5767170" lon="-121.4575748">
<ele>8</ele><time>2025-03-05T17:48:37.999Z</time><extensions><gpxtpx:TrackPointExtension><gpxtpx:hr>149</gpxtpx:hr><gpxtpx:cad>71</gpxtpx:cad></gpxtpx:TrackPointExtension></extensions><extensions><gpxtpx:PowerExtension><gpxtpx:PowerInWatts>97</gpxtpx:PowerInWatts></gpxtpx:PowerExtension></extensions></trkpt>
<trkpt lat="38.5767285" lon="-121.4576336">
<ele>8</ele><time>2025-03-05T17:48:40.999Z</time><extensions><gpxtpx:TrackPointExtension><gpxtpx:hr>147</gpxtpx:hr><gpxtpx:cad>72</gpxtpx:cad></gpxtpx:TrackPointExtension></extensions><extensions><gpxtpx:PowerExtension><gpxtpx:PowerInWatts>97</gpxtpx:PowerInWatts></gpxtpx:PowerExtension></extensions></trkpt>
<trkpt lat="38.5767408" lon="-121.4577200">
<ele>8</ele><time>2025-03-05T17:48:43.999Z</time><extensions><gpxtpx:TrackPointExtension><gpxtpx:hr>147</gpxtpx:hr><gpxtpx:cad>73</gpxtpx:cad></gpxtpx:TrackPointExtension></extensions><extensions><gpxtpx:PowerExtension><gpxtpx:PowerInWatts>96</gpxtpx:PowerInWatts></gpxtpx:PowerExtension></extensions></trkpt>
<trkpt lat="38.5767489" lon="-121.4577792">
<ele>8</ele><time>2025-03-05T17:48:45.999Z</time><extensions><gpxtpx:TrackPointExtension><gpxtpx:hr>147</gpxtpx:hr><gpxtpx:cad>73</gpxtpx:cad></gpxtpx:TrackPointExtension></extensions><extensions><gpxtpx:PowerExtension><gpxtpx:PowerInWatts>191</gpxtpx:PowerInWatts></gpxtpx:PowerExtension></extensions></trkpt>
<trkpt lat="38.5767631" lon="-121.4578491">
<ele>8</ele><time>2025-03-05T17:48:47.999Z</time><extensions><gpxtpx:TrackPointExtension><gpxtpx:hr>147</gpxtpx:hr><gpxtpx:cad>75</gpxtpx:cad></gpxtpx:TrackPointExtension></extensions><extensions><gpxtpx:PowerExtension><gpxtpx:PowerInWatts>191</gpxtpx:PowerInWatts></gpxtpx:PowerExtension></extensions></trkpt>
<trkpt lat="38.5767868" lon="-121.4579087">
<ele>8</ele><time>2025-03-05T17:48:49.999Z</time><extensions><gpxtpx:TrackPointExtension><gpxtpx:hr>147</gpxtpx:hr><gpxtpx:cad>75</gpxtpx:cad></gpxtpx:TrackPointExtension></extensions><extensions><gpxtpx:PowerExtension><gpxtpx:PowerInWatts>170</gpxtpx:PowerInWatts></gpxtpx:PowerExtension></extensions></trkpt>
<trkpt lat="38.5768001" lon="-121.4579961">
<ele>8</ele><time>2025-03-05T17:48:52.999Z</time><extensions><gpxtpx:TrackPointExtension><gpxtpx:hr>147</gpxtpx:hr><gpxtpx:cad>74</gpxtpx:cad></gpxtpx:TrackPointExtension></extensions><extensions><gpxtpx:PowerExtension><gpxtpx:PowerInWatts>188</gpxtpx:PowerInWatts></gpxtpx:PowerExtension></extensions></trkpt>
<trkpt lat="38.5768171" lon="-121.4580580">
<ele>8</ele><time>2025-03-05T17:48:54.999Z</time><extensions><gpxtpx:TrackPointExtension><gpxtpx:hr>147</gpxtpx:hr><gpxtpx:cad>79</gpxtpx:cad></gpxtpx:TrackPointExtension></extensions><extensions><gpxtpx:PowerExtension><gpxtpx:PowerInWatts>188</gpxtpx:PowerInWatts></gpxtpx:PowerExtension></extensions></trkpt>
<trkpt lat="38.5768455" lon="-121.4581150">
<ele>8</ele><time>2025-03-05T17:48:56.999Z</time><extensions><gpxtpx:TrackPointExtension><gpxtpx:hr>148</gpxtpx:hr><gpxtpx:cad>81</gpxtpx:cad></gpxtpx:TrackPointExtension></extensions><extensions><gpxtpx:PowerExtension><gpxtpx:PowerInWatts>188</gpxtpx:PowerInWatts></gpxtpx:PowerExtension></extensions></trkpt>
<trkpt lat="38.5768608" lon="-121.4581979">
<ele>8</ele><time>2025-03-05T17:48:59.999Z</time><extensions><gpxtpx:TrackPointExtension><gpxtpx:hr>148</gpxtpx:hr><gpxtpx:cad>85</gpxtpx:cad></gpxtpx:TrackPointExtension></extensions><extensions><gpxtpx:PowerExtension><gpxtpx:PowerInWatts>199</gpxtpx:PowerInWatts></gpxtpx:PowerExtension></extensions></trkpt>
<trkpt lat="38.5768834" lon="-121.4582825">
<ele>8</ele><time>2025-03-05T17:49:02.999Z</time><extensions><gpxtpx:TrackPointExtension><gpxtpx:hr>148</gpxtpx:hr><gpxtpx:cad>81</gpxtpx:cad></gpxtpx:TrackPointExtension></extensions><extensions><gpxtpx:PowerExtension><gpxtpx:PowerInWatts>200</gpxtpx:PowerInWatts></gpxtpx:PowerExtension></extensions></trkpt>
<trkpt lat="38.5768934" lon="-121.4583627">
<ele>8</ele><time>2025-03-05T17:49:05.999Z</time><extensions><gpxtpx:TrackPointExtension><gpxtpx:hr>147</gpxtpx:hr><gpxtpx:cad>77</gpxtpx:cad></gpxtpx:TrackPointExtension></extensions><extensions><gpxtpx:PowerExtension><gpxtpx:PowerInWatts>198</gpxtpx:PowerInWatts></gpxtpx:PowerExtension></extensions></trkpt>
<trkpt lat="38.5769197" lon="-121.4584113">
<ele>8</ele><time>2025-03-05T17:49:07.999Z</time><extensions><gpxtpx:TrackPointExtension><gpxtpx:hr>147</gpxtpx:hr><gpxtpx:cad>78</gpxtpx:cad></gpxtpx:TrackPointExtension></extensions><extensions><gpxtpx:PowerExtension><gpxtpx:PowerInWatts>201</gpxtpx:PowerInWatts></gpxtpx:PowerExtension></extensions></trkpt>
<trkpt lat="38.5769522" lon="-121.4584786">
<ele>8</ele><time>2025-03-05T17:49:09.999Z</time><extensions><gpxtpx:TrackPointExtension><gpxtpx:hr>147</gpxtpx:hr><gpxtpx:cad>76</gpxtpx:cad></gpxtpx:TrackPointExtension></extensions><extensions><gpxtpx:PowerExtension><gpxtpx:PowerInWatts>201</gpxtpx:PowerInWatts></gpxtpx:PowerExtension></extensions></trkpt>
<trkpt lat="38.5769787" lon="-121.4585779">
<ele>8</ele><time>2025-03-05T17:49:12.999Z</time><extensions><gpxtpx:TrackPointExtension><gpxtpx:hr>147</gpxtpx:hr><gpxtpx:cad>80</gpxtpx:cad></gpxtpx:TrackPointExtension></extensions><extensions><gpxtpx:PowerExtension><gpxtpx:PowerInWatts>200</gpxtpx:PowerInWatts></gpxtpx:PowerExtension></extensions></trkpt>
<trkpt lat="38.5770018" lon="-121.4586392">
<ele>8</ele><time>2025-03-05T17:49:14.999Z</time><extensions><gpxtpx:TrackPointExtension><gpxtpx:hr>148</gpxtpx:hr><gpxtpx:cad>78</gpxtpx:cad></gpxtpx:TrackPointExtension></extensions><extensions><gpxtpx:PowerExtension><gpxtpx:PowerInWatts>200</gpxtpx:PowerInWatts></gpxtpx:PowerExtension></extensions></trkpt>
<trkpt lat="38.5770075" lon="-121.4586977">
<ele>8</ele><time>2025-03-05T17:49:16.999Z</time><extensions><gpxtpx:TrackPointExtension><gpxtpx:hr>148</gpxtpx:hr><gpxtpx:cad>77</gpxtpx:cad></gpxtpx:TrackPointExtension></extensions><extensions><gpxtpx:PowerExtension><gpxtpx:PowerInWatts>201</gpxtpx:PowerInWatts></gpxtpx:PowerExtension></extensions></trkpt>
<trkpt lat="38.5770237" lon="-121.4587723">
<ele>8</ele><time>2025-03-05T17:49:18.999Z</time><extensions><gpxtpx:TrackPointExtension><gpxtpx:hr>148</gpxtpx:hr><gpxtpx:cad>78</gpxtpx:cad></gpxtpx:TrackPointExtension></extensions><extensions><gpxtpx:PowerExtension><gpxtpx:PowerInWatts>203</gpxtpx:PowerInWatts></gpxtpx:PowerExtension></extensions></trkpt>
<trkpt lat="38.5770506" lon="-121.4588499">
<ele>8</ele><time>2025-03-05T17:49:21.999Z</time><extensions><gpxtpx:TrackPointExtension><gpxtpx:hr>148</gpxtpx:hr><gpxtpx:cad>80</gpxtpx:cad></gpxtpx:TrackPointExtension></extensions><extensions><gpxtpx:PowerExtension><gpxtpx:PowerInWatts>203</gpxtpx:PowerInWatts></gpxtpx:PowerExtension></extensions></trkpt>
<trkpt lat="38.5770651" lon="-121.4589126">
<ele>8</ele><time>2025-03-05T17:49:23.999Z</time><extensions><gpxtpx:TrackPointExtension><gpxtpx:hr>148</gpxtpx:hr><gpxtpx:cad>80</gpxtpx:cad></gpxtpx:TrackPointExtension></extensions><extensions><gpxtpx:PowerExtension><gpxtpx:PowerInWatts>207</gpxtpx:PowerInWatts></gpxtpx:PowerExtension></extensions></trkpt>
<trkpt lat="38.5770770" lon="-121.4589687">
<ele>8</ele><time>2025-03-05T17:49:25.999Z</time><extensions><gpxtpx:TrackPointExtension><gpxtpx:hr>148</gpxtpx:hr><gpxtpx:cad>82</gpxtpx:cad></gpxtpx:TrackPointExtension></extensions><extensions><gpxtpx:PowerExtension><gpxtpx:PowerInWatts>206</gpxtpx:PowerInWatts></gpxtpx:PowerExtension></extensions></trkpt>
<trkpt lat="38.5770930" lon="-121.4590395">
<ele>9</ele><time>2025-03-05T17:49:27.999Z</time><extensions><gpxtpx:TrackPointExtension><gpxtpx:hr>148</gpxtpx:hr><gpxtpx:cad>82</gpxtpx:cad></gpxtpx:TrackPointExtension></extensions><extensions><gpxtpx:PowerExtension><gpxtpx:PowerInWatts>203</gpxtpx:PowerInWatts></gpxtpx:PowerExtension></extensions></trkpt>
<trkpt lat="38.5771145" lon="-121.4591054">
<ele>9</ele><time>2025-03-05T17:49:29.999Z</time><extensions><gpxtpx:TrackPointExtension><gpxtpx:hr>148</gpxtpx:hr><gpxtpx:cad>78</gpxtpx:cad></gpxtpx:TrackPointExtension></extensions><extensions><gpxtpx:PowerExtension><gpxtpx:PowerInWatts>203</gpxtpx:PowerInWatts></gpxtpx:PowerExtension></extensions></trkpt>
<trkpt lat="38.5771259" lon="-121.4591796">
<ele>9</ele><time>2025-03-05T17:49:31.999Z</time><extensions><gpxtpx:TrackPointExtension><gpxtpx:hr>148</gpxtpx:hr><gpxtpx:cad>79</gpxtpx:cad></gpxtpx:TrackPointExtension></extensions><extensions><gpxtpx:PowerExtension><gpxtpx:PowerInWatts>203</gpxtpx:PowerInWatts></gpxtpx:PowerExtension></extensions></trkpt>
<trkpt lat="38.5771459" lon="-121.4592712">
<ele>9</ele><time>2025-03-05T17:49:34.999Z</time><extensions><gpxtpx:TrackPointExtension><gpxtpx:hr>148</gpxtpx:hr><gpxtpx:cad>83</gpxtpx:cad></gpxtpx:TrackPointExtension></extensions><extensions><gpxtpx:PowerExtension><gpxtpx:PowerInWatts>204</gpxtpx:PowerInWatts></gpxtpx:PowerExtension></extensions></trkpt>
<trkpt lat="38.5771597" lon="-121.4593525">
<ele>9</ele><time>2025-03-05T17:49:36.999Z</time><extensions><gpxtpx:TrackPointExtension><gpxtpx:hr>149</gpxtpx:hr><gpxtpx:cad>89</gpxtpx:cad></gpxtpx:TrackPointExtension></extensions><extensions><gpxtpx:PowerExtension><gpxtpx:PowerInWatts>206</gpxtpx:PowerInWatts></gpxtpx:PowerExtension></extensions></trkpt>
<trkpt lat="38.5771732" lon="-121.4594256">
<ele>9</ele><time>2025-03-05T17:49:38.999Z</time><extensions><gpxtpx:TrackPointExtension><gpxtpx:hr>149</gpxtpx:hr><gpxtpx:cad>85</gpxtpx:cad></gpxtpx:TrackPointExtension></extensions><extensions><gpxtpx:PowerExtension><gpxtpx:PowerInWatts>213</gpxtpx:PowerInWatts></gpxtpx:PowerExtension></extensions></trkpt>
<trkpt lat="38.5771885" lon="-121.4594939">
<ele>9</ele><time>2025-03-05T17:49:40.999Z</time><extensions><gpxtpx:TrackPointExtension><gpxtpx:hr>150</gpxtpx:hr><gpxtpx:cad>81</gpxtpx:cad></gpxtpx:TrackPointExtension></extensions><extensions><gpxtpx:PowerExtension><gpxtpx:PowerInWatts>213</gpxtpx:PowerInWatts></gpxtpx:PowerExtension></extensions></trkpt>
<trkpt lat="38.5772080" lon="-121.4595542">
<ele>9</ele><time>2025-03-05T17:49:42.999Z</time><extensions><gpxtpx:TrackPointExtension><gpxtpx:hr>150</gpxtpx:hr><gpxtpx:cad>84</gpxtpx:cad></gpxtpx:TrackPointExtension></extensions><extensions><gpxtpx:PowerExtension><gpxtpx:PowerInWatts>213</gpxtpx:PowerInWatts></gpxtpx:PowerExtension></extensions></trkpt>
<trkpt lat="38.5772109" lon="-121.4596281">
<ele>9</ele><time>2025-03-05T17:49:44.999Z</time><extensions><gpxtpx:TrackPointExtension><gpxtpx:hr>150</gpxtpx:hr><gpxtpx:cad>88</gpxtpx:cad></gpxtpx:TrackPointExtension></extensions><extensions><gpxtpx:PowerExtension><gpxtpx:PowerInWatts>220</gpxtpx:PowerInWatts></gpxtpx:PowerExtension></extensions></trkpt>
<trkpt lat="38.5772503" lon="-121.4597030">
<ele>9</ele><time>2025-03-05T17:49:46.999Z</time><extensions><gpxtpx:TrackPointExtension><gpxtpx:hr>150</gpxtpx:hr><gpxtpx:cad>89</gpxtpx:cad></gpxtpx:TrackPointExtension></extensions><extensions><gpxtpx:PowerExtension><gpxtpx:PowerInWatts>227</gpxtpx:PowerInWatts></gpxtpx:PowerExtension></extensions></trkpt>
<trkpt lat="38.5772640" lon="-121.4597746">
<ele>9</ele><time>2025-03-05T17:49:48.999Z</time><extensions><gpxtpx:TrackPointExtension><gpxtpx:hr>150</gpxtpx:hr><gpxtpx:cad>90</gpxtpx:cad></gpxtpx:TrackPointExtension></extensions><extensions><gpxtpx:PowerExtension><gpxtpx:PowerInWatts>241</gpxtpx:PowerInWatts></gpxtpx:PowerExtension></extensions></trkpt>
<trkpt lat="38.5772781" lon="-121.4598404">
<ele>9</ele><time>2025-03-05T17:49:50.999Z</time><extensions><gpxtpx:TrackPointExtension><gpxtpx:hr>151</gpxtpx:hr><gpxtpx:cad>87</gpxtpx:cad></gpxtpx:TrackPointExtension></extensions><extensions><gpxtpx:PowerExtension><gpxtpx:PowerInWatts>230</gpxtpx:PowerInWatts></gpxtpx:PowerExtension></extensions></trkpt>
<trkpt lat="38.5773005" lon="-121.4599163">
<ele>9</ele><time>2025-03-05T17:49:52.999Z</time><extensions><gpxtpx:TrackPointExtension><gpxtpx:hr>151</gpxtpx:hr><gpxtpx:cad>83</gpxtpx:cad></gpxtpx:TrackPointExtension></extensions><extensions><gpxtpx:PowerExtension><gpxtpx:PowerInWatts>230</gpxtpx:PowerInWatts></gpxtpx:PowerExtension></extensions></trkpt>
<trkpt lat="38.5773241" lon="-121.4599780">
<ele>9</ele><time>2025-03-05T17:49:54.999Z</time><extensions><gpxtpx:TrackPointExtension><gpxtpx:hr>152</gpxtpx:hr><gpxtpx:cad>83</gpxtpx:cad></gpxtpx:TrackPointExtension></extensions><extensions><gpxtpx:PowerExtension><gpxtpx:PowerInWatts>230</gpxtpx:PowerInWatts></gpxtpx:PowerExtension></extensions></trkpt>
<trkpt lat="38.5773265" lon="-121.4600516">
<ele>9</ele><time>2025-03-05T17:49:56.999Z</time><extensions><gpxtpx:TrackPointExtension><gpxtpx:hr>152</gpxtpx:hr><gpxtpx:cad>83</gpxtpx:cad></gpxtpx:TrackPointExtension></extensions><extensions><gpxtpx:PowerExtension><gpxtpx:PowerInWatts>237</gpxtpx:PowerInWatts></gpxtpx:PowerExtension></extensions></trkpt>
<trkpt lat="38.5773603" lon="-121.4601153">
<ele>9</ele><time>2025-03-05T17:49:58.999Z</time><extensions><gpxtpx:TrackPointExtension><gpxtpx:hr>153</gpxtpx:hr><gpxtpx:cad>83</gpxtpx:cad></gpxtpx:TrackPointExtension></extensions><extensions><gpxtpx:PowerExtension><gpxtpx:PowerInWatts>237</gpxtpx:PowerInWatts></gpxtpx:PowerExtension></extensions></trkpt>
<trkpt lat="38.5773974" lon="-121.4601703">
<ele>9</ele><time>2025-03-05T17:50:00.999Z</time><extensions><gpxtpx:TrackPointExtension><gpxtpx:hr>153</gpxtpx:hr><gpxtpx:cad>83</gpxtpx:cad></gpxtpx:TrackPointExtension></extensions><extensions><gpxtpx:PowerExtension><gpxtpx:PowerInWatts>237</gpxtpx:PowerInWatts></gpxtpx:PowerExtension></extensions></trkpt>
<trkpt lat="38.5774255" lon="-121.4602286">
<ele>10</ele><time>2025-03-05T17:50:02.999Z</time><extensions><gpxtpx:TrackPointExtension><gpxtpx:hr>154</gpxtpx:hr><gpxtpx:cad>83</gpxtpx:cad></gpxtpx:TrackPointExtension></extensions><extensions><gpxtpx:PowerExtension><gpxtpx:PowerInWatts>237</gpxtpx:PowerInWatts></gpxtpx:PowerExtension></extensions></trkpt>
<trkpt lat="38.5774430" lon="-121.4603091">
<ele>10</ele><time>2025-03-05T17:50:04.999Z</time><extensions><gpxtpx:TrackPointExtension><gpxtpx:hr>154</gpxtpx:hr><gpxtpx:cad>83</gpxtpx:cad></gpxtpx:TrackPointExtension></extensions><extensions><gpxtpx:PowerExtension><gpxtpx:PowerInWatts>237</gpxtpx:PowerInWatts></gpxtpx:PowerExtension></extensions></trkpt>
<trkpt lat="38.5774677" lon="-121.4603805">
<ele>10</ele><time>2025-03-05T17:50:06.999Z</time><extensions><gpxtpx:TrackPointExtension><gpxtpx:hr>154</gpxtpx:hr><gpxtpx:cad>86</gpxtpx:cad></gpxtpx:TrackPointExtension></extensions><extensions><gpxtpx:PowerExtension><gpxtpx:PowerInWatts>236</gpxtpx:PowerInWatts></gpxtpx:PowerExtension></extensions></trkpt>
<trkpt lat="38.5774918" lon="-121.4604437">
<ele>10</ele><time>2025-03-05T17:50:08.999Z</time><extensions><gpxtpx:TrackPointExtension><gpxtpx:hr>154</gpxtpx:hr><gpxtpx:cad>85</gpxtpx:cad></gpxtpx:TrackPointExtension></extensions><extensions><gpxtpx:PowerExtension><gpxtpx:PowerInWatts>236</gpxtpx:PowerInWatts></gpxtpx:PowerExtension></extensions></trkpt>
<trkpt lat="38.5775127" lon="-121.4605116">
<ele>10</ele><time>2025-03-05T17:50:10.999Z</time><extensions><gpxtpx:TrackPointExtension><gpxtpx:hr>154</gpxtpx:hr><gpxtpx:cad>82</gpxtpx:cad></gpxtpx:TrackPointExtension></extensions><extensions><gpxtpx:PowerExtension><gpxtpx:PowerInWatts>236</gpxtpx:PowerInWatts></gpxtpx:PowerExtension></extensions></trkpt>
<trkpt lat="38.5775368" lon="-121.4605814">
<ele>10</ele><time>2025-03-05T17:50:12.999Z</time><extensions><gpxtpx:TrackPointExtension><gpxtpx:hr>154</gpxtpx:hr><gpxtpx:cad>89</gpxtpx:cad></gpxtpx:TrackPointExtension></extensions><extensions><gpxtpx:PowerExtension><gpxtpx:PowerInWatts>236</gpxtpx:PowerInWatts></gpxtpx:PowerExtension></extensions></trkpt>
<trkpt lat="38.5775378" lon="-121.4606593">
<ele>10</ele><time>2025-03-05T17:50:14.999Z</time><extensions><gpxtpx:TrackPointExtension><gpxtpx:hr>155</gpxtpx:hr><gpxtpx:cad>81</gpxtpx:cad></gpxtpx:TrackPointExtension></extensions><extensions><gpxtpx:PowerExtension><gpxtpx:PowerInWatts>238</gpxtpx:PowerInWatts></gpxtpx:PowerExtension></extensions></trkpt>
<trkpt lat="38.5775493" lon="-121.4607452">
<ele>10</ele><time>2025-03-05T17:50:16.999Z</time><extensions><gpxtpx:TrackPointExtension><gpxtpx:hr>155</gpxtpx:hr><gpxtpx:cad>78</gpxtpx:cad></gpxtpx:TrackPointExtension></extensions><extensions><gpxtpx:PowerExtension><gpxtpx:PowerInWatts>238</gpxtpx:PowerInWatts></gpxtpx:PowerExtension></extensions></trkpt>
<trkpt lat="38.5775705" lon="-121.4608238">
<ele>10</ele><time>2025-03-05T17:50:18.999Z</time><extensions><gpxtpx:TrackPointExtension><gpxtpx:hr>155</gpxtpx:hr><gpxtpx:cad>78</gpxtpx:cad></gpxtpx:TrackPointExtension></extensions><extensions><gpxtpx:PowerExtension><gpxtpx:PowerInWatts>238</gpxtpx:PowerInWatts></gpxtpx:PowerExtension></extensions></trkpt>
<trkpt lat="38.5775991" lon="-121.4608950">
<ele>10</ele><time>2025-03-05T17:50:20.999Z</time><extensions><gpxtpx:TrackPointExtension><gpxtpx:hr>155</gpxtpx:hr><gpxtpx:cad>79</gpxtpx:cad></gpxtpx:TrackPointExtension></extensions><extensions><gpxtpx:PowerExtension><gpxtpx:PowerInWatts>239</gpxtpx:PowerInWatts></gpxtpx:PowerExtension></extensions></trkpt>
<trkpt lat="38.5776057" lon="-121.4609563">
<ele>10</ele><time>2025-03-05T17:50:22.999Z</time><extensions><gpxtpx:TrackPointExtension><gpxtpx:hr>154</gpxtpx:hr><gpxtpx:cad>81</gpxtpx:cad></gpxtpx:TrackPointExtension></extensions><extensions><gpxtpx:PowerExtension><gpxtpx:PowerInWatts>241</gpxtpx:PowerInWatts></gpxtpx:PowerExtension></extensions></trkpt>
<trkpt lat="38.5776188" lon="-121.4610236">
<ele>10</ele><time>2025-03-05T17:50:24.999Z</time><extensions><gpxtpx:TrackPointExtension><gpxtpx:hr>153</gpxtpx:hr><gpxtpx:cad>85</gpxtpx:cad></gpxtpx:TrackPointExtension></extensions><extensions><gpxtpx:PowerExtension><gpxtpx:PowerInWatts>245</gpxtpx:PowerInWatts></gpxtpx:PowerExtension></extensions></trkpt>
<trkpt lat="38.5776482" lon="-121.4610933">
<ele>10</ele><time>2025-03-05T17:50:26.999Z</time><extensions><gpxtpx:TrackPointExtension><gpxtpx:hr>152</gpxtpx:hr><gpxtpx:cad>84</gpxtpx:cad></gpxtpx:TrackPointExtension></extensions><extensions><gpxtpx:PowerExtension><gpxtpx:PowerInWatts>245</gpxtpx:PowerInWatts></gpxtpx:PowerExtension></extensions></trkpt>
<trkpt lat="38.5776692" lon="-121.4611778">
<ele>10</ele><time>2025-03-05T17:50:28.999Z</time><extensions><gpxtpx:TrackPointExtension><gpxtpx:hr>152</gpxtpx:hr><gpxtpx:cad>85</gpxtpx:cad></gpxtpx:TrackPointExtension></extensions><extensions><gpxtpx:PowerExtension><gpxtpx:PowerInWatts>245</gpxtpx:PowerInWatts></gpxtpx:PowerExtension></extensions></trkpt>
<trkpt lat="38.5776777" lon="-121.4612563">
<ele>10</ele><time>2025-03-05T17:50:30.999Z</time><extensions><gpxtpx:TrackPointExtension><gpxtpx:hr>152</gpxtpx:hr><gpxtpx:cad>79</gpxtpx:cad></gpxtpx:TrackPointExtension></extensions><extensions><gpxtpx:PowerExtension><gpxtpx:PowerInWatts>245</gpxtpx:PowerInWatts></gpxtpx:PowerExtension></extensions></trkpt>
<trkpt lat="38.5776943" lon="-121.4613222">
<ele>10</ele><time>2025-03-05T17:50:32.999Z</time><extensions><gpxtpx:TrackPointExtension><gpxtpx:hr>152</gpxtpx:hr><gpxtpx:cad>80</gpxtpx:cad></gpxtpx:TrackPointExtension></extensions><extensions><gpxtpx:PowerExtension><gpxtpx:PowerInWatts>243</gpxtpx:PowerInWatts></gpxtpx:PowerExtension></extensions></trkpt>
<trkpt lat="38.5777283" lon="-121.4613653">
<ele>10</ele><time>2025-03-05T17:50:33.999Z</time><extensions><gpxtpx:TrackPointExtension><gpxtpx:hr>153</gpxtpx:hr><gpxtpx:cad>82</gpxtpx:cad></gpxtpx:TrackPointExtension></extensions><extensions><gpxtpx:PowerExtension><gpxtpx:PowerInWatts>243</gpxtpx:PowerInWatts></gpxtpx:PowerExtension></extensions></trkpt>
<trkpt lat="38.5777450" lon="-121.4614200">
<ele>10</ele><time>2025-03-05T17:50:35.999Z</time><extensions><gpxtpx:TrackPointExtension><gpxtpx:hr>154</gpxtpx:hr><gpxtpx:cad>85</gpxtpx:cad></gpxtpx:TrackPointExtension></extensions><extensions><gpxtpx:PowerExtension><gpxtpx:PowerInWatts>245</gpxtpx:PowerInWatts></gpxtpx:PowerExtension></extensions></trkpt>
<trkpt lat="38.5777529" lon="-121.4614820">
<ele>10</ele><time>2025-03-05T17:50:37.999Z</time><extensions><gpxtpx:TrackPointExtension><gpxtpx:hr>155</gpxtpx:hr><gpxtpx:cad>75</gpxtpx:cad></gpxtpx:TrackPointExtension></extensions><extensions><gpxtpx:PowerExtension><gpxtpx:PowerInWatts>252</gpxtpx:PowerInWatts></gpxtpx:PowerExtension></extensions></trkpt>
<trkpt lat="38.5777821" lon="-121.4615568">
<ele>10</ele><time>2025-03-05T17:50:39.999Z</time><extensions><gpxtpx:TrackPointExtension><gpxtpx:hr>155</gpxtpx:hr><gpxtpx:cad>79</gpxtpx:cad></gpxtpx:TrackPointExtension></extensions><extensions><gpxtpx:PowerExtension><gpxtpx:PowerInWatts>252</gpxtpx:PowerInWatts></gpxtpx:PowerExtension></extensions></trkpt>
<trkpt lat="38.5777867" lon="-121.4616298">
<ele>10</ele><time>2025-03-05T17:50:41.999Z</time><extensions><gpxtpx:TrackPointExtension><gpxtpx:hr>156</gpxtpx:hr><gpxtpx:cad>84</gpxtpx:cad></gpxtpx:TrackPointExtension></extensions><extensions><gpxtpx:PowerExtension><gpxtpx:PowerInWatts>252</gpxtpx:PowerInWatts></gpxtpx:PowerExtension></extensions></trkpt>
<trkpt lat="38.5778032" lon="-121.4616933">
<ele>10</ele><time>2025-03-05T17:50:43.999Z</time><extensions><gpxtpx:TrackPointExtension><gpxtpx:hr>158</gpxtpx:hr><gpxtpx:cad>84</gpxtpx:cad></gpxtpx:TrackPointExtension></extensions><extensions><gpxtpx:PowerExtension><gpxtpx:PowerInWatts>252</gpxtpx:PowerInWatts></gpxtpx:PowerExtension></extensions></trkpt>
<trkpt lat="38.5778228" lon="-121.4617953">
<ele>10</ele><time>2025-03-05T17:50:45.999Z</time><extensions><gpxtpx:TrackPointExtension><gpxtpx:hr>158</gpxtpx:hr><gpxtpx:cad>82</gpxtpx:cad></gpxtpx:TrackPointExtension></extensions><extensions><gpxtpx:PowerExtension><gpxtpx:PowerInWatts>252</gpxtpx:PowerInWatts></gpxtpx:PowerExtension></extensions></trkpt>
<trkpt lat="38.5778358" lon="-121.4618614">
<ele>10</ele><time>2025-03-05T17:50:47.999Z</time><extensions><gpxtpx:TrackPointExtension><gpxtpx:hr>158</gpxtpx:hr><gpxtpx:cad>87</gpxtpx:cad></gpxtpx:TrackPointExtension></extensions><extensions><gpxtpx:PowerExtension><gpxtpx:PowerInWatts>245</gpxtpx:PowerInWatts></gpxtpx:PowerExtension></extensions></trkpt>
<trkpt lat="38.5778435" lon="-121.4619318">
<ele>10</ele><time>2025-03-05T17:50:49.999Z</time><extensions><gpxtpx:TrackPointExtension><gpxtpx:hr>160</gpxtpx:hr><gpxtpx:cad>88</gpxtpx:cad></gpxtpx:TrackPointExtension></extensions><extensions><gpxtpx:PowerExtension><gpxtpx:PowerInWatts>243</gpxtpx:PowerInWatts></gpxtpx:PowerExtension></extensions></trkpt>
<trkpt lat="38.5778601" lon="-121.4619982">
<ele>10</ele><time>2025-03-05T17:50:51.999Z</time><extensions><gpxtpx:TrackPointExtension><gpxtpx:hr>160</gpxtpx:hr><gpxtpx:cad>83</gpxtpx:cad></gpxtpx:TrackPointExtension></extensions><extensions><gpxtpx:PowerExtension><gpxtpx:PowerInWatts>243</gpxtpx:PowerInWatts></gpxtpx:PowerExtension></extensions></trkpt>
<trkpt lat="38.5778867" lon="-121.4620506">
<ele>10</ele><time>2025-03-05T17:50:52.999Z</time><extensions><gpxtpx:TrackPointExtension><gpxtpx:hr>160</gpxtpx:hr><gpxtpx:cad>77</gpxtpx:cad></gpxtpx:TrackPointExtension></extensions><extensions><gpxtpx:PowerExtension><gpxtpx:PowerInWatts>248</gpxtpx:PowerInWatts></gpxtpx:PowerExtension></extensions></trkpt>
<trkpt lat="38.5779169" lon="-121.4621560">
<ele>10</ele><time>2025-03-05T17:50:54.999Z</time><extensions><gpxtpx:TrackPointExtension><gpxtpx:hr>160</gpxtpx:hr><gpxtpx:cad>81</gpxtpx:cad></gpxtpx:TrackPointExtension></extensions><extensions><gpxtpx:PowerExtension><gpxtpx:PowerInWatts>248</gpxtpx:PowerInWatts></gpxtpx:PowerExtension></extensions></trkpt>
<trkpt lat="38.5779367" lon="-121.4622222">
<ele>10</ele><time>2025-03-05T17:50:56.999Z</time><extensions><gpxtpx:TrackPointExtension><gpxtpx:hr>160</gpxtpx:hr><gpxtpx:cad>87</gpxtpx:cad></gpxtpx:TrackPointExtension></extensions><extensions><gpxtpx:PowerExtension><gpxtpx:PowerInWatts>248</gpxtpx:PowerInWatts></gpxtpx:PowerExtension></extensions></trkpt>
<trkpt lat="38.5779492" lon="-121.4623118">
<ele>10</ele><time>2025-03-05T17:50:58.999Z</time><extensions><gpxtpx:TrackPointExtension><gpxtpx:hr>161</gpxtpx:hr><gpxtpx:cad>87</gpxtpx:cad></gpxtpx:TrackPointExtension></extensions><extensions><gpxtpx:PowerExtension><gpxtpx:PowerInWatts>251</gpxtpx:PowerInWatts></gpxtpx:PowerExtension></extensions></trkpt>
<trkpt lat="38.5779708" lon="-121.4623694">
<ele>10</ele><time>2025-03-05T17:50:59.999Z</time><extensions><gpxtpx:TrackPointExtension><gpxtpx:hr>161</gpxtpx:hr><gpxtpx:cad>87</gpxtpx:cad></gpxtpx:TrackPointExtension></extensions><extensions><gpxtpx:PowerExtension><gpxtpx:PowerInWatts>261</gpxtpx:PowerInWatts></gpxtpx:PowerExtension></extensions></trkpt>
<trkpt lat="38.5780188" lon="-121.4624475">
<ele>10</ele><time>2025-03-05T17:51:01.999Z</time><extensions><gpxtpx:TrackPointExtension><gpxtpx:hr>162</gpxtpx:hr><gpxtpx:cad>85</gpxtpx:cad></gpxtpx:TrackPointExtension></extensions><extensions><gpxtpx:PowerExtension><gpxtpx:PowerInWatts>261</gpxtpx:PowerInWatts></gpxtpx:PowerExtension></extensions></trkpt>
<trkpt lat="38.5780582" lon="-121.4625014">
<ele>10</ele><time>2025-03-05T17:51:03.999Z</time><extensions><gpxtpx:TrackPointExtension><gpxtpx:hr>162</gpxtpx:hr><gpxtpx:cad>81</gpxtpx:cad></gpxtpx:TrackPointExtension></extensions><extensions><gpxtpx:PowerExtension><gpxtpx:PowerInWatts>306</gpxtpx:PowerInWatts></gpxtpx:PowerExtension></extensions></trkpt>
<trkpt lat="38.5780636" lon="-121.4626026">
<ele>10</ele><time>2025-03-05T17:51:06.000Z</time><extensions><gpxtpx:TrackPointExtension><gpxtpx:hr>163</gpxtpx:hr><gpxtpx:cad>78</gpxtpx:cad></gpxtpx:TrackPointExtension></extensions><extensions><gpxtpx:PowerExtension><gpxtpx:PowerInWatts>289</gpxtpx:PowerInWatts></gpxtpx:PowerExtension></extensions></trkpt>
<trkpt lat="38.5780962" lon="-121.4626711">
<ele>10</ele><time>2025-03-05T17:51:08.000Z</time><extensions><gpxtpx:TrackPointExtension><gpxtpx:hr>163</gpxtpx:hr><gpxtpx:cad>87</gpxtpx:cad></gpxtpx:TrackPointExtension></extensions><extensions><gpxtpx:PowerExtension><gpxtpx:PowerInWatts>299</gpxtpx:PowerInWatts></gpxtpx:PowerExtension></extensions></trkpt>
<trkpt lat="38.5780803" lon="-121.4627602">
<ele>10</ele><time>2025-03-05T17:51:10.000Z</time><extensions><gpxtpx:TrackPointExtension><gpxtpx:hr>163</gpxtpx:hr><gpxtpx:cad>85</gpxtpx:cad></gpxtpx:TrackPointExtension></extensions><extensions><gpxtpx:PowerExtension><gpxtpx:PowerInWatts>299</gpxtpx:PowerInWatts></gpxtpx:PowerExtension></extensions></trkpt>
<trkpt lat="38.5780654" lon="-121.4628326">
<ele>10</ele><time>2025-03-05T17:51:13.000Z</time><extensions><gpxtpx:TrackPointExtension><gpxtpx:hr>163</gpxtpx:hr><gpxtpx:cad>80</gpxtpx:cad></gpxtpx:TrackPointExtension></extensions><extensions><gpxtpx:PowerExtension><gpxtpx:PowerInWatts>299</gpxtpx:PowerInWatts></gpxtpx:PowerExtension></extensions></trkpt>
<trkpt lat="38.5780133" lon="-121.4628579">
<ele>10</ele><time>2025-03-05T17:51:15.000Z</time><extensions><gpxtpx:TrackPointExtension><gpxtpx:hr>164</gpxtpx:hr><gpxtpx:cad>83</gpxtpx:cad></gpxtpx:TrackPointExtension></extensions><extensions><gpxtpx:PowerExtension><gpxtpx:PowerInWatts>290</gpxtpx:PowerInWatts></gpxtpx:PowerExtension></extensions></trkpt>
<trkpt lat="38.5779530" lon="-121.4628649">
<ele>10</ele><time>2025-03-05T17:51:17.000Z</time><extensions><gpxtpx:TrackPointExtension><gpxtpx:hr>164</gpxtpx:hr><gpxtpx:cad>84</gpxtpx:cad></gpxtpx:TrackPointExtension></extensions><extensions><gpxtpx:PowerExtension><gpxtpx:PowerInWatts>283</gpxtpx:PowerInWatts></gpxtpx:PowerExtension></extensions></trkpt>
<trkpt lat="38.5778979" lon="-121.4629183">
<ele>10</ele><time>2025-03-05T17:51:20.000Z</time><extensions><gpxtpx:TrackPointExtension><gpxtpx:hr>164</gpxtpx:hr><gpxtpx:cad>83</gpxtpx:cad></gpxtpx:TrackPointExtension></extensions><extensions><gpxtpx:PowerExtension><gpxtpx:PowerInWatts>283</gpxtpx:PowerInWatts></gpxtpx:PowerExtension></extensions></trkpt>
<trkpt lat="38.5778398" lon="-121.4629424">
<ele>10</ele><time>2025-03-05T17:51:23.000Z</time><extensions><gpxtpx:TrackPointExtension><gpxtpx:hr>164</gpxtpx:hr><gpxtpx:cad>78</gpxtpx:cad></gpxtpx:TrackPointExtension></extensions><extensions><gpxtpx:PowerExtension><gpxtpx:PowerInWatts>177</gpxtpx:PowerInWatts></gpxtpx:PowerExtension></extensions></trkpt>
<trkpt lat="38.5777869" lon="-121.4629532">
<ele>10</ele><time>2025-03-05T17:51:25.000Z</time><extensions><gpxtpx:TrackPointExtension><gpxtpx:hr>164</gpxtpx:hr><gpxtpx:cad>77</gpxtpx:cad></gpxtpx:TrackPointExtension></extensions><extensions><gpxtpx:PowerExtension><gpxtpx:PowerInWatts>235</gpxtpx:PowerInWatts></gpxtpx:PowerExtension></extensions></trkpt>
<trkpt lat="38.5777289" lon="-121.4629849">
<ele>10</ele><time>2025-03-05T17:51:27.000Z</time><extensions><gpxtpx:TrackPointExtension><gpxtpx:hr>163</gpxtpx:hr><gpxtpx:cad>77</gpxtpx:cad></gpxtpx:TrackPointExtension></extensions><extensions><gpxtpx:PowerExtension><gpxtpx:PowerInWatts>196</gpxtpx:PowerInWatts></gpxtpx:PowerExtension></extensions></trkpt>
<trkpt lat="38.5776869" lon="-121.4629585">
<ele>10</ele><time>2025-03-05T17:51:29.000Z</time><extensions><gpxtpx:TrackPointExtension><gpxtpx:hr>162</gpxtpx:hr><gpxtpx:cad>79</gpxtpx:cad></gpxtpx:TrackPointExtension></extensions><extensions><gpxtpx:PowerExtension><gpxtpx:PowerInWatts>196</gpxtpx:PowerInWatts></gpxtpx:PowerExtension></extensions></trkpt>
<trkpt lat="38.5776265" lon="-121.4629640">
<ele>10</ele><time>2025-03-05T17:51:32.000Z</time><extensions><gpxtpx:TrackPointExtension><gpxtpx:hr>161</gpxtpx:hr><gpxtpx:cad>81</gpxtpx:cad></gpxtpx:TrackPointExtension></extensions><extensions><gpxtpx:PowerExtension><gpxtpx:PowerInWatts>192</gpxtpx:PowerInWatts></gpxtpx:PowerExtension></extensions></trkpt>
<trkpt lat="38.5775794" lon="-121.4629879">
<ele>10</ele><time>2025-03-05T17:51:34.000Z</time><extensions><gpxtpx:TrackPointExtension><gpxtpx:hr>161</gpxtpx:hr><gpxtpx:cad>80</gpxtpx:cad></gpxtpx:TrackPointExtension></extensions><extensions><gpxtpx:PowerExtension><gpxtpx:PowerInWatts>192</gpxtpx:PowerInWatts></gpxtpx:PowerExtension></extensions></trkpt>
<trkpt lat="38.5775241" lon="-121.4630127">
<ele>10</ele><time>2025-03-05T17:51:36.000Z</time><extensions><gpxtpx:TrackPointExtension><gpxtpx:hr>161</gpxtpx:hr><gpxtpx:cad>83</gpxtpx:cad></gpxtpx:TrackPointExtension></extensions><extensions><gpxtpx:PowerExtension><gpxtpx:PowerInWatts>197</gpxtpx:PowerInWatts></gpxtpx:PowerExtension></extensions></trkpt>
<trkpt lat="38.5774703" lon="-121.4630356">
<ele>10</ele><time>2025-03-05T17:51:38.000Z</time><extensions><gpxtpx:TrackPointExtension><gpxtpx:hr>161</gpxtpx:hr><gpxtpx:cad>76</gpxtpx:cad></gpxtpx:TrackPointExtension></extensions><extensions><gpxtpx:PowerExtension><gpxtpx:PowerInWatts>197</gpxtpx:PowerInWatts></gpxtpx:PowerExtension></extensions></trkpt>
<trkpt lat="38.5774122" lon="-121.4630689">
<ele>10</ele><time>2025-03-05T17:51:40.000Z</time><extensions><gpxtpx:TrackPointExtension><gpxtpx:hr>161</gpxtpx:hr><gpxtpx:cad>89</gpxtpx:cad></gpxtpx:TrackPointExtension></extensions><extensions><gpxtpx:PowerExtension><gpxtpx:PowerInWatts>195</gpxtpx:PowerInWatts></gpxtpx:PowerExtension></extensions></trkpt>
<trkpt lat="38.5773610" lon="-121.4630900">
<ele>10</ele><time>2025-03-05T17:51:42.000Z</time><extensions><gpxtpx:TrackPointExtension><gpxtpx:hr>161</gpxtpx:hr><gpxtpx:cad>83</gpxtpx:cad></gpxtpx:TrackPointExtension></extensions><extensions><gpxtpx:PowerExtension><gpxtpx:PowerInWatts>195</gpxtpx:PowerInWatts></gpxtpx:PowerExtension></extensions></trkpt>
<trkpt lat="38.5773022" lon="-121.4631102">
<ele>10</ele><time>2025-03-05T17:51:44.000Z</time><extensions><gpxtpx:TrackPointExtension><gpxtpx:hr>161</gpxtpx:hr><gpxtpx:cad>78</gpxtpx:cad></gpxtpx:TrackPointExtension></extensions><extensions><gpxtpx:PowerExtension><gpxtpx:PowerInWatts>201</gpxtpx:PowerInWatts></gpxtpx:PowerExtension></extensions></trkpt>
<trkpt lat="38.5772437" lon="-121.4631346">
<ele>10</ele><time>2025-03-05T17:51:46.000Z</time><extensions><gpxtpx:TrackPointExtension><gpxtpx:hr>161</gpxtpx:hr><gpxtpx:cad>81</gpxtpx:cad></gpxtpx:TrackPointExtension></extensions><extensions><gpxtpx:PowerExtension><gpxtpx:PowerInWatts>201</gpxtpx:PowerInWatts></gpxtpx:PowerExtension></extensions></trkpt>
<trkpt lat="38.5771755" lon="-121.4631644">
<ele>10</ele><time>2025-03-05T17:51:48.000Z</time><extensions><gpxtpx:TrackPointExtension><gpxtpx:hr>160</gpxtpx:hr><gpxtpx:cad>81</gpxtpx:cad></gpxtpx:TrackPointExtension></extensions><extensions><gpxtpx:PowerExtension><gpxtpx:PowerInWatts>203</gpxtpx:PowerInWatts></gpxtpx:PowerExtension></extensions></trkpt>
<trkpt lat="38.5771303" lon="-121.4631842">
<ele>10</ele><time>2025-03-05T17:51:50.000Z</time><extensions><gpxtpx:TrackPointExtension><gpxtpx:hr>160</gpxtpx:hr><gpxtpx:cad>81</gpxtpx:cad></gpxtpx:TrackPointExtension></extensions><extensions><gpxtpx:PowerExtension><gpxtpx:PowerInWatts>206</gpxtpx:PowerInWatts></gpxtpx:PowerExtension></extensions></trkpt>
<trkpt lat="38.5770855" lon="-121.4632038">
<ele>10</ele><time>2025-03-05T17:51:52.000Z</time><extensions><gpxtpx:TrackPointExtension><gpxtpx:hr>160</gpxtpx:hr><gpxtpx:cad>81</gpxtpx:cad></gpxtpx:TrackPointExtension></extensions><extensions><gpxtpx:PowerExtension><gpxtpx:PowerInWatts>219</gpxtpx:PowerInWatts></gpxtpx:PowerExtension></extensions></trkpt>
<trkpt lat="38.5770256" lon="-121.4632300">
<ele>10</ele><time>2025-03-05T17:51:54.000Z</time><extensions><gpxtpx:TrackPointExtension><gpxtpx:hr>160</gpxtpx:hr><gpxtpx:cad>79</gpxtpx:cad></gpxtpx:TrackPointExtension></extensions><extensions><gpxtpx:PowerExtension><gpxtpx:PowerInWatts>221</gpxtpx:PowerInWatts></gpxtpx:PowerExtension></extensions></trkpt>
<trkpt lat="38.5769806" lon="-121.4632496">
<ele>10</ele><time>2025-03-05T17:51:56.000Z</time><extensions><gpxtpx:TrackPointExtension><gpxtpx:hr>160</gpxtpx:hr><gpxtpx:cad>81</gpxtpx:cad></gpxtpx:TrackPointExtension></extensions><extensions><gpxtpx:PowerExtension><gpxtpx:PowerInWatts>221</gpxtpx:PowerInWatts></gpxtpx:PowerExtension></extensions></trkpt>
<trkpt lat="38.5769328" lon="-121.4632705">
<ele>10</ele><time>2025-03-05T17:51:58.000Z</time><extensions><gpxtpx:TrackPointExtension><gpxtpx:hr>160</gpxtpx:hr><gpxtpx:cad>81</gpxtpx:cad></gpxtpx:TrackPointExtension></extensions><extensions><gpxtpx:PowerExtension><gpxtpx:PowerInWatts>221</gpxtpx:PowerInWatts></gpxtpx:PowerExtension></extensions></trkpt>
<trkpt lat="38.5768894" lon="-121.4632895">
<ele>10</ele><time>2025-03-05T17:52:00.000Z</time><extensions><gpxtpx:TrackPointExtension><gpxtpx:hr>160</gpxtpx:hr><gpxtpx:cad>84</gpxtpx:cad></gpxtpx:TrackPointExtension></extensions><extensions><gpxtpx:PowerExtension><gpxtpx:PowerInWatts>221</gpxtpx:PowerInWatts></gpxtpx:PowerExtension></extensions></trkpt>
<trkpt lat="38.5768324" lon="-121.4633100">
<ele>10</ele><time>2025-03-05T17:52:02.000Z</time><extensions><gpxtpx:TrackPointExtension><gpxtpx:hr>159</gpxtpx:hr><gpxtpx:cad>89</gpxtpx:cad></gpxtpx:TrackPointExtension></extensions><extensions><gpxtpx:PowerExtension><gpxtpx:PowerInWatts>220</gpxtpx:PowerInWatts></gpxtpx:PowerExtension></extensions></trkpt>
<trkpt lat="38.5767905" lon="-121.4633322">
<ele>10</ele><time>2025-03-05T17:52:04.000Z</time><extensions><gpxtpx:TrackPointExtension><gpxtpx:hr>159</gpxtpx:hr><gpxtpx:cad>84</gpxtpx:cad></gpxtpx:TrackPointExtension></extensions><extensions><gpxtpx:PowerExtension><gpxtpx:PowerInWatts>220</gpxtpx:PowerInWatts></gpxtpx:PowerExtension></extensions></trkpt>
<trkpt lat="38.5767390" lon="-121.4633548">
<ele>10</ele><time>2025-03-05T17:52:06.000Z</time><extensions><gpxtpx:TrackPointExtension><gpxtpx:hr>159</gpxtpx:hr><gpxtpx:cad>74</gpxtpx:cad></gpxtpx:TrackPointExtension></extensions><extensions><gpxtpx:PowerExtension><gpxtpx:PowerInWatts>220</gpxtpx:PowerInWatts></gpxtpx:PowerExtension></extensions></trkpt>
<trkpt lat="38.5766802" lon="-121.4633804">
<ele>10</ele><time>2025-03-05T17:52:08.000Z</time><extensions><gpxtpx:TrackPointExtension><gpxtpx:hr>159</gpxtpx:hr><gpxtpx:cad>73</gpxtpx:cad></gpxtpx:TrackPointExtension></extensions><extensions><gpxtpx:PowerExtension><gpxtpx:PowerInWatts>219</gpxtpx:PowerInWatts></gpxtpx:PowerExtension></extensions></trkpt>
<trkpt lat="38.5766335" lon="-121.4634008">
<ele>10</ele><time>2025-03-05T17:52:10.000Z</time><extensions><gpxtpx:TrackPointExtension><gpxtpx:hr>159</gpxtpx:hr><gpxtpx:cad>79</gpxtpx:cad></gpxtpx:TrackPointExtension></extensions><extensions><gpxtpx:PowerExtension><gpxtpx:PowerInWatts>221</gpxtpx:PowerInWatts></gpxtpx:PowerExtension></extensions></trkpt>
<trkpt lat="38.5765788" lon="-121.4634247">
<ele>10</ele><time>2025-03-05T17:52:12.000Z</time><extensions><gpxtpx:TrackPointExtension><gpxtpx:hr>159</gpxtpx:hr><gpxtpx:cad>82</gpxtpx:cad></gpxtpx:TrackPointExtension></extensions><extensions><gpxtpx:PowerExtension><gpxtpx:PowerInWatts>221</gpxtpx:PowerInWatts></gpxtpx:PowerExtension></extensions></trkpt>
<trkpt lat="38.5765282" lon="-121.4634463">
<ele>10</ele><time>2025-03-05T17:52:14.000Z</time><extensions><gpxtpx:TrackPointExtension><gpxtpx:hr>159</gpxtpx:hr><gpxtpx:cad>82</gpxtpx:cad></gpxtpx:TrackPointExtension></extensions><extensions><gpxtpx:PowerExtension><gpxtpx:PowerInWatts>221</gpxtpx:PowerInWatts></gpxtpx:PowerExtension></extensions></trkpt>
<trkpt lat="38.5764736" lon="-121.4634696">
<ele>10</ele><time>2025-03-05T17:52:16.000Z</time><extensions><gpxtpx:TrackPointExtension><gpxtpx:hr>159</gpxtpx:hr><gpxtpx:cad>83</gpxtpx:cad></gpxtpx:TrackPointExtension></extensions><extensions><gpxtpx:PowerExtension><gpxtpx:PowerInWatts>222</gpxtpx:PowerInWatts></gpxtpx:PowerExtension></extensions></trkpt>
<trkpt lat="38.5764227" lon="-121.4634926">
<ele>10</ele><time>2025-03-05T17:52:18.000Z</time><extensions><gpxtpx:TrackPointExtension><gpxtpx:hr>159</gpxtpx:hr><gpxtpx:cad>78</gpxtpx:cad></gpxtpx:TrackPointExtension></extensions><extensions><gpxtpx:PowerExtension><gpxtpx:PowerInWatts>224</gpxtpx:PowerInWatts></gpxtpx:PowerExtension></extensions></trkpt>
<trkpt lat="38.5763785" lon="-121.4635121">
<ele>10</ele><time>2025-03-05T17:52:20.000Z</time><extensions><gpxtpx:TrackPointExtension><gpxtpx:hr>159</gpxtpx:hr><gpxtpx:cad>77</gpxtpx:cad></gpxtpx:TrackPointExtension></extensions><extensions><gpxtpx:PowerExtension><gpxtpx:PowerInWatts>224</gpxtpx:PowerInWatts></gpxtpx:PowerExtension></extensions></trkpt>
<trkpt lat="38.5763125" lon="-121.4635408">
<ele>10</ele><time>2025-03-05T17:52:23.000Z</time><extensions><gpxtpx:TrackPointExtension><gpxtpx:hr>158</gpxtpx:hr><gpxtpx:cad>83</gpxtpx:cad></gpxtpx:TrackPointExtension></extensions><extensions><gpxtpx:PowerExtension><gpxtpx:PowerInWatts>225</gpxtpx:PowerInWatts></gpxtpx:PowerExtension></extensions></trkpt>
<trkpt lat="38.5762414" lon="-121.4635717">
<ele>10</ele><time>2025-03-05T17:52:26.000Z</time><extensions><gpxtpx:TrackPointExtension><gpxtpx:hr>158</gpxtpx:hr><gpxtpx:cad>79</gpxtpx:cad></gpxtpx:TrackPointExtension></extensions><extensions><gpxtpx:PowerExtension><gpxtpx:PowerInWatts>225</gpxtpx:PowerInWatts></gpxtpx:PowerExtension></extensions></trkpt>
<trkpt lat="38.5761941" lon="-121.4635923">
<ele>10</ele><time>2025-03-05T17:52:28.000Z</time><extensions><gpxtpx:TrackPointExtension><gpxtpx:hr>158</gpxtpx:hr><gpxtpx:cad>77</gpxtpx:cad></gpxtpx:TrackPointExtension></extensions><extensions><gpxtpx:PowerExtension><gpxtpx:PowerInWatts>225</gpxtpx:PowerInWatts></gpxtpx:PowerExtension></extensions></trkpt>
<trkpt lat="38.5761482" lon="-121.4636122">
<ele>10</ele><time>2025-03-05T17:52:30.000Z</time><extensions><gpxtpx:TrackPointExtension><gpxtpx:hr>158</gpxtpx:hr><gpxtpx:cad>76</gpxtpx:cad></gpxtpx:TrackPointExtension></extensions><extensions><gpxtpx:PowerExtension><gpxtpx:PowerInWatts>222</gpxtpx:PowerInWatts></gpxtpx:PowerExtension></extensions></trkpt>
<trkpt lat="38.5760960" lon="-121.4636349">
<ele>10</ele><time>2025-03-05T17:52:32.000Z</time><extensions><gpxtpx:TrackPointExtension><gpxtpx:hr>158</gpxtpx:hr><gpxtpx:cad>75</gpxtpx:cad></gpxtpx:TrackPointExtension></extensions><extensions><gpxtpx:PowerExtension><gpxtpx:PowerInWatts>222</gpxtpx:PowerInWatts></gpxtpx:PowerExtension></extensions></trkpt>
<trkpt lat="38.5760484" lon="-121.4636556">
<ele>10</ele><time>2025-03-05T17:52:34.000Z</time><extensions><gpxtpx:TrackPointExtension><gpxtpx:hr>158</gpxtpx:hr><gpxtpx:cad>79</gpxtpx:cad></gpxtpx:TrackPointExtension></extensions><extensions><gpxtpx:PowerExtension><gpxtpx:PowerInWatts>222</gpxtpx:PowerInWatts></gpxtpx:PowerExtension></extensions></trkpt>
<trkpt lat="38.5759951" lon="-121.4636429">
<ele>9</ele><time>2025-03-05T17:52:37.000Z</time><extensions><gpxtpx:TrackPointExtension><gpxtpx:hr>159</gpxtpx:hr><gpxtpx:cad>82</gpxtpx:cad></gpxtpx:TrackPointExtension></extensions><extensions><gpxtpx:PowerExtension><gpxtpx:PowerInWatts>221</gpxtpx:PowerInWatts></gpxtpx:PowerExtension></extensions></trkpt>
<trkpt lat="38.5759247" lon="-121.4636161">
<ele>9</ele><time>2025-03-05T17:52:40.000Z</time><extensions><gpxtpx:TrackPointExtension><gpxtpx:hr>159</gpxtpx:hr><gpxtpx:cad>80</gpxtpx:cad></gpxtpx:TrackPointExtension></extensions><extensions><gpxtpx:PowerExtension><gpxtpx:PowerInWatts>221</gpxtpx:PowerInWatts></gpxtpx:PowerExtension></extensions></trkpt>
<trkpt lat="38.5758482" lon="-121.4635748">
<ele>9</ele><time>2025-03-05T17:52:42.000Z</time><extensions><gpxtpx:TrackPointExtension><gpxtpx:hr>158</gpxtpx:hr><gpxtpx:cad>80</gpxtpx:cad></gpxtpx:TrackPointExtension></extensions><extensions><gpxtpx:PowerExtension><gpxtpx:PowerInWatts>219</gpxtpx:PowerInWatts></gpxtpx:PowerExtension></extensions></trkpt>
<trkpt lat="38.5757742" lon="-121.4635449">
<ele>9</ele><time>2025-03-05T17:52:44.000Z</time><extensions><gpxtpx:TrackPointExtension><gpxtpx:hr>158</gpxtpx:hr><gpxtpx:cad>81</gpxtpx:cad></gpxtpx:TrackPointExtension></extensions><extensions><gpxtpx:PowerExtension><gpxtpx:PowerInWatts>216</gpxtpx:PowerInWatts></gpxtpx:PowerExtension></extensions></trkpt>
<trkpt lat="38.5757215" lon="-121.4636013">
<ele>9</ele><time>2025-03-05T17:52:46.000Z</time><extensions><gpxtpx:TrackPointExtension><gpxtpx:hr>158</gpxtpx:hr><gpxtpx:cad>77</gpxtpx:cad></gpxtpx:TrackPointExtension></extensions><extensions><gpxtpx:PowerExtension><gpxtpx:PowerInWatts>213</gpxtpx:PowerInWatts></gpxtpx:PowerExtension></extensions></trkpt>
<trkpt lat="38.5756711" lon="-121.4636286">
<ele>9</ele><time>2025-03-05T17:52:48.000Z</time><extensions><gpxtpx:TrackPointExtension><gpxtpx:hr>157</gpxtpx:hr><gpxtpx:cad>79</gpxtpx:cad></gpxtpx:TrackPointExtension></extensions><extensions><gpxtpx:PowerExtension><gpxtpx:PowerInWatts>216</gpxtpx:PowerInWatts></gpxtpx:PowerExtension></extensions></trkpt>
<trkpt lat="38.5756150" lon="-121.4636513">
<ele>9</ele><time>2025-03-05T17:52:50.000Z</time><extensions><gpxtpx:TrackPointExtension><gpxtpx:hr>157</gpxtpx:hr><gpxtpx:cad>84</gpxtpx:cad></gpxtpx:TrackPointExtension></extensions><extensions><gpxtpx:PowerExtension><gpxtpx:PowerInWatts>216</gpxtpx:PowerInWatts></gpxtpx:PowerExtension></extensions></trkpt>
<trkpt lat="38.5755627" lon="-121.4636831">
<ele>9</ele><time>2025-03-05T17:52:52.000Z</time><extensions><gpxtpx:TrackPointExtension><gpxtpx:hr>157</gpxtpx:hr><gpxtpx:cad>81</gpxtpx:cad></gpxtpx:TrackPointExtension></extensions><extensions><gpxtpx:PowerExtension><gpxtpx:PowerInWatts>216</gpxtpx:PowerInWatts></gpxtpx:PowerExtension></extensions></trkpt>
<trkpt lat="38.5755139" lon="-121.4637106">
<ele>9</ele><time>2025-03-05T17:52:54.000Z</time><extensions><gpxtpx:TrackPointExtension><gpxtpx:hr>157</gpxtpx:hr><gpxtpx:cad>85</gpxtpx:cad></gpxtpx:TrackPointExtension></extensions><extensions><gpxtpx:PowerExtension><gpxtpx:PowerInWatts>223</gpxtpx:PowerInWatts></gpxtpx:PowerExtension></extensions></trkpt>
<trkpt lat="38.5754596" lon="-121.4637340">
<ele>9</ele><time>2025-03-05T17:52:56.000Z</time><extensions><gpxtpx:TrackPointExtension><gpxtpx:hr>158</gpxtpx:hr><gpxtpx:cad>84</gpxtpx:cad></gpxtpx:TrackPointExtension></extensions><extensions><gpxtpx:PowerExtension><gpxtpx:PowerInWatts>223</gpxtpx:PowerInWatts></gpxtpx:PowerExtension></extensions></trkpt>
<trkpt lat="38.5754052" lon="-121.4637574">
<ele>9</ele><time>2025-03-05T17:52:58.000Z</time><extensions><gpxtpx:TrackPointExtension><gpxtpx:hr>158</gpxtpx:hr><gpxtpx:cad>81</gpxtpx:cad></gpxtpx:TrackPointExtension></extensions><extensions><gpxtpx:PowerExtension><gpxtpx:PowerInWatts>223</gpxtpx:PowerInWatts></gpxtpx:PowerExtension></extensions></trkpt>
<trkpt lat="38.5753537" lon="-121.4637795">
<ele>9</ele><time>2025-03-05T17:53:00.000Z</time><extensions><gpxtpx:TrackPointExtension><gpxtpx:hr>158</gpxtpx:hr><gpxtpx:cad>82</gpxtpx:cad></gpxtpx:TrackPointExtension></extensions><extensions><gpxtpx:PowerExtension><gpxtpx:PowerInWatts>223</gpxtpx:PowerInWatts></gpxtpx:PowerExtension></extensions></trkpt>
<trkpt lat="38.5752980" lon="-121.4637977">
<ele>10</ele><time>2025-03-05T17:53:02.000Z</time><extensions><gpxtpx:TrackPointExtension><gpxtpx:hr>157</gpxtpx:hr><gpxtpx:cad>83</gpxtpx:cad></gpxtpx:TrackPointExtension></extensions><extensions><gpxtpx:PowerExtension><gpxtpx:PowerInWatts>227</gpxtpx:PowerInWatts></gpxtpx:PowerExtension></extensions></trkpt>
<trkpt lat="38.5752283" lon="-121.4638018">
<ele>10</ele><time>2025-03-05T17:53:04.000Z</time><extensions><gpxtpx:TrackPointExtension><gpxtpx:hr>157</gpxtpx:hr><gpxtpx:cad>79</gpxtpx:cad></gpxtpx:TrackPointExtension></extensions><extensions><gpxtpx:PowerExtension><gpxtpx:PowerInWatts>227</gpxtpx:PowerInWatts></gpxtpx:PowerExtension></extensions></trkpt>
<trkpt lat="38.5751807" lon="-121.4637974">
<ele>10</ele><time>2025-03-05T17:53:06.000Z</time><extensions><gpxtpx:TrackPointExtension><gpxtpx:hr>157</gpxtpx:hr><gpxtpx:cad>80</gpxtpx:cad></gpxtpx:TrackPointExtension></extensions><extensions><gpxtpx:PowerExtension><gpxtpx:PowerInWatts>227</gpxtpx:PowerInWatts></gpxtpx:PowerExtension></extensions></trkpt>
<trkpt lat="38.5751270" lon="-121.4637831">
<ele>10</ele><time>2025-03-05T17:53:08.000Z</time><extensions><gpxtpx:TrackPointExtension><gpxtpx:hr>157</gpxtpx:hr><gpxtpx:cad>82</gpxtpx:cad></gpxtpx:TrackPointExtension></extensions><extensions><gpxtpx:PowerExtension><gpxtpx:PowerInWatts>227</gpxtpx:PowerInWatts></gpxtpx:PowerExtension></extensions></trkpt>
<trkpt lat="38.5750787" lon="-121.4637657">
<ele>10</ele><time>2025-03-05T17:53:10.000Z</time><extensions><gpxtpx:TrackPointExtension><gpxtpx:hr>157</gpxtpx:hr><gpxtpx:cad>82</gpxtpx:cad></gpxtpx:TrackPointExtension></extensions><extensions><gpxtpx:PowerExtension><gpxtpx:PowerInWatts>227</gpxtpx:PowerInWatts></gpxtpx:PowerExtension></extensions></trkpt>
<trkpt lat="38.5750212" lon="-121.4637248">
<ele>10</ele><time>2025-03-05T17:53:12.000Z</time><extensions><gpxtpx:TrackPointExtension><gpxtpx:hr>157</gpxtpx:hr><gpxtpx:cad>82</gpxtpx:cad></gpxtpx:TrackPointExtension></extensions><extensions><gpxtpx:PowerExtension><gpxtpx:PowerInWatts>231</gpxtpx:PowerInWatts></gpxtpx:PowerExtension></extensions></trkpt>
<trkpt lat="38.5749767" lon="-121.4636744">
<ele>10</ele><time>2025-03-05T17:53:14.000Z</time><extensions><gpxtpx:TrackPointExtension><gpxtpx:hr>157</gpxtpx:hr><gpxtpx:cad>87</gpxtpx:cad></gpxtpx:TrackPointExtension></extensions><extensions><gpxtpx:PowerExtension><gpxtpx:PowerInWatts>228</gpxtpx:PowerInWatts></gpxtpx:PowerExtension></extensions></trkpt>
<trkpt lat="38.5749324" lon="-121.4635980">
<ele>10</ele><time>2025-03-05T17:53:16.000Z</time><extensions><gpxtpx:TrackPointExtension><gpxtpx:hr>157</gpxtpx:hr><gpxtpx:cad>86</gpxtpx:cad></gpxtpx:TrackPointExtension></extensions><extensions><gpxtpx:PowerExtension><gpxtpx:PowerInWatts>228</gpxtpx:PowerInWatts></gpxtpx:PowerExtension></extensions></trkpt>
<trkpt lat="38.5749031" lon="-121.4635251">
<ele>10</ele><time>2025-03-05T17:53:18.000Z</time><extensions><gpxtpx:TrackPointExtension><gpxtpx:hr>158</gpxtpx:hr><gpxtpx:cad>83</gpxtpx:cad></gpxtpx:TrackPointExtension></extensions><extensions><gpxtpx:PowerExtension><gpxtpx:PowerInWatts>228</gpxtpx:PowerInWatts></gpxtpx:PowerExtension></extensions></trkpt>
<trkpt lat="38.5748918" lon="-121.4634578">
<ele>10</ele><time>2025-03-05T17:53:20.000Z</time><extensions><gpxtpx:TrackPointExtension><gpxtpx:hr>158</gpxtpx:hr><gpxtpx:cad>83</gpxtpx:cad></gpxtpx:TrackPointExtension></extensions><extensions><gpxtpx:PowerExtension><gpxtpx:PowerInWatts>233</gpxtpx:PowerInWatts></gpxtpx:PowerExtension></extensions></trkpt>
<trkpt lat="38.5748658" lon="-121.4633823">
<ele>11</ele><time>2025-03-05T17:53:22.000Z</time><extensions><gpxtpx:TrackPointExtension><gpxtpx:hr>158</gpxtpx:hr><gpxtpx:cad>87</gpxtpx:cad></gpxtpx:TrackPointExtension></extensions><extensions><gpxtpx:PowerExtension><gpxtpx:PowerInWatts>245</gpxtpx:PowerInWatts></gpxtpx:PowerExtension></extensions></trkpt>
<trkpt lat="38.5748431" lon="-121.4633027">
<ele>11</ele><time>2025-03-05T17:53:24.000Z</time><extensions><gpxtpx:TrackPointExtension><gpxtpx:hr>159</gpxtpx:hr><gpxtpx:cad>91</gpxtpx:cad></gpxtpx:TrackPointExtension></extensions><extensions><gpxtpx:PowerExtension><gpxtpx:PowerInWatts>245</gpxtpx:PowerInWatts></gpxtpx:PowerExtension></extensions></trkpt>
<trkpt lat="38.5748209" lon="-121.4632151">
<ele>11</ele><time>2025-03-05T17:53:26.000Z</time><extensions><gpxtpx:TrackPointExtension><gpxtpx:hr>160</gpxtpx:hr><gpxtpx:cad>86</gpxtpx:cad></gpxtpx:TrackPointExtension></extensions><extensions><gpxtpx:PowerExtension><gpxtpx:PowerInWatts>260</gpxtpx:PowerInWatts></gpxtpx:PowerExtension></extensions></trkpt>
<trkpt lat="38.5747983" lon="-121.4631308">
<ele>11</ele><time>2025-03-05T17:53:28.000Z</time><extensions><gpxtpx:TrackPointExtension><gpxtpx:hr>160</gpxtpx:hr><gpxtpx:cad>81</gpxtpx:cad></gpxtpx:TrackPointExtension></extensions><extensions><gpxtpx:PowerExtension><gpxtpx:PowerInWatts>260</gpxtpx:PowerInWatts></gpxtpx:PowerExtension></extensions></trkpt>
<trkpt lat="38.5747702" lon="-121.4630320">
<ele>11</ele><time>2025-03-05T17:53:30.000Z</time><extensions><gpxtpx:TrackPointExtension><gpxtpx:hr>161</gpxtpx:hr><gpxtpx:cad>86</gpxtpx:cad></gpxtpx:TrackPointExtension></extensions><extensions><gpxtpx:PowerExtension><gpxtpx:PowerInWatts>251</gpxtpx:PowerInWatts></gpxtpx:PowerExtension></extensions></trkpt>
<trkpt lat="38.5747548" lon="-121.4629603">
<ele>11</ele><time>2025-03-05T17:53:32.000Z</time><extensions><gpxtpx:TrackPointExtension><gpxtpx:hr>161</gpxtpx:hr><gpxtpx:cad>91</gpxtpx:cad></gpxtpx:TrackPointExtension></extensions><extensions><gpxtpx:PowerExtension><gpxtpx:PowerInWatts>258</gpxtpx:PowerInWatts></gpxtpx:PowerExtension></extensions></trkpt>
<trkpt lat="38.5747392" lon="-121.4629052">
<ele>11</ele><time>2025-03-05T17:53:34.000Z</time><extensions><gpxtpx:TrackPointExtension><gpxtpx:hr>162</gpxtpx:hr><gpxtpx:cad>86</gpxtpx:cad></gpxtpx:TrackPointExtension></extensions><extensions><gpxtpx:PowerExtension><gpxtpx:PowerInWatts>258</gpxtpx:PowerInWatts></gpxtpx:PowerExtension></extensions></trkpt>
<trkpt lat="38.5747209" lon="-121.4628130">
<ele>11</ele><time>2025-03-05T17:53:36.000Z</time><extensions><gpxtpx:TrackPointExtension><gpxtpx:hr>162</gpxtpx:hr><gpxtpx:cad>82</gpxtpx:cad></gpxtpx:TrackPointExtension></extensions><extensions><gpxtpx:PowerExtension><gpxtpx:PowerInWatts>258</gpxtpx:PowerInWatts></gpxtpx:PowerExtension></extensions></trkpt>
<trkpt lat="38.5747014" lon="-121.4627295">
<ele>11</ele><time>2025-03-05T17:53:38.000Z</time><extensions><gpxtpx:TrackPointExtension><gpxtpx:hr>162</gpxtpx:hr><gpxtpx:cad>79</gpxtpx:cad></gpxtpx:TrackPointExtension></extensions><extensions><gpxtpx:PowerExtension><gpxtpx:PowerInWatts>258</gpxtpx:PowerInWatts></gpxtpx:PowerExtension></extensions></trkpt>
<trkpt lat="38.5746670" lon="-121.4626421">
<ele>11</ele><time>2025-03-05T17:53:40.000Z</time><extensions><gpxtpx:TrackPointExtension><gpxtpx:hr>162</gpxtpx:hr><gpxtpx:cad>86</gpxtpx:cad></gpxtpx:TrackPointExtension></extensions><extensions><gpxtpx:PowerExtension><gpxtpx:PowerInWatts>270</gpxtpx:PowerInWatts></gpxtpx:PowerExtension></extensions></trkpt>
<trkpt lat="38.5746385" lon="-121.4625598">
<ele>11</ele><time>2025-03-05T17:53:42.000Z</time><extensions><gpxtpx:TrackPointExtension><gpxtpx:hr>162</gpxtpx:hr><gpxtpx:cad>91</gpxtpx:cad></gpxtpx:TrackPointExtension></extensions><extensions><gpxtpx:PowerExtension><gpxtpx:PowerInWatts>270</gpxtpx:PowerInWatts></gpxtpx:PowerExtension></extensions></trkpt>
<trkpt lat="38.5746206" lon="-121.4624741">
<ele>11</ele><time>2025-03-05T17:53:44.000Z</time><extensions><gpxtpx:TrackPointExtension><gpxtpx:hr>162</gpxtpx:hr><gpxtpx:cad>87</gpxtpx:cad></gpxtpx:TrackPointExtension></extensions><extensions><gpxtpx:PowerExtension><gpxtpx:PowerInWatts>269</gpxtpx:PowerInWatts></gpxtpx:PowerExtension></extensions></trkpt>
<trkpt lat="38.5745953" lon="-121.4623803">
<ele>11</ele><time>2025-03-05T17:53:46.000Z</time><extensions><gpxtpx:TrackPointExtension><gpxtpx:hr>162</gpxtpx:hr><gpxtpx:cad>82</gpxtpx:cad></gpxtpx:TrackPointExtension></extensions><extensions><gpxtpx:PowerExtension><gpxtpx:PowerInWatts>269</gpxtpx:PowerInWatts></gpxtpx:PowerExtension></extensions></trkpt>
<trkpt lat="38.5745869" lon="-121.4622957">
<ele>11</ele><time>2025-03-05T17:53:48.000Z</time><extensions><gpxtpx:TrackPointExtension><gpxtpx:hr>163</gpxtpx:hr><gpxtpx:cad>82</gpxtpx:cad></gpxtpx:TrackPointExtension></extensions><extensions><gpxtpx:PowerExtension><gpxtpx:PowerInWatts>273</gpxtpx:PowerInWatts></gpxtpx:PowerExtension></extensions></trkpt>
<trkpt lat="38.5745737" lon="-121.4622076">
<ele>11</ele><time>2025-03-05T17:53:50.000Z</time><extensions><gpxtpx:TrackPointExtension><gpxtpx:hr>163</gpxtpx:hr><gpxtpx:cad>91</gpxtpx:cad></gpxtpx:TrackPointExtension></extensions><extensions><gpxtpx:PowerExtension><gpxtpx:PowerInWatts>273</gpxtpx:PowerInWatts></gpxtpx:PowerExtension></extensions></trkpt>
<trkpt lat="38.5745500" lon="-121.4621189">
<ele>11</ele><time>2025-03-05T17:53:52.000Z</time><extensions><gpxtpx:TrackPointExtension><gpxtpx:hr>163</gpxtpx:hr><gpxtpx:cad>91</gpxtpx:cad></gpxtpx:TrackPointExtension></extensions><extensions><gpxtpx:PowerExtension><gpxtpx:PowerInWatts>280</gpxtpx:PowerInWatts></gpxtpx:PowerExtension></extensions></trkpt>
<trkpt lat="38.5745229" lon="-121.4620445">
<ele>11</ele><time>2025-03-05T17:53:54.000Z</time><extensions><gpxtpx:TrackPointExtension><gpxtpx:hr>163</gpxtpx:hr><gpxtpx:cad>92</gpxtpx:cad></gpxtpx:TrackPointExtension></extensions><extensions><gpxtpx:PowerExtension><gpxtpx:PowerInWatts>280</gpxtpx:PowerInWatts></gpxtpx:PowerExtension></extensions></trkpt>
<trkpt lat="38.5744871" lon="-121.4619875">
<ele>11</ele><time>2025-03-05T17:53:56.000Z</time><extensions><gpxtpx:TrackPointExtension><gpxtpx:hr>164</gpxtpx:hr><gpxtpx:cad>86</gpxtpx:cad></gpxtpx:TrackPointExtension></extensions><extensions><gpxtpx:PowerExtension><gpxtpx:PowerInWatts>280</gpxtpx:PowerInWatts></gpxtpx:PowerExtension></extensions></trkpt>
<trkpt lat="38.5744738" lon="-121.4619025">
<ele>11</ele><time>2025-03-05T17:53:58.000Z</time><extensions><gpxtpx:TrackPointExtension><gpxtpx:hr>164</gpxtpx:hr><gpxtpx:cad>87</gpxtpx:cad></gpxtpx:TrackPointExtension></extensions><extensions><gpxtpx:PowerExtension><gpxtpx:PowerInWatts>279</gpxtpx:PowerInWatts></gpxtpx:PowerExtension></extensions></trkpt>
<trkpt lat="38.5744525" lon="-121.4618201">
<ele>11</ele><time>2025-03-05T17:54:00.000Z</time><extensions><gpxtpx:TrackPointExtension><gpxtpx:hr>165</gpxtpx:hr><gpxtpx:cad>91</gpxtpx:cad></gpxtpx:TrackPointExtension></extensions><extensions><gpxtpx:PowerExtension><gpxtpx:PowerInWatts>279</gpxtpx:PowerInWatts></gpxtpx:PowerExtension></extensions></trkpt>
<trkpt lat="38.5744267" lon="-121.4617149">
<ele>11</ele><time>2025-03-05T17:54:02.000Z</time><extensions><gpxtpx:TrackPointExtension><gpxtpx:hr>165</gpxtpx:hr><gpxtpx:cad>87</gpxtpx:cad></gpxtpx:TrackPointExtension></extensions><extensions><gpxtpx:PowerExtension><gpxtpx:PowerInWatts>282</gpxtpx:PowerInWatts></gpxtpx:PowerExtension></extensions></trkpt>
<trkpt lat="38.5744128" lon="-121.4616502">
<ele>11</ele><time>2025-03-05T17:54:04.000Z</time><extensions><gpxtpx:TrackPointExtension><gpxtpx:hr>165</gpxtpx:hr><gpxtpx:cad>86</gpxtpx:cad></gpxtpx:TrackPointExtension></extensions><extensions><gpxtpx:PowerExtension><gpxtpx:PowerInWatts>282</gpxtpx:PowerInWatts></gpxtpx:PowerExtension></extensions></trkpt>
<trkpt lat="38.5743840" lon="-121.4615660">
<ele>11</ele><time>2025-03-05T17:54:06.000Z</time><extensions><gpxtpx:TrackPointExtension><gpxtpx:hr>165</gpxtpx:hr><gpxtpx:cad>86</gpxtpx:cad></gpxtpx:TrackPointExtension></extensions><extensions><gpxtpx:PowerExtension><gpxtpx:PowerInWatts>282</gpxtpx:PowerInWatts></gpxtpx:PowerExtension></extensions></trkpt>
<trkpt lat="38.5743540" lon="-121.4614779">
<ele>11</ele><time>2025-03-05T17:54:08.000Z</time><extensions><gpxtpx:TrackPointExtension><gpxtpx:hr>165</gpxtpx:hr><gpxtpx:cad>85</gpxtpx:cad></gpxtpx:TrackPointExtension></extensions><extensions><gpxtpx:PowerExtension><gpxtpx:PowerInWatts>294</gpxtpx:PowerInWatts></gpxtpx:PowerExtension></extensions></trkpt>
<trkpt lat="38.5743632" lon="-121.4613965">
<ele>11</ele><time>2025-03-05T17:54:10.000Z</time><extensions><gpxtpx:TrackPointExtension><gpxtpx:hr>166</gpxtpx:hr><gpxtpx:cad>85</gpxtpx:cad></gpxtpx:TrackPointExtension></extensions><extensions><gpxtpx:PowerExtension><gpxtpx:PowerInWatts>294</gpxtpx:PowerInWatts></gpxtpx:PowerExtension></extensions></trkpt>
<trkpt lat="38.5743455" lon="-121.4612969">
<ele>11</ele><time>2025-03-05T17:54:12.000Z</time><extensions><gpxtpx:TrackPointExtension><gpxtpx:hr>166</gpxtpx:hr><gpxtpx:cad>85</gpxtpx:cad></gpxtpx:TrackPointExtension></extensions><extensions><gpxtpx:PowerExtension><gpxtpx:PowerInWatts>286</gpxtpx:PowerInWatts></gpxtpx:PowerExtension></extensions></trkpt>
<trkpt lat="38.5743210" lon="-121.4612405">
<ele>11</ele><time>2025-03-05T17:54:13.000Z</time><extensions><gpxtpx:TrackPointExtension><gpxtpx:hr>166</gpxtpx:hr><gpxtpx:cad>83</gpxtpx:cad></gpxtpx:TrackPointExtension></extensions><extensions><gpxtpx:PowerExtension><gpxtpx:PowerInWatts>286</gpxtpx:PowerInWatts></gpxtpx:PowerExtension></extensions></trkpt>
<trkpt lat="38.5742994" lon="-121.4611460">
<ele>11</ele><time>2025-03-05T17:54:15.000Z</time><extensions><gpxtpx:TrackPointExtension><gpxtpx:hr>166</gpxtpx:hr><gpxtpx:cad>80</gpxtpx:cad></gpxtpx:TrackPointExtension></extensions><extensions><gpxtpx:PowerExtension><gpxtpx:PowerInWatts>295</gpxtpx:PowerInWatts></gpxtpx:PowerExtension></extensions></trkpt>
<trkpt lat="38.5742929" lon="-121.4610816">
<ele>11</ele><time>2025-03-05T17:54:17.000Z</time><extensions><gpxtpx:TrackPointExtension><gpxtpx:hr>166</gpxtpx:hr><gpxtpx:cad>75</gpxtpx:cad></gpxtpx:TrackPointExtension></extensions><extensions><gpxtpx:PowerExtension><gpxtpx:PowerInWatts>286</gpxtpx:PowerInWatts></gpxtpx:PowerExtension></extensions></trkpt>
<trkpt lat="38.5742548" lon="-121.4609916">
<ele>11</ele><time>2025-03-05T17:54:19.000Z</time><extensions><gpxtpx:TrackPointExtension><gpxtpx:hr>166</gpxtpx:hr><gpxtpx:cad>80</gpxtpx:cad></gpxtpx:TrackPointExtension></extensions><extensions><gpxtpx:PowerExtension><gpxtpx:PowerInWatts>286</gpxtpx:PowerInWatts></gpxtpx:PowerExtension></extensions></trkpt>
<trkpt lat="38.5742157" lon="-121.4609178">
<ele>11</ele><time>2025-03-05T17:54:21.000Z</time><extensions><gpxtpx:TrackPointExtension><gpxtpx:hr>167</gpxtpx:hr><gpxtpx:cad>77</gpxtpx:cad></gpxtpx:TrackPointExtension></extensions><extensions><gpxtpx:PowerExtension><gpxtpx:PowerInWatts>304</gpxtpx:PowerInWatts></gpxtpx:PowerExtension></extensions></trkpt>
<trkpt lat="38.5742263" lon="-121.4608467">
<ele>11</ele><time>2025-03-05T17:54:23.000Z</time><extensions><gpxtpx:TrackPointExtension><gpxtpx:hr>167</gpxtpx:hr><gpxtpx:cad>77</gpxtpx:cad></gpxtpx:TrackPointExtension></extensions><extensions><gpxtpx:PowerExtension><gpxtpx:PowerInWatts>306</gpxtpx:PowerInWatts></gpxtpx:PowerExtension></extensions></trkpt>
<trkpt lat="38.5742565" lon="-121.4607697">
<ele>11</ele><time>2025-03-05T17:54:25.000Z</time><extensions><gpxtpx:TrackPointExtension><gpxtpx:hr>168</gpxtpx:hr><gpxtpx:cad>77</gpxtpx:cad></gpxtpx:TrackPointExtension></extensions><extensions><gpxtpx:PowerExtension><gpxtpx:PowerInWatts>293</gpxtpx:PowerInWatts></gpxtpx:PowerExtension></extensions></trkpt>
<trkpt lat="38.5742461" lon="-121.4607068">
<ele>11</ele><time>2025-03-05T17:54:28.000Z</time><extensions><gpxtpx:TrackPointExtension><gpxtpx:hr>168</gpxtpx:hr><gpxtpx:cad>77</gpxtpx:cad></gpxtpx:TrackPointExtension></extensions><extensions><gpxtpx:PowerExtension><gpxtpx:PowerInWatts>293</gpxtpx:PowerInWatts></gpxtpx:PowerExtension></extensions></trkpt>
<trkpt lat="38.5742899" lon="-121.4606478">
<ele>10</ele><time>2025-03-05T17:54:31.000Z</time><extensions><gpxtpx:TrackPointExtension><gpxtpx:hr>167</gpxtpx:hr><gpxtpx:cad>77</gpxtpx:cad></gpxtpx:TrackPointExtension></extensions><extensions><gpxtpx:PowerExtension><gpxtpx:PowerInWatts>274</gpxtpx:PowerInWatts></gpxtpx:PowerExtension></extensions></trkpt>
<trkpt lat="38.5743387" lon="-121.4606394">
<ele>10</ele><time>2025-03-05T17:54:33.000Z</time><extensions><gpxtpx:TrackPointExtension><gpxtpx:hr>167</gpxtpx:hr><gpxtpx:cad>77</gpxtpx:cad></gpxtpx:TrackPointExtension></extensions><extensions><gpxtpx:PowerExtension><gpxtpx:PowerInWatts>203</gpxtpx:PowerInWatts></gpxtpx:PowerExtension></extensions></trkpt>
<trkpt lat="38.5743895" lon="-121.4606096">
<ele>10</ele><time>2025-03-05T17:54:36.000Z</time><extensions><gpxtpx:TrackPointExtension><gpxtpx:hr>166</gpxtpx:hr><gpxtpx:cad>77</gpxtpx:cad></gpxtpx:TrackPointExtension></extensions><extensions><gpxtpx:PowerExtension><gpxtpx:PowerInWatts>175</gpxtpx:PowerInWatts></gpxtpx:PowerExtension></extensions></trkpt>
<trkpt lat="38.5744435" lon="-121.4605854">
<ele>10</ele><time>2025-03-05T17:54:39.000Z</time><extensions><gpxtpx:TrackPointExtension><gpxtpx:hr>165</gpxtpx:hr><gpxtpx:cad>76</gpxtpx:cad></gpxtpx:TrackPointExtension></extensions><extensions><gpxtpx:PowerExtension><gpxtpx:PowerInWatts>181</gpxtpx:PowerInWatts></gpxtpx:PowerExtension></extensions></trkpt>
<trkpt lat="38.5744841" lon="-121.4605559">
<ele>10</ele><time>2025-03-05T17:54:41.000Z</time><extensions><gpxtpx:TrackPointExtension><gpxtpx:hr>164</gpxtpx:hr><gpxtpx:cad>76</gpxtpx:cad></gpxtpx:TrackPointExtension></extensions><extensions><gpxtpx:PowerExtension><gpxtpx:PowerInWatts>183</gpxtpx:PowerInWatts></gpxtpx:PowerExtension></extensions></trkpt>
<trkpt lat="38.5745507" lon="-121.4605357">
<ele>10</ele><time>2025-03-05T17:54:44.000Z</time><extensions><gpxtpx:TrackPointExtension><gpxtpx:hr>163</gpxtpx:hr><gpxtpx:cad>76</gpxtpx:cad></gpxtpx:TrackPointExtension></extensions><extensions><gpxtpx:PowerExtension><gpxtpx:PowerInWatts>180</gpxtpx:PowerInWatts></gpxtpx:PowerExtension></extensions></trkpt>
<trkpt lat="38.5746012" lon="-121.4605246">
<ele>10</ele><time>2025-03-05T17:54:46.000Z</time><extensions><gpxtpx:TrackPointExtension><gpxtpx:hr>163</gpxtpx:hr><gpxtpx:cad>77</gpxtpx:cad></gpxtpx:TrackPointExtension></extensions><extensions><gpxtpx:PowerExtension><gpxtpx:PowerInWatts>180</gpxtpx:PowerInWatts></gpxtpx:PowerExtension></extensions></trkpt>
<trkpt lat="38.5746509" lon="-121.4605270">
<ele>10</ele><time>2025-03-05T17:54:48.000Z</time><extensions><gpxtpx:TrackPointExtension><gpxtpx:hr>162</gpxtpx:hr><gpxtpx:cad>80</gpxtpx:cad></gpxtpx:TrackPointExtension></extensions><extensions><gpxtpx:PowerExtension><gpxtpx:PowerInWatts>183</gpxtpx:PowerInWatts></gpxtpx:PowerExtension></extensions></trkpt>
<trkpt lat="38.5747068" lon="-121.4605087">
<ele>10</ele><time>2025-03-05T17:54:50.000Z</time><extensions><gpxtpx:TrackPointExtension><gpxtpx:hr>162</gpxtpx:hr><gpxtpx:cad>77</gpxtpx:cad></gpxtpx:TrackPointExtension></extensions><extensions><gpxtpx:PowerExtension><gpxtpx:PowerInWatts>183</gpxtpx:PowerInWatts></gpxtpx:PowerExtension></extensions></trkpt>
<trkpt lat="38.5747499" lon="-121.4604735">
<ele>10</ele><time>2025-03-05T17:54:52.000Z</time><extensions><gpxtpx:TrackPointExtension><gpxtpx:hr>162</gpxtpx:hr><gpxtpx:cad>77</gpxtpx:cad></gpxtpx:TrackPointExtension></extensions><extensions><gpxtpx:PowerExtension><gpxtpx:PowerInWatts>186</gpxtpx:PowerInWatts></gpxtpx:PowerExtension></extensions></trkpt>
<trkpt lat="38.5748047" lon="-121.4604450">
<ele>10</ele><time>2025-03-05T17:54:55.000Z</time><extensions><gpxtpx:TrackPointExtension><gpxtpx:hr>162</gpxtpx:hr><gpxtpx:cad>80</gpxtpx:cad></gpxtpx:TrackPointExtension></extensions><extensions><gpxtpx:PowerExtension><gpxtpx:PowerInWatts>191</gpxtpx:PowerInWatts></gpxtpx:PowerExtension></extensions></trkpt>
<trkpt lat="38.5748479" lon="-121.4604217">
<ele>10</ele><time>2025-03-05T17:54:57.000Z</time><extensions><gpxtpx:TrackPointExtension><gpxtpx:hr>162</gpxtpx:hr><gpxtpx:cad>77</gpxtpx:cad></gpxtpx:TrackPointExtension></extensions><extensions><gpxtpx:PowerExtension><gpxtpx:PowerInWatts>197</gpxtpx:PowerInWatts></gpxtpx:PowerExtension></extensions></trkpt>
<trkpt lat="38.5748969" lon="-121.4604039">
<ele>10</ele><time>2025-03-05T17:54:59.000Z</time><extensions><gpxtpx:TrackPointExtension><gpxtpx:hr>161</gpxtpx:hr><gpxtpx:cad>77</gpxtpx:cad></gpxtpx:TrackPointExtension></extensions><extensions><gpxtpx:PowerExtension><gpxtpx:PowerInWatts>195</gpxtpx:PowerInWatts></gpxtpx:PowerExtension></extensions></trkpt>
<trkpt lat="38.5749413" lon="-121.4603877">
<ele>10</ele><time>2025-03-05T17:55:01.000Z</time><extensions><gpxtpx:TrackPointExtension><gpxtpx:hr>161</gpxtpx:hr><gpxtpx:cad>77</gpxtpx:cad></gpxtpx:TrackPointExtension></extensions><extensions><gpxtpx:PowerExtension><gpxtpx:PowerInWatts>195</gpxtpx:PowerInWatts></gpxtpx:PowerExtension></extensions></trkpt>
<trkpt lat="38.5749961" lon="-121.4603739">
<ele>10</ele><time>2025-03-05T17:55:03.000Z</time><extensions><gpxtpx:TrackPointExtension><gpxtpx:hr>161</gpxtpx:hr><gpxtpx:cad>75</gpxtpx:cad></gpxtpx:TrackPointExtension></extensions><extensions><gpxtpx:PowerExtension><gpxtpx:PowerInWatts>198</gpxtpx:PowerInWatts></gpxtpx:PowerExtension></extensions></trkpt>
<trkpt lat="38.5750388" lon="-121.4603418">
<ele>10</ele><time>2025-03-05T17:55:05.000Z</time><extensions><gpxtpx:TrackPointExtension><gpxtpx:hr>161</gpxtpx:hr><gpxtpx:cad>78</gpxtpx:cad></gpxtpx:TrackPointExtension></extensions><extensions><gpxtpx:PowerExtension><gpxtpx:PowerInWatts>198</gpxtpx:PowerInWatts></gpxtpx:PowerExtension></extensions></trkpt>
<trkpt lat="38.5750898" lon="-121.4603311">
<ele>10</ele><time>2025-03-05T17:55:07.000Z</time><extensions><gpxtpx:TrackPointExtension><gpxtpx:hr>161</gpxtpx:hr><gpxtpx:cad>81</gpxtpx:cad></gpxtpx:TrackPointExtension></extensions><extensions><gpxtpx:PowerExtension><gpxtpx:PowerInWatts>198</gpxtpx:PowerInWatts></gpxtpx:PowerExtension></extensions></trkpt>
<trkpt lat="38.5751430" lon="-121.4603094">
<ele>10</ele><time>2025-03-05T17:55:09.000Z</time><extensions><gpxtpx:TrackPointExtension><gpxtpx:hr>160</gpxtpx:hr><gpxtpx:cad>84</gpxtpx:cad></gpxtpx:TrackPointExtension></extensions><extensions><gpxtpx:PowerExtension><gpxtpx:PowerInWatts>199</gpxtpx:PowerInWatts></gpxtpx:PowerExtension></extensions></trkpt>
<trkpt lat="38.5751994" lon="-121.4602852">
<ele>10</ele><time>2025-03-05T17:55:12.000Z</time><extensions><gpxtpx:TrackPointExtension><gpxtpx:hr>160</gpxtpx:hr><gpxtpx:cad>84</gpxtpx:cad></gpxtpx:TrackPointExtension></extensions><extensions><gpxtpx:PowerExtension><gpxtpx:PowerInWatts>199</gpxtpx:PowerInWatts></gpxtpx:PowerExtension></extensions></trkpt>
<trkpt lat="38.5752738" lon="-121.4602479">
<ele>10</ele><time>2025-03-05T17:55:15.000Z</time><extensions><gpxtpx:TrackPointExtension><gpxtpx:hr>159</gpxtpx:hr><gpxtpx:cad>80</gpxtpx:cad></gpxtpx:TrackPointExtension></extensions><extensions><gpxtpx:PowerExtension><gpxtpx:PowerInWatts>199</gpxtpx:PowerInWatts></gpxtpx:PowerExtension></extensions></trkpt>
<trkpt lat="38.5753185" lon="-121.4602330">
<ele>10</ele><time>2025-03-05T17:55:17.000Z</time><extensions><gpxtpx:TrackPointExtension><gpxtpx:hr>159</gpxtpx:hr><gpxtpx:cad>78</gpxtpx:cad></gpxtpx:TrackPointExtension></extensions><extensions><gpxtpx:PowerExtension><gpxtpx:PowerInWatts>202</gpxtpx:PowerInWatts></gpxtpx:PowerExtension></extensions></trkpt>
<trkpt lat="38.5753762" lon="-121.4602012">
<ele>10</ele><time>2025-03-05T17:55:20.000Z</time><extensions><gpxtpx:TrackPointExtension><gpxtpx:hr>158</gpxtpx:hr><gpxtpx:cad>78</gpxtpx:cad></gpxtpx:TrackPointExtension></extensions><extensions><gpxtpx:PowerExtension><gpxtpx:PowerInWatts>199</gpxtpx:PowerInWatts></gpxtpx:PowerExtension></extensions></trkpt>
<trkpt lat="38.5754306" lon="-121.4601775">
<ele>10</ele><time>2025-03-05T17:55:22.000Z</time><extensions><gpxtpx:TrackPointExtension><gpxtpx:hr>158</gpxtpx:hr><gpxtpx:cad>78</gpxtpx:cad></gpxtpx:TrackPointExtension></extensions><extensions><gpxtpx:PowerExtension><gpxtpx:PowerInWatts>199</gpxtpx:PowerInWatts></gpxtpx:PowerExtension></extensions></trkpt>
<trkpt lat="38.5754958" lon="-121.4601627">
<ele>10</ele><time>2025-03-05T17:55:24.000Z</time><extensions><gpxtpx:TrackPointExtension><gpxtpx:hr>157</gpxtpx:hr><gpxtpx:cad>78</gpxtpx:cad></gpxtpx:TrackPointExtension></extensions><extensions><gpxtpx:PowerExtension><gpxtpx:PowerInWatts>199</gpxtpx:PowerInWatts></gpxtpx:PowerExtension></extensions></trkpt>
<trkpt lat="38.5755416" lon="-121.4601360">
<ele>10</ele><time>2025-03-05T17:55:26.000Z</time><extensions><gpxtpx:TrackPointExtension><gpxtpx:hr>156</gpxtpx:hr><gpxtpx:cad>80</gpxtpx:cad></gpxtpx:TrackPointExtension></extensions><extensions><gpxtpx:PowerExtension><gpxtpx:PowerInWatts>199</gpxtpx:PowerInWatts></gpxtpx:PowerExtension></extensions></trkpt>
<trkpt lat="38.5755928" lon="-121.4601055">
<ele>10</ele><time>2025-03-05T17:55:28.000Z</time><extensions><gpxtpx:TrackPointExtension><gpxtpx:hr>156</gpxtpx:hr><gpxtpx:cad>79</gpxtpx:cad></gpxtpx:TrackPointExtension></extensions><extensions><gpxtpx:PowerExtension><gpxtpx:PowerInWatts>200</gpxtpx:PowerInWatts></gpxtpx:PowerExtension></extensions></trkpt>
<trkpt lat="38.5756463" lon="-121.4600837">
<ele>10</ele><time>2025-03-05T17:55:30.000Z</time><extensions><gpxtpx:TrackPointExtension><gpxtpx:hr>156</gpxtpx:hr><gpxtpx:cad>80</gpxtpx:cad></gpxtpx:TrackPointExtension></extensions><extensions><gpxtpx:PowerExtension><gpxtpx:PowerInWatts>204</gpxtpx:PowerInWatts></gpxtpx:PowerExtension></extensions></trkpt>
<trkpt lat="38.5756956" lon="-121.4600588">
<ele>10</ele><time>2025-03-05T17:55:32.000Z</time><extensions><gpxtpx:TrackPointExtension><gpxtpx:hr>155</gpxtpx:hr><gpxtpx:cad>82</gpxtpx:cad></gpxtpx:TrackPointExtension></extensions><extensions><gpxtpx:PowerExtension><gpxtpx:PowerInWatts>209</gpxtpx:PowerInWatts></gpxtpx:PowerExtension></extensions></trkpt>
<trkpt lat="38.5757547" lon="-121.4600380">
<ele>10</ele><time>2025-03-05T17:55:34.000Z</time><extensions><gpxtpx:TrackPointExtension><gpxtpx:hr>155</gpxtpx:hr><gpxtpx:cad>81</gpxtpx:cad></gpxtpx:TrackPointExtension></extensions><extensions><gpxtpx:PowerExtension><gpxtpx:PowerInWatts>209</gpxtpx:PowerInWatts></gpxtpx:PowerExtension></extensions></trkpt>
<trkpt lat="38.5758025" lon="-121.4600058">
<ele>10</ele><time>2025-03-05T17:55:36.000Z</time><extensions><gpxtpx:TrackPointExtension><gpxtpx:hr>155</gpxtpx:hr><gpxtpx:cad>81</gpxtpx:cad></gpxtpx:TrackPointExtension></extensions><extensions><gpxtpx:PowerExtension><gpxtpx:PowerInWatts>209</gpxtpx:PowerInWatts></gpxtpx:PowerExtension></extensions></trkpt>
<trkpt lat="38.5758467" lon="-121.4599890">
<ele>10</ele><time>2025-03-05T17:55:38.000Z</time><extensions><gpxtpx:TrackPointExtension><gpxtpx:hr>155</gpxtpx:hr><gpxtpx:cad>84</gpxtpx:cad></gpxtpx:TrackPointExtension></extensions><extensions><gpxtpx:PowerExtension><gpxtpx:PowerInWatts>217</gpxtpx:PowerInWatts></gpxtpx:PowerExtension></extensions></trkpt>
<trkpt lat="38.5758901" lon="-121.4599451">
<ele>10</ele><time>2025-03-05T17:55:40.000Z</time><extensions><gpxtpx:TrackPointExtension><gpxtpx:hr>154</gpxtpx:hr><gpxtpx:cad>79</gpxtpx:cad></gpxtpx:TrackPointExtension></extensions><extensions><gpxtpx:PowerExtension><gpxtpx:PowerInWatts>217</gpxtpx:PowerInWatts></gpxtpx:PowerExtension></extensions></trkpt>
<trkpt lat="38.5759504" lon="-121.4599362">
<ele>10</ele><time>2025-03-05T17:55:43.000Z</time><extensions><gpxtpx:TrackPointExtension><gpxtpx:hr>154</gpxtpx:hr><gpxtpx:cad>79</gpxtpx:cad></gpxtpx:TrackPointExtension></extensions><extensions><gpxtpx:PowerExtension><gpxtpx:PowerInWatts>218</gpxtpx:PowerInWatts></gpxtpx:PowerExtension></extensions></trkpt>
<trkpt lat="38.5759967" lon="-121.4599226">
<ele>10</ele><time>2025-03-05T17:55:45.000Z</time><extensions><gpxtpx:TrackPointExtension><gpxtpx:hr>153</gpxtpx:hr><gpxtpx:cad>78</gpxtpx:cad></gpxtpx:TrackPointExtension></extensions><extensions><gpxtpx:PowerExtension><gpxtpx:PowerInWatts>218</gpxtpx:PowerInWatts></gpxtpx:PowerExtension></extensions></trkpt>
<trkpt lat="38.5760467" lon="-121.4598958">
<ele>10</ele><time>2025-03-05T17:55:47.000Z</time><extensions><gpxtpx:TrackPointExtension><gpxtpx:hr>153</gpxtpx:hr><gpxtpx:cad>78</gpxtpx:cad></gpxtpx:TrackPointExtension></extensions><extensions><gpxtpx:PowerExtension><gpxtpx:PowerInWatts>218</gpxtpx:PowerInWatts></gpxtpx:PowerExtension></extensions></trkpt>
<trkpt lat="38.5761052" lon="-121.4598697">
<ele>10</ele><time>2025-03-05T17:55:50.000Z</time><extensions><gpxtpx:TrackPointExtension><gpxtpx:hr>153</gpxtpx:hr><gpxtpx:cad>76</gpxtpx:cad></gpxtpx:TrackPointExtension></extensions><extensions><gpxtpx:PowerExtension><gpxtpx:PowerInWatts>209</gpxtpx:PowerInWatts></gpxtpx:PowerExtension></extensions></trkpt>
<trkpt lat="38.5761529" lon="-121.4598564">
<ele>10</ele><time>2025-03-05T17:55:52.000Z</time><extensions><gpxtpx:TrackPointExtension><gpxtpx:hr>152</gpxtpx:hr><gpxtpx:cad>78</gpxtpx:cad></gpxtpx:TrackPointExtension></extensions><extensions><gpxtpx:PowerExtension><gpxtpx:PowerInWatts>204</gpxtpx:PowerInWatts></gpxtpx:PowerExtension></extensions></trkpt>
<trkpt lat="38.5762252" lon="-121.4598410">
<ele>10</ele><time>2025-03-05T17:55:55.000Z</time><extensions><gpxtpx:TrackPointExtension><gpxtpx:hr>152</gpxtpx:hr><gpxtpx:cad>81</gpxtpx:cad></gpxtpx:TrackPointExtension></extensions><extensions><gpxtpx:PowerExtension><gpxtpx:PowerInWatts>204</gpxtpx:PowerInWatts></gpxtpx:PowerExtension></extensions></trkpt>
<trkpt lat="38.5762675" lon="-121.4598154">
<ele>10</ele><time>2025-03-05T17:55:57.000Z</time><extensions><gpxtpx:TrackPointExtension><gpxtpx:hr>151</gpxtpx:hr><gpxtpx:cad>78</gpxtpx:cad></gpxtpx:TrackPointExtension></extensions><extensions><gpxtpx:PowerExtension><gpxtpx:PowerInWatts>201</gpxtpx:PowerInWatts></gpxtpx:PowerExtension></extensions></trkpt>
<trkpt lat="38.5763075" lon="-121.4597860">
<ele>10</ele><time>2025-03-05T17:55:59.000Z</time><extensions><gpxtpx:TrackPointExtension><gpxtpx:hr>151</gpxtpx:hr><gpxtpx:cad>77</gpxtpx:cad></gpxtpx:TrackPointExtension></extensions><extensions><gpxtpx:PowerExtension><gpxtpx:PowerInWatts>201</gpxtpx:PowerInWatts></gpxtpx:PowerExtension></extensions></trkpt>
<trkpt lat="38.5763543" lon="-121.4597514">
<ele>10</ele><time>2025-03-05T17:56:01.000Z</time><extensions><gpxtpx:TrackPointExtension><gpxtpx:hr>151</gpxtpx:hr><gpxtpx:cad>75</gpxtpx:cad></gpxtpx:TrackPointExtension></extensions><extensions><gpxtpx:PowerExtension><gpxtpx:PowerInWatts>201</gpxtpx:PowerInWatts></gpxtpx:PowerExtension></extensions></trkpt>
<trkpt lat="38.5764037" lon="-121.4597438">
<ele>10</ele><time>2025-03-05T17:56:03.000Z</time><extensions><gpxtpx:TrackPointExtension><gpxtpx:hr>151</gpxtpx:hr><gpxtpx:cad>72</gpxtpx:cad></gpxtpx:TrackPointExtension></extensions><extensions><gpxtpx:PowerExtension><gpxtpx:PowerInWatts>201</gpxtpx:PowerInWatts></gpxtpx:PowerExtension></extensions></trkpt>
<trkpt lat="38.5764622" lon="-121.4596693">
<ele>10</ele><time>2025-03-05T17:56:06.000Z</time><extensions><gpxtpx:TrackPointExtension><gpxtpx:hr>151</gpxtpx:hr><gpxtpx:cad>76</gpxtpx:cad></gpxtpx:TrackPointExtension></extensions><extensions><gpxtpx:PowerExtension><gpxtpx:PowerInWatts>200</gpxtpx:PowerInWatts></gpxtpx:PowerExtension></extensions></trkpt>
<trkpt lat="38.5764563" lon="-121.4595770">
<ele>10</ele><time>2025-03-05T17:56:08.000Z</time><extensions><gpxtpx:TrackPointExtension><gpxtpx:hr>151</gpxtpx:hr><gpxtpx:cad>75</gpxtpx:cad></gpxtpx:TrackPointExtension></extensions><extensions><gpxtpx:PowerExtension><gpxtpx:PowerInWatts>200</gpxtpx:PowerInWatts></gpxtpx:PowerExtension></extensions></trkpt>
<trkpt lat="38.5764650" lon="-121.4595169">
<ele>10</ele><time>2025-03-05T17:56:10.000Z</time><extensions><gpxtpx:TrackPointExtension><gpxtpx:hr>151</gpxtpx:hr><gpxtpx:cad>70</gpxtpx:cad></gpxtpx:TrackPointExtension></extensions><extensions><gpxtpx:PowerExtension><gpxtpx:PowerInWatts>201</gpxtpx:PowerInWatts></gpxtpx:PowerExtension></extensions></trkpt>
<trkpt lat="38.5764780" lon="-121.4594357">
<ele>10</ele><time>2025-03-05T17:56:12.000Z</time><extensions><gpxtpx:TrackPointExtension><gpxtpx:hr>150</gpxtpx:hr><gpxtpx:cad>71</gpxtpx:cad></gpxtpx:TrackPointExtension></extensions><extensions><gpxtpx:PowerExtension><gpxtpx:PowerInWatts>201</gpxtpx:PowerInWatts></gpxtpx:PowerExtension></extensions></trkpt>
<trkpt lat="38.5764496" lon="-121.4593645">
<ele>10</ele><time>2025-03-05T17:56:14.000Z</time><extensions><gpxtpx:TrackPointExtension><gpxtpx:hr>150</gpxtpx:hr><gpxtpx:cad>73</gpxtpx:cad></gpxtpx:TrackPointExtension></extensions><extensions><gpxtpx:PowerExtension><gpxtpx:PowerInWatts>202</gpxtpx:PowerInWatts></gpxtpx:PowerExtension></extensions></trkpt>
<trkpt lat="38.5764306" lon="-121.4592923">
<ele>10</ele><time>2025-03-05T17:56:16.000Z</time><extensions><gpxtpx:TrackPointExtension><gpxtpx:hr>150</gpxtpx:hr><gpxtpx:cad>72</gpxtpx:cad></gpxtpx:TrackPointExtension></extensions><extensions><gpxtpx:PowerExtension><gpxtpx:PowerInWatts>207</gpxtpx:PowerInWatts></gpxtpx:PowerExtension></extensions></trkpt>
<trkpt lat="38.5764176" lon="-121.4592314">
<ele>10</ele><time>2025-03-05T17:56:18.000Z</time><extensions><gpxtpx:TrackPointExtension><gpxtpx:hr>150</gpxtpx:hr><gpxtpx:cad>75</gpxtpx:cad></gpxtpx:TrackPointExtension></extensions><extensions><gpxtpx:PowerExtension><gpxtpx:PowerInWatts>207</gpxtpx:PowerInWatts></gpxtpx:PowerExtension></extensions></trkpt>
<trkpt lat="38.5764018" lon="-121.4591691">
<ele>10</ele><time>2025-03-05T17:56:20.000Z</time><extensions><gpxtpx:TrackPointExtension><gpxtpx:hr>150</gpxtpx:hr><gpxtpx:cad>72</gpxtpx:cad></gpxtpx:TrackPointExtension></extensions><extensions><gpxtpx:PowerExtension><gpxtpx:PowerInWatts>207</gpxtpx:PowerInWatts></gpxtpx:PowerExtension></extensions></trkpt>
<trkpt lat="38.5763857" lon="-121.4591058">
<ele>10</ele><time>2025-03-05T17:56:22.000Z</time><extensions><gpxtpx:TrackPointExtension><gpxtpx:hr>150</gpxtpx:hr><gpxtpx:cad>72</gpxtpx:cad></gpxtpx:TrackPointExtension></extensions><extensions><gpxtpx:PowerExtension><gpxtpx:PowerInWatts>207</gpxtpx:PowerInWatts></gpxtpx:PowerExtension></extensions></trkpt>
<trkpt lat="38.5763720" lon="-121.4590390">
<ele>10</ele><time>2025-03-05T17:56:25.000Z</time><extensions><gpxtpx:TrackPointExtension><gpxtpx:hr>149</gpxtpx:hr><gpxtpx:cad>75</gpxtpx:cad></gpxtpx:TrackPointExtension></extensions><extensions><gpxtpx:PowerExtension><gpxtpx:PowerInWatts>215</gpxtpx:PowerInWatts></gpxtpx:PowerExtension></extensions></trkpt>
<trkpt lat="38.5763459" lon="-121.4589625">
<ele>10</ele><time>2025-03-05T17:56:27.000Z</time><extensions><gpxtpx:TrackPointExtension><gpxtpx:hr>149</gpxtpx:hr><gpxtpx:cad>77</gpxtpx:cad></gpxtpx:TrackPointExtension></extensions><extensions><gpxtpx:PowerExtension><gpxtpx:PowerInWatts>215</gpxtpx:PowerInWatts></gpxtpx:PowerExtension></extensions></trkpt>
<trkpt lat="38.5763183" lon="-121.4589101">
<ele>10</ele><time>2025-03-05T17:56:29.000Z</time><extensions><gpxtpx:TrackPointExtension><gpxtpx:hr>149</gpxtpx:hr><gpxtpx:cad>77</gpxtpx:cad></gpxtpx:TrackPointExtension></extensions><extensions><gpxtpx:PowerExtension><gpxtpx:PowerInWatts>216</gpxtpx:PowerInWatts></gpxtpx:PowerExtension></extensions></trkpt>
<trkpt lat="38.5762926" lon="-121.4588296">
<ele>10</ele><time>2025-03-05T17:56:32.000Z</time><extensions><gpxtpx:TrackPointExtension><gpxtpx:hr>149</gpxtpx:hr><gpxtpx:cad>78</gpxtpx:cad></gpxtpx:TrackPointExtension></extensions><extensions><gpxtpx:PowerExtension><gpxtpx:PowerInWatts>212</gpxtpx:PowerInWatts></gpxtpx:PowerExtension></extensions></trkpt>
<trkpt lat="38.5762592" lon="-121.4587817">
<ele>9</ele><time>2025-03-05T17:56:34.000Z</time><extensions><gpxtpx:TrackPointExtension><gpxtpx:hr>149</gpxtpx:hr><gpxtpx:cad>71</gpxtpx:cad></gpxtpx:TrackPointExtension></extensions><extensions><gpxtpx:PowerExtension><gpxtpx:PowerInWatts>208</gpxtpx:PowerInWatts></gpxtpx:PowerExtension></extensions></trkpt>
<trkpt lat="38.5762340" lon="-121.4587028">
<ele>9</ele><time>2025-03-05T17:56:37.000Z</time><extensions><gpxtpx:TrackPointExtension><gpxtpx:hr>148</gpxtpx:hr><gpxtpx:cad>66</gpxtpx:cad></gpxtpx:TrackPointExtension></extensions><extensions><gpxtpx:PowerExtension><gpxtpx:PowerInWatts>212</gpxtpx:PowerInWatts></gpxtpx:PowerExtension></extensions></trkpt>
<trkpt lat="38.5762089" lon="-121.4586295">
<ele>9</ele><time>2025-03-05T17:56:40.000Z</time><extensions><gpxtpx:TrackPointExtension><gpxtpx:hr>148</gpxtpx:hr><gpxtpx:cad>67</gpxtpx:cad></gpxtpx:TrackPointExtension></extensions><extensions><gpxtpx:PowerExtension><gpxtpx:PowerInWatts>209</gpxtpx:PowerInWatts></gpxtpx:PowerExtension></extensions></trkpt>
</trkseg><trkseg>
<trkpt lat="38.5761879" lon="-121.4584764">
<ele>9</ele><time>2025-03-05T17:56:55.000Z</time><extensions><gpxtpx:TrackPointExtension><gpxtpx:hr>143</gpxtpx:hr><gpxtpx:cad>62</gpxtpx:cad></gpxtpx:TrackPointExtension></extensions><extensions><gpxtpx:PowerExtension><gpxtpx:PowerInWatts>194</gpxtpx:PowerInWatts></gpxtpx:PowerExtension></extensions></trkpt>
<trkpt lat="38.5761774" lon="-121.4584117">
<ele>9</ele><time>2025-03-05T17:56:58.000Z</time><extensions><gpxtpx:TrackPointExtension><gpxtpx:hr>142</gpxtpx:hr><gpxtpx:cad>63</gpxtpx:cad></gpxtpx:TrackPointExtension></extensions><extensions><gpxtpx:PowerExtension><gpxtpx:PowerInWatts>194</gpxtpx:PowerInWatts></gpxtpx:PowerExtension></extensions></trkpt>
<trkpt lat="38.5761595" lon="-121.4583486">
<ele>9</ele><time>2025-03-05T17:57:02.000Z</time><extensions><gpxtpx:TrackPointExtension><gpxtpx:hr>139</gpxtpx:hr><gpxtpx:cad>61</gpxtpx:cad></gpxtpx:TrackPointExtension></extensions><extensions><gpxtpx:PowerExtension><gpxtpx:PowerInWatts>102</gpxtpx:PowerInWatts></gpxtpx:PowerExtension></extensions></trkpt>
<trkpt lat="38.5761459" lon="-121.4582781">
<ele>9</ele><time>2025-03-05T17:57:06.000Z</time><extensions><gpxtpx:TrackPointExtension><gpxtpx:hr>136</gpxtpx:hr><gpxtpx:cad>61</gpxtpx:cad></gpxtpx:TrackPointExtension></extensions><extensions><gpxtpx:PowerExtension><gpxtpx:PowerInWatts>106</gpxtpx:PowerInWatts></gpxtpx:PowerExtension></extensions></trkpt>
<trkpt lat="38.5761280" lon="-121.4582104">
<ele>9</ele><time>2025-03-05T17:57:10.000Z</time><extensions><gpxtpx:TrackPointExtension><gpxtpx:hr>135</gpxtpx:hr><gpxtpx:cad>63</gpxtpx:cad></gpxtpx:TrackPointExtension></extensions><extensions><gpxtpx:PowerExtension><gpxtpx:PowerInWatts>106</gpxtpx:PowerInWatts></gpxtpx:PowerExtension></extensions></trkpt>
<trkpt lat="38.5760986" lon="-121.4581436">
<ele>9</ele><time>2025-03-05T17:57:14.000Z</time><extensions><gpxtpx:TrackPointExtension><gpxtpx:hr>133</gpxtpx:hr><gpxtpx:cad>63</gpxtpx:cad></gpxtpx:TrackPointExtension></extensions><extensions><gpxtpx:PowerExtension><gpxtpx:PowerInWatts>104</gpxtpx:PowerInWatts></gpxtpx:PowerExtension></extensions></trkpt>
<trkpt lat="38.5760779" lon="-121.4580712">
<ele>10</ele><time>2025-03-05T17:57:18.000Z</time><extensions><gpxtpx:TrackPointExtension><gpxtpx:hr>132</gpxtpx:hr><gpxtpx:cad>61</gpxtpx:cad></gpxtpx:TrackPointExtension></extensions><extensions><gpxtpx:PowerExtension><gpxtpx:PowerInWatts>102</gpxtpx:PowerInWatts></gpxtpx:PowerExtension></extensions></trkpt>
<trkpt lat="38.5760594" lon="-121.4580100">
<ele>10</ele><time>2025-03-05T17:57:21.000Z</time><extensions><gpxtpx:TrackPointExtension><gpxtpx:hr>131</gpxtpx:hr><gpxtpx:cad>63</gpxtpx:cad></gpxtpx:TrackPointExtension></extensions><extensions><gpxtpx:PowerExtension><gpxtpx:PowerInWatts>101</gpxtpx:PowerInWatts></gpxtpx:PowerExtension></extensions></trkpt>
<trkpt lat="38.5760380" lon="-121.4579477">
<ele>10</ele><time>2025-03-05T17:57:24.000Z</time><extensions><gpxtpx:TrackPointExtension><gpxtpx:hr>131</gpxtpx:hr><gpxtpx:cad>63</gpxtpx:cad></gpxtpx:TrackPointExtension></extensions><extensions><gpxtpx:PowerExtension><gpxtpx:PowerInWatts>103</gpxtpx:PowerInWatts></gpxtpx:PowerExtension></extensions></trkpt>
<trkpt lat="38.5760180" lon="-121.4578761">
<ele>10</ele><time>2025-03-05T17:57:26.000Z</time><extensions><gpxtpx:TrackPointExtension><gpxtpx:hr>132</gpxtpx:hr><gpxtpx:cad>66</gpxtpx:cad></gpxtpx:TrackPointExtension></extensions><extensions><gpxtpx:PowerExtension><gpxtpx:PowerInWatts>103</gpxtpx:PowerInWatts></gpxtpx:PowerExtension></extensions></trkpt>
<trkpt lat="38.5760018" lon="-121.4578197">
<ele>10</ele><time>2025-03-05T17:57:28.000Z</time><extensions><gpxtpx:TrackPointExtension><gpxtpx:hr>132</gpxtpx:hr><gpxtpx:cad>66</gpxtpx:cad></gpxtpx:TrackPointExtension></extensions><extensions><gpxtpx:PowerExtension><gpxtpx:PowerInWatts>109</gpxtpx:PowerInWatts></gpxtpx:PowerExtension></extensions></trkpt>
<trkpt lat="38.5759836" lon="-121.4577564">
<ele>10</ele><time>2025-03-05T17:57:30.000Z</time><extensions><gpxtpx:TrackPointExtension><gpxtpx:hr>133</gpxtpx:hr><gpxtpx:cad>69</gpxtpx:cad></gpxtpx:TrackPointExtension></extensions><extensions><gpxtpx:PowerExtension><gpxtpx:PowerInWatts>132</gpxtpx:PowerInWatts></gpxtpx:PowerExtension></extensions></trkpt>
<trkpt lat="38.5759633" lon="-121.4576855">
<ele>10</ele><time>2025-03-05T17:57:33.000Z</time><extensions><gpxtpx:TrackPointExtension><gpxtpx:hr>134</gpxtpx:hr><gpxtpx:cad>76</gpxtpx:cad></gpxtpx:TrackPointExtension></extensions><extensions><gpxtpx:PowerExtension><gpxtpx:PowerInWatts>132</gpxtpx:PowerInWatts></gpxtpx:PowerExtension></extensions></trkpt>
<trkpt lat="38.5760202" lon="-121.4576463">
<ele>10</ele><time>2025-03-05T17:57:37.000Z</time><extensions><gpxtpx:TrackPointExtension><gpxtpx:hr>136</gpxtpx:hr><gpxtpx:cad>79</gpxtpx:cad></gpxtpx:TrackPointExtension></extensions><extensions><gpxtpx:PowerExtension><gpxtpx:PowerInWatts>224</gpxtpx:PowerInWatts></gpxtpx:PowerExtension></extensions></trkpt>
<trkpt lat="38.5760806" lon="-121.4576120">
<ele>10</ele><time>2025-03-05T17:57:39.000Z</time><extensions><gpxtpx:TrackPointExtension><gpxtpx:hr>136</gpxtpx:hr><gpxtpx:cad>80</gpxtpx:cad></gpxtpx:TrackPointExtension></extensions><extensions><gpxtpx:PowerExtension><gpxtpx:PowerInWatts>224</gpxtpx:PowerInWatts></gpxtpx:PowerExtension></extensions></trkpt>
<trkpt lat="38.5762084" lon="-121.4574982">
<ele>10</ele><time>2025-03-05T17:57:40.000Z</time><extensions><gpxtpx:TrackPointExtension><gpxtpx:hr>136</gpxtpx:hr><gpxtpx:cad>75</gpxtpx:cad></gpxtpx:TrackPointExtension></extensions><extensions><gpxtpx:PowerExtension><gpxtpx:PowerInWatts>224</gpxtpx:PowerInWatts></gpxtpx:PowerExtension></extensions></trkpt>
<trkpt lat="38.5762520" lon="-121.4574625">
<ele>10</ele><time>2025-03-05T17:57:42.000Z</time><extensions><gpxtpx:TrackPointExtension><gpxtpx:hr>137</gpxtpx:hr><gpxtpx:cad>80</gpxtpx:cad></gpxtpx:TrackPointExtension></extensions><extensions><gpxtpx:PowerExtension><gpxtpx:PowerInWatts>208</gpxtpx:PowerInWatts></gpxtpx:PowerExtension></extensions></trkpt>
<trkpt lat="38.5763076" lon="-121.4574566">
<ele>10</ele><time>2025-03-05T17:57:45.000Z</time><extensions><gpxtpx:TrackPointExtension><gpxtpx:hr>138</gpxtpx:hr><gpxtpx:cad>79</gpxtpx:cad></gpxtpx:TrackPointExtension></extensions><extensions><gpxtpx:PowerExtension><gpxtpx:PowerInWatts>208</gpxtpx:PowerInWatts></gpxtpx:PowerExtension></extensions></trkpt>
<trkpt lat="38.5763616" lon="-121.4574296">
<ele>10</ele><time>2025-03-05T17:57:47.000Z</time><extensions><gpxtpx:TrackPointExtension><gpxtpx:hr>138</gpxtpx:hr><gpxtpx:cad>76</gpxtpx:cad></gpxtpx:TrackPointExtension></extensions><extensions><gpxtpx:PowerExtension><gpxtpx:PowerInWatts>208</gpxtpx:PowerInWatts></gpxtpx:PowerExtension></extensions></trkpt>
<trkpt lat="38.5764165" lon="-121.4573798">
<ele>10</ele><time>2025-03-05T17:57:49.000Z</time><extensions><gpxtpx:TrackPointExtension><gpxtpx:hr>138</gpxtpx:hr><gpxtpx:cad>75</gpxtpx:cad></gpxtpx:TrackPointExtension></extensions><extensions><gpxtpx:PowerExtension><gpxtpx:PowerInWatts>213</gpxtpx:PowerInWatts></gpxtpx:PowerExtension></extensions></trkpt>
<trkpt lat="38.5764729" lon="-121.4573456">
<ele>11</ele><time>2025-03-05T17:57:51.000Z</time><extensions><gpxtpx:TrackPointExtension><gpxtpx:hr>138</gpxtpx:hr><gpxtpx:cad>76</gpxtpx:cad></gpxtpx:TrackPointExtension></extensions><extensions><gpxtpx:PowerExtension><gpxtpx:PowerInWatts>206</gpxtpx:PowerInWatts></gpxtpx:PowerExtension></extensions></trkpt>
<trkpt lat="38.5765220" lon="-121.4573246">
<ele>11</ele><time>2025-03-05T17:57:53.000Z</time><extensions><gpxtpx:TrackPointExtension><gpxtpx:hr>138</gpxtpx:hr><gpxtpx:cad>66</gpxtpx:cad></gpxtpx:TrackPointExtension></extensions><extensions><gpxtpx:PowerExtension><gpxtpx:PowerInWatts>206</gpxtpx:PowerInWatts></gpxtpx:PowerExtension></extensions></trkpt>
<trkpt lat="38.5765706" lon="-121.4573115">
<ele>10</ele><time>2025-03-05T17:57:55.000Z</time><extensions><gpxtpx:TrackPointExtension><gpxtpx:hr>136</gpxtpx:hr><gpxtpx:cad>65</gpxtpx:cad></gpxtpx:TrackPointExtension></extensions><extensions><gpxtpx:PowerExtension><gpxtpx:PowerInWatts>213</gpxtpx:PowerInWatts></gpxtpx:PowerExtension></extensions></trkpt>
<trkpt lat="38.5766237" lon="-121.4573373">
<ele>10</ele><time>2025-03-05T17:57:58.000Z</time><extensions><gpxtpx:TrackPointExtension><gpxtpx:hr>135</gpxtpx:hr><gpxtpx:cad>61</gpxtpx:cad></gpxtpx:TrackPointExtension></extensions><extensions><gpxtpx:PowerExtension><gpxtpx:PowerInWatts>217</gpxtpx:PowerInWatts></gpxtpx:PowerExtension></extensions></trkpt>
<trkpt lat="38.5766586" lon="-121.4573788">
<ele>10</ele><time>2025-03-05T17:58:01.000Z</time><extensions><gpxtpx:TrackPointExtension><gpxtpx:hr>134</gpxtpx:hr><gpxtpx:cad>57</gpxtpx:cad></gpxtpx:TrackPointExtension></extensions><extensions><gpxtpx:PowerExtension><gpxtpx:PowerInWatts>220</gpxtpx:PowerInWatts></gpxtpx:PowerExtension></extensions></trkpt>
</trkseg><trkseg>
<trkpt lat="38.5766891" lon="-121.4574856">
<ele>10</ele><time>2025-03-05T17:58:31.999Z</time><extensions><gpxtpx:TrackPointExtension><gpxtpx:hr>131</gpxtpx:hr><gpxtpx:cad>63</gpxtpx:cad></gpxtpx:TrackPointExtension></extensions><extensions><gpxtpx:PowerExtension><gpxtpx:PowerInWatts>137</gpxtpx:PowerInWatts></gpxtpx:PowerExtension></extensions></trkpt>
<trkpt lat="38.5767174" lon="-121.4575387">
<ele>10</ele><time>2025-03-05T17:58:36.999Z</time><extensions><gpxtpx:TrackPointExtension><gpxtpx:hr>129</gpxtpx:hr><gpxtpx:cad>66</gpxtpx:cad></gpxtpx:TrackPointExtension></extensions><extensions><gpxtpx:PowerExtension><gpxtpx:PowerInWatts>66</gpxtpx:PowerInWatts></gpxtpx:PowerExtension></extensions></trkpt>
<trkpt lat="38.5767424" lon="-121.4575971">
<ele>10</ele><time>2025-03-05T17:58:38.999Z</time><extensions><gpxtpx:TrackPointExtension><gpxtpx:hr>128</gpxtpx:hr><gpxtpx:cad>63</gpxtpx:cad></gpxtpx:TrackPointExtension></extensions><extensions><gpxtpx:PowerExtension><gpxtpx:PowerInWatts>66</gpxtpx:PowerInWatts></gpxtpx:PowerExtension></extensions></trkpt>
<trkpt lat="38.5767698" lon="-121.4576627">
<ele>10</ele><time>2025-03-05T17:58:41.999Z</time><extensions><gpxtpx:TrackPointExtension><gpxtpx:hr>128</gpxtpx:hr><gpxtpx:cad>62</gpxtpx:cad></gpxtpx:TrackPointExtension></extensions><extensions><gpxtpx:PowerExtension><gpxtpx:PowerInWatts>64</gpxtpx:PowerInWatts></gpxtpx:PowerExtension></extensions></trkpt>
<trkpt lat="38.5767894" lon="-121.4577235">
<ele>10</ele><time>2025-03-05T17:58:43.999Z</time><extensions><gpxtpx:TrackPointExtension><gpxtpx:hr>128</gpxtpx:hr><gpxtpx:cad>62</gpxtpx:cad></gpxtpx:TrackPointExtension></extensions><extensions><gpxtpx:PowerExtension><gpxtpx:PowerInWatts>63</gpxtpx:PowerInWatts></gpxtpx:PowerExtension></extensions></trkpt>
<trkpt lat="38.5768062" lon="-121.4577862">
<ele>10</ele><time>2025-03-05T17:58:44.999Z</time><extensions><gpxtpx:TrackPointExtension><gpxtpx:hr>128</gpxtpx:hr><gpxtpx:cad>62</gpxtpx:cad></gpxtpx:TrackPointExtension></extensions><extensions><gpxtpx:PowerExtension><gpxtpx:PowerInWatts>63</gpxtpx:PowerInWatts></gpxtpx:PowerExtension></extensions></trkpt>
<trkpt lat="38.5768291" lon="-121.4578719">
<ele>11</ele><time>2025-03-05T17:58:46.999Z</time><extensions><gpxtpx:TrackPointExtension><gpxtpx:hr>130</gpxtpx:hr><gpxtpx:cad>65</gpxtpx:cad></gpxtpx:TrackPointExtension></extensions><extensions><gpxtpx:PowerExtension><gpxtpx:PowerInWatts>84</gpxtpx:PowerInWatts></gpxtpx:PowerExtension></extensions></trkpt>
<trkpt lat="38.5768501" lon="-121.4579502">
<ele>11</ele><time>2025-03-05T17:58:48.999Z</time><extensions><gpxtpx:TrackPointExtension><gpxtpx:hr>131</gpxtpx:hr><gpxtpx:cad>71</gpxtpx:cad></gpxtpx:TrackPointExtension></extensions><extensions><gpxtpx:PowerExtension><gpxtpx:PowerInWatts>202</gpxtpx:PowerInWatts></gpxtpx:PowerExtension></extensions></trkpt>
<trkpt lat="38.5768734" lon="-121.4580391">
<ele>11</ele><time>2025-03-05T17:58:50.999Z</time><extensions><gpxtpx:TrackPointExtension><gpxtpx:hr>132</gpxtpx:hr><gpxtpx:cad>75</gpxtpx:cad></gpxtpx:TrackPointExtension></extensions><extensions><gpxtpx:PowerExtension><gpxtpx:PowerInWatts>246</gpxtpx:PowerInWatts></gpxtpx:PowerExtension></extensions></trkpt>
<trkpt lat="38.5768912" lon="-121.4581083">
<ele>11</ele><time>2025-03-05T17:58:52.999Z</time><extensions><gpxtpx:TrackPointExtension><gpxtpx:hr>133</gpxtpx:hr><gpxtpx:cad>79</gpxtpx:cad></gpxtpx:TrackPointExtension></extensions><extensions><gpxtpx:PowerExtension><gpxtpx:PowerInWatts>246</gpxtpx:PowerInWatts></gpxtpx:PowerExtension></extensions></trkpt>
<trkpt lat="38.5769079" lon="-121.4581729">
<ele>11</ele><time>2025-03-05T17:58:54.999Z</time><extensions><gpxtpx:TrackPointExtension><gpxtpx:hr>134</gpxtpx:hr><gpxtpx:cad>86</gpxtpx:cad></gpxtpx:TrackPointExtension></extensions><extensions><gpxtpx:PowerExtension><gpxtpx:PowerInWatts>272</gpxtpx:PowerInWatts></gpxtpx:PowerExtension></extensions></trkpt>
<trkpt lat="38.5769302" lon="-121.4582596">
<ele>11</ele><time>2025-03-05T17:58:56.999Z</time><extensions><gpxtpx:TrackPointExtension><gpxtpx:hr>136</gpxtpx:hr><gpxtpx:cad>87</gpxtpx:cad></gpxtpx:TrackPointExtension></extensions><extensions><gpxtpx:PowerExtension><gpxtpx:PowerInWatts>272</gpxtpx:PowerInWatts></gpxtpx:PowerExtension></extensions></trkpt>
<trkpt lat="38.5769514" lon="-121.4583429">
<ele>11</ele><time>2025-03-05T17:58:58.999Z</time><extensions><gpxtpx:TrackPointExtension><gpxtpx:hr>137</gpxtpx:hr><gpxtpx:cad>85</gpxtpx:cad></gpxtpx:TrackPointExtension></extensions><extensions><gpxtpx:PowerExtension><gpxtpx:PowerInWatts>272</gpxtpx:PowerInWatts></gpxtpx:PowerExtension></extensions></trkpt>
<trkpt lat="38.5769665" lon="-121.4584029">
<ele>11</ele><time>2025-03-05T17:59:00.999Z</time><extensions><gpxtpx:TrackPointExtension><gpxtpx:hr>139</gpxtpx:hr><gpxtpx:cad>83</gpxtpx:cad></gpxtpx:TrackPointExtension></extensions><extensions><gpxtpx:PowerExtension><gpxtpx:PowerInWatts>241</gpxtpx:PowerInWatts></gpxtpx:PowerExtension></extensions></trkpt>
<trkpt lat="38.5769838" lon="-121.4584667">
<ele>11</ele><time>2025-03-05T17:59:02.999Z</time><extensions><gpxtpx:TrackPointExtension><gpxtpx:hr>139</gpxtpx:hr><gpxtpx:cad>81</gpxtpx:cad></gpxtpx:TrackPointExtension></extensions><extensions><gpxtpx:PowerExtension><gpxtpx:PowerInWatts>241</gpxtpx:PowerInWatts></gpxtpx:PowerExtension></extensions></trkpt>
<trkpt lat="38.5770032" lon="-121.4585382">
<ele>11</ele><time>2025-03-05T17:59:04.999Z</time><extensions><gpxtpx:TrackPointExtension><gpxtpx:hr>139</gpxtpx:hr><gpxtpx:cad>82</gpxtpx:cad></gpxtpx:TrackPointExtension></extensions><extensions><gpxtpx:PowerExtension><gpxtpx:PowerInWatts>241</gpxtpx:PowerInWatts></gpxtpx:PowerExtension></extensions></trkpt>
<trkpt lat="38.5770268" lon="-121.4586251">
<ele>11</ele><time>2025-03-05T17:59:06.999Z</time><extensions><gpxtpx:TrackPointExtension><gpxtpx:hr>140</gpxtpx:hr><gpxtpx:cad>81</gpxtpx:cad></gpxtpx:TrackPointExtension></extensions><extensions><gpxtpx:PowerExtension><gpxtpx:PowerInWatts>254</gpxtpx:PowerInWatts></gpxtpx:PowerExtension></extensions></trkpt>
<trkpt lat="38.5770465" lon="-121.4586981">
<ele>11</ele><time>2025-03-05T17:59:08.999Z</time><extensions><gpxtpx:TrackPointExtension><gpxtpx:hr>141</gpxtpx:hr><gpxtpx:cad>86</gpxtpx:cad></gpxtpx:TrackPointExtension></extensions><extensions><gpxtpx:PowerExtension><gpxtpx:PowerInWatts>248</gpxtpx:PowerInWatts></gpxtpx:PowerExtension></extensions></trkpt>
<trkpt lat="38.5770646" lon="-121.4587646">
<ele>11</ele><time>2025-03-05T17:59:10.999Z</time><extensions><gpxtpx:TrackPointExtension><gpxtpx:hr>141</gpxtpx:hr><gpxtpx:cad>85</gpxtpx:cad></gpxtpx:TrackPointExtension></extensions><extensions><gpxtpx:PowerExtension><gpxtpx:PowerInWatts>248</gpxtpx:PowerInWatts></gpxtpx:PowerExtension></extensions></trkpt>
<trkpt lat="38.5770865" lon="-121.4588456">
<ele>11</ele><time>2025-03-05T17:59:12.999Z</time><extensions><gpxtpx:TrackPointExtension><gpxtpx:hr>142</gpxtpx:hr><gpxtpx:cad>85</gpxtpx:cad></gpxtpx:TrackPointExtension></extensions><extensions><gpxtpx:PowerExtension><gpxtpx:PowerInWatts>248</gpxtpx:PowerInWatts></gpxtpx:PowerExtension></extensions></trkpt>
<trkpt lat="38.5771093" lon="-121.4589298">
<ele>11</ele><time>2025-03-05T17:59:14.999Z</time><extensions><gpxtpx:TrackPointExtension><gpxtpx:hr>143</gpxtpx:hr><gpxtpx:cad>80</gpxtpx:cad></gpxtpx:TrackPointExtension></extensions><extensions><gpxtpx:PowerExtension><gpxtpx:PowerInWatts>254</gpxtpx:PowerInWatts></gpxtpx:PowerExtension></extensions></trkpt>
<trkpt lat="38.5770867" lon="-121.4589935">
<ele>11</ele><time>2025-03-05T17:59:15.999Z</time><extensions><gpxtpx:TrackPointExtension><gpxtpx:hr>143</gpxtpx:hr><gpxtpx:cad>86</gpxtpx:cad></gpxtpx:TrackPointExtension></extensions><extensions><gpxtpx:PowerExtension><gpxtpx:PowerInWatts>254</gpxtpx:PowerInWatts></gpxtpx:PowerExtension></extensions></trkpt>
<trkpt lat="38.5770894" lon="-121.4590696">
<ele>11</ele><time>2025-03-05T17:59:17.999Z</time><extensions><gpxtpx:TrackPointExtension><gpxtpx:hr>145</gpxtpx:hr><gpxtpx:cad>85</gpxtpx:cad></gpxtpx:TrackPointExtension></extensions><extensions><gpxtpx:PowerExtension><gpxtpx:PowerInWatts>251</gpxtpx:PowerInWatts></gpxtpx:PowerExtension></extensions></trkpt>
<trkpt lat="38.5771090" lon="-121.4591339">
<ele>11</ele><time>2025-03-05T17:59:19.999Z</time><extensions><gpxtpx:TrackPointExtension><gpxtpx:hr>145</gpxtpx:hr><gpxtpx:cad>85</gpxtpx:cad></gpxtpx:TrackPointExtension></extensions><extensions><gpxtpx:PowerExtension><gpxtpx:PowerInWatts>251</gpxtpx:PowerInWatts></gpxtpx:PowerExtension></extensions></trkpt>
<trkpt lat="38.5771342" lon="-121.4592064">
<ele>11</ele><time>2025-03-05T17:59:21.999Z</time><extensions><gpxtpx:TrackPointExtension><gpxtpx:hr>146</gpxtpx:hr><gpxtpx:cad>88</gpxtpx:cad></gpxtpx:TrackPointExtension></extensions><extensions><gpxtpx:PowerExtension><gpxtpx:PowerInWatts>254</gpxtpx:PowerInWatts></gpxtpx:PowerExtension></extensions></trkpt>
<trkpt lat="38.5771539" lon="-121.4592710">
<ele>11</ele><time>2025-03-05T17:59:23.999Z</time><extensions><gpxtpx:TrackPointExtension><gpxtpx:hr>147</gpxtpx:hr><gpxtpx:cad>89</gpxtpx:cad></gpxtpx:TrackPointExtension></extensions><extensions><gpxtpx:PowerExtension><gpxtpx:PowerInWatts>254</gpxtpx:PowerInWatts></gpxtpx:PowerExtension></extensions></trkpt>
<trkpt lat="38.5771763" lon="-121.4593505">
<ele>11</ele><time>2025-03-05T17:59:25.999Z</time><extensions><gpxtpx:TrackPointExtension><gpxtpx:hr>147</gpxtpx:hr><gpxtpx:cad>85</gpxtpx:cad></gpxtpx:TrackPointExtension></extensions><extensions><gpxtpx:PowerExtension><gpxtpx:PowerInWatts>254</gpxtpx:PowerInWatts></gpxtpx:PowerExtension></extensions></trkpt>
<trkpt lat="38.5771910" lon="-121.4594130">
<ele>11</ele><time>2025-03-05T17:59:27.999Z</time><extensions><gpxtpx:TrackPointExtension><gpxtpx:hr>148</gpxtpx:hr><gpxtpx:cad>86</gpxtpx:cad></gpxtpx:TrackPointExtension></extensions><extensions><gpxtpx:PowerExtension><gpxtpx:PowerInWatts>252</gpxtpx:PowerInWatts></gpxtpx:PowerExtension></extensions></trkpt>
<trkpt lat="38.5771879" lon="-121.4594964">
<ele>11</ele><time>2025-03-05T17:59:29.999Z</time><extensions><gpxtpx:TrackPointExtension><gpxtpx:hr>148</gpxtpx:hr><gpxtpx:cad>84</gpxtpx:cad></gpxtpx:TrackPointExtension></extensions><extensions><gpxtpx:PowerExtension><gpxtpx:PowerInWatts>252</gpxtpx:PowerInWatts></gpxtpx:PowerExtension></extensions></trkpt>
<trkpt lat="38.5772177" lon="-121.4595669">
<ele>11</ele><time>2025-03-05T17:59:31.999Z</time><extensions><gpxtpx:TrackPointExtension><gpxtpx:hr>148</gpxtpx:hr><gpxtpx:cad>83</gpxtpx:cad></gpxtpx:TrackPointExtension></extensions><extensions><gpxtpx:PowerExtension><gpxtpx:PowerInWatts>252</gpxtpx:PowerInWatts></gpxtpx:PowerExtension></extensions></trkpt>
<trkpt lat="38.5772307" lon="-121.4596269">
<ele>11</ele><time>2025-03-05T17:59:33.999Z</time><extensions><gpxtpx:TrackPointExtension><gpxtpx:hr>148</gpxtpx:hr><gpxtpx:cad>82</gpxtpx:cad></gpxtpx:TrackPointExtension></extensions><extensions><gpxtpx:PowerExtension><gpxtpx:PowerInWatts>252</gpxtpx:PowerInWatts></gpxtpx:PowerExtension></extensions></trkpt>
<trkpt lat="38.5772340" lon="-121.4596953">
<ele>11</ele><time>2025-03-05T17:59:35.999Z</time><extensions><gpxtpx:TrackPointExtension><gpxtpx:hr>149</gpxtpx:hr><gpxtpx:cad>78</gpxtpx:cad></gpxtpx:TrackPointExtension></extensions><extensions><gpxtpx:PowerExtension><gpxtpx:PowerInWatts>252</gpxtpx:PowerInWatts></gpxtpx:PowerExtension></extensions></trkpt>
<trkpt lat="38.5772633" lon="-121.4597560">
<ele>11</ele><time>2025-03-05T17:59:37.999Z</time><extensions><gpxtpx:TrackPointExtension><gpxtpx:hr>149</gpxtpx:hr><gpxtpx:cad>79</gpxtpx:cad></gpxtpx:TrackPointExtension></extensions><extensions><gpxtpx:PowerExtension><gpxtpx:PowerInWatts>247</gpxtpx:PowerInWatts></gpxtpx:PowerExtension></extensions></trkpt>
<trkpt lat="38.5772742" lon="-121.4598287">
<ele>11</ele><time>2025-03-05T17:59:39.999Z</time><extensions><gpxtpx:TrackPointExtension><gpxtpx:hr>149</gpxtpx:hr><gpxtpx:cad>82</gpxtpx:cad></gpxtpx:TrackPointExtension></extensions><extensions><gpxtpx:PowerExtension><gpxtpx:PowerInWatts>239</gpxtpx:PowerInWatts></gpxtpx:PowerExtension></extensions></trkpt>
<trkpt lat="38.5773083" lon="-121.4599125">
<ele>11</ele><time>2025-03-05T17:59:41.999Z</time><extensions><gpxtpx:TrackPointExtension><gpxtpx:hr>150</gpxtpx:hr><gpxtpx:cad>85</gpxtpx:cad></gpxtpx:TrackPointExtension></extensions><extensions><gpxtpx:PowerExtension><gpxtpx:PowerInWatts>239</gpxtpx:PowerInWatts></gpxtpx:PowerExtension></extensions></trkpt>
<trkpt lat="38.5773494" lon="-121.4599681">
<ele>11</ele><time>2025-03-05T17:59:43.999Z</time><extensions><gpxtpx:TrackPointExtension><gpxtpx:hr>150</gpxtpx:hr><gpxtpx:cad>79</gpxtpx:cad></gpxtpx:TrackPointExtension></extensions><extensions><gpxtpx:PowerExtension><gpxtpx:PowerInWatts>239</gpxtpx:PowerInWatts></gpxtpx:PowerExtension></extensions></trkpt>
<trkpt lat="38.5773724" lon="-121.4600287">
<ele>11</ele><time>2025-03-05T17:59:45.999Z</time><extensions><gpxtpx:TrackPointExtension><gpxtpx:hr>150</gpxtpx:hr><gpxtpx:cad>79</gpxtpx:cad></gpxtpx:TrackPointExtension></extensions><extensions><gpxtpx:PowerExtension><gpxtpx:PowerInWatts>237</gpxtpx:PowerInWatts></gpxtpx:PowerExtension></extensions></trkpt>
<trkpt lat="38.5773851" lon="-121.4601015">
<ele>11</ele><time>2025-03-05T17:59:47.999Z</time><extensions><gpxtpx:TrackPointExtension><gpxtpx:hr>151</gpxtpx:hr><gpxtpx:cad>79</gpxtpx:cad></gpxtpx:TrackPointExtension></extensions><extensions><gpxtpx:PowerExtension><gpxtpx:PowerInWatts>243</gpxtpx:PowerInWatts></gpxtpx:PowerExtension></extensions></trkpt>
<trkpt lat="38.5774053" lon="-121.4601858">
<ele>11</ele><time>2025-03-05T17:59:50.999Z</time><extensions><gpxtpx:TrackPointExtension><gpxtpx:hr>151</gpxtpx:hr><gpxtpx:cad>79</gpxtpx:cad></gpxtpx:TrackPointExtension></extensions><extensions><gpxtpx:PowerExtension><gpxtpx:PowerInWatts>248</gpxtpx:PowerInWatts></gpxtpx:PowerExtension></extensions></trkpt>
<trkpt lat="38.5774270" lon="-121.4602570">
<ele>11</ele><time>2025-03-05T17:59:52.999Z</time><extensions><gpxtpx:TrackPointExtension><gpxtpx:hr>151</gpxtpx:hr><gpxtpx:cad>79</gpxtpx:cad></gpxtpx:TrackPointExtension></extensions><extensions><gpxtpx:PowerExtension><gpxtpx:PowerInWatts>243</gpxtpx:PowerInWatts></gpxtpx:PowerExtension></extensions></trkpt>
<trkpt lat="38.5774437" lon="-121.4603232">
<ele>11</ele><time>2025-03-05T17:59:54.999Z</time><extensions><gpxtpx:TrackPointExtension><gpxtpx:hr>152</gpxtpx:hr><gpxtpx:cad>78</gpxtpx:cad></gpxtpx:TrackPointExtension></extensions><extensions><gpxtpx:PowerExtension><gpxtpx:PowerInWatts>240</gpxtpx:PowerInWatts></gpxtpx:PowerExtension></extensions></trkpt>
<trkpt lat="38.5774636" lon="-121.4603905">
<ele>11</ele><time>2025-03-05T17:59:56.999Z</time><extensions><gpxtpx:TrackPointExtension><gpxtpx:hr>152</gpxtpx:hr><gpxtpx:cad>82</gpxtpx:cad></gpxtpx:TrackPointExtension></extensions><extensions><gpxtpx:PowerExtension><gpxtpx:PowerInWatts>240</gpxtpx:PowerInWatts></gpxtpx:PowerExtension></extensions></trkpt>
<trkpt lat="38.5774903" lon="-121.4604528">
<ele>11</ele><time>2025-03-05T17:59:58.999Z</time><extensions><gpxtpx:TrackPointExtension><gpxtpx:hr>153</gpxtpx:hr><gpxtpx:cad>83</gpxtpx:cad></gpxtpx:TrackPointExtension></extensions><extensions><gpxtpx:PowerExtension><gpxtpx:PowerInWatts>235</gpxtpx:PowerInWatts></gpxtpx:PowerExtension></extensions></trkpt>
<trkpt lat="38.5775006" lon="-121.4605212">
<ele>11</ele><time>2025-03-05T18:00:00.999Z</time><extensions><gpxtpx:TrackPointExtension><gpxtpx:hr>153</gpxtpx:hr><gpxtpx:cad>86</gpxtpx:cad></gpxtpx:TrackPointExtension></extensions><extensions><gpxtpx:PowerExtension><gpxtpx:PowerInWatts>235</gpxtpx:PowerInWatts></gpxtpx:PowerExtension></extensions></trkpt>
<trkpt lat="38.5775248" lon="-121.4606009">
<ele>11</ele><time>2025-03-05T18:00:02.999Z</time><extensions><gpxtpx:TrackPointExtension><gpxtpx:hr>153</gpxtpx:hr><gpxtpx:cad>81</gpxtpx:cad></gpxtpx:TrackPointExtension></extensions><extensions><gpxtpx:PowerExtension><gpxtpx:PowerInWatts>233</gpxtpx:PowerInWatts></gpxtpx:PowerExtension></extensions></trkpt>
<trkpt lat="38.5775545" lon="-121.4606630">
<ele>11</ele><time>2025-03-05T18:00:04.999Z</time><extensions><gpxtpx:TrackPointExtension><gpxtpx:hr>153</gpxtpx:hr><gpxtpx:cad>81</gpxtpx:cad></gpxtpx:TrackPointExtension></extensions><extensions><gpxtpx:PowerExtension><gpxtpx:PowerInWatts>233</gpxtpx:PowerInWatts></gpxtpx:PowerExtension></extensions></trkpt>
<trkpt lat="38.5775621" lon="-121.4607392">
<ele>11</ele><time>2025-03-05T18:00:06.999Z</time><extensions><gpxtpx:TrackPointExtension><gpxtpx:hr>154</gpxtpx:hr><gpxtpx:cad>81</gpxtpx:cad></gpxtpx:TrackPointExtension></extensions><extensions><gpxtpx:PowerExtension><gpxtpx:PowerInWatts>234</gpxtpx:PowerInWatts></gpxtpx:PowerExtension></extensions></trkpt>
<trkpt lat="38.5775720" lon="-121.4608010">
<ele>11</ele><time>2025-03-05T18:00:08.999Z</time><extensions><gpxtpx:TrackPointExtension><gpxtpx:hr>154</gpxtpx:hr><gpxtpx:cad>81</gpxtpx:cad></gpxtpx:TrackPointExtension></extensions><extensions><gpxtpx:PowerExtension><gpxtpx:PowerInWatts>233</gpxtpx:PowerInWatts></gpxtpx:PowerExtension></extensions></trkpt>
<trkpt lat="38.5775979" lon="-121.4608597">
<ele>11</ele><time>2025-03-05T18:00:10.999Z</time><extensions><gpxtpx:TrackPointExtension><gpxtpx:hr>154</gpxtpx:hr><gpxtpx:cad>81</gpxtpx:cad></gpxtpx:TrackPointExtension></extensions><extensions><gpxtpx:PowerExtension><gpxtpx:PowerInWatts>233</gpxtpx:PowerInWatts></gpxtpx:PowerExtension></extensions></trkpt>
<trkpt lat="38.5776039" lon="-121.4609176">
<ele>11</ele><time>2025-03-05T18:00:12.999Z</time><extensions><gpxtpx:TrackPointExtension><gpxtpx:hr>154</gpxtpx:hr><gpxtpx:cad>82</gpxtpx:cad></gpxtpx:TrackPointExtension></extensions><extensions><gpxtpx:PowerExtension><gpxtpx:PowerInWatts>235</gpxtpx:PowerInWatts></gpxtpx:PowerExtension></extensions></trkpt>
<trkpt lat="38.5776243" lon="-121.4609959">
<ele>11</ele><time>2025-03-05T18:00:14.999Z</time><extensions><gpxtpx:TrackPointExtension><gpxtpx:hr>154</gpxtpx:hr><gpxtpx:cad>82</gpxtpx:cad></gpxtpx:TrackPointExtension></extensions><extensions><gpxtpx:PowerExtension><gpxtpx:PowerInWatts>235</gpxtpx:PowerInWatts></gpxtpx:PowerExtension></extensions></trkpt>
<trkpt lat="38.5776391" lon="-121.4610583">
<ele>11</ele><time>2025-03-05T18:00:16.999Z</time><extensions><gpxtpx:TrackPointExtension><gpxtpx:hr>154</gpxtpx:hr><gpxtpx:cad>82</gpxtpx:cad></gpxtpx:TrackPointExtension></extensions><extensions><gpxtpx:PowerExtension><gpxtpx:PowerInWatts>232</gpxtpx:PowerInWatts></gpxtpx:PowerExtension></extensions></trkpt>
<trkpt lat="38.5776573" lon="-121.4611143">
<ele>11</ele><time>2025-03-05T18:00:18.999Z</time><extensions><gpxtpx:TrackPointExtension><gpxtpx:hr>154</gpxtpx:hr><gpxtpx:cad>82</gpxtpx:cad></gpxtpx:TrackPointExtension></extensions><extensions><gpxtpx:PowerExtension><gpxtpx:PowerInWatts>228</gpxtpx:PowerInWatts></gpxtpx:PowerExtension></extensions></trkpt>
<trkpt lat="38.5776667" lon="-121.4611785">
<ele>11</ele><time>2025-03-05T18:00:20.999Z</time><extensions><gpxtpx:TrackPointExtension><gpxtpx:hr>154</gpxtpx:hr><gpxtpx:cad>82</gpxtpx:cad></gpxtpx:TrackPointExtension></extensions><extensions><gpxtpx:PowerExtension><gpxtpx:PowerInWatts>228</gpxtpx:PowerInWatts></gpxtpx:PowerExtension></extensions></trkpt>
<trkpt lat="38.5776940" lon="-121.4612487">
<ele>11</ele><time>2025-03-05T18:00:22.999Z</time><extensions><gpxtpx:TrackPointExtension><gpxtpx:hr>154</gpxtpx:hr><gpxtpx:cad>82</gpxtpx:cad></gpxtpx:TrackPointExtension></extensions><extensions><gpxtpx:PowerExtension><gpxtpx:PowerInWatts>228</gpxtpx:PowerInWatts></gpxtpx:PowerExtension></extensions></trkpt>
<trkpt lat="38.5777087" lon="-121.4613271">
<ele>11</ele><time>2025-03-05T18:00:24.999Z</time><extensions><gpxtpx:TrackPointExtension><gpxtpx:hr>154</gpxtpx:hr><gpxtpx:cad>82</gpxtpx:cad></gpxtpx:TrackPointExtension></extensions><extensions><gpxtpx:PowerExtension><gpxtpx:PowerInWatts>231</gpxtpx:PowerInWatts></gpxtpx:PowerExtension></extensions></trkpt>
<trkpt lat="38.5777064" lon="-121.4613917">
<ele>11</ele><time>2025-03-05T18:00:26.999Z</time><extensions><gpxtpx:TrackPointExtension><gpxtpx:hr>154</gpxtpx:hr><gpxtpx:cad>83</gpxtpx:cad></gpxtpx:TrackPointExtension></extensions><extensions><gpxtpx:PowerExtension><gpxtpx:PowerInWatts>233</gpxtpx:PowerInWatts></gpxtpx:PowerExtension></extensions></trkpt>
<trkpt lat="38.5777271" lon="-121.4614514">
<ele>11</ele><time>2025-03-05T18:00:28.999Z</time><extensions><gpxtpx:TrackPointExtension><gpxtpx:hr>154</gpxtpx:hr><gpxtpx:cad>79</gpxtpx:cad></gpxtpx:TrackPointExtension></extensions><extensions><gpxtpx:PowerExtension><gpxtpx:PowerInWatts>233</gpxtpx:PowerInWatts></gpxtpx:PowerExtension></extensions></trkpt>
<trkpt lat="38.5777464" lon="-121.4615131">
<ele>11</ele><time>2025-03-05T18:00:30.999Z</time><extensions><gpxtpx:TrackPointExtension><gpxtpx:hr>154</gpxtpx:hr><gpxtpx:cad>80</gpxtpx:cad></gpxtpx:TrackPointExtension></extensions><extensions><gpxtpx:PowerExtension><gpxtpx:PowerInWatts>233</gpxtpx:PowerInWatts></gpxtpx:PowerExtension></extensions></trkpt>
<trkpt lat="38.5777884" lon="-121.4615826">
<ele>11</ele><time>2025-03-05T18:00:32.999Z</time><extensions><gpxtpx:TrackPointExtension><gpxtpx:hr>155</gpxtpx:hr><gpxtpx:cad>83</gpxtpx:cad></gpxtpx:TrackPointExtension></extensions><extensions><gpxtpx:PowerExtension><gpxtpx:PowerInWatts>233</gpxtpx:PowerInWatts></gpxtpx:PowerExtension></extensions></trkpt>
<trkpt lat="38.5777849" lon="-121.4616568">
<ele>11</ele><time>2025-03-05T18:00:34.999Z</time><extensions><gpxtpx:TrackPointExtension><gpxtpx:hr>155</gpxtpx:hr><gpxtpx:cad>84</gpxtpx:cad></gpxtpx:TrackPointExtension></extensions><extensions><gpxtpx:PowerExtension><gpxtpx:PowerInWatts>233</gpxtpx:PowerInWatts></gpxtpx:PowerExtension></extensions></trkpt>
<trkpt lat="38.5778130" lon="-121.4617243">
<ele>11</ele><time>2025-03-05T18:00:36.999Z</time><extensions><gpxtpx:TrackPointExtension><gpxtpx:hr>155</gpxtpx:hr><gpxtpx:cad>84</gpxtpx:cad></gpxtpx:TrackPointExtension></extensions><extensions><gpxtpx:PowerExtension><gpxtpx:PowerInWatts>230</gpxtpx:PowerInWatts></gpxtpx:PowerExtension></extensions></trkpt>
<trkpt lat="38.5778396" lon="-121.4617824">
<ele>11</ele><time>2025-03-05T18:00:38.999Z</time><extensions><gpxtpx:TrackPointExtension><gpxtpx:hr>155</gpxtpx:hr><gpxtpx:cad>87</gpxtpx:cad></gpxtpx:TrackPointExtension></extensions><extensions><gpxtpx:PowerExtension><gpxtpx:PowerInWatts>232</gpxtpx:PowerInWatts></gpxtpx:PowerExtension></extensions></trkpt>
<trkpt lat="38.5778576" lon="-121.4618526">
<ele>11</ele><time>2025-03-05T18:00:40.999Z</time><extensions><gpxtpx:TrackPointExtension><gpxtpx:hr>155</gpxtpx:hr><gpxtpx:cad>88</gpxtpx:cad></gpxtpx:TrackPointExtension></extensions><extensions><gpxtpx:PowerExtension><gpxtpx:PowerInWatts>232</gpxtpx:PowerInWatts></gpxtpx:PowerExtension></extensions></trkpt>
<trkpt lat="38.5778776" lon="-121.4619121">
<ele>11</ele><time>2025-03-05T18:00:42.999Z</time><extensions><gpxtpx:TrackPointExtension><gpxtpx:hr>155</gpxtpx:hr><gpxtpx:cad>84</gpxtpx:cad></gpxtpx:TrackPointExtension></extensions><extensions><gpxtpx:PowerExtension><gpxtpx:PowerInWatts>232</gpxtpx:PowerInWatts></gpxtpx:PowerExtension></extensions></trkpt>
<trkpt lat="38.5778931" lon="-121.4619738">
<ele>11</ele><time>2025-03-05T18:00:44.999Z</time><extensions><gpxtpx:TrackPointExtension><gpxtpx:hr>155</gpxtpx:hr><gpxtpx:cad>80</gpxtpx:cad></gpxtpx:TrackPointExtension></extensions><extensions><gpxtpx:PowerExtension><gpxtpx:PowerInWatts>229</gpxtpx:PowerInWatts></gpxtpx:PowerExtension></extensions></trkpt>
<trkpt lat="38.5779009" lon="-121.4620411">
<ele>11</ele><time>2025-03-05T18:00:46.999Z</time><extensions><gpxtpx:TrackPointExtension><gpxtpx:hr>155</gpxtpx:hr><gpxtpx:cad>80</gpxtpx:cad></gpxtpx:TrackPointExtension></extensions><extensions><gpxtpx:PowerExtension><gpxtpx:PowerInWatts>229</gpxtpx:PowerInWatts></gpxtpx:PowerExtension></extensions></trkpt>
<trkpt lat="38.5779242" lon="-121.4621131">
<ele>11</ele><time>2025-03-05T18:00:48.999Z</time><extensions><gpxtpx:TrackPointExtension><gpxtpx:hr>155</gpxtpx:hr><gpxtpx:cad>85</gpxtpx:cad></gpxtpx:TrackPointExtension></extensions><extensions><gpxtpx:PowerExtension><gpxtpx:PowerInWatts>230</gpxtpx:PowerInWatts></gpxtpx:PowerExtension></extensions></trkpt>
<trkpt lat="38.5779437" lon="-121.4621744">
<ele>11</ele><time>2025-03-05T18:00:50.999Z</time><extensions><gpxtpx:TrackPointExtension><gpxtpx:hr>156</gpxtpx:hr><gpxtpx:cad>86</gpxtpx:cad></gpxtpx:TrackPointExtension></extensions><extensions><gpxtpx:PowerExtension><gpxtpx:PowerInWatts>230</gpxtpx:PowerInWatts></gpxtpx:PowerExtension></extensions></trkpt>
<trkpt lat="38.5779603" lon="-121.4622383">
<ele>11</ele><time>2025-03-05T18:00:52.999Z</time><extensions><gpxtpx:TrackPointExtension><gpxtpx:hr>156</gpxtpx:hr><gpxtpx:cad>85</gpxtpx:cad></gpxtpx:TrackPointExtension></extensions><extensions><gpxtpx:PowerExtension><gpxtpx:PowerInWatts>229</gpxtpx:PowerInWatts></gpxtpx:PowerExtension></extensions></trkpt>
<trkpt lat="38.5779805" lon="-121.4623142">
<ele>11</ele><time>2025-03-05T18:00:55.999Z</time><extensions><gpxtpx:TrackPointExtension><gpxtpx:hr>156</gpxtpx:hr><gpxtpx:cad>81</gpxtpx:cad></gpxtpx:TrackPointExtension></extensions><extensions><gpxtpx:PowerExtension><gpxtpx:PowerInWatts>229</gpxtpx:PowerInWatts></gpxtpx:PowerExtension></extensions></trkpt>
<trkpt lat="38.5780072" lon="-121.4623881">
<ele>11</ele><time>2025-03-05T18:00:57.999Z</time><extensions><gpxtpx:TrackPointExtension><gpxtpx:hr>156</gpxtpx:hr><gpxtpx:cad>82</gpxtpx:cad></gpxtpx:TrackPointExtension></extensions><extensions><gpxtpx:PowerExtension><gpxtpx:PowerInWatts>229</gpxtpx:PowerInWatts></gpxtpx:PowerExtension></extensions></trkpt>
<trkpt lat="38.5780217" lon="-121.4624461">
<ele>11</ele><time>2025-03-05T18:00:59.999Z</time><extensions><gpxtpx:TrackPointExtension><gpxtpx:hr>156</gpxtpx:hr><gpxtpx:cad>84</gpxtpx:cad></gpxtpx:TrackPointExtension></extensions><extensions><gpxtpx:PowerExtension><gpxtpx:PowerInWatts>226</gpxtpx:PowerInWatts></gpxtpx:PowerExtension></extensions></trkpt>
<trkpt lat="38.5780406" lon="-121.4625082">
<ele>11</ele><time>2025-03-05T18:01:01.999Z</time><extensions><gpxtpx:TrackPointExtension><gpxtpx:hr>156</gpxtpx:hr><gpxtpx:cad>81</gpxtpx:cad></gpxtpx:TrackPointExtension></extensions><extensions><gpxtpx:PowerExtension><gpxtpx:PowerInWatts>222</gpxtpx:PowerInWatts></gpxtpx:PowerExtension></extensions></trkpt>
<trkpt lat="38.5780584" lon="-121.4625810">
<ele>11</ele><time>2025-03-05T18:01:03.999Z</time><extensions><gpxtpx:TrackPointExtension><gpxtpx:hr>155</gpxtpx:hr><gpxtpx:cad>80</gpxtpx:cad></gpxtpx:TrackPointExtension></extensions><extensions><gpxtpx:PowerExtension><gpxtpx:PowerInWatts>220</gpxtpx:PowerInWatts></gpxtpx:PowerExtension></extensions></trkpt>
<trkpt lat="38.5780789" lon="-121.4626503">
<ele>11</ele><time>2025-03-05T18:01:05.999Z</time><extensions><gpxtpx:TrackPointExtension><gpxtpx:hr>155</gpxtpx:hr><gpxtpx:cad>80</gpxtpx:cad></gpxtpx:TrackPointExtension></extensions><extensions><gpxtpx:PowerExtension><gpxtpx:PowerInWatts>220</gpxtpx:PowerInWatts></gpxtpx:PowerExtension></extensions></trkpt>
<trkpt lat="38.5781104" lon="-121.4627423">
<ele>11</ele><time>2025-03-05T18:01:08.999Z</time><extensions><gpxtpx:TrackPointExtension><gpxtpx:hr>155</gpxtpx:hr><gpxtpx:cad>82</gpxtpx:cad></gpxtpx:TrackPointExtension></extensions><extensions><gpxtpx:PowerExtension><gpxtpx:PowerInWatts>221</gpxtpx:PowerInWatts></gpxtpx:PowerExtension></extensions></trkpt>
<trkpt lat="38.5780812" lon="-121.4628051">
<ele>11</ele><time>2025-03-05T18:01:10.999Z</time><extensions><gpxtpx:TrackPointExtension><gpxtpx:hr>155</gpxtpx:hr><gpxtpx:cad>83</gpxtpx:cad></gpxtpx:TrackPointExtension></extensions><extensions><gpxtpx:PowerExtension><gpxtpx:PowerInWatts>220</gpxtpx:PowerInWatts></gpxtpx:PowerExtension></extensions></trkpt>
<trkpt lat="38.5780435" lon="-121.4628448">
<ele>11</ele><time>2025-03-05T18:01:12.999Z</time><extensions><gpxtpx:TrackPointExtension><gpxtpx:hr>154</gpxtpx:hr><gpxtpx:cad>82</gpxtpx:cad></gpxtpx:TrackPointExtension></extensions><extensions><gpxtpx:PowerExtension><gpxtpx:PowerInWatts>221</gpxtpx:PowerInWatts></gpxtpx:PowerExtension></extensions></trkpt>
<trkpt lat="38.5779989" lon="-121.4628557">
<ele>11</ele><time>2025-03-05T18:01:14.999Z</time><extensions><gpxtpx:TrackPointExtension><gpxtpx:hr>154</gpxtpx:hr><gpxtpx:cad>80</gpxtpx:cad></gpxtpx:TrackPointExtension></extensions><extensions><gpxtpx:PowerExtension><gpxtpx:PowerInWatts>220</gpxtpx:PowerInWatts></gpxtpx:PowerExtension></extensions></trkpt>
<trkpt lat="38.5779319" lon="-121.4628868">
<ele>11</ele><time>2025-03-05T18:01:17.999Z</time><extensions><gpxtpx:TrackPointExtension><gpxtpx:hr>154</gpxtpx:hr><gpxtpx:cad>78</gpxtpx:cad></gpxtpx:TrackPointExtension></extensions><extensions><gpxtpx:PowerExtension><gpxtpx:PowerInWatts>222</gpxtpx:PowerInWatts></gpxtpx:PowerExtension></extensions></trkpt>
<trkpt lat="38.5778838" lon="-121.4629136">
<ele>11</ele><time>2025-03-05T18:01:19.999Z</time><extensions><gpxtpx:TrackPointExtension><gpxtpx:hr>153</gpxtpx:hr><gpxtpx:cad>78</gpxtpx:cad></gpxtpx:TrackPointExtension></extensions><extensions><gpxtpx:PowerExtension><gpxtpx:PowerInWatts>221</gpxtpx:PowerInWatts></gpxtpx:PowerExtension></extensions></trkpt>
<trkpt lat="38.5778379" lon="-121.4629267">
<ele>11</ele><time>2025-03-05T18:01:21.999Z</time><extensions><gpxtpx:TrackPointExtension><gpxtpx:hr>153</gpxtpx:hr><gpxtpx:cad>78</gpxtpx:cad></gpxtpx:TrackPointExtension></extensions><extensions><gpxtpx:PowerExtension><gpxtpx:PowerInWatts>211</gpxtpx:PowerInWatts></gpxtpx:PowerExtension></extensions></trkpt>
<trkpt lat="38.5777809" lon="-121.4629586">
<ele>11</ele><time>2025-03-05T18:01:23.999Z</time><extensions><gpxtpx:TrackPointExtension><gpxtpx:hr>153</gpxtpx:hr><gpxtpx:cad>79</gpxtpx:cad></gpxtpx:TrackPointExtension></extensions><extensions><gpxtpx:PowerExtension><gpxtpx:PowerInWatts>211</gpxtpx:PowerInWatts></gpxtpx:PowerExtension></extensions></trkpt>
<trkpt lat="38.5777299" lon="-121.4629835">
<ele>11</ele><time>2025-03-05T18:01:25.999Z</time><extensions><gpxtpx:TrackPointExtension><gpxtpx:hr>154</gpxtpx:hr><gpxtpx:cad>84</gpxtpx:cad></gpxtpx:TrackPointExtension></extensions><extensions><gpxtpx:PowerExtension><gpxtpx:PowerInWatts>211</gpxtpx:PowerInWatts></gpxtpx:PowerExtension></extensions></trkpt>
<trkpt lat="38.5776760" lon="-121.4630044">
<ele>11</ele><time>2025-03-05T18:01:27.999Z</time><extensions><gpxtpx:TrackPointExtension><gpxtpx:hr>153</gpxtpx:hr><gpxtpx:cad>83</gpxtpx:cad></gpxtpx:TrackPointExtension></extensions><extensions><gpxtpx:PowerExtension><gpxtpx:PowerInWatts>216</gpxtpx:PowerInWatts></gpxtpx:PowerExtension></extensions></trkpt>
<trkpt lat="38.5776130" lon="-121.4630479">
<ele>11</ele><time>2025-03-05T18:01:30.999Z</time><extensions><gpxtpx:TrackPointExtension><gpxtpx:hr>153</gpxtpx:hr><gpxtpx:cad>80</gpxtpx:cad></gpxtpx:TrackPointExtension></extensions><extensions><gpxtpx:PowerExtension><gpxtpx:PowerInWatts>216</gpxtpx:PowerInWatts></gpxtpx:PowerExtension></extensions></trkpt>
<trkpt lat="38.5775463" lon="-121.4630822">
<ele>11</ele><time>2025-03-05T18:01:33.999Z</time><extensions><gpxtpx:TrackPointExtension><gpxtpx:hr>153</gpxtpx:hr><gpxtpx:cad>83</gpxtpx:cad></gpxtpx:TrackPointExtension></extensions><extensions><gpxtpx:PowerExtension><gpxtpx:PowerInWatts>218</gpxtpx:PowerInWatts></gpxtpx:PowerExtension></extensions></trkpt>
<trkpt lat="38.5774902" lon="-121.4631136">
<ele>11</ele><time>2025-03-05T18:01:35.999Z</time><extensions><gpxtpx:TrackPointExtension><gpxtpx:hr>153</gpxtpx:hr><gpxtpx:cad>83</gpxtpx:cad></gpxtpx:TrackPointExtension></extensions><extensions><gpxtpx:PowerExtension><gpxtpx:PowerInWatts>219</gpxtpx:PowerInWatts></gpxtpx:PowerExtension></extensions></trkpt>
<trkpt lat="38.5774300" lon="-121.4631269">
<ele>11</ele><time>2025-03-05T18:01:37.999Z</time><extensions><gpxtpx:TrackPointExtension><gpxtpx:hr>153</gpxtpx:hr><gpxtpx:cad>82</gpxtpx:cad></gpxtpx:TrackPointExtension></extensions><extensions><gpxtpx:PowerExtension><gpxtpx:PowerInWatts>219</gpxtpx:PowerInWatts></gpxtpx:PowerExtension></extensions></trkpt>
<trkpt lat="38.5773680" lon="-121.4631347">
<ele>11</ele><time>2025-03-05T18:01:39.999Z</time><extensions><gpxtpx:TrackPointExtension><gpxtpx:hr>154</gpxtpx:hr><gpxtpx:cad>78</gpxtpx:cad></gpxtpx:TrackPointExtension></extensions><extensions><gpxtpx:PowerExtension><gpxtpx:PowerInWatts>218</gpxtpx:PowerInWatts></gpxtpx:PowerExtension></extensions></trkpt>
<trkpt lat="38.5773136" lon="-121.4631588">
<ele>11</ele><time>2025-03-05T18:01:41.999Z</time><extensions><gpxtpx:TrackPointExtension><gpxtpx:hr>154</gpxtpx:hr><gpxtpx:cad>81</gpxtpx:cad></gpxtpx:TrackPointExtension></extensions><extensions><gpxtpx:PowerExtension><gpxtpx:PowerInWatts>218</gpxtpx:PowerInWatts></gpxtpx:PowerExtension></extensions></trkpt>
<trkpt lat="38.5772614" lon="-121.4631920">
<ele>11</ele><time>2025-03-05T18:01:43.999Z</time><extensions><gpxtpx:TrackPointExtension><gpxtpx:hr>154</gpxtpx:hr><gpxtpx:cad>88</gpxtpx:cad></gpxtpx:TrackPointExtension></extensions><extensions><gpxtpx:PowerExtension><gpxtpx:PowerInWatts>223</gpxtpx:PowerInWatts></gpxtpx:PowerExtension></extensions></trkpt>
<trkpt lat="38.5771907" lon="-121.4632058">
<ele>11</ele><time>2025-03-05T18:01:45.999Z</time><extensions><gpxtpx:TrackPointExtension><gpxtpx:hr>154</gpxtpx:hr><gpxtpx:cad>90</gpxtpx:cad></gpxtpx:TrackPointExtension></extensions><extensions><gpxtpx:PowerExtension><gpxtpx:PowerInWatts>227</gpxtpx:PowerInWatts></gpxtpx:PowerExtension></extensions></trkpt>
<trkpt lat="38.5771372" lon="-121.4632148">
<ele>11</ele><time>2025-03-05T18:01:47.999Z</time><extensions><gpxtpx:TrackPointExtension><gpxtpx:hr>154</gpxtpx:hr><gpxtpx:cad>86</gpxtpx:cad></gpxtpx:TrackPointExtension></extensions><extensions><gpxtpx:PowerExtension><gpxtpx:PowerInWatts>232</gpxtpx:PowerInWatts></gpxtpx:PowerExtension></extensions></trkpt>
<trkpt lat="38.5770785" lon="-121.4632066">
<ele>11</ele><time>2025-03-05T18:01:49.999Z</time><extensions><gpxtpx:TrackPointExtension><gpxtpx:hr>154</gpxtpx:hr><gpxtpx:cad>83</gpxtpx:cad></gpxtpx:TrackPointExtension></extensions><extensions><gpxtpx:PowerExtension><gpxtpx:PowerInWatts>235</gpxtpx:PowerInWatts></gpxtpx:PowerExtension></extensions></trkpt>
<trkpt lat="38.5770221" lon="-121.4632315">
<ele>11</ele><time>2025-03-05T18:01:51.999Z</time><extensions><gpxtpx:TrackPointExtension><gpxtpx:hr>155</gpxtpx:hr><gpxtpx:cad>80</gpxtpx:cad></gpxtpx:TrackPointExtension></extensions><extensions><gpxtpx:PowerExtension><gpxtpx:PowerInWatts>235</gpxtpx:PowerInWatts></gpxtpx:PowerExtension></extensions></trkpt>
<trkpt lat="38.5769710" lon="-121.4632538">
<ele>11</ele><time>2025-03-05T18:01:53.999Z</time><extensions><gpxtpx:TrackPointExtension><gpxtpx:hr>155</gpxtpx:hr><gpxtpx:cad>85</gpxtpx:cad></gpxtpx:TrackPointExtension></extensions><extensions><gpxtpx:PowerExtension><gpxtpx:PowerInWatts>239</gpxtpx:PowerInWatts></gpxtpx:PowerExtension></extensions></trkpt>
<trkpt lat="38.5769068" lon="-121.4632819">
<ele>11</ele><time>2025-03-05T18:01:55.999Z</time><extensions><gpxtpx:TrackPointExtension><gpxtpx:hr>155</gpxtpx:hr><gpxtpx:cad>88</gpxtpx:cad></gpxtpx:TrackPointExtension></extensions><extensions><gpxtpx:PowerExtension><gpxtpx:PowerInWatts>239</gpxtpx:PowerInWatts></gpxtpx:PowerExtension></extensions></trkpt>
<trkpt lat="38.5768463" lon="-121.4633084">
<ele>11</ele><time>2025-03-05T18:01:57.999Z</time><extensions><gpxtpx:TrackPointExtension><gpxtpx:hr>155</gpxtpx:hr><gpxtpx:cad>85</gpxtpx:cad></gpxtpx:TrackPointExtension></extensions><extensions><gpxtpx:PowerExtension><gpxtpx:PowerInWatts>239</gpxtpx:PowerInWatts></gpxtpx:PowerExtension></extensions></trkpt>
<trkpt lat="38.5767937" lon="-121.4633309">
<ele>11</ele><time>2025-03-05T18:01:59.999Z</time><extensions><gpxtpx:TrackPointExtension><gpxtpx:hr>155</gpxtpx:hr><gpxtpx:cad>80</gpxtpx:cad></gpxtpx:TrackPointExtension></extensions><extensions><gpxtpx:PowerExtension><gpxtpx:PowerInWatts>239</gpxtpx:PowerInWatts></gpxtpx:PowerExtension></extensions></trkpt>
<trkpt lat="38.5767312" lon="-121.4633581">
<ele>11</ele><time>2025-03-05T18:02:01.999Z</time><extensions><gpxtpx:TrackPointExtension><gpxtpx:hr>156</gpxtpx:hr><gpxtpx:cad>82</gpxtpx:cad></gpxtpx:TrackPointExtension></extensions><extensions><gpxtpx:PowerExtension><gpxtpx:PowerInWatts>237</gpxtpx:PowerInWatts></gpxtpx:PowerExtension></extensions></trkpt>
<trkpt lat="38.5766677" lon="-121.4633868">
<ele>11</ele><time>2025-03-05T18:02:03.999Z</time><extensions><gpxtpx:TrackPointExtension><gpxtpx:hr>156</gpxtpx:hr><gpxtpx:cad>85</gpxtpx:cad></gpxtpx:TrackPointExtension></extensions><extensions><gpxtpx:PowerExtension><gpxtpx:PowerInWatts>240</gpxtpx:PowerInWatts></gpxtpx:PowerExtension></extensions></trkpt>
<trkpt lat="38.5766123" lon="-121.4634100">
<ele>11</ele><time>2025-03-05T18:02:05.999Z</time><extensions><gpxtpx:TrackPointExtension><gpxtpx:hr>156</gpxtpx:hr><gpxtpx:cad>86</gpxtpx:cad></gpxtpx:TrackPointExtension></extensions><extensions><gpxtpx:PowerExtension><gpxtpx:PowerInWatts>241</gpxtpx:PowerInWatts></gpxtpx:PowerExtension></extensions></trkpt>
<trkpt lat="38.5765468" lon="-121.4634386">
<ele>11</ele><time>2025-03-05T18:02:07.999Z</time><extensions><gpxtpx:TrackPointExtension><gpxtpx:hr>156</gpxtpx:hr><gpxtpx:cad>88</gpxtpx:cad></gpxtpx:TrackPointExtension></extensions><extensions><gpxtpx:PowerExtension><gpxtpx:PowerInWatts>241</gpxtpx:PowerInWatts></gpxtpx:PowerExtension></extensions></trkpt>
<trkpt lat="38.5764929" lon="-121.4634613">
<ele>11</ele><time>2025-03-05T18:02:09.999Z</time><extensions><gpxtpx:TrackPointExtension><gpxtpx:hr>156</gpxtpx:hr><gpxtpx:cad>82</gpxtpx:cad></gpxtpx:TrackPointExtension></extensions><extensions><gpxtpx:PowerExtension><gpxtpx:PowerInWatts>241</gpxtpx:PowerInWatts></gpxtpx:PowerExtension></extensions></trkpt>
<trkpt lat="38.5764309" lon="-121.4634878">
<ele>11</ele><time>2025-03-05T18:02:11.999Z</time><extensions><gpxtpx:TrackPointExtension><gpxtpx:hr>157</gpxtpx:hr><gpxtpx:cad>80</gpxtpx:cad></gpxtpx:TrackPointExtension></extensions><extensions><gpxtpx:PowerExtension><gpxtpx:PowerInWatts>248</gpxtpx:PowerInWatts></gpxtpx:PowerExtension></extensions></trkpt>
<trkpt lat="38.5763853" lon="-121.4635094">
<ele>11</ele><time>2025-03-05T18:02:13.999Z</time><extensions><gpxtpx:TrackPointExtension><gpxtpx:hr>157</gpxtpx:hr><gpxtpx:cad>81</gpxtpx:cad></gpxtpx:TrackPointExtension></extensions><extensions><gpxtpx:PowerExtension><gpxtpx:PowerInWatts>246</gpxtpx:PowerInWatts></gpxtpx:PowerExtension></extensions></trkpt>
<trkpt lat="38.5763280" lon="-121.4635341">
<ele>11</ele><time>2025-03-05T18:02:15.999Z</time><extensions><gpxtpx:TrackPointExtension><gpxtpx:hr>157</gpxtpx:hr><gpxtpx:cad>83</gpxtpx:cad></gpxtpx:TrackPointExtension></extensions><extensions><gpxtpx:PowerExtension><gpxtpx:PowerInWatts>246</gpxtpx:PowerInWatts></gpxtpx:PowerExtension></extensions></trkpt>
<trkpt lat="38.5762783" lon="-121.4635557">
<ele>11</ele><time>2025-03-05T18:02:17.999Z</time><extensions><gpxtpx:TrackPointExtension><gpxtpx:hr>157</gpxtpx:hr><gpxtpx:cad>83</gpxtpx:cad></gpxtpx:TrackPointExtension></extensions><extensions><gpxtpx:PowerExtension><gpxtpx:PowerInWatts>248</gpxtpx:PowerInWatts></gpxtpx:PowerExtension></extensions></trkpt>
<trkpt lat="38.5762096" lon="-121.4635855">
<ele>11</ele><time>2025-03-05T18:02:20.999Z</time><extensions><gpxtpx:TrackPointExtension><gpxtpx:hr>157</gpxtpx:hr><gpxtpx:cad>84</gpxtpx:cad></gpxtpx:TrackPointExtension></extensions><extensions><gpxtpx:PowerExtension><gpxtpx:PowerInWatts>244</gpxtpx:PowerInWatts></gpxtpx:PowerExtension></extensions></trkpt>
<trkpt lat="38.5761456" lon="-121.4636133">
<ele>11</ele><time>2025-03-05T18:02:22.999Z</time><extensions><gpxtpx:TrackPointExtension><gpxtpx:hr>157</gpxtpx:hr><gpxtpx:cad>85</gpxtpx:cad></gpxtpx:TrackPointExtension></extensions><extensions><gpxtpx:PowerExtension><gpxtpx:PowerInWatts>244</gpxtpx:PowerInWatts></gpxtpx:PowerExtension></extensions></trkpt>
<trkpt lat="38.5760861" lon="-121.4636392">
<ele>11</ele><time>2025-03-05T18:02:24.999Z</time><extensions><gpxtpx:TrackPointExtension><gpxtpx:hr>157</gpxtpx:hr><gpxtpx:cad>85</gpxtpx:cad></gpxtpx:TrackPointExtension></extensions><extensions><gpxtpx:PowerExtension><gpxtpx:PowerInWatts>244</gpxtpx:PowerInWatts></gpxtpx:PowerExtension></extensions></trkpt>
<trkpt lat="38.5760189" lon="-121.4636593">
<ele>11</ele><time>2025-03-05T18:02:26.999Z</time><extensions><gpxtpx:TrackPointExtension><gpxtpx:hr>157</gpxtpx:hr><gpxtpx:cad>84</gpxtpx:cad></gpxtpx:TrackPointExtension></extensions><extensions><gpxtpx:PowerExtension><gpxtpx:PowerInWatts>244</gpxtpx:PowerInWatts></gpxtpx:PowerExtension></extensions></trkpt>
<trkpt lat="38.5759484" lon="-121.4636559">
<ele>11</ele><time>2025-03-05T18:02:29.999Z</time><extensions><gpxtpx:TrackPointExtension><gpxtpx:hr>157</gpxtpx:hr><gpxtpx:cad>81</gpxtpx:cad></gpxtpx:TrackPointExtension></extensions><extensions><gpxtpx:PowerExtension><gpxtpx:PowerInWatts>242</gpxtpx:PowerInWatts></gpxtpx:PowerExtension></extensions></trkpt>
<trkpt lat="38.5758798" lon="-121.4636807">
<ele>10</ele><time>2025-03-05T18:02:31.999Z</time><extensions><gpxtpx:TrackPointExtension><gpxtpx:hr>157</gpxtpx:hr><gpxtpx:cad>83</gpxtpx:cad></gpxtpx:TrackPointExtension></extensions><extensions><gpxtpx:PowerExtension><gpxtpx:PowerInWatts>257</gpxtpx:PowerInWatts></gpxtpx:PowerExtension></extensions></trkpt>
<trkpt lat="38.5757988" lon="-121.4636762">
<ele>10</ele><time>2025-03-05T18:02:33.999Z</time><extensions><gpxtpx:TrackPointExtension><gpxtpx:hr>157</gpxtpx:hr><gpxtpx:cad>87</gpxtpx:cad></gpxtpx:TrackPointExtension></extensions><extensions><gpxtpx:PowerExtension><gpxtpx:PowerInWatts>257</gpxtpx:PowerInWatts></gpxtpx:PowerExtension></extensions></trkpt>
<trkpt lat="38.5757325" lon="-121.4636759">
<ele>10</ele><time>2025-03-05T18:02:35.999Z</time><extensions><gpxtpx:TrackPointExtension><gpxtpx:hr>157</gpxtpx:hr><gpxtpx:cad>83</gpxtpx:cad></gpxtpx:TrackPointExtension></extensions><extensions><gpxtpx:PowerExtension><gpxtpx:PowerInWatts>257</gpxtpx:PowerInWatts></gpxtpx:PowerExtension></extensions></trkpt>
<trkpt lat="38.5756629" lon="-121.4636382">
<ele>10</ele><time>2025-03-05T18:02:37.999Z</time><extensions><gpxtpx:TrackPointExtension><gpxtpx:hr>157</gpxtpx:hr><gpxtpx:cad>84</gpxtpx:cad></gpxtpx:TrackPointExtension></extensions><extensions><gpxtpx:PowerExtension><gpxtpx:PowerInWatts>255</gpxtpx:PowerInWatts></gpxtpx:PowerExtension></extensions></trkpt>
<trkpt lat="38.5756092" lon="-121.4636666">
<ele>10</ele><time>2025-03-05T18:02:39.999Z</time><extensions><gpxtpx:TrackPointExtension><gpxtpx:hr>158</gpxtpx:hr><gpxtpx:cad>87</gpxtpx:cad></gpxtpx:TrackPointExtension></extensions><extensions><gpxtpx:PowerExtension><gpxtpx:PowerInWatts>283</gpxtpx:PowerInWatts></gpxtpx:PowerExtension></extensions></trkpt>
<trkpt lat="38.5755542" lon="-121.4637006">
<ele>10</ele><time>2025-03-05T18:02:41.999Z</time><extensions><gpxtpx:TrackPointExtension><gpxtpx:hr>158</gpxtpx:hr><gpxtpx:cad>88</gpxtpx:cad></gpxtpx:TrackPointExtension></extensions><extensions><gpxtpx:PowerExtension><gpxtpx:PowerInWatts>280</gpxtpx:PowerInWatts></gpxtpx:PowerExtension></extensions></trkpt>
<trkpt lat="38.5754929" lon="-121.4637305">
<ele>10</ele><time>2025-03-05T18:02:43.999Z</time><extensions><gpxtpx:TrackPointExtension><gpxtpx:hr>159</gpxtpx:hr><gpxtpx:cad>87</gpxtpx:cad></gpxtpx:TrackPointExtension></extensions><extensions><gpxtpx:PowerExtension><gpxtpx:PowerInWatts>280</gpxtpx:PowerInWatts></gpxtpx:PowerExtension></extensions></trkpt>
<trkpt lat="38.5754422" lon="-121.4637415">
<ele>10</ele><time>2025-03-05T18:02:45.999Z</time><extensions><gpxtpx:TrackPointExtension><gpxtpx:hr>159</gpxtpx:hr><gpxtpx:cad>86</gpxtpx:cad></gpxtpx:TrackPointExtension></extensions><extensions><gpxtpx:PowerExtension><gpxtpx:PowerInWatts>280</gpxtpx:PowerInWatts></gpxtpx:PowerExtension></extensions></trkpt>
<trkpt lat="38.5753787" lon="-121.4637696">
<ele>10</ele><time>2025-03-05T18:02:47.999Z</time><extensions><gpxtpx:TrackPointExtension><gpxtpx:hr>159</gpxtpx:hr><gpxtpx:cad>80</gpxtpx:cad></gpxtpx:TrackPointExtension></extensions><extensions><gpxtpx:PowerExtension><gpxtpx:PowerInWatts>252</gpxtpx:PowerInWatts></gpxtpx:PowerExtension></extensions></trkpt>
<trkpt lat="38.5753172" lon="-121.4637910">
<ele>10</ele><time>2025-03-05T18:02:49.999Z</time><extensions><gpxtpx:TrackPointExtension><gpxtpx:hr>159</gpxtpx:hr><gpxtpx:cad>81</gpxtpx:cad></gpxtpx:TrackPointExtension></extensions><extensions><gpxtpx:PowerExtension><gpxtpx:PowerInWatts>244</gpxtpx:PowerInWatts></gpxtpx:PowerExtension></extensions></trkpt>
<trkpt lat="38.5752471" lon="-121.4638030">
<ele>10</ele><time>2025-03-05T18:02:51.999Z</time><extensions><gpxtpx:TrackPointExtension><gpxtpx:hr>159</gpxtpx:hr><gpxtpx:cad>85</gpxtpx:cad></gpxtpx:TrackPointExtension></extensions><extensions><gpxtpx:PowerExtension><gpxtpx:PowerInWatts>247</gpxtpx:PowerInWatts></gpxtpx:PowerExtension></extensions></trkpt>
<trkpt lat="38.5751914" lon="-121.4638145">
<ele>10</ele><time>2025-03-05T18:02:53.999Z</time><extensions><gpxtpx:TrackPointExtension><gpxtpx:hr>160</gpxtpx:hr><gpxtpx:cad>86</gpxtpx:cad></gpxtpx:TrackPointExtension></extensions><extensions><gpxtpx:PowerExtension><gpxtpx:PowerInWatts>247</gpxtpx:PowerInWatts></gpxtpx:PowerExtension></extensions></trkpt>
<trkpt lat="38.5751409" lon="-121.4637868">
<ele>10</ele><time>2025-03-05T18:02:55.999Z</time><extensions><gpxtpx:TrackPointExtension><gpxtpx:hr>160</gpxtpx:hr><gpxtpx:cad>82</gpxtpx:cad></gpxtpx:TrackPointExtension></extensions><extensions><gpxtpx:PowerExtension><gpxtpx:PowerInWatts>247</gpxtpx:PowerInWatts></gpxtpx:PowerExtension></extensions></trkpt>
<trkpt lat="38.5750726" lon="-121.4637597">
<ele>10</ele><time>2025-03-05T18:02:58.999Z</time><extensions><gpxtpx:TrackPointExtension><gpxtpx:hr>160</gpxtpx:hr><gpxtpx:cad>78</gpxtpx:cad></gpxtpx:TrackPointExtension></extensions><extensions><gpxtpx:PowerExtension><gpxtpx:PowerInWatts>249</gpxtpx:PowerInWatts></gpxtpx:PowerExtension></extensions></trkpt>
<trkpt lat="38.5750262" lon="-121.4637270">
<ele>10</ele><time>2025-03-05T18:03:00.999Z</time><extensions><gpxtpx:TrackPointExtension><gpxtpx:hr>160</gpxtpx:hr><gpxtpx:cad>90</gpxtpx:cad></gpxtpx:TrackPointExtension></extensions><extensions><gpxtpx:PowerExtension><gpxtpx:PowerInWatts>249</gpxtpx:PowerInWatts></gpxtpx:PowerExtension></extensions></trkpt>
<trkpt lat="38.5749629" lon="-121.4636737">
<ele>10</ele><time>2025-03-05T18:03:02.999Z</time><extensions><gpxtpx:TrackPointExtension><gpxtpx:hr>160</gpxtpx:hr><gpxtpx:cad>92</gpxtpx:cad></gpxtpx:TrackPointExtension></extensions><extensions><gpxtpx:PowerExtension><gpxtpx:PowerInWatts>246</gpxtpx:PowerInWatts></gpxtpx:PowerExtension></extensions></trkpt>
<trkpt lat="38.5749263" lon="-121.4636347">
<ele>10</ele><time>2025-03-05T18:03:04.999Z</time><extensions><gpxtpx:TrackPointExtension><gpxtpx:hr>160</gpxtpx:hr><gpxtpx:cad>82</gpxtpx:cad></gpxtpx:TrackPointExtension></extensions><extensions><gpxtpx:PowerExtension><gpxtpx:PowerInWatts>237</gpxtpx:PowerInWatts></gpxtpx:PowerExtension></extensions></trkpt>
<trkpt lat="38.5748924" lon="-121.4635954">
<ele>11</ele><time>2025-03-05T18:03:06.999Z</time><extensions><gpxtpx:TrackPointExtension><gpxtpx:hr>160</gpxtpx:hr><gpxtpx:cad>78</gpxtpx:cad></gpxtpx:TrackPointExtension></extensions><extensions><gpxtpx:PowerExtension><gpxtpx:PowerInWatts>238</gpxtpx:PowerInWatts></gpxtpx:PowerExtension></extensions></trkpt>
<trkpt lat="38.5748677" lon="-121.4635421">
<ele>11</ele><time>2025-03-05T18:03:08.999Z</time><extensions><gpxtpx:TrackPointExtension><gpxtpx:hr>160</gpxtpx:hr><gpxtpx:cad>79</gpxtpx:cad></gpxtpx:TrackPointExtension></extensions><extensions><gpxtpx:PowerExtension><gpxtpx:PowerInWatts>238</gpxtpx:PowerInWatts></gpxtpx:PowerExtension></extensions></trkpt>
<trkpt lat="38.5748467" lon="-121.4634753">
<ele>11</ele><time>2025-03-05T18:03:10.999Z</time><extensions><gpxtpx:TrackPointExtension><gpxtpx:hr>160</gpxtpx:hr><gpxtpx:cad>80</gpxtpx:cad></gpxtpx:TrackPointExtension></extensions><extensions><gpxtpx:PowerExtension><gpxtpx:PowerInWatts>239</gpxtpx:PowerInWatts></gpxtpx:PowerExtension></extensions></trkpt>
<trkpt lat="38.5748660" lon="-121.4633563">
<ele>11</ele><time>2025-03-05T18:03:12.999Z</time><extensions><gpxtpx:TrackPointExtension><gpxtpx:hr>160</gpxtpx:hr><gpxtpx:cad>81</gpxtpx:cad></gpxtpx:TrackPointExtension></extensions><extensions><gpxtpx:PowerExtension><gpxtpx:PowerInWatts>235</gpxtpx:PowerInWatts></gpxtpx:PowerExtension></extensions></trkpt>
<trkpt lat="38.5748506" lon="-121.4632922">
<ele>11</ele><time>2025-03-05T18:03:14.999Z</time><extensions><gpxtpx:TrackPointExtension><gpxtpx:hr>160</gpxtpx:hr><gpxtpx:cad>82</gpxtpx:cad></gpxtpx:TrackPointExtension></extensions><extensions><gpxtpx:PowerExtension><gpxtpx:PowerInWatts>232</gpxtpx:PowerInWatts></gpxtpx:PowerExtension></extensions></trkpt>
<trkpt lat="38.5748412" lon="-121.4632345">
<ele>11</ele><time>2025-03-05T18:03:16.999Z</time><extensions><gpxtpx:TrackPointExtension><gpxtpx:hr>159</gpxtpx:hr><gpxtpx:cad>81</gpxtpx:cad></gpxtpx:TrackPointExtension></extensions><extensions><gpxtpx:PowerExtension><gpxtpx:PowerInWatts>228</gpxtpx:PowerInWatts></gpxtpx:PowerExtension></extensions></trkpt>
<trkpt lat="38.5748128" lon="-121.4631723">
<ele>11</ele><time>2025-03-05T18:03:18.999Z</time><extensions><gpxtpx:TrackPointExtension><gpxtpx:hr>159</gpxtpx:hr><gpxtpx:cad>82</gpxtpx:cad></gpxtpx:TrackPointExtension></extensions><extensions><gpxtpx:PowerExtension><gpxtpx:PowerInWatts>228</gpxtpx:PowerInWatts></gpxtpx:PowerExtension></extensions></trkpt>
<trkpt lat="38.5747881" lon="-121.4630935">
<ele>11</ele><time>2025-03-05T18:03:20.999Z</time><extensions><gpxtpx:TrackPointExtension><gpxtpx:hr>159</gpxtpx:hr><gpxtpx:cad>82</gpxtpx:cad></gpxtpx:TrackPointExtension></extensions><extensions><gpxtpx:PowerExtension><gpxtpx:PowerInWatts>228</gpxtpx:PowerInWatts></gpxtpx:PowerExtension></extensions></trkpt>
<trkpt lat="38.5747797" lon="-121.4630263">
<ele>11</ele><time>2025-03-05T18:03:22.999Z</time><extensions><gpxtpx:TrackPointExtension><gpxtpx:hr>159</gpxtpx:hr><gpxtpx:cad>78</gpxtpx:cad></gpxtpx:TrackPointExtension></extensions><extensions><gpxtpx:PowerExtension><gpxtpx:PowerInWatts>226</gpxtpx:PowerInWatts></gpxtpx:PowerExtension></extensions></trkpt>
<trkpt lat="38.5747625" lon="-121.4629554">
<ele>11</ele><time>2025-03-05T18:03:24.999Z</time><extensions><gpxtpx:TrackPointExtension><gpxtpx:hr>159</gpxtpx:hr><gpxtpx:cad>81</gpxtpx:cad></gpxtpx:TrackPointExtension></extensions><extensions><gpxtpx:PowerExtension><gpxtpx:PowerInWatts>226</gpxtpx:PowerInWatts></gpxtpx:PowerExtension></extensions></trkpt>
<trkpt lat="38.5747358" lon="-121.4628954">
<ele>11</ele><time>2025-03-05T18:03:26.999Z</time><extensions><gpxtpx:TrackPointExtension><gpxtpx:hr>159</gpxtpx:hr><gpxtpx:cad>70</gpxtpx:cad></gpxtpx:TrackPointExtension></extensions><extensions><gpxtpx:PowerExtension><gpxtpx:PowerInWatts>226</gpxtpx:PowerInWatts></gpxtpx:PowerExtension></extensions></trkpt>
<trkpt lat="38.5747316" lon="-121.4628349">
<ele>11</ele><time>2025-03-05T18:03:28.999Z</time><extensions><gpxtpx:TrackPointExtension><gpxtpx:hr>159</gpxtpx:hr><gpxtpx:cad>72</gpxtpx:cad></gpxtpx:TrackPointExtension></extensions><extensions><gpxtpx:PowerExtension><gpxtpx:PowerInWatts>226</gpxtpx:PowerInWatts></gpxtpx:PowerExtension></extensions></trkpt>
<trkpt lat="38.5747325" lon="-121.4627643">
<ele>11</ele><time>2025-03-05T18:03:30.999Z</time><extensions><gpxtpx:TrackPointExtension><gpxtpx:hr>159</gpxtpx:hr><gpxtpx:cad>77</gpxtpx:cad></gpxtpx:TrackPointExtension></extensions><extensions><gpxtpx:PowerExtension><gpxtpx:PowerInWatts>226</gpxtpx:PowerInWatts></gpxtpx:PowerExtension></extensions></trkpt>
<trkpt lat="38.5746972" lon="-121.4627064">
<ele>11</ele><time>2025-03-05T18:03:32.999Z</time><extensions><gpxtpx:TrackPointExtension><gpxtpx:hr>159</gpxtpx:hr><gpxtpx:cad>83</gpxtpx:cad></gpxtpx:TrackPointExtension></extensions><extensions><gpxtpx:PowerExtension><gpxtpx:PowerInWatts>228</gpxtpx:PowerInWatts></gpxtpx:PowerExtension></extensions></trkpt>
<trkpt lat="38.5746894" lon="-121.4626396">
<ele>11</ele><time>2025-03-05T18:03:34.999Z</time><extensions><gpxtpx:TrackPointExtension><gpxtpx:hr>158</gpxtpx:hr><gpxtpx:cad>85</gpxtpx:cad></gpxtpx:TrackPointExtension></extensions><extensions><gpxtpx:PowerExtension><gpxtpx:PowerInWatts>223</gpxtpx:PowerInWatts></gpxtpx:PowerExtension></extensions></trkpt>
<trkpt lat="38.5746785" lon="-121.4625675">
<ele>11</ele><time>2025-03-05T18:03:36.999Z</time><extensions><gpxtpx:TrackPointExtension><gpxtpx:hr>158</gpxtpx:hr><gpxtpx:cad>85</gpxtpx:cad></gpxtpx:TrackPointExtension></extensions><extensions><gpxtpx:PowerExtension><gpxtpx:PowerInWatts>223</gpxtpx:PowerInWatts></gpxtpx:PowerExtension></extensions></trkpt>
<trkpt lat="38.5746730" lon="-121.4624992">
<ele>11</ele><time>2025-03-05T18:03:38.999Z</time><extensions><gpxtpx:TrackPointExtension><gpxtpx:hr>158</gpxtpx:hr><gpxtpx:cad>82</gpxtpx:cad></gpxtpx:TrackPointExtension></extensions><extensions><gpxtpx:PowerExtension><gpxtpx:PowerInWatts>224</gpxtpx:PowerInWatts></gpxtpx:PowerExtension></extensions></trkpt>
<trkpt lat="38.5746447" lon="-121.4624106">
<ele>11</ele><time>2025-03-05T18:03:41.999Z</time><extensions><gpxtpx:TrackPointExtension><gpxtpx:hr>158</gpxtpx:hr><gpxtpx:cad>82</gpxtpx:cad></gpxtpx:TrackPointExtension></extensions><extensions><gpxtpx:PowerExtension><gpxtpx:PowerInWatts>224</gpxtpx:PowerInWatts></gpxtpx:PowerExtension></extensions></trkpt>
<trkpt lat="38.5746244" lon="-121.4623448">
<ele>12</ele><time>2025-03-05T18:03:43.999Z</time><extensions><gpxtpx:TrackPointExtension><gpxtpx:hr>158</gpxtpx:hr><gpxtpx:cad>82</gpxtpx:cad></gpxtpx:TrackPointExtension></extensions><extensions><gpxtpx:PowerExtension><gpxtpx:PowerInWatts>227</gpxtpx:PowerInWatts></gpxtpx:PowerExtension></extensions></trkpt>
<trkpt lat="38.5745879" lon="-121.4622711">
<ele>12</ele><time>2025-03-05T18:03:45.999Z</time><extensions><gpxtpx:TrackPointExtension><gpxtpx:hr>158</gpxtpx:hr><gpxtpx:cad>84</gpxtpx:cad></gpxtpx:TrackPointExtension></extensions><extensions><gpxtpx:PowerExtension><gpxtpx:PowerInWatts>225</gpxtpx:PowerInWatts></gpxtpx:PowerExtension></extensions></trkpt>
<trkpt lat="38.5745650" lon="-121.4621983">
<ele>12</ele><time>2025-03-05T18:03:47.999Z</time><extensions><gpxtpx:TrackPointExtension><gpxtpx:hr>158</gpxtpx:hr><gpxtpx:cad>84</gpxtpx:cad></gpxtpx:TrackPointExtension></extensions><extensions><gpxtpx:PowerExtension><gpxtpx:PowerInWatts>225</gpxtpx:PowerInWatts></gpxtpx:PowerExtension></extensions></trkpt>
<trkpt lat="38.5745685" lon="-121.4621296">
<ele>12</ele><time>2025-03-05T18:03:49.999Z</time><extensions><gpxtpx:TrackPointExtension><gpxtpx:hr>158</gpxtpx:hr><gpxtpx:cad>82</gpxtpx:cad></gpxtpx:TrackPointExtension></extensions><extensions><gpxtpx:PowerExtension><gpxtpx:PowerInWatts>223</gpxtpx:PowerInWatts></gpxtpx:PowerExtension></extensions></trkpt>
<trkpt lat="38.5745313" lon="-121.4620518">
<ele>11</ele><time>2025-03-05T18:03:52.999Z</time><extensions><gpxtpx:TrackPointExtension><gpxtpx:hr>157</gpxtpx:hr><gpxtpx:cad>82</gpxtpx:cad></gpxtpx:TrackPointExtension></extensions><extensions><gpxtpx:PowerExtension><gpxtpx:PowerInWatts>227</gpxtpx:PowerInWatts></gpxtpx:PowerExtension></extensions></trkpt>
<trkpt lat="38.5745114" lon="-121.4619828">
<ele>11</ele><time>2025-03-05T18:03:54.999Z</time><extensions><gpxtpx:TrackPointExtension><gpxtpx:hr>157</gpxtpx:hr><gpxtpx:cad>85</gpxtpx:cad></gpxtpx:TrackPointExtension></extensions><extensions><gpxtpx:PowerExtension><gpxtpx:PowerInWatts>227</gpxtpx:PowerInWatts></gpxtpx:PowerExtension></extensions></trkpt>
<trkpt lat="38.5744915" lon="-121.4619307">
<ele>11</ele><time>2025-03-05T18:03:56.999Z</time><extensions><gpxtpx:TrackPointExtension><gpxtpx:hr>157</gpxtpx:hr><gpxtpx:cad>85</gpxtpx:cad></gpxtpx:TrackPointExtension></extensions><extensions><gpxtpx:PowerExtension><gpxtpx:PowerInWatts>227</gpxtpx:PowerInWatts></gpxtpx:PowerExtension></extensions></trkpt>
<trkpt lat="38.5744784" lon="-121.4618692">
<ele>11</ele><time>2025-03-05T18:03:58.999Z</time><extensions><gpxtpx:TrackPointExtension><gpxtpx:hr>157</gpxtpx:hr><gpxtpx:cad>85</gpxtpx:cad></gpxtpx:TrackPointExtension></extensions><extensions><gpxtpx:PowerExtension><gpxtpx:PowerInWatts>227</gpxtpx:PowerInWatts></gpxtpx:PowerExtension></extensions></trkpt>
<trkpt lat="38.5744567" lon="-121.4617884">
<ele>11</ele><time>2025-03-05T18:04:00.999Z</time><extensions><gpxtpx:TrackPointExtension><gpxtpx:hr>157</gpxtpx:hr><gpxtpx:cad>83</gpxtpx:cad></gpxtpx:TrackPointExtension></extensions><extensions><gpxtpx:PowerExtension><gpxtpx:PowerInWatts>225</gpxtpx:PowerInWatts></gpxtpx:PowerExtension></extensions></trkpt>
<trkpt lat="38.5744357" lon="-121.4617206">
<ele>11</ele><time>2025-03-05T18:04:02.999Z</time><extensions><gpxtpx:TrackPointExtension><gpxtpx:hr>157</gpxtpx:hr><gpxtpx:cad>79</gpxtpx:cad></gpxtpx:TrackPointExtension></extensions><extensions><gpxtpx:PowerExtension><gpxtpx:PowerInWatts>225</gpxtpx:PowerInWatts></gpxtpx:PowerExtension></extensions></trkpt>
<trkpt lat="38.5744221" lon="-121.4616539">
<ele>11</ele><time>2025-03-05T18:04:04.999Z</time><extensions><gpxtpx:TrackPointExtension><gpxtpx:hr>157</gpxtpx:hr><gpxtpx:cad>79</gpxtpx:cad></gpxtpx:TrackPointExtension></extensions><extensions><gpxtpx:PowerExtension><gpxtpx:PowerInWatts>227</gpxtpx:PowerInWatts></gpxtpx:PowerExtension></extensions></trkpt>
<trkpt lat="38.5743909" lon="-121.4615777">
<ele>11</ele><time>2025-03-05T18:04:06.999Z</time><extensions><gpxtpx:TrackPointExtension><gpxtpx:hr>156</gpxtpx:hr><gpxtpx:cad>82</gpxtpx:cad></gpxtpx:TrackPointExtension></extensions><extensions><gpxtpx:PowerExtension><gpxtpx:PowerInWatts>223</gpxtpx:PowerInWatts></gpxtpx:PowerExtension></extensions></trkpt>
<trkpt lat="38.5743714" lon="-121.4615196">
<ele>11</ele><time>2025-03-05T18:04:08.999Z</time><extensions><gpxtpx:TrackPointExtension><gpxtpx:hr>157</gpxtpx:hr><gpxtpx:cad>78</gpxtpx:cad></gpxtpx:TrackPointExtension></extensions><extensions><gpxtpx:PowerExtension><gpxtpx:PowerInWatts>227</gpxtpx:PowerInWatts></gpxtpx:PowerExtension></extensions></trkpt>
<trkpt lat="38.5743587" lon="-121.4614510">
<ele>11</ele><time>2025-03-05T18:04:10.999Z</time><extensions><gpxtpx:TrackPointExtension><gpxtpx:hr>157</gpxtpx:hr><gpxtpx:cad>83</gpxtpx:cad></gpxtpx:TrackPointExtension></extensions><extensions><gpxtpx:PowerExtension><gpxtpx:PowerInWatts>230</gpxtpx:PowerInWatts></gpxtpx:PowerExtension></extensions></trkpt>
<trkpt lat="38.5743360" lon="-121.4613698">
<ele>11</ele><time>2025-03-05T18:04:12.999Z</time><extensions><gpxtpx:TrackPointExtension><gpxtpx:hr>157</gpxtpx:hr><gpxtpx:cad>84</gpxtpx:cad></gpxtpx:TrackPointExtension></extensions><extensions><gpxtpx:PowerExtension><gpxtpx:PowerInWatts>230</gpxtpx:PowerInWatts></gpxtpx:PowerExtension></extensions></trkpt>
<trkpt lat="38.5743154" lon="-121.4613001">
<ele>12</ele><time>2025-03-05T18:04:14.999Z</time><extensions><gpxtpx:TrackPointExtension><gpxtpx:hr>157</gpxtpx:hr><gpxtpx:cad>78</gpxtpx:cad></gpxtpx:TrackPointExtension></extensions><extensions><gpxtpx:PowerExtension><gpxtpx:PowerInWatts>230</gpxtpx:PowerInWatts></gpxtpx:PowerExtension></extensions></trkpt>
<trkpt lat="38.5742852" lon="-121.4612424">
<ele>12</ele><time>2025-03-05T18:04:16.999Z</time><extensions><gpxtpx:TrackPointExtension><gpxtpx:hr>157</gpxtpx:hr><gpxtpx:cad>78</gpxtpx:cad></gpxtpx:TrackPointExtension></extensions><extensions><gpxtpx:PowerExtension><gpxtpx:PowerInWatts>230</gpxtpx:PowerInWatts></gpxtpx:PowerExtension></extensions></trkpt>
<trkpt lat="38.5742769" lon="-121.4611684">
<ele>12</ele><time>2025-03-05T18:04:18.999Z</time><extensions><gpxtpx:TrackPointExtension><gpxtpx:hr>157</gpxtpx:hr><gpxtpx:cad>83</gpxtpx:cad></gpxtpx:TrackPointExtension></extensions><extensions><gpxtpx:PowerExtension><gpxtpx:PowerInWatts>233</gpxtpx:PowerInWatts></gpxtpx:PowerExtension></extensions></trkpt>
<trkpt lat="38.5742740" lon="-121.4611011">
<ele>12</ele><time>2025-03-05T18:04:20.999Z</time><extensions><gpxtpx:TrackPointExtension><gpxtpx:hr>157</gpxtpx:hr><gpxtpx:cad>85</gpxtpx:cad></gpxtpx:TrackPointExtension></extensions><extensions><gpxtpx:PowerExtension><gpxtpx:PowerInWatts>233</gpxtpx:PowerInWatts></gpxtpx:PowerExtension></extensions></trkpt>
<trkpt lat="38.5742442" lon="-121.4610091">
<ele>12</ele><time>2025-03-05T18:04:23.999Z</time><extensions><gpxtpx:TrackPointExtension><gpxtpx:hr>157</gpxtpx:hr><gpxtpx:cad>80</gpxtpx:cad></gpxtpx:TrackPointExtension></extensions><extensions><gpxtpx:PowerExtension><gpxtpx:PowerInWatts>234</gpxtpx:PowerInWatts></gpxtpx:PowerExtension></extensions></trkpt>
<trkpt lat="38.5742374" lon="-121.4609479">
<ele>12</ele><time>2025-03-05T18:04:25.999Z</time><extensions><gpxtpx:TrackPointExtension><gpxtpx:hr>157</gpxtpx:hr><gpxtpx:cad>77</gpxtpx:cad></gpxtpx:TrackPointExtension></extensions><extensions><gpxtpx:PowerExtension><gpxtpx:PowerInWatts>233</gpxtpx:PowerInWatts></gpxtpx:PowerExtension></extensions></trkpt>
<trkpt lat="38.5742290" lon="-121.4608870">
<ele>12</ele><time>2025-03-05T18:04:27.999Z</time><extensions><gpxtpx:TrackPointExtension><gpxtpx:hr>157</gpxtpx:hr><gpxtpx:cad>77</gpxtpx:cad></gpxtpx:TrackPointExtension></extensions><extensions><gpxtpx:PowerExtension><gpxtpx:PowerInWatts>233</gpxtpx:PowerInWatts></gpxtpx:PowerExtension></extensions></trkpt>
<trkpt lat="38.5741953" lon="-121.4608192">
<ele>12</ele><time>2025-03-05T18:04:29.999Z</time><extensions><gpxtpx:TrackPointExtension><gpxtpx:hr>157</gpxtpx:hr><gpxtpx:cad>78</gpxtpx:cad></gpxtpx:TrackPointExtension></extensions><extensions><gpxtpx:PowerExtension><gpxtpx:PowerInWatts>230</gpxtpx:PowerInWatts></gpxtpx:PowerExtension></extensions></trkpt>
<trkpt lat="38.5741788" lon="-121.4607610">
<ele>11</ele><time>2025-03-05T18:04:31.999Z</time><extensions><gpxtpx:TrackPointExtension><gpxtpx:hr>157</gpxtpx:hr><gpxtpx:cad>78</gpxtpx:cad></gpxtpx:TrackPointExtension></extensions><extensions><gpxtpx:PowerExtension><gpxtpx:PowerInWatts>230</gpxtpx:PowerInWatts></gpxtpx:PowerExtension></extensions></trkpt>
<trkpt lat="38.5741439" lon="-121.4607096">
<ele>11</ele><time>2025-03-05T18:04:33.999Z</time><extensions><gpxtpx:TrackPointExtension><gpxtpx:hr>156</gpxtpx:hr><gpxtpx:cad>76</gpxtpx:cad></gpxtpx:TrackPointExtension></extensions><extensions><gpxtpx:PowerExtension><gpxtpx:PowerInWatts>227</gpxtpx:PowerInWatts></gpxtpx:PowerExtension></extensions></trkpt>
<trkpt lat="38.5740796" lon="-121.4606967">
<ele>11</ele><time>2025-03-05T18:04:35.999Z</time><extensions><gpxtpx:TrackPointExtension><gpxtpx:hr>156</gpxtpx:hr><gpxtpx:cad>74</gpxtpx:cad></gpxtpx:TrackPointExtension></extensions><extensions><gpxtpx:PowerExtension><gpxtpx:PowerInWatts>227</gpxtpx:PowerInWatts></gpxtpx:PowerExtension></extensions></trkpt>
<trkpt lat="38.5740432" lon="-121.4606387">
<ele>11</ele><time>2025-03-05T18:04:37.999Z</time><extensions><gpxtpx:TrackPointExtension><gpxtpx:hr>156</gpxtpx:hr><gpxtpx:cad>82</gpxtpx:cad></gpxtpx:TrackPointExtension></extensions><extensions><gpxtpx:PowerExtension><gpxtpx:PowerInWatts>229</gpxtpx:PowerInWatts></gpxtpx:PowerExtension></extensions></trkpt>
<trkpt lat="38.5740107" lon="-121.4605807">
<ele>11</ele><time>2025-03-05T18:04:39.999Z</time><extensions><gpxtpx:TrackPointExtension><gpxtpx:hr>156</gpxtpx:hr><gpxtpx:cad>78</gpxtpx:cad></gpxtpx:TrackPointExtension></extensions><extensions><gpxtpx:PowerExtension><gpxtpx:PowerInWatts>225</gpxtpx:PowerInWatts></gpxtpx:PowerExtension></extensions></trkpt>
<trkpt lat="38.5739805" lon="-121.4605028">
<ele>11</ele><time>2025-03-05T18:04:42.999Z</time><extensions><gpxtpx:TrackPointExtension><gpxtpx:hr>155</gpxtpx:hr><gpxtpx:cad>82</gpxtpx:cad></gpxtpx:TrackPointExtension></extensions><extensions><gpxtpx:PowerExtension><gpxtpx:PowerInWatts>225</gpxtpx:PowerInWatts></gpxtpx:PowerExtension></extensions></trkpt>
<trkpt lat="38.5739450" lon="-121.4604628">
<ele>11</ele><time>2025-03-05T18:04:44.999Z</time><extensions><gpxtpx:TrackPointExtension><gpxtpx:hr>155</gpxtpx:hr><gpxtpx:cad>81</gpxtpx:cad></gpxtpx:TrackPointExtension></extensions><extensions><gpxtpx:PowerExtension><gpxtpx:PowerInWatts>229</gpxtpx:PowerInWatts></gpxtpx:PowerExtension></extensions></trkpt>
<trkpt lat="38.5739523" lon="-121.4603792">
<ele>11</ele><time>2025-03-05T18:04:47.999Z</time><extensions><gpxtpx:TrackPointExtension><gpxtpx:hr>154</gpxtpx:hr><gpxtpx:cad>78</gpxtpx:cad></gpxtpx:TrackPointExtension></extensions><extensions><gpxtpx:PowerExtension><gpxtpx:PowerInWatts>224</gpxtpx:PowerInWatts></gpxtpx:PowerExtension></extensions></trkpt>
<trkpt lat="38.5739450" lon="-121.4602958">
<ele>11</ele><time>2025-03-05T18:04:50.999Z</time><extensions><gpxtpx:TrackPointExtension><gpxtpx:hr>153</gpxtpx:hr><gpxtpx:cad>82</gpxtpx:cad></gpxtpx:TrackPointExtension></extensions><extensions><gpxtpx:PowerExtension><gpxtpx:PowerInWatts>224</gpxtpx:PowerInWatts></gpxtpx:PowerExtension></extensions></trkpt>
<trkpt lat="38.5739288" lon="-121.4602178">
<ele>11</ele><time>2025-03-05T18:04:53.999Z</time><extensions><gpxtpx:TrackPointExtension><gpxtpx:hr>154</gpxtpx:hr><gpxtpx:cad>80</gpxtpx:cad></gpxtpx:TrackPointExtension></extensions><extensions><gpxtpx:PowerExtension><gpxtpx:PowerInWatts>215</gpxtpx:PowerInWatts></gpxtpx:PowerExtension></extensions></trkpt>
<trkpt lat="38.5739037" lon="-121.4601331">
<ele>11</ele><time>2025-03-05T18:04:56.999Z</time><extensions><gpxtpx:TrackPointExtension><gpxtpx:hr>154</gpxtpx:hr><gpxtpx:cad>79</gpxtpx:cad></gpxtpx:TrackPointExtension></extensions><extensions><gpxtpx:PowerExtension><gpxtpx:PowerInWatts>212</gpxtpx:PowerInWatts></gpxtpx:PowerExtension></extensions></trkpt>
<trkpt lat="38.5738832" lon="-121.4600712">
<ele>11</ele><time>2025-03-05T18:04:58.999Z</time><extensions><gpxtpx:TrackPointExtension><gpxtpx:hr>153</gpxtpx:hr><gpxtpx:cad>82</gpxtpx:cad></gpxtpx:TrackPointExtension></extensions><extensions><gpxtpx:PowerExtension><gpxtpx:PowerInWatts>212</gpxtpx:PowerInWatts></gpxtpx:PowerExtension></extensions></trkpt>
<trkpt lat="38.5738607" lon="-121.4600187">
<ele>11</ele><time>2025-03-05T18:05:00.999Z</time><extensions><gpxtpx:TrackPointExtension><gpxtpx:hr>153</gpxtpx:hr><gpxtpx:cad>82</gpxtpx:cad></gpxtpx:TrackPointExtension></extensions><extensions><gpxtpx:PowerExtension><gpxtpx:PowerInWatts>208</gpxtpx:PowerInWatts></gpxtpx:PowerExtension></extensions></trkpt>
<trkpt lat="38.5738485" lon="-121.4599582">
<ele>11</ele><time>2025-03-05T18:05:02.999Z</time><extensions><gpxtpx:TrackPointExtension><gpxtpx:hr>153</gpxtpx:hr><gpxtpx:cad>85</gpxtpx:cad></gpxtpx:TrackPointExtension></extensions><extensions><gpxtpx:PowerExtension><gpxtpx:PowerInWatts>208</gpxtpx:PowerInWatts></gpxtpx:PowerExtension></extensions></trkpt>
<trkpt lat="38.5738520" lon="-121.4598923">
<ele>11</ele><time>2025-03-05T18:05:04.999Z</time><extensions><gpxtpx:TrackPointExtension><gpxtpx:hr>153</gpxtpx:hr><gpxtpx:cad>83</gpxtpx:cad></gpxtpx:TrackPointExtension></extensions><extensions><gpxtpx:PowerExtension><gpxtpx:PowerInWatts>207</gpxtpx:PowerInWatts></gpxtpx:PowerExtension></extensions></trkpt>
<trkpt lat="38.5738180" lon="-121.4598299">
<ele>11</ele><time>2025-03-05T18:05:06.999Z</time><extensions><gpxtpx:TrackPointExtension><gpxtpx:hr>153</gpxtpx:hr><gpxtpx:cad>82</gpxtpx:cad></gpxtpx:TrackPointExtension></extensions><extensions><gpxtpx:PowerExtension><gpxtpx:PowerInWatts>208</gpxtpx:PowerInWatts></gpxtpx:PowerExtension></extensions></trkpt>
<trkpt lat="38.5737925" lon="-121.4597744">
<ele>11</ele><time>2025-03-05T18:05:08.999Z</time><extensions><gpxtpx:TrackPointExtension><gpxtpx:hr>153</gpxtpx:hr><gpxtpx:cad>77</gpxtpx:cad></gpxtpx:TrackPointExtension></extensions><extensions><gpxtpx:PowerExtension><gpxtpx:PowerInWatts>208</gpxtpx:PowerInWatts></gpxtpx:PowerExtension></extensions></trkpt>
<trkpt lat="38.5737786" lon="-121.4597123">
<ele>11</ele><time>2025-03-05T18:05:10.999Z</time><extensions><gpxtpx:TrackPointExtension><gpxtpx:hr>153</gpxtpx:hr><gpxtpx:cad>81</gpxtpx:cad></gpxtpx:TrackPointExtension></extensions><extensions><gpxtpx:PowerExtension><gpxtpx:PowerInWatts>208</gpxtpx:PowerInWatts></gpxtpx:PowerExtension></extensions></trkpt>
<trkpt lat="38.5737448" lon="-121.4596498">
<ele>11</ele><time>2025-03-05T18:05:12.999Z</time><extensions><gpxtpx:TrackPointExtension><gpxtpx:hr>153</gpxtpx:hr><gpxtpx:cad>77</gpxtpx:cad></gpxtpx:TrackPointExtension></extensions><extensions><gpxtpx:PowerExtension><gpxtpx:PowerInWatts>209</gpxtpx:PowerInWatts></gpxtpx:PowerExtension></extensions></trkpt>
<trkpt lat="38.5737531" lon="-121.4595808">
<ele>11</ele><time>2025-03-05T18:05:14.999Z</time><extensions><gpxtpx:TrackPointExtension><gpxtpx:hr>153</gpxtpx:hr><gpxtpx:cad>78</gpxtpx:cad></gpxtpx:TrackPointExtension></extensions><extensions><gpxtpx:PowerExtension><gpxtpx:PowerInWatts>209</gpxtpx:PowerInWatts></gpxtpx:PowerExtension></extensions></trkpt>
<trkpt lat="38.5737329" lon="-121.4595177">
<ele>12</ele><time>2025-03-05T18:05:16.999Z</time><extensions><gpxtpx:TrackPointExtension><gpxtpx:hr>153</gpxtpx:hr><gpxtpx:cad>81</gpxtpx:cad></gpxtpx:TrackPointExtension></extensions><extensions><gpxtpx:PowerExtension><gpxtpx:PowerInWatts>212</gpxtpx:PowerInWatts></gpxtpx:PowerExtension></extensions></trkpt>
<trkpt lat="38.5737070" lon="-121.4594494">
<ele>12</ele><time>2025-03-05T18:05:18.999Z</time><extensions><gpxtpx:TrackPointExtension><gpxtpx:hr>153</gpxtpx:hr><gpxtpx:cad>73</gpxtpx:cad></gpxtpx:TrackPointExtension></extensions><extensions><gpxtpx:PowerExtension><gpxtpx:PowerInWatts>212</gpxtpx:PowerInWatts></gpxtpx:PowerExtension></extensions></trkpt>
<trkpt lat="38.5736940" lon="-121.4593803">
<ele>12</ele><time>2025-03-05T18:05:20.999Z</time><extensions><gpxtpx:TrackPointExtension><gpxtpx:hr>153</gpxtpx:hr><gpxtpx:cad>78</gpxtpx:cad></gpxtpx:TrackPointExtension></extensions><extensions><gpxtpx:PowerExtension><gpxtpx:PowerInWatts>212</gpxtpx:PowerInWatts></gpxtpx:PowerExtension></extensions></trkpt>
<trkpt lat="38.5736617" lon="-121.4593218">
<ele>12</ele><time>2025-03-05T18:05:22.999Z</time><extensions><gpxtpx:TrackPointExtension><gpxtpx:hr>153</gpxtpx:hr><gpxtpx:cad>79</gpxtpx:cad></gpxtpx:TrackPointExtension></extensions><extensions><gpxtpx:PowerExtension><gpxtpx:PowerInWatts>213</gpxtpx:PowerInWatts></gpxtpx:PowerExtension></extensions></trkpt>
<trkpt lat="38.5736530" lon="-121.4592600">
<ele>12</ele><time>2025-03-05T18:05:24.999Z</time><extensions><gpxtpx:TrackPointExtension><gpxtpx:hr>153</gpxtpx:hr><gpxtpx:cad>80</gpxtpx:cad></gpxtpx:TrackPointExtension></extensions><extensions><gpxtpx:PowerExtension><gpxtpx:PowerInWatts>217</gpxtpx:PowerInWatts></gpxtpx:PowerExtension></extensions></trkpt>
<trkpt lat="38.5736298" lon="-121.4592083">
<ele>12</ele><time>2025-03-05T18:05:26.999Z</time><extensions><gpxtpx:TrackPointExtension><gpxtpx:hr>153</gpxtpx:hr><gpxtpx:cad>80</gpxtpx:cad></gpxtpx:TrackPointExtension></extensions><extensions><gpxtpx:PowerExtension><gpxtpx:PowerInWatts>217</gpxtpx:PowerInWatts></gpxtpx:PowerExtension></extensions></trkpt>
<trkpt lat="38.5736077" lon="-121.4591337">
<ele>12</ele><time>2025-03-05T18:05:28.999Z</time><extensions><gpxtpx:TrackPointExtension><gpxtpx:hr>153</gpxtpx:hr><gpxtpx:cad>78</gpxtpx:cad></gpxtpx:TrackPointExtension></extensions><extensions><gpxtpx:PowerExtension><gpxtpx:PowerInWatts>217</gpxtpx:PowerInWatts></gpxtpx:PowerExtension></extensions></trkpt>
<trkpt lat="38.5735955" lon="-121.4590664">
<ele>12</ele><time>2025-03-05T18:05:30.999Z</time><extensions><gpxtpx:TrackPointExtension><gpxtpx:hr>153</gpxtpx:hr><gpxtpx:cad>75</gpxtpx:cad></gpxtpx:TrackPointExtension></extensions><extensions><gpxtpx:PowerExtension><gpxtpx:PowerInWatts>217</gpxtpx:PowerInWatts></gpxtpx:PowerExtension></extensions></trkpt>
<trkpt lat="38.5735736" lon="-121.4590142">
<ele>12</ele><time>2025-03-05T18:05:32.999Z</time><extensions><gpxtpx:TrackPointExtension><gpxtpx:hr>153</gpxtpx:hr><gpxtpx:cad>76</gpxtpx:cad></gpxtpx:TrackPointExtension></extensions><extensions><gpxtpx:PowerExtension><gpxtpx:PowerInWatts>216</gpxtpx:PowerInWatts></gpxtpx:PowerExtension></extensions></trkpt>
<trkpt lat="38.5735808" lon="-121.4589481">
<ele>12</ele><time>2025-03-05T18:05:34.999Z</time><extensions><gpxtpx:TrackPointExtension><gpxtpx:hr>153</gpxtpx:hr><gpxtpx:cad>77</gpxtpx:cad></gpxtpx:TrackPointExtension></extensions><extensions><gpxtpx:PowerExtension><gpxtpx:PowerInWatts>216</gpxtpx:PowerInWatts></gpxtpx:PowerExtension></extensions></trkpt>
<trkpt lat="38.5735715" lon="-121.4588717">
<ele>12</ele><time>2025-03-05T18:05:36.999Z</time><extensions><gpxtpx:TrackPointExtension><gpxtpx:hr>153</gpxtpx:hr><gpxtpx:cad>82</gpxtpx:cad></gpxtpx:TrackPointExtension></extensions><extensions><gpxtpx:PowerExtension><gpxtpx:PowerInWatts>216</gpxtpx:PowerInWatts></gpxtpx:PowerExtension></extensions></trkpt>
<trkpt lat="38.5735306" lon="-121.4588106">
<ele>12</ele><time>2025-03-05T18:05:38.999Z</time><extensions><gpxtpx:TrackPointExtension><gpxtpx:hr>153</gpxtpx:hr><gpxtpx:cad>78</gpxtpx:cad></gpxtpx:TrackPointExtension></extensions><extensions><gpxtpx:PowerExtension><gpxtpx:PowerInWatts>215</gpxtpx:PowerInWatts></gpxtpx:PowerExtension></extensions></trkpt>
<trkpt lat="38.5735241" lon="-121.4587511">
<ele>12</ele><time>2025-03-05T18:05:40.999Z</time><extensions><gpxtpx:TrackPointExtension><gpxtpx:hr>153</gpxtpx:hr><gpxtpx:cad>82</gpxtpx:cad></gpxtpx:TrackPointExtension></extensions><extensions><gpxtpx:PowerExtension><gpxtpx:PowerInWatts>215</gpxtpx:PowerInWatts></gpxtpx:PowerExtension></extensions></trkpt>
<trkpt lat="38.5734953" lon="-121.4586730">
<ele>12</ele><time>2025-03-05T18:05:43.999Z</time><extensions><gpxtpx:TrackPointExtension><gpxtpx:hr>153</gpxtpx:hr><gpxtpx:cad>81</gpxtpx:cad></gpxtpx:TrackPointExtension></extensions><extensions><gpxtpx:PowerExtension><gpxtpx:PowerInWatts>214</gpxtpx:PowerInWatts></gpxtpx:PowerExtension></extensions></trkpt>
<trkpt lat="38.5734701" lon="-121.4585873">
<ele>12</ele><time>2025-03-05T18:05:46.999Z</time><extensions><gpxtpx:TrackPointExtension><gpxtpx:hr>153</gpxtpx:hr><gpxtpx:cad>78</gpxtpx:cad></gpxtpx:TrackPointExtension></extensions><extensions><gpxtpx:PowerExtension><gpxtpx:PowerInWatts>217</gpxtpx:PowerInWatts></gpxtpx:PowerExtension></extensions></trkpt>
<trkpt lat="38.5734555" lon="-121.4585032">
<ele>12</ele><time>2025-03-05T18:05:50.000Z</time><extensions><gpxtpx:TrackPointExtension><gpxtpx:hr>153</gpxtpx:hr><gpxtpx:cad>79</gpxtpx:cad></gpxtpx:TrackPointExtension></extensions><extensions><gpxtpx:PowerExtension><gpxtpx:PowerInWatts>214</gpxtpx:PowerInWatts></gpxtpx:PowerExtension></extensions></trkpt>
<trkpt lat="38.5734413" lon="-121.4584224">
<ele>12</ele><time>2025-03-05T18:05:53.000Z</time><extensions><gpxtpx:TrackPointExtension><gpxtpx:hr>152</gpxtpx:hr><gpxtpx:cad>81</gpxtpx:cad></gpxtpx:TrackPointExtension></extensions><extensions><gpxtpx:PowerExtension><gpxtpx:PowerInWatts>209</gpxtpx:PowerInWatts></gpxtpx:PowerExtension></extensions></trkpt>
<trkpt lat="38.5734218" lon="-121.4583410">
<ele>12</ele><time>2025-03-05T18:05:56.000Z</time><extensions><gpxtpx:TrackPointExtension><gpxtpx:hr>152</gpxtpx:hr><gpxtpx:cad>85</gpxtpx:cad></gpxtpx:TrackPointExtension></extensions><extensions><gpxtpx:PowerExtension><gpxtpx:PowerInWatts>209</gpxtpx:PowerInWatts></gpxtpx:PowerExtension></extensions></trkpt>
<trkpt lat="38.5733974" lon="-121.4582836">
<ele>12</ele><time>2025-03-05T18:05:58.000Z</time><extensions><gpxtpx:TrackPointExtension><gpxtpx:hr>152</gpxtpx:hr><gpxtpx:cad>80</gpxtpx:cad></gpxtpx:TrackPointExtension></extensions><extensions><gpxtpx:PowerExtension><gpxtpx:PowerInWatts>209</gpxtpx:PowerInWatts></gpxtpx:PowerExtension></extensions></trkpt>
<trkpt lat="38.5733804" lon="-121.4582077">
<ele>12</ele><time>2025-03-05T18:06:00.000Z</time><extensions><gpxtpx:TrackPointExtension><gpxtpx:hr>151</gpxtpx:hr><gpxtpx:cad>80</gpxtpx:cad></gpxtpx:TrackPointExtension></extensions><extensions><gpxtpx:PowerExtension><gpxtpx:PowerInWatts>204</gpxtpx:PowerInWatts></gpxtpx:PowerExtension></extensions></trkpt>
<trkpt lat="38.5733526" lon="-121.4581286">
<ele>12</ele><time>2025-03-05T18:06:02.000Z</time><extensions><gpxtpx:TrackPointExtension><gpxtpx:hr>150</gpxtpx:hr><gpxtpx:cad>81</gpxtpx:cad></gpxtpx:TrackPointExtension></extensions><extensions><gpxtpx:PowerExtension><gpxtpx:PowerInWatts>204</gpxtpx:PowerInWatts></gpxtpx:PowerExtension></extensions></trkpt>
<trkpt lat="38.5733208" lon="-121.4580411">
<ele>12</ele><time>2025-03-05T18:06:04.000Z</time><extensions><gpxtpx:TrackPointExtension><gpxtpx:hr>150</gpxtpx:hr><gpxtpx:cad>81</gpxtpx:cad></gpxtpx:TrackPointExtension></extensions><extensions><gpxtpx:PowerExtension><gpxtpx:PowerInWatts>204</gpxtpx:PowerInWatts></gpxtpx:PowerExtension></extensions></trkpt>
<trkpt lat="38.5733083" lon="-121.4579745">
<ele>12</ele><time>2025-03-05T18:06:06.000Z</time><extensions><gpxtpx:TrackPointExtension><gpxtpx:hr>149</gpxtpx:hr><gpxtpx:cad>76</gpxtpx:cad></gpxtpx:TrackPointExtension></extensions><extensions><gpxtpx:PowerExtension><gpxtpx:PowerInWatts>209</gpxtpx:PowerInWatts></gpxtpx:PowerExtension></extensions></trkpt>
<trkpt lat="38.5732776" lon="-121.4579054">
<ele>12</ele><time>2025-03-05T18:06:08.000Z</time><extensions><gpxtpx:TrackPointExtension><gpxtpx:hr>148</gpxtpx:hr><gpxtpx:cad>75</gpxtpx:cad></gpxtpx:TrackPointExtension></extensions><extensions><gpxtpx:PowerExtension><gpxtpx:PowerInWatts>209</gpxtpx:PowerInWatts></gpxtpx:PowerExtension></extensions></trkpt>
<trkpt lat="38.5732543" lon="-121.4578318">
<ele>12</ele><time>2025-03-05T18:06:10.000Z</time><extensions><gpxtpx:TrackPointExtension><gpxtpx:hr>147</gpxtpx:hr><gpxtpx:cad>72</gpxtpx:cad></gpxtpx:TrackPointExtension></extensions><extensions><gpxtpx:PowerExtension><gpxtpx:PowerInWatts>220</gpxtpx:PowerInWatts></gpxtpx:PowerExtension></extensions></trkpt>
<trkpt lat="38.5732499" lon="-121.4577659">
<ele>12</ele><time>2025-03-05T18:06:12.000Z</time><extensions><gpxtpx:TrackPointExtension><gpxtpx:hr>145</gpxtpx:hr><gpxtpx:cad>74</gpxtpx:cad></gpxtpx:TrackPointExtension></extensions><extensions><gpxtpx:PowerExtension><gpxtpx:PowerInWatts>236</gpxtpx:PowerInWatts></gpxtpx:PowerExtension></extensions></trkpt>
<trkpt lat="38.5732187" lon="-121.4576804">
<ele>12</ele><time>2025-03-05T18:06:15.000Z</time><extensions><gpxtpx:TrackPointExtension><gpxtpx:hr>144</gpxtpx:hr><gpxtpx:cad>78</gpxtpx:cad></gpxtpx:TrackPointExtension></extensions><extensions><gpxtpx:PowerExtension><gpxtpx:PowerInWatts>236</gpxtpx:PowerInWatts></gpxtpx:PowerExtension></extensions></trkpt>
<trkpt lat="38.5731992" lon="-121.4576134">
<ele>12</ele><time>2025-03-05T18:06:17.000Z</time><extensions><gpxtpx:TrackPointExtension><gpxtpx:hr>145</gpxtpx:hr><gpxtpx:cad>78</gpxtpx:cad></gpxtpx:TrackPointExtension></extensions><extensions><gpxtpx:PowerExtension><gpxtpx:PowerInWatts>236</gpxtpx:PowerInWatts></gpxtpx:PowerExtension></extensions></trkpt>
<trkpt lat="38.5732039" lon="-121.4575446">
<ele>12</ele><time>2025-03-05T18:06:19.000Z</time><extensions><gpxtpx:TrackPointExtension><gpxtpx:hr>145</gpxtpx:hr><gpxtpx:cad>75</gpxtpx:cad></gpxtpx:TrackPointExtension></extensions><extensions><gpxtpx:PowerExtension><gpxtpx:PowerInWatts>283</gpxtpx:PowerInWatts></gpxtpx:PowerExtension></extensions></trkpt>
<trkpt lat="38.5731725" lon="-121.4574817">
<ele>12</ele><time>2025-03-05T18:06:21.000Z</time><extensions><gpxtpx:TrackPointExtension><gpxtpx:hr>148</gpxtpx:hr><gpxtpx:cad>76</gpxtpx:cad></gpxtpx:TrackPointExtension></extensions><extensions><gpxtpx:PowerExtension><gpxtpx:PowerInWatts>249</gpxtpx:PowerInWatts></gpxtpx:PowerExtension></extensions></trkpt>
<trkpt lat="38.5731353" lon="-121.4573873">
<ele>12</ele><time>2025-03-05T18:06:23.000Z</time><extensions><gpxtpx:TrackPointExtension><gpxtpx:hr>149</gpxtpx:hr><gpxtpx:cad>76</gpxtpx:cad></gpxtpx:TrackPointExtension></extensions><extensions><gpxtpx:PowerExtension><gpxtpx:PowerInWatts>249</gpxtpx:PowerInWatts></gpxtpx:PowerExtension></extensions></trkpt>
<trkpt lat="38.5730939" lon="-121.4573061">
<ele>13</ele><time>2025-03-05T18:06:25.000Z</time><extensions><gpxtpx:TrackPointExtension><gpxtpx:hr>149</gpxtpx:hr><gpxtpx:cad>78</gpxtpx:cad></gpxtpx:TrackPointExtension></extensions><extensions><gpxtpx:PowerExtension><gpxtpx:PowerInWatts>242</gpxtpx:PowerInWatts></gpxtpx:PowerExtension></extensions></trkpt>
<trkpt lat="38.5730828" lon="-121.4572367">
<ele>13</ele><time>2025-03-05T18:06:27.000Z</time><extensions><gpxtpx:TrackPointExtension><gpxtpx:hr>152</gpxtpx:hr><gpxtpx:cad>82</gpxtpx:cad></gpxtpx:TrackPointExtension></extensions><extensions><gpxtpx:PowerExtension><gpxtpx:PowerInWatts>237</gpxtpx:PowerInWatts></gpxtpx:PowerExtension></extensions></trkpt>
<trkpt lat="38.5730583" lon="-121.4571684">
<ele>13</ele><time>2025-03-05T18:06:29.000Z</time><extensions><gpxtpx:TrackPointExtension><gpxtpx:hr>154</gpxtpx:hr><gpxtpx:cad>83</gpxtpx:cad></gpxtpx:TrackPointExtension></extensions><extensions><gpxtpx:PowerExtension><gpxtpx:PowerInWatts>247</gpxtpx:PowerInWatts></gpxtpx:PowerExtension></extensions></trkpt>
<trkpt lat="38.5730410" lon="-121.4571151">
<ele>13</ele><time>2025-03-05T18:06:30.000Z</time><extensions><gpxtpx:TrackPointExtension><gpxtpx:hr>154</gpxtpx:hr><gpxtpx:cad>86</gpxtpx:cad></gpxtpx:TrackPointExtension></extensions><extensions><gpxtpx:PowerExtension><gpxtpx:PowerInWatts>247</gpxtpx:PowerInWatts></gpxtpx:PowerExtension></extensions></trkpt>
<trkpt lat="38.5730273" lon="-121.4570161">
<ele>13</ele><time>2025-03-05T18:06:32.000Z</time><extensions><gpxtpx:TrackPointExtension><gpxtpx:hr>156</gpxtpx:hr><gpxtpx:cad>80</gpxtpx:cad></gpxtpx:TrackPointExtension></extensions><extensions><gpxtpx:PowerExtension><gpxtpx:PowerInWatts>267</gpxtpx:PowerInWatts></gpxtpx:PowerExtension></extensions></trkpt>
<trkpt lat="38.5730104" lon="-121.4569361">
<ele>13</ele><time>2025-03-05T18:06:34.000Z</time><extensions><gpxtpx:TrackPointExtension><gpxtpx:hr>157</gpxtpx:hr><gpxtpx:cad>86</gpxtpx:cad></gpxtpx:TrackPointExtension></extensions><extensions><gpxtpx:PowerExtension><gpxtpx:PowerInWatts>267</gpxtpx:PowerInWatts></gpxtpx:PowerExtension></extensions></trkpt>
<trkpt lat="38.5729795" lon="-121.4568693">
<ele>13</ele><time>2025-03-05T18:06:36.000Z</time><extensions><gpxtpx:TrackPointExtension><gpxtpx:hr>158</gpxtpx:hr><gpxtpx:cad>90</gpxtpx:cad></gpxtpx:TrackPointExtension></extensions><extensions><gpxtpx:PowerExtension><gpxtpx:PowerInWatts>274</gpxtpx:PowerInWatts></gpxtpx:PowerExtension></extensions></trkpt>
<trkpt lat="38.5729811" lon="-121.4568044">
<ele>13</ele><time>2025-03-05T18:06:37.000Z</time><extensions><gpxtpx:TrackPointExtension><gpxtpx:hr>159</gpxtpx:hr><gpxtpx:cad>91</gpxtpx:cad></gpxtpx:TrackPointExtension></extensions><extensions><gpxtpx:PowerExtension><gpxtpx:PowerInWatts>274</gpxtpx:PowerInWatts></gpxtpx:PowerExtension></extensions></trkpt>
<trkpt lat="38.5729936" lon="-121.4567180">
<ele>13</ele><time>2025-03-05T18:06:39.000Z</time><extensions><gpxtpx:TrackPointExtension><gpxtpx:hr>160</gpxtpx:hr><gpxtpx:cad>88</gpxtpx:cad></gpxtpx:TrackPointExtension></extensions><extensions><gpxtpx:PowerExtension><gpxtpx:PowerInWatts>274</gpxtpx:PowerInWatts></gpxtpx:PowerExtension></extensions></trkpt>
<trkpt lat="38.5729428" lon="-121.4566241">
<ele>13</ele><time>2025-03-05T18:06:41.000Z</time><extensions><gpxtpx:TrackPointExtension><gpxtpx:hr>160</gpxtpx:hr><gpxtpx:cad>87</gpxtpx:cad></gpxtpx:TrackPointExtension></extensions><extensions><gpxtpx:PowerExtension><gpxtpx:PowerInWatts>274</gpxtpx:PowerInWatts></gpxtpx:PowerExtension></extensions></trkpt>
<trkpt lat="38.5729205" lon="-121.4565450">
<ele>13</ele><time>2025-03-05T18:06:43.000Z</time><extensions><gpxtpx:TrackPointExtension><gpxtpx:hr>160</gpxtpx:hr><gpxtpx:cad>90</gpxtpx:cad></gpxtpx:TrackPointExtension></extensions><extensions><gpxtpx:PowerExtension><gpxtpx:PowerInWatts>284</gpxtpx:PowerInWatts></gpxtpx:PowerExtension></extensions></trkpt>
<trkpt lat="38.5728843" lon="-121.4565048">
<ele>13</ele><time>2025-03-05T18:06:45.000Z</time><extensions><gpxtpx:TrackPointExtension><gpxtpx:hr>161</gpxtpx:hr><gpxtpx:cad>90</gpxtpx:cad></gpxtpx:TrackPointExtension></extensions><extensions><gpxtpx:PowerExtension><gpxtpx:PowerInWatts>287</gpxtpx:PowerInWatts></gpxtpx:PowerExtension></extensions></trkpt>
<trkpt lat="38.5728596" lon="-121.4564262">
<ele>13</ele><time>2025-03-05T18:06:47.000Z</time><extensions><gpxtpx:TrackPointExtension><gpxtpx:hr>162</gpxtpx:hr><gpxtpx:cad>91</gpxtpx:cad></gpxtpx:TrackPointExtension></extensions><extensions><gpxtpx:PowerExtension><gpxtpx:PowerInWatts>308</gpxtpx:PowerInWatts></gpxtpx:PowerExtension></extensions></trkpt>
<trkpt lat="38.5728366" lon="-121.4563436">
<ele>13</ele><time>2025-03-05T18:06:49.000Z</time><extensions><gpxtpx:TrackPointExtension><gpxtpx:hr>162</gpxtpx:hr><gpxtpx:cad>86</gpxtpx:cad></gpxtpx:TrackPointExtension></extensions><extensions><gpxtpx:PowerExtension><gpxtpx:PowerInWatts>308</gpxtpx:PowerInWatts></gpxtpx:PowerExtension></extensions></trkpt>
<trkpt lat="38.5728267" lon="-121.4562827">
<ele>13</ele><time>2025-03-05T18:06:50.000Z</time><extensions><gpxtpx:TrackPointExtension><gpxtpx:hr>162</gpxtpx:hr><gpxtpx:cad>80</gpxtpx:cad></gpxtpx:TrackPointExtension></extensions><extensions><gpxtpx:PowerExtension><gpxtpx:PowerInWatts>308</gpxtpx:PowerInWatts></gpxtpx:PowerExtension></extensions></trkpt>
<trkpt lat="38.5728431" lon="-121.4562043">
<ele>13</ele><time>2025-03-05T18:06:52.000Z</time><extensions><gpxtpx:TrackPointExtension><gpxtpx:hr>162</gpxtpx:hr><gpxtpx:cad>84</gpxtpx:cad></gpxtpx:TrackPointExtension></extensions><extensions><gpxtpx:PowerExtension><gpxtpx:PowerInWatts>300</gpxtpx:PowerInWatts></gpxtpx:PowerExtension></extensions></trkpt>
<trkpt lat="38.5728146" lon="-121.4561545">
<ele>13</ele><time>2025-03-05T18:06:53.000Z</time><extensions><gpxtpx:TrackPointExtension><gpxtpx:hr>163</gpxtpx:hr><gpxtpx:cad>88</gpxtpx:cad></gpxtpx:TrackPointExtension></extensions><extensions><gpxtpx:PowerExtension><gpxtpx:PowerInWatts>300</gpxtpx:PowerInWatts></gpxtpx:PowerExtension></extensions></trkpt>
<trkpt lat="38.5727832" lon="-121.4560606">
<ele>13</ele><time>2025-03-05T18:06:55.000Z</time><extensions><gpxtpx:TrackPointExtension><gpxtpx:hr>163</gpxtpx:hr><gpxtpx:cad>90</gpxtpx:cad></gpxtpx:TrackPointExtension></extensions><extensions><gpxtpx:PowerExtension><gpxtpx:PowerInWatts>300</gpxtpx:PowerInWatts></gpxtpx:PowerExtension></extensions></trkpt>
<trkpt lat="38.5727566" lon="-121.4559893">
<ele>13</ele><time>2025-03-05T18:06:57.000Z</time><extensions><gpxtpx:TrackPointExtension><gpxtpx:hr>163</gpxtpx:hr><gpxtpx:cad>87</gpxtpx:cad></gpxtpx:TrackPointExtension></extensions><extensions><gpxtpx:PowerExtension><gpxtpx:PowerInWatts>298</gpxtpx:PowerInWatts></gpxtpx:PowerExtension></extensions></trkpt>
<trkpt lat="38.5727227" lon="-121.4559039">
<ele>13</ele><time>2025-03-05T18:06:59.000Z</time><extensions><gpxtpx:TrackPointExtension><gpxtpx:hr>163</gpxtpx:hr><gpxtpx:cad>83</gpxtpx:cad></gpxtpx:TrackPointExtension></extensions><extensions><gpxtpx:PowerExtension><gpxtpx:PowerInWatts>298</gpxtpx:PowerInWatts></gpxtpx:PowerExtension></extensions></trkpt>
<trkpt lat="38.5727037" lon="-121.4558078">
<ele>13</ele><time>2025-03-05T18:07:01.000Z</time><extensions><gpxtpx:TrackPointExtension><gpxtpx:hr>163</gpxtpx:hr><gpxtpx:cad>80</gpxtpx:cad></gpxtpx:TrackPointExtension></extensions><extensions><gpxtpx:PowerExtension><gpxtpx:PowerInWatts>298</gpxtpx:PowerInWatts></gpxtpx:PowerExtension></extensions></trkpt>
<trkpt lat="38.5726804" lon="-121.4557416">
<ele>13</ele><time>2025-03-05T18:07:03.000Z</time><extensions><gpxtpx:TrackPointExtension><gpxtpx:hr>163</gpxtpx:hr><gpxtpx:cad>79</gpxtpx:cad></gpxtpx:TrackPointExtension></extensions><extensions><gpxtpx:PowerExtension><gpxtpx:PowerInWatts>300</gpxtpx:PowerInWatts></gpxtpx:PowerExtension></extensions></trkpt>
<trkpt lat="38.5727046" lon="-121.4556494">
<ele>13</ele><time>2025-03-05T18:07:05.000Z</time><extensions><gpxtpx:TrackPointExtension><gpxtpx:hr>163</gpxtpx:hr><gpxtpx:cad>81</gpxtpx:cad></gpxtpx:TrackPointExtension></extensions><extensions><gpxtpx:PowerExtension><gpxtpx:PowerInWatts>300</gpxtpx:PowerInWatts></gpxtpx:PowerExtension></extensions></trkpt>
<trkpt lat="38.5726940" lon="-121.4555738">
<ele>13</ele><time>2025-03-05T18:07:07.000Z</time><extensions><gpxtpx:TrackPointExtension><gpxtpx:hr>163</gpxtpx:hr><gpxtpx:cad>75</gpxtpx:cad></gpxtpx:TrackPointExtension></extensions><extensions><gpxtpx:PowerExtension><gpxtpx:PowerInWatts>300</gpxtpx:PowerInWatts></gpxtpx:PowerExtension></extensions></trkpt>
<trkpt lat="38.5726512" lon="-121.4554960">
<ele>13</ele><time>2025-03-05T18:07:09.000Z</time><extensions><gpxtpx:TrackPointExtension><gpxtpx:hr>163</gpxtpx:hr><gpxtpx:cad>82</gpxtpx:cad></gpxtpx:TrackPointExtension></extensions><extensions><gpxtpx:PowerExtension><gpxtpx:PowerInWatts>299</gpxtpx:PowerInWatts></gpxtpx:PowerExtension></extensions></trkpt>
<trkpt lat="38.5726237" lon="-121.4554314">
<ele>14</ele><time>2025-03-05T18:07:10.000Z</time><extensions><gpxtpx:TrackPointExtension><gpxtpx:hr>163</gpxtpx:hr><gpxtpx:cad>83</gpxtpx:cad></gpxtpx:TrackPointExtension></extensions><extensions><gpxtpx:PowerExtension><gpxtpx:PowerInWatts>299</gpxtpx:PowerInWatts></gpxtpx:PowerExtension></extensions></trkpt>
<trkpt lat="38.5725918" lon="-121.4553606">
<ele>14</ele><time>2025-03-05T18:07:12.000Z</time><extensions><gpxtpx:TrackPointExtension><gpxtpx:hr>164</gpxtpx:hr><gpxtpx:cad>85</gpxtpx:cad></gpxtpx:TrackPointExtension></extensions><extensions><gpxtpx:PowerExtension><gpxtpx:PowerInWatts>299</gpxtpx:PowerInWatts></gpxtpx:PowerExtension></extensions></trkpt>
<trkpt lat="38.5725525" lon="-121.4552704">
<ele>14</ele><time>2025-03-05T18:07:14.000Z</time><extensions><gpxtpx:TrackPointExtension><gpxtpx:hr>164</gpxtpx:hr><gpxtpx:cad>83</gpxtpx:cad></gpxtpx:TrackPointExtension></extensions><extensions><gpxtpx:PowerExtension><gpxtpx:PowerInWatts>292</gpxtpx:PowerInWatts></gpxtpx:PowerExtension></extensions></trkpt>
<trkpt lat="38.5725410" lon="-121.4551788">
<ele>14</ele><time>2025-03-05T18:07:16.000Z</time><extensions><gpxtpx:TrackPointExtension><gpxtpx:hr>164</gpxtpx:hr><gpxtpx:cad>88</gpxtpx:cad></gpxtpx:TrackPointExtension></extensions><extensions><gpxtpx:PowerExtension><gpxtpx:PowerInWatts>292</gpxtpx:PowerInWatts></gpxtpx:PowerExtension></extensions></trkpt>
<trkpt lat="38.5725223" lon="-121.4550965">
<ele>14</ele><time>2025-03-05T18:07:18.000Z</time><extensions><gpxtpx:TrackPointExtension><gpxtpx:hr>165</gpxtpx:hr><gpxtpx:cad>83</gpxtpx:cad></gpxtpx:TrackPointExtension></extensions><extensions><gpxtpx:PowerExtension><gpxtpx:PowerInWatts>296</gpxtpx:PowerInWatts></gpxtpx:PowerExtension></extensions></trkpt>
<trkpt lat="38.5725030" lon="-121.4550138">
<ele>14</ele><time>2025-03-05T18:07:20.000Z</time><extensions><gpxtpx:TrackPointExtension><gpxtpx:hr>166</gpxtpx:hr><gpxtpx:cad>87</gpxtpx:cad></gpxtpx:TrackPointExtension></extensions><extensions><gpxtpx:PowerExtension><gpxtpx:PowerInWatts>301</gpxtpx:PowerInWatts></gpxtpx:PowerExtension></extensions></trkpt>
<trkpt lat="38.5724573" lon="-121.4549248">
<ele>14</ele><time>2025-03-05T18:07:22.000Z</time><extensions><gpxtpx:TrackPointExtension><gpxtpx:hr>166</gpxtpx:hr><gpxtpx:cad>85</gpxtpx:cad></gpxtpx:TrackPointExtension></extensions><extensions><gpxtpx:PowerExtension><gpxtpx:PowerInWatts>301</gpxtpx:PowerInWatts></gpxtpx:PowerExtension></extensions></trkpt>
<trkpt lat="38.5724361" lon="-121.4548262">
<ele>14</ele><time>2025-03-05T18:07:24.000Z</time><extensions><gpxtpx:TrackPointExtension><gpxtpx:hr>165</gpxtpx:hr><gpxtpx:cad>91</gpxtpx:cad></gpxtpx:TrackPointExtension></extensions><extensions><gpxtpx:PowerExtension><gpxtpx:PowerInWatts>302</gpxtpx:PowerInWatts></gpxtpx:PowerExtension></extensions></trkpt>
<trkpt lat="38.5724153" lon="-121.4547688">
<ele>14</ele><time>2025-03-05T18:07:25.000Z</time><extensions><gpxtpx:TrackPointExtension><gpxtpx:hr>165</gpxtpx:hr><gpxtpx:cad>87</gpxtpx:cad></gpxtpx:TrackPointExtension></extensions><extensions><gpxtpx:PowerExtension><gpxtpx:PowerInWatts>302</gpxtpx:PowerInWatts></gpxtpx:PowerExtension></extensions></trkpt>
<trkpt lat="38.5723876" lon="-121.4547229">
<ele>14</ele><time>2025-03-05T18:07:26.000Z</time><extensions><gpxtpx:TrackPointExtension><gpxtpx:hr>165</gpxtpx:hr><gpxtpx:cad>85</gpxtpx:cad></gpxtpx:TrackPointExtension></extensions><extensions><gpxtpx:PowerExtension><gpxtpx:PowerInWatts>299</gpxtpx:PowerInWatts></gpxtpx:PowerExtension></extensions></trkpt>
<trkpt lat="38.5723619" lon="-121.4546534">
<ele>14</ele><time>2025-03-05T18:07:28.000Z</time><extensions><gpxtpx:TrackPointExtension><gpxtpx:hr>166</gpxtpx:hr><gpxtpx:cad>85</gpxtpx:cad></gpxtpx:TrackPointExtension></extensions><extensions><gpxtpx:PowerExtension><gpxtpx:PowerInWatts>300</gpxtpx:PowerInWatts></gpxtpx:PowerExtension></extensions></trkpt>
<trkpt lat="38.5723372" lon="-121.4545733">
<ele>14</ele><time>2025-03-05T18:07:30.000Z</time><extensions><gpxtpx:TrackPointExtension><gpxtpx:hr>166</gpxtpx:hr><gpxtpx:cad>81</gpxtpx:cad></gpxtpx:TrackPointExtension></extensions><extensions><gpxtpx:PowerExtension><gpxtpx:PowerInWatts>300</gpxtpx:PowerInWatts></gpxtpx:PowerExtension></extensions></trkpt>
<trkpt lat="38.5723171" lon="-121.4545197">
<ele>14</ele><time>2025-03-05T18:07:31.000Z</time><extensions><gpxtpx:TrackPointExtension><gpxtpx:hr>166</gpxtpx:hr><gpxtpx:cad>84</gpxtpx:cad></gpxtpx:TrackPointExtension></extensions><extensions><gpxtpx:PowerExtension><gpxtpx:PowerInWatts>308</gpxtpx:PowerInWatts></gpxtpx:PowerExtension></extensions></trkpt>
<trkpt lat="38.5722970" lon="-121.4544487">
<ele>14</ele><time>2025-03-05T18:07:33.000Z</time><extensions><gpxtpx:TrackPointExtension><gpxtpx:hr>166</gpxtpx:hr><gpxtpx:cad>84</gpxtpx:cad></gpxtpx:TrackPointExtension></extensions><extensions><gpxtpx:PowerExtension><gpxtpx:PowerInWatts>317</gpxtpx:PowerInWatts></gpxtpx:PowerExtension></extensions></trkpt>
<trkpt lat="38.5722807" lon="-121.4543924">
<ele>14</ele><time>2025-03-05T18:07:35.000Z</time><extensions><gpxtpx:TrackPointExtension><gpxtpx:hr>167</gpxtpx:hr><gpxtpx:cad>85</gpxtpx:cad></gpxtpx:TrackPointExtension></extensions><extensions><gpxtpx:PowerExtension><gpxtpx:PowerInWatts>317</gpxtpx:PowerInWatts></gpxtpx:PowerExtension></extensions></trkpt>
<trkpt lat="38.5722605" lon="-121.4542836">
<ele>14</ele><time>2025-03-05T18:07:37.000Z</time><extensions><gpxtpx:TrackPointExtension><gpxtpx:hr>167</gpxtpx:hr><gpxtpx:cad>75</gpxtpx:cad></gpxtpx:TrackPointExtension></extensions><extensions><gpxtpx:PowerExtension><gpxtpx:PowerInWatts>317</gpxtpx:PowerInWatts></gpxtpx:PowerExtension></extensions></trkpt>
<trkpt lat="38.5722644" lon="-121.4542148">
<ele>14</ele><time>2025-03-05T18:07:38.000Z</time><extensions><gpxtpx:TrackPointExtension><gpxtpx:hr>167</gpxtpx:hr><gpxtpx:cad>80</gpxtpx:cad></gpxtpx:TrackPointExtension></extensions><extensions><gpxtpx:PowerExtension><gpxtpx:PowerInWatts>317</gpxtpx:PowerInWatts></gpxtpx:PowerExtension></extensions></trkpt>
<trkpt lat="38.5722225" lon="-121.4541121">
<ele>14</ele><time>2025-03-05T18:07:40.000Z</time><extensions><gpxtpx:TrackPointExtension><gpxtpx:hr>167</gpxtpx:hr><gpxtpx:cad>78</gpxtpx:cad></gpxtpx:TrackPointExtension></extensions><extensions><gpxtpx:PowerExtension><gpxtpx:PowerInWatts>317</gpxtpx:PowerInWatts></gpxtpx:PowerExtension></extensions></trkpt>
<trkpt lat="38.5722045" lon="-121.4540480">
<ele>14</ele><time>2025-03-05T18:07:42.000Z</time><extensions><gpxtpx:TrackPointExtension><gpxtpx:hr>167</gpxtpx:hr><gpxtpx:cad>79</gpxtpx:cad></gpxtpx:TrackPointExtension></extensions><extensions><gpxtpx:PowerExtension><gpxtpx:PowerInWatts>317</gpxtpx:PowerInWatts></gpxtpx:PowerExtension></extensions></trkpt>
<trkpt lat="38.5721770" lon="-121.4539965">
<ele>14</ele><time>2025-03-05T18:07:45.000Z</time><extensions><gpxtpx:TrackPointExtension><gpxtpx:hr>168</gpxtpx:hr><gpxtpx:cad>78</gpxtpx:cad></gpxtpx:TrackPointExtension></extensions><extensions><gpxtpx:PowerExtension><gpxtpx:PowerInWatts>308</gpxtpx:PowerInWatts></gpxtpx:PowerExtension></extensions></trkpt>
<trkpt lat="38.5721377" lon="-121.4539534">
<ele>14</ele><time>2025-03-05T18:07:47.000Z</time><extensions><gpxtpx:TrackPointExtension><gpxtpx:hr>167</gpxtpx:hr><gpxtpx:cad>75</gpxtpx:cad></gpxtpx:TrackPointExtension></extensions><extensions><gpxtpx:PowerExtension><gpxtpx:PowerInWatts>327</gpxtpx:PowerInWatts></gpxtpx:PowerExtension></extensions></trkpt>
<trkpt lat="38.5720953" lon="-121.4539776">
<ele>14</ele><time>2025-03-05T18:07:50.000Z</time><extensions><gpxtpx:TrackPointExtension><gpxtpx:hr>166</gpxtpx:hr><gpxtpx:cad>78</gpxtpx:cad></gpxtpx:TrackPointExtension></extensions><extensions><gpxtpx:PowerExtension><gpxtpx:PowerInWatts>277</gpxtpx:PowerInWatts></gpxtpx:PowerExtension></extensions></trkpt>
<trkpt lat="38.5719851" lon="-121.4540073">
<ele>14</ele><time>2025-03-05T18:07:54.000Z</time><extensions><gpxtpx:TrackPointExtension><gpxtpx:hr>166</gpxtpx:hr><gpxtpx:cad>77</gpxtpx:cad></gpxtpx:TrackPointExtension></extensions><extensions><gpxtpx:PowerExtension><gpxtpx:PowerInWatts>277</gpxtpx:PowerInWatts></gpxtpx:PowerExtension></extensions></trkpt>
<trkpt lat="38.5719408" lon="-121.4540190">
<ele>14</ele><time>2025-03-05T18:07:56.000Z</time><extensions><gpxtpx:TrackPointExtension><gpxtpx:hr>165</gpxtpx:hr><gpxtpx:cad>75</gpxtpx:cad></gpxtpx:TrackPointExtension></extensions><extensions><gpxtpx:PowerExtension><gpxtpx:PowerInWatts>125</gpxtpx:PowerInWatts></gpxtpx:PowerExtension></extensions></trkpt>
<trkpt lat="38.5718891" lon="-121.4540419">
<ele>14</ele><time>2025-03-05T18:07:58.000Z</time><extensions><gpxtpx:TrackPointExtension><gpxtpx:hr>165</gpxtpx:hr><gpxtpx:cad>78</gpxtpx:cad></gpxtpx:TrackPointExtension></extensions><extensions><gpxtpx:PowerExtension><gpxtpx:PowerInWatts>125</gpxtpx:PowerInWatts></gpxtpx:PowerExtension></extensions></trkpt>
<trkpt lat="38.5718317" lon="-121.4540700">
<ele>14</ele><time>2025-03-05T18:08:01.000Z</time><extensions><gpxtpx:TrackPointExtension><gpxtpx:hr>164</gpxtpx:hr><gpxtpx:cad>78</gpxtpx:cad></gpxtpx:TrackPointExtension></extensions><extensions><gpxtpx:PowerExtension><gpxtpx:PowerInWatts>175</gpxtpx:PowerInWatts></gpxtpx:PowerExtension></extensions></trkpt>
<trkpt lat="38.5717699" lon="-121.4540943">
<ele>14</ele><time>2025-03-05T18:08:04.000Z</time><extensions><gpxtpx:TrackPointExtension><gpxtpx:hr>163</gpxtpx:hr><gpxtpx:cad>77</gpxtpx:cad></gpxtpx:TrackPointExtension></extensions><extensions><gpxtpx:PowerExtension><gpxtpx:PowerInWatts>179</gpxtpx:PowerInWatts></gpxtpx:PowerExtension></extensions></trkpt>
<trkpt lat="38.5717299" lon="-121.4541295">
<ele>14</ele><time>2025-03-05T18:08:06.000Z</time><extensions><gpxtpx:TrackPointExtension><gpxtpx:hr>163</gpxtpx:hr><gpxtpx:cad>77</gpxtpx:cad></gpxtpx:TrackPointExtension></extensions><extensions><gpxtpx:PowerExtension><gpxtpx:PowerInWatts>179</gpxtpx:PowerInWatts></gpxtpx:PowerExtension></extensions></trkpt>
<trkpt lat="38.5716736" lon="-121.4541543">
<ele>14</ele><time>2025-03-05T18:08:09.000Z</time><extensions><gpxtpx:TrackPointExtension><gpxtpx:hr>161</gpxtpx:hr><gpxtpx:cad>75</gpxtpx:cad></gpxtpx:TrackPointExtension></extensions><extensions><gpxtpx:PowerExtension><gpxtpx:PowerInWatts>180</gpxtpx:PowerInWatts></gpxtpx:PowerExtension></extensions></trkpt>
<trkpt lat="38.5716167" lon="-121.4541915">
<ele>14</ele><time>2025-03-05T18:08:12.000Z</time><extensions><gpxtpx:TrackPointExtension><gpxtpx:hr>161</gpxtpx:hr><gpxtpx:cad>76</gpxtpx:cad></gpxtpx:TrackPointExtension></extensions><extensions><gpxtpx:PowerExtension><gpxtpx:PowerInWatts>180</gpxtpx:PowerInWatts></gpxtpx:PowerExtension></extensions></trkpt>
<trkpt lat="38.5715532" lon="-121.4542179">
<ele>14</ele><time>2025-03-05T18:08:15.000Z</time><extensions><gpxtpx:TrackPointExtension><gpxtpx:hr>160</gpxtpx:hr><gpxtpx:cad>78</gpxtpx:cad></gpxtpx:TrackPointExtension></extensions><extensions><gpxtpx:PowerExtension><gpxtpx:PowerInWatts>177</gpxtpx:PowerInWatts></gpxtpx:PowerExtension></extensions></trkpt>
<trkpt lat="38.5715115" lon="-121.4542463">
<ele>14</ele><time>2025-03-05T18:08:17.000Z</time><extensions><gpxtpx:TrackPointExtension><gpxtpx:hr>160</gpxtpx:hr><gpxtpx:cad>73</gpxtpx:cad></gpxtpx:TrackPointExtension></extensions><extensions><gpxtpx:PowerExtension><gpxtpx:PowerInWatts>177</gpxtpx:PowerInWatts></gpxtpx:PowerExtension></extensions></trkpt>
<trkpt lat="38.5714622" lon="-121.4542444">
<ele>14</ele><time>2025-03-05T18:08:19.000Z</time><extensions><gpxtpx:TrackPointExtension><gpxtpx:hr>160</gpxtpx:hr><gpxtpx:cad>74</gpxtpx:cad></gpxtpx:TrackPointExtension></extensions><extensions><gpxtpx:PowerExtension><gpxtpx:PowerInWatts>180</gpxtpx:PowerInWatts></gpxtpx:PowerExtension></extensions></trkpt>
<trkpt lat="38.5714181" lon="-121.4542760">
<ele>14</ele><time>2025-03-05T18:08:21.000Z</time><extensions><gpxtpx:TrackPointExtension><gpxtpx:hr>159</gpxtpx:hr><gpxtpx:cad>74</gpxtpx:cad></gpxtpx:TrackPointExtension></extensions><extensions><gpxtpx:PowerExtension><gpxtpx:PowerInWatts>180</gpxtpx:PowerInWatts></gpxtpx:PowerExtension></extensions></trkpt>
<trkpt lat="38.5713478" lon="-121.4542720">
<ele>14</ele><time>2025-03-05T18:08:23.000Z</time><extensions><gpxtpx:TrackPointExtension><gpxtpx:hr>158</gpxtpx:hr><gpxtpx:cad>74</gpxtpx:cad></gpxtpx:TrackPointExtension></extensions><extensions><gpxtpx:PowerExtension><gpxtpx:PowerInWatts>180</gpxtpx:PowerInWatts></gpxtpx:PowerExtension></extensions></trkpt>
<trkpt lat="38.5713009" lon="-121.4542874">
<ele>14</ele><time>2025-03-05T18:08:25.000Z</time><extensions><gpxtpx:TrackPointExtension><gpxtpx:hr>158</gpxtpx:hr><gpxtpx:cad>74</gpxtpx:cad></gpxtpx:TrackPointExtension></extensions><extensions><gpxtpx:PowerExtension><gpxtpx:PowerInWatts>184</gpxtpx:PowerInWatts></gpxtpx:PowerExtension></extensions></trkpt>
<trkpt lat="38.5712512" lon="-121.4543184">
<ele>14</ele><time>2025-03-05T18:08:27.000Z</time><extensions><gpxtpx:TrackPointExtension><gpxtpx:hr>158</gpxtpx:hr><gpxtpx:cad>77</gpxtpx:cad></gpxtpx:TrackPointExtension></extensions><extensions><gpxtpx:PowerExtension><gpxtpx:PowerInWatts>184</gpxtpx:PowerInWatts></gpxtpx:PowerExtension></extensions></trkpt>
<trkpt lat="38.5712099" lon="-121.4543505">
<ele>14</ele><time>2025-03-05T18:08:29.000Z</time><extensions><gpxtpx:TrackPointExtension><gpxtpx:hr>158</gpxtpx:hr><gpxtpx:cad>83</gpxtpx:cad></gpxtpx:TrackPointExtension></extensions><extensions><gpxtpx:PowerExtension><gpxtpx:PowerInWatts>194</gpxtpx:PowerInWatts></gpxtpx:PowerExtension></extensions></trkpt>
<trkpt lat="38.5711571" lon="-121.4543496">
<ele>14</ele><time>2025-03-05T18:08:31.000Z</time><extensions><gpxtpx:TrackPointExtension><gpxtpx:hr>158</gpxtpx:hr><gpxtpx:cad>79</gpxtpx:cad></gpxtpx:TrackPointExtension></extensions><extensions><gpxtpx:PowerExtension><gpxtpx:PowerInWatts>194</gpxtpx:PowerInWatts></gpxtpx:PowerExtension></extensions></trkpt>
<trkpt lat="38.5711108" lon="-121.4543829">
<ele>14</ele><time>2025-03-05T18:08:33.000Z</time><extensions><gpxtpx:TrackPointExtension><gpxtpx:hr>158</gpxtpx:hr><gpxtpx:cad>77</gpxtpx:cad></gpxtpx:TrackPointExtension></extensions><extensions><gpxtpx:PowerExtension><gpxtpx:PowerInWatts>198</gpxtpx:PowerInWatts></gpxtpx:PowerExtension></extensions></trkpt>
<trkpt lat="38.5710527" lon="-121.4543950">
<ele>14</ele><time>2025-03-05T18:08:36.000Z</time><extensions><gpxtpx:TrackPointExtension><gpxtpx:hr>157</gpxtpx:hr><gpxtpx:cad>81</gpxtpx:cad></gpxtpx:TrackPointExtension></extensions><extensions><gpxtpx:PowerExtension><gpxtpx:PowerInWatts>201</gpxtpx:PowerInWatts></gpxtpx:PowerExtension></extensions></trkpt>
<trkpt lat="38.5710079" lon="-121.4544132">
<ele>14</ele><time>2025-03-05T18:08:38.000Z</time><extensions><gpxtpx:TrackPointExtension><gpxtpx:hr>157</gpxtpx:hr><gpxtpx:cad>80</gpxtpx:cad></gpxtpx:TrackPointExtension></extensions><extensions><gpxtpx:PowerExtension><gpxtpx:PowerInWatts>203</gpxtpx:PowerInWatts></gpxtpx:PowerExtension></extensions></trkpt>
<trkpt lat="38.5709482" lon="-121.4544391">
<ele>14</ele><time>2025-03-05T18:08:41.000Z</time><extensions><gpxtpx:TrackPointExtension><gpxtpx:hr>157</gpxtpx:hr><gpxtpx:cad>78</gpxtpx:cad></gpxtpx:TrackPointExtension></extensions><extensions><gpxtpx:PowerExtension><gpxtpx:PowerInWatts>203</gpxtpx:PowerInWatts></gpxtpx:PowerExtension></extensions></trkpt>
<trkpt lat="38.5708986" lon="-121.4544488">
<ele>14</ele><time>2025-03-05T18:08:43.000Z</time><extensions><gpxtpx:TrackPointExtension><gpxtpx:hr>157</gpxtpx:hr><gpxtpx:cad>78</gpxtpx:cad></gpxtpx:TrackPointExtension></extensions><extensions><gpxtpx:PowerExtension><gpxtpx:PowerInWatts>199</gpxtpx:PowerInWatts></gpxtpx:PowerExtension></extensions></trkpt>
<trkpt lat="38.5708380" lon="-121.4544783">
<ele>14</ele><time>2025-03-05T18:08:46.000Z</time><extensions><gpxtpx:TrackPointExtension><gpxtpx:hr>157</gpxtpx:hr><gpxtpx:cad>78</gpxtpx:cad></gpxtpx:TrackPointExtension></extensions><extensions><gpxtpx:PowerExtension><gpxtpx:PowerInWatts>200</gpxtpx:PowerInWatts></gpxtpx:PowerExtension></extensions></trkpt>
<trkpt lat="38.5707872" lon="-121.4544785">
<ele>14</ele><time>2025-03-05T18:08:48.000Z</time><extensions><gpxtpx:TrackPointExtension><gpxtpx:hr>157</gpxtpx:hr><gpxtpx:cad>83</gpxtpx:cad></gpxtpx:TrackPointExtension></extensions><extensions><gpxtpx:PowerExtension><gpxtpx:PowerInWatts>199</gpxtpx:PowerInWatts></gpxtpx:PowerExtension></extensions></trkpt>
<trkpt lat="38.5707291" lon="-121.4545088">
<ele>14</ele><time>2025-03-05T18:08:50.000Z</time><extensions><gpxtpx:TrackPointExtension><gpxtpx:hr>157</gpxtpx:hr><gpxtpx:cad>82</gpxtpx:cad></gpxtpx:TrackPointExtension></extensions><extensions><gpxtpx:PowerExtension><gpxtpx:PowerInWatts>199</gpxtpx:PowerInWatts></gpxtpx:PowerExtension></extensions></trkpt>
<trkpt lat="38.5706835" lon="-121.4545467">
<ele>14</ele><time>2025-03-05T18:08:52.000Z</time><extensions><gpxtpx:TrackPointExtension><gpxtpx:hr>157</gpxtpx:hr><gpxtpx:cad>83</gpxtpx:cad></gpxtpx:TrackPointExtension></extensions><extensions><gpxtpx:PowerExtension><gpxtpx:PowerInWatts>199</gpxtpx:PowerInWatts></gpxtpx:PowerExtension></extensions></trkpt>
<trkpt lat="38.5706331" lon="-121.4545806">
<ele>14</ele><time>2025-03-05T18:08:54.000Z</time><extensions><gpxtpx:TrackPointExtension><gpxtpx:hr>156</gpxtpx:hr><gpxtpx:cad>81</gpxtpx:cad></gpxtpx:TrackPointExtension></extensions><extensions><gpxtpx:PowerExtension><gpxtpx:PowerInWatts>199</gpxtpx:PowerInWatts></gpxtpx:PowerExtension></extensions></trkpt>
<trkpt lat="38.5705687" lon="-121.4546009">
<ele>14</ele><time>2025-03-05T18:08:56.000Z</time><extensions><gpxtpx:TrackPointExtension><gpxtpx:hr>156</gpxtpx:hr><gpxtpx:cad>84</gpxtpx:cad></gpxtpx:TrackPointExtension></extensions><extensions><gpxtpx:PowerExtension><gpxtpx:PowerInWatts>199</gpxtpx:PowerInWatts></gpxtpx:PowerExtension></extensions></trkpt>
<trkpt lat="38.5705122" lon="-121.4546279">
<ele>14</ele><time>2025-03-05T18:08:58.000Z</time><extensions><gpxtpx:TrackPointExtension><gpxtpx:hr>156</gpxtpx:hr><gpxtpx:cad>83</gpxtpx:cad></gpxtpx:TrackPointExtension></extensions><extensions><gpxtpx:PowerExtension><gpxtpx:PowerInWatts>204</gpxtpx:PowerInWatts></gpxtpx:PowerExtension></extensions></trkpt>
<trkpt lat="38.5704579" lon="-121.4546506">
<ele>14</ele><time>2025-03-05T18:09:00.000Z</time><extensions><gpxtpx:TrackPointExtension><gpxtpx:hr>156</gpxtpx:hr><gpxtpx:cad>78</gpxtpx:cad></gpxtpx:TrackPointExtension></extensions><extensions><gpxtpx:PowerExtension><gpxtpx:PowerInWatts>204</gpxtpx:PowerInWatts></gpxtpx:PowerExtension></extensions></trkpt>
<trkpt lat="38.5703998" lon="-121.4546927">
<ele>14</ele><time>2025-03-05T18:09:02.000Z</time><extensions><gpxtpx:TrackPointExtension><gpxtpx:hr>155</gpxtpx:hr><gpxtpx:cad>81</gpxtpx:cad></gpxtpx:TrackPointExtension></extensions><extensions><gpxtpx:PowerExtension><gpxtpx:PowerInWatts>204</gpxtpx:PowerInWatts></gpxtpx:PowerExtension></extensions></trkpt>
<trkpt lat="38.5703358" lon="-121.4547214">
<ele>14</ele><time>2025-03-05T18:09:04.000Z</time><extensions><gpxtpx:TrackPointExtension><gpxtpx:hr>155</gpxtpx:hr><gpxtpx:cad>82</gpxtpx:cad></gpxtpx:TrackPointExtension></extensions><extensions><gpxtpx:PowerExtension><gpxtpx:PowerInWatts>220</gpxtpx:PowerInWatts></gpxtpx:PowerExtension></extensions></trkpt>
<trkpt lat="38.5702870" lon="-121.4547511">
<ele>14</ele><time>2025-03-05T18:09:06.000Z</time><extensions><gpxtpx:TrackPointExtension><gpxtpx:hr>155</gpxtpx:hr><gpxtpx:cad>83</gpxtpx:cad></gpxtpx:TrackPointExtension></extensions><extensions><gpxtpx:PowerExtension><gpxtpx:PowerInWatts>220</gpxtpx:PowerInWatts></gpxtpx:PowerExtension></extensions></trkpt>
<trkpt lat="38.5702392" lon="-121.4547786">
<ele>14</ele><time>2025-03-05T18:09:08.000Z</time><extensions><gpxtpx:TrackPointExtension><gpxtpx:hr>155</gpxtpx:hr><gpxtpx:cad>87</gpxtpx:cad></gpxtpx:TrackPointExtension></extensions><extensions><gpxtpx:PowerExtension><gpxtpx:PowerInWatts>220</gpxtpx:PowerInWatts></gpxtpx:PowerExtension></extensions></trkpt>
<trkpt lat="38.5701771" lon="-121.4548015">
<ele>14</ele><time>2025-03-05T18:09:10.000Z</time><extensions><gpxtpx:TrackPointExtension><gpxtpx:hr>155</gpxtpx:hr><gpxtpx:cad>86</gpxtpx:cad></gpxtpx:TrackPointExtension></extensions><extensions><gpxtpx:PowerExtension><gpxtpx:PowerInWatts>220</gpxtpx:PowerInWatts></gpxtpx:PowerExtension></extensions></trkpt>
<trkpt lat="38.5701219" lon="-121.4548480">
<ele>14</ele><time>2025-03-05T18:09:13.000Z</time><extensions><gpxtpx:TrackPointExtension><gpxtpx:hr>155</gpxtpx:hr><gpxtpx:cad>82</gpxtpx:cad></gpxtpx:TrackPointExtension></extensions><extensions><gpxtpx:PowerExtension><gpxtpx:PowerInWatts>232</gpxtpx:PowerInWatts></gpxtpx:PowerExtension></extensions></trkpt>
<trkpt lat="38.5701252" lon="-121.4549115">
<ele>14</ele><time>2025-03-05T18:09:14.000Z</time><extensions><gpxtpx:TrackPointExtension><gpxtpx:hr>155</gpxtpx:hr><gpxtpx:cad>76</gpxtpx:cad></gpxtpx:TrackPointExtension></extensions><extensions><gpxtpx:PowerExtension><gpxtpx:PowerInWatts>232</gpxtpx:PowerInWatts></gpxtpx:PowerExtension></extensions></trkpt>
<trkpt lat="38.5701295" lon="-121.4549719">
<ele>14</ele><time>2025-03-05T18:09:15.000Z</time><extensions><gpxtpx:TrackPointExtension><gpxtpx:hr>155</gpxtpx:hr><gpxtpx:cad>85</gpxtpx:cad></gpxtpx:TrackPointExtension></extensions><extensions><gpxtpx:PowerExtension><gpxtpx:PowerInWatts>232</gpxtpx:PowerInWatts></gpxtpx:PowerExtension></extensions></trkpt>
<trkpt lat="38.5701603" lon="-121.4550206">
<ele>14</ele><time>2025-03-05T18:09:16.000Z</time><extensions><gpxtpx:TrackPointExtension><gpxtpx:hr>155</gpxtpx:hr><gpxtpx:cad>82</gpxtpx:cad></gpxtpx:TrackPointExtension></extensions><extensions><gpxtpx:PowerExtension><gpxtpx:PowerInWatts>232</gpxtpx:PowerInWatts></gpxtpx:PowerExtension></extensions></trkpt>
<trkpt lat="38.5702030" lon="-121.4551113">
<ele>14</ele><time>2025-03-05T18:09:18.000Z</time><extensions><gpxtpx:TrackPointExtension><gpxtpx:hr>155</gpxtpx:hr><gpxtpx:cad>82</gpxtpx:cad></gpxtpx:TrackPointExtension></extensions><extensions><gpxtpx:PowerExtension><gpxtpx:PowerInWatts>232</gpxtpx:PowerInWatts></gpxtpx:PowerExtension></extensions></trkpt>
<trkpt lat="38.5702215" lon="-121.4552008">
<ele>14</ele><time>2025-03-05T18:09:20.000Z</time><extensions><gpxtpx:TrackPointExtension><gpxtpx:hr>155</gpxtpx:hr><gpxtpx:cad>83</gpxtpx:cad></gpxtpx:TrackPointExtension></extensions><extensions><gpxtpx:PowerExtension><gpxtpx:PowerInWatts>232</gpxtpx:PowerInWatts></gpxtpx:PowerExtension></extensions></trkpt>
<trkpt lat="38.5702344" lon="-121.4552862">
<ele>14</ele><time>2025-03-05T18:09:22.000Z</time><extensions><gpxtpx:TrackPointExtension><gpxtpx:hr>155</gpxtpx:hr><gpxtpx:cad>82</gpxtpx:cad></gpxtpx:TrackPointExtension></extensions><extensions><gpxtpx:PowerExtension><gpxtpx:PowerInWatts>230</gpxtpx:PowerInWatts></gpxtpx:PowerExtension></extensions></trkpt>
<trkpt lat="38.5702304" lon="-121.4553699">
<ele>14</ele><time>2025-03-05T18:09:24.000Z</time><extensions><gpxtpx:TrackPointExtension><gpxtpx:hr>155</gpxtpx:hr><gpxtpx:cad>65</gpxtpx:cad></gpxtpx:TrackPointExtension></extensions><extensions><gpxtpx:PowerExtension><gpxtpx:PowerInWatts>230</gpxtpx:PowerInWatts></gpxtpx:PowerExtension></extensions></trkpt>
<trkpt lat="38.5702487" lon="-121.4554289">
<ele>14</ele><time>2025-03-05T18:09:25.000Z</time><extensions><gpxtpx:TrackPointExtension><gpxtpx:hr>155</gpxtpx:hr><gpxtpx:cad>60</gpxtpx:cad></gpxtpx:TrackPointExtension></extensions><extensions><gpxtpx:PowerExtension><gpxtpx:PowerInWatts>230</gpxtpx:PowerInWatts></gpxtpx:PowerExtension></extensions></trkpt>
<trkpt lat="38.5702686" lon="-121.4555104">
<ele>13</ele><time>2025-03-05T18:09:27.000Z</time><extensions><gpxtpx:TrackPointExtension><gpxtpx:hr>156</gpxtpx:hr><gpxtpx:cad>52</gpxtpx:cad></gpxtpx:TrackPointExtension></extensions><extensions><gpxtpx:PowerExtension><gpxtpx:PowerInWatts>298</gpxtpx:PowerInWatts></gpxtpx:PowerExtension></extensions></trkpt>
<trkpt lat="38.5702899" lon="-121.4555859">
<ele>13</ele><time>2025-03-05T18:09:29.000Z</time><extensions><gpxtpx:TrackPointExtension><gpxtpx:hr>156</gpxtpx:hr><gpxtpx:cad>42</gpxtpx:cad></gpxtpx:TrackPointExtension></extensions><extensions><gpxtpx:PowerExtension><gpxtpx:PowerInWatts>287</gpxtpx:PowerInWatts></gpxtpx:PowerExtension></extensions></trkpt>
<trkpt lat="38.5703286" lon="-121.4556441">
<ele>13</ele><time>2025-03-05T18:09:31.000Z</time><extensions><gpxtpx:TrackPointExtension><gpxtpx:hr>156</gpxtpx:hr><gpxtpx:cad>41</gpxtpx:cad></gpxtpx:TrackPointExtension></extensions><extensions><gpxtpx:PowerExtension><gpxtpx:PowerInWatts>287</gpxtpx:PowerInWatts></gpxtpx:PowerExtension></extensions></trkpt>
<trkpt lat="38.5703660" lon="-121.4555931">
<ele>13</ele><time>2025-03-05T18:09:36.000Z</time><extensions><gpxtpx:TrackPointExtension><gpxtpx:hr>156</gpxtpx:hr><gpxtpx:cad>42</gpxtpx:cad></gpxtpx:TrackPointExtension></extensions><extensions><gpxtpx:PowerExtension><gpxtpx:PowerInWatts>282</gpxtpx:PowerInWatts></gpxtpx:PowerExtension></extensions></trkpt>
<trkpt lat="38.5704189" lon="-121.4555789">
<ele>13</ele><time>2025-03-05T18:09:41.000Z</time><extensions><gpxtpx:TrackPointExtension><gpxtpx:hr>155</gpxtpx:hr><gpxtpx:cad>42</gpxtpx:cad></gpxtpx:TrackPointExtension></extensions><extensions><gpxtpx:PowerExtension><gpxtpx:PowerInWatts>103</gpxtpx:PowerInWatts></gpxtpx:PowerExtension></extensions></trkpt>
<trkpt lat="38.5703807" lon="-121.4556280">
<ele>13</ele><time>2025-03-05T18:09:52.000Z</time><extensions><gpxtpx:TrackPointExtension><gpxtpx:hr>147</gpxtpx:hr><gpxtpx:cad>42</gpxtpx:cad></gpxtpx:TrackPointExtension></extensions><extensions><gpxtpx:PowerExtension><gpxtpx:PowerInWatts>76</gpxtpx:PowerInWatts></gpxtpx:PowerExtension></extensions></trkpt>
<trkpt lat="38.5703329" lon="-121.4556300">
<ele>13</ele><time>2025-03-05T18:09:57.000Z</time><extensions><gpxtpx:TrackPointExtension><gpxtpx:hr>144</gpxtpx:hr><gpxtpx:cad>39</gpxtpx:cad></gpxtpx:TrackPointExtension></extensions><extensions><gpxtpx:PowerExtension><gpxtpx:PowerInWatts>76</gpxtpx:PowerInWatts></gpxtpx:PowerExtension></extensions></trkpt>
<trkpt lat="38.5703382" lon="-121.4556918">
<ele>13</ele><time>2025-03-05T18:10:06.000Z</time><extensions><gpxtpx:TrackPointExtension><gpxtpx:hr>140</gpxtpx:hr><gpxtpx:cad>40</gpxtpx:cad></gpxtpx:TrackPointExtension></extensions><extensions><gpxtpx:PowerExtension><gpxtpx:PowerInWatts>56</gpxtpx:PowerInWatts></gpxtpx:PowerExtension></extensions></trkpt>
</trkseg><trkseg>
<trkpt lat="38.5702835" lon="-121.4555713">
<ele>13</ele><time>2025-03-05T18:14:53.000Z</time><extensions><gpxtpx:TrackPointExtension><gpxtpx:hr>94</gpxtpx:hr><gpxtpx:cad>38</gpxtpx:cad></gpxtpx:TrackPointExtension></extensions><extensions><gpxtpx:PowerExtension><gpxtpx:PowerInWatts>81</gpxtpx:PowerInWatts></gpxtpx:PowerExtension></extensions></trkpt>
<trkpt lat="38.5702560" lon="-121.4555155">
<ele>13</ele><time>2025-03-05T18:14:56.000Z</time><extensions><gpxtpx:TrackPointExtension><gpxtpx:hr>97</gpxtpx:hr><gpxtpx:cad>37</gpxtpx:cad></gpxtpx:TrackPointExtension></extensions><extensions><gpxtpx:PowerExtension><gpxtpx:PowerInWatts>81</gpxtpx:PowerInWatts></gpxtpx:PowerExtension></extensions></trkpt>
<trkpt lat="38.5702581" lon="-121.4554509">
<ele>14</ele><time>2025-03-05T18:15:01.000Z</time><extensions><gpxtpx:TrackPointExtension><gpxtpx:hr>106</gpxtpx:hr><gpxtpx:cad>37</gpxtpx:cad></gpxtpx:TrackPointExtension></extensions><extensions><gpxtpx:PowerExtension><gpxtpx:PowerInWatts>118</gpxtpx:PowerInWatts></gpxtpx:PowerExtension></extensions></trkpt>
<trkpt lat="38.5702573" lon="-121.4553850">
<ele>14</ele><time>2025-03-05T18:15:06.000Z</time><extensions><gpxtpx:TrackPointExtension><gpxtpx:hr>110</gpxtpx:hr><gpxtpx:cad>37</gpxtpx:cad></gpxtpx:TrackPointExtension></extensions><extensions><gpxtpx:PowerExtension><gpxtpx:PowerInWatts>89</gpxtpx:PowerInWatts></gpxtpx:PowerExtension></extensions></trkpt>
<trkpt lat="38.5702526" lon="-121.4553255">
<ele>14</ele><time>2025-03-05T18:15:11.000Z</time><extensions><gpxtpx:TrackPointExtension><gpxtpx:hr>109</gpxtpx:hr><gpxtpx:cad>38</gpxtpx:cad></gpxtpx:TrackPointExtension></extensions><extensions><gpxtpx:PowerExtension><gpxtpx:PowerInWatts>70</gpxtpx:PowerInWatts></gpxtpx:PowerExtension></extensions></trkpt>
<trkpt lat="38.5702387" lon="-121.4552614">
<ele>14</ele><time>2025-03-05T18:15:18.000Z</time><extensions><gpxtpx:TrackPointExtension><gpxtpx:hr>104</gpxtpx:hr><gpxtpx:cad>42</gpxtpx:cad></gpxtpx:TrackPointExtension></extensions><extensions><gpxtpx:PowerExtension><gpxtpx:PowerInWatts>61</gpxtpx:PowerInWatts></gpxtpx:PowerExtension></extensions></trkpt>
<trkpt lat="38.5702300" lon="-121.4551975">
<ele>14</ele><time>2025-03-05T18:15:25.999Z</time><extensions><gpxtpx:TrackPointExtension><gpxtpx:hr>101</gpxtpx:hr><gpxtpx:cad>48</gpxtpx:cad></gpxtpx:TrackPointExtension></extensions><extensions><gpxtpx:PowerExtension><gpxtpx:PowerInWatts>72</gpxtpx:PowerInWatts></gpxtpx:PowerExtension></extensions></trkpt>
<trkpt lat="38.5702127" lon="-121.4551347">
<ele>15</ele><time>2025-03-05T18:15:30.999Z</time><extensions><gpxtpx:TrackPointExtension><gpxtpx:hr>100</gpxtpx:hr><gpxtpx:cad>48</gpxtpx:cad></gpxtpx:TrackPointExtension></extensions><extensions><gpxtpx:PowerExtension><gpxtpx:PowerInWatts>68</gpxtpx:PowerInWatts></gpxtpx:PowerExtension></extensions></trkpt>
<trkpt lat="38.5701919" lon="-121.4550819">
<ele>15</ele><time>2025-03-05T18:15:33.999Z</time><extensions><gpxtpx:TrackPointExtension><gpxtpx:hr>100</gpxtpx:hr><gpxtpx:cad>49</gpxtpx:cad></gpxtpx:TrackPointExtension></extensions><extensions><gpxtpx:PowerExtension><gpxtpx:PowerInWatts>68</gpxtpx:PowerInWatts></gpxtpx:PowerExtension></extensions></trkpt>
<trkpt lat="38.5701606" lon="-121.4550141">
<ele>15</ele><time>2025-03-05T18:15:36.999Z</time><extensions><gpxtpx:TrackPointExtension><gpxtpx:hr>101</gpxtpx:hr><gpxtpx:cad>49</gpxtpx:cad></gpxtpx:TrackPointExtension></extensions><extensions><gpxtpx:PowerExtension><gpxtpx:PowerInWatts>73</gpxtpx:PowerInWatts></gpxtpx:PowerExtension></extensions></trkpt>
<trkpt lat="38.5701640" lon="-121.4549497">
<ele>15</ele><time>2025-03-05T18:15:38.999Z</time><extensions><gpxtpx:TrackPointExtension><gpxtpx:hr>104</gpxtpx:hr><gpxtpx:cad>50</gpxtpx:cad></gpxtpx:TrackPointExtension></extensions><extensions><gpxtpx:PowerExtension><gpxtpx:PowerInWatts>90</gpxtpx:PowerInWatts></gpxtpx:PowerExtension></extensions></trkpt>
<trkpt lat="38.5701676" lon="-121.4548861">
<ele>15</ele><time>2025-03-05T18:15:41.999Z</time><extensions><gpxtpx:TrackPointExtension><gpxtpx:hr>108</gpxtpx:hr><gpxtpx:cad>57</gpxtpx:cad></gpxtpx:TrackPointExtension></extensions><extensions><gpxtpx:PowerExtension><gpxtpx:PowerInWatts>90</gpxtpx:PowerInWatts></gpxtpx:PowerExtension></extensions></trkpt>
<trkpt lat="38.5702217" lon="-121.4548958">
<ele>15</ele><time>2025-03-05T18:15:43.999Z</time><extensions><gpxtpx:TrackPointExtension><gpxtpx:hr>111</gpxtpx:hr><gpxtpx:cad>61</gpxtpx:cad></gpxtpx:TrackPointExtension></extensions><extensions><gpxtpx:PowerExtension><gpxtpx:PowerInWatts>225</gpxtpx:PowerInWatts></gpxtpx:PowerExtension></extensions></trkpt>
<trkpt lat="38.5702737" lon="-121.4548750">
<ele>15</ele><time>2025-03-05T18:15:45.999Z</time><extensions><gpxtpx:TrackPointExtension><gpxtpx:hr>113</gpxtpx:hr><gpxtpx:cad>66</gpxtpx:cad></gpxtpx:TrackPointExtension></extensions><extensions><gpxtpx:PowerExtension><gpxtpx:PowerInWatts>225</gpxtpx:PowerInWatts></gpxtpx:PowerExtension></extensions></trkpt>
<trkpt lat="38.5703964" lon="-121.4548035">
<ele>15</ele><time>2025-03-05T18:15:47.999Z</time><extensions><gpxtpx:TrackPointExtension><gpxtpx:hr>116</gpxtpx:hr><gpxtpx:cad>70</gpxtpx:cad></gpxtpx:TrackPointExtension></extensions><extensions><gpxtpx:PowerExtension><gpxtpx:PowerInWatts>233</gpxtpx:PowerInWatts></gpxtpx:PowerExtension></extensions></trkpt>
<trkpt lat="38.5704447" lon="-121.4547663">
<ele>15</ele><time>2025-03-05T18:15:49.999Z</time><extensions><gpxtpx:TrackPointExtension><gpxtpx:hr>117</gpxtpx:hr><gpxtpx:cad>71</gpxtpx:cad></gpxtpx:TrackPointExtension></extensions><extensions><gpxtpx:PowerExtension><gpxtpx:PowerInWatts>233</gpxtpx:PowerInWatts></gpxtpx:PowerExtension></extensions></trkpt>
<trkpt lat="38.5704986" lon="-121.4547346">
<ele>15</ele><time>2025-03-05T18:15:51.999Z</time><extensions><gpxtpx:TrackPointExtension><gpxtpx:hr>119</gpxtpx:hr><gpxtpx:cad>74</gpxtpx:cad></gpxtpx:TrackPointExtension></extensions><extensions><gpxtpx:PowerExtension><gpxtpx:PowerInWatts>216</gpxtpx:PowerInWatts></gpxtpx:PowerExtension></extensions></trkpt>
<trkpt lat="38.5705613" lon="-121.4547014">
<ele>15</ele><time>2025-03-05T18:15:54.999Z</time><extensions><gpxtpx:TrackPointExtension><gpxtpx:hr>123</gpxtpx:hr><gpxtpx:cad>77</gpxtpx:cad></gpxtpx:TrackPointExtension></extensions><extensions><gpxtpx:PowerExtension><gpxtpx:PowerInWatts>216</gpxtpx:PowerInWatts></gpxtpx:PowerExtension></extensions></trkpt>
<trkpt lat="38.5706077" lon="-121.4546807">
<ele>15</ele><time>2025-03-05T18:15:56.999Z</time><extensions><gpxtpx:TrackPointExtension><gpxtpx:hr>125</gpxtpx:hr><gpxtpx:cad>74</gpxtpx:cad></gpxtpx:TrackPointExtension></extensions><extensions><gpxtpx:PowerExtension><gpxtpx:PowerInWatts>216</gpxtpx:PowerInWatts></gpxtpx:PowerExtension></extensions></trkpt>
<trkpt lat="38.5706521" lon="-121.4546546">
<ele>15</ele><time>2025-03-05T18:15:58.999Z</time><extensions><gpxtpx:TrackPointExtension><gpxtpx:hr>125</gpxtpx:hr><gpxtpx:cad>83</gpxtpx:cad></gpxtpx:TrackPointExtension></extensions><extensions><gpxtpx:PowerExtension><gpxtpx:PowerInWatts>227</gpxtpx:PowerInWatts></gpxtpx:PowerExtension></extensions></trkpt>
<trkpt lat="38.5706949" lon="-121.4546276">
<ele>15</ele><time>2025-03-05T18:16:00.999Z</time><extensions><gpxtpx:TrackPointExtension><gpxtpx:hr>128</gpxtpx:hr><gpxtpx:cad>83</gpxtpx:cad></gpxtpx:TrackPointExtension></extensions><extensions><gpxtpx:PowerExtension><gpxtpx:PowerInWatts>222</gpxtpx:PowerInWatts></gpxtpx:PowerExtension></extensions></trkpt>
<trkpt lat="38.5707570" lon="-121.4545986">
<ele>15</ele><time>2025-03-05T18:16:03.999Z</time><extensions><gpxtpx:TrackPointExtension><gpxtpx:hr>128</gpxtpx:hr><gpxtpx:cad>81</gpxtpx:cad></gpxtpx:TrackPointExtension></extensions><extensions><gpxtpx:PowerExtension><gpxtpx:PowerInWatts>222</gpxtpx:PowerInWatts></gpxtpx:PowerExtension></extensions></trkpt>
<trkpt lat="38.5708025" lon="-121.4545774">
<ele>15</ele><time>2025-03-05T18:16:05.999Z</time><extensions><gpxtpx:TrackPointExtension><gpxtpx:hr>129</gpxtpx:hr><gpxtpx:cad>80</gpxtpx:cad></gpxtpx:TrackPointExtension></extensions><extensions><gpxtpx:PowerExtension><gpxtpx:PowerInWatts>222</gpxtpx:PowerInWatts></gpxtpx:PowerExtension></extensions></trkpt>
<trkpt lat="38.5708495" lon="-121.4545556">
<ele>15</ele><time>2025-03-05T18:16:07.999Z</time><extensions><gpxtpx:TrackPointExtension><gpxtpx:hr>129</gpxtpx:hr><gpxtpx:cad>78</gpxtpx:cad></gpxtpx:TrackPointExtension></extensions><extensions><gpxtpx:PowerExtension><gpxtpx:PowerInWatts>214</gpxtpx:PowerInWatts></gpxtpx:PowerExtension></extensions></trkpt>
<trkpt lat="38.5708983" lon="-121.4545327">
<ele>15</ele><time>2025-03-05T18:16:09.999Z</time><extensions><gpxtpx:TrackPointExtension><gpxtpx:hr>129</gpxtpx:hr><gpxtpx:cad>80</gpxtpx:cad></gpxtpx:TrackPointExtension></extensions><extensions><gpxtpx:PowerExtension><gpxtpx:PowerInWatts>212</gpxtpx:PowerInWatts></gpxtpx:PowerExtension></extensions></trkpt>
<trkpt lat="38.5709599" lon="-121.4545038">
<ele>15</ele><time>2025-03-05T18:16:12.999Z</time><extensions><gpxtpx:TrackPointExtension><gpxtpx:hr>129</gpxtpx:hr><gpxtpx:cad>78</gpxtpx:cad></gpxtpx:TrackPointExtension></extensions><extensions><gpxtpx:PowerExtension><gpxtpx:PowerInWatts>212</gpxtpx:PowerInWatts></gpxtpx:PowerExtension></extensions></trkpt>
<trkpt lat="38.5710138" lon="-121.4544786">
<ele>15</ele><time>2025-03-05T18:16:14.999Z</time><extensions><gpxtpx:TrackPointExtension><gpxtpx:hr>128</gpxtpx:hr><gpxtpx:cad>79</gpxtpx:cad></gpxtpx:TrackPointExtension></extensions><extensions><gpxtpx:PowerExtension><gpxtpx:PowerInWatts>213</gpxtpx:PowerInWatts></gpxtpx:PowerExtension></extensions></trkpt>
<trkpt lat="38.5710641" lon="-121.4544550">
<ele>15</ele><time>2025-03-05T18:16:16.999Z</time><extensions><gpxtpx:TrackPointExtension><gpxtpx:hr>127</gpxtpx:hr><gpxtpx:cad>82</gpxtpx:cad></gpxtpx:TrackPointExtension></extensions><extensions><gpxtpx:PowerExtension><gpxtpx:PowerInWatts>210</gpxtpx:PowerInWatts></gpxtpx:PowerExtension></extensions></trkpt>
<trkpt lat="38.5711147" lon="-121.4544313">
<ele>15</ele><time>2025-03-05T18:16:18.999Z</time><extensions><gpxtpx:TrackPointExtension><gpxtpx:hr>126</gpxtpx:hr><gpxtpx:cad>85</gpxtpx:cad></gpxtpx:TrackPointExtension></extensions><extensions><gpxtpx:PowerExtension><gpxtpx:PowerInWatts>210</gpxtpx:PowerInWatts></gpxtpx:PowerExtension></extensions></trkpt>
<trkpt lat="38.5711753" lon="-121.4544029">
<ele>15</ele><time>2025-03-05T18:16:20.999Z</time><extensions><gpxtpx:TrackPointExtension><gpxtpx:hr>125</gpxtpx:hr><gpxtpx:cad>80</gpxtpx:cad></gpxtpx:TrackPointExtension></extensions><extensions><gpxtpx:PowerExtension><gpxtpx:PowerInWatts>210</gpxtpx:PowerInWatts></gpxtpx:PowerExtension></extensions></trkpt>
<trkpt lat="38.5712487" lon="-121.4543684">
<ele>15</ele><time>2025-03-05T18:16:23.999Z</time><extensions><gpxtpx:TrackPointExtension><gpxtpx:hr>127</gpxtpx:hr><gpxtpx:cad>80</gpxtpx:cad></gpxtpx:TrackPointExtension></extensions><extensions><gpxtpx:PowerExtension><gpxtpx:PowerInWatts>214</gpxtpx:PowerInWatts></gpxtpx:PowerExtension></extensions></trkpt>
<trkpt lat="38.5713069" lon="-121.4543429">
<ele>14</ele><time>2025-03-05T18:16:25.999Z</time><extensions><gpxtpx:TrackPointExtension><gpxtpx:hr>128</gpxtpx:hr><gpxtpx:cad>80</gpxtpx:cad></gpxtpx:TrackPointExtension></extensions><extensions><gpxtpx:PowerExtension><gpxtpx:PowerInWatts>220</gpxtpx:PowerInWatts></gpxtpx:PowerExtension></extensions></trkpt>
<trkpt lat="38.5713520" lon="-121.4543231">
<ele>14</ele><time>2025-03-05T18:16:27.999Z</time><extensions><gpxtpx:TrackPointExtension><gpxtpx:hr>130</gpxtpx:hr><gpxtpx:cad>81</gpxtpx:cad></gpxtpx:TrackPointExtension></extensions><extensions><gpxtpx:PowerExtension><gpxtpx:PowerInWatts>220</gpxtpx:PowerInWatts></gpxtpx:PowerExtension></extensions></trkpt>
<trkpt lat="38.5714031" lon="-121.4543006">
<ele>14</ele><time>2025-03-05T18:16:29.999Z</time><extensions><gpxtpx:TrackPointExtension><gpxtpx:hr>131</gpxtpx:hr><gpxtpx:cad>81</gpxtpx:cad></gpxtpx:TrackPointExtension></extensions><extensions><gpxtpx:PowerExtension><gpxtpx:PowerInWatts>226</gpxtpx:PowerInWatts></gpxtpx:PowerExtension></extensions></trkpt>
<trkpt lat="38.5714469" lon="-121.4542821">
<ele>14</ele><time>2025-03-05T18:16:31.999Z</time><extensions><gpxtpx:TrackPointExtension><gpxtpx:hr>132</gpxtpx:hr><gpxtpx:cad>78</gpxtpx:cad></gpxtpx:TrackPointExtension></extensions><extensions><gpxtpx:PowerExtension><gpxtpx:PowerInWatts>226</gpxtpx:PowerInWatts></gpxtpx:PowerExtension></extensions></trkpt>
<trkpt lat="38.5715047" lon="-121.4542579">
<ele>14</ele><time>2025-03-05T18:16:33.999Z</time><extensions><gpxtpx:TrackPointExtension><gpxtpx:hr>133</gpxtpx:hr><gpxtpx:cad>77</gpxtpx:cad></gpxtpx:TrackPointExtension></extensions><extensions><gpxtpx:PowerExtension><gpxtpx:PowerInWatts>223</gpxtpx:PowerInWatts></gpxtpx:PowerExtension></extensions></trkpt>
<trkpt lat="38.5715695" lon="-121.4542264">
<ele>14</ele><time>2025-03-05T18:16:36.999Z</time><extensions><gpxtpx:TrackPointExtension><gpxtpx:hr>136</gpxtpx:hr><gpxtpx:cad>83</gpxtpx:cad></gpxtpx:TrackPointExtension></extensions><extensions><gpxtpx:PowerExtension><gpxtpx:PowerInWatts>221</gpxtpx:PowerInWatts></gpxtpx:PowerExtension></extensions></trkpt>
<trkpt lat="38.5716138" lon="-121.4542042">
<ele>14</ele><time>2025-03-05T18:16:38.999Z</time><extensions><gpxtpx:TrackPointExtension><gpxtpx:hr>137</gpxtpx:hr><gpxtpx:cad>82</gpxtpx:cad></gpxtpx:TrackPointExtension></extensions><extensions><gpxtpx:PowerExtension><gpxtpx:PowerInWatts>221</gpxtpx:PowerInWatts></gpxtpx:PowerExtension></extensions></trkpt>
<trkpt lat="38.5716557" lon="-121.4541832">
<ele>14</ele><time>2025-03-05T18:16:40.999Z</time><extensions><gpxtpx:TrackPointExtension><gpxtpx:hr>138</gpxtpx:hr><gpxtpx:cad>79</gpxtpx:cad></gpxtpx:TrackPointExtension></extensions><extensions><gpxtpx:PowerExtension><gpxtpx:PowerInWatts>223</gpxtpx:PowerInWatts></gpxtpx:PowerExtension></extensions></trkpt>
<trkpt lat="38.5717078" lon="-121.4541570">
<ele>14</ele><time>2025-03-05T18:16:42.999Z</time><extensions><gpxtpx:TrackPointExtension><gpxtpx:hr>138</gpxtpx:hr><gpxtpx:cad>79</gpxtpx:cad></gpxtpx:TrackPointExtension></extensions><extensions><gpxtpx:PowerExtension><gpxtpx:PowerInWatts>216</gpxtpx:PowerInWatts></gpxtpx:PowerExtension></extensions></trkpt>
<trkpt lat="38.5717548" lon="-121.4541335">
<ele>14</ele><time>2025-03-05T18:16:44.999Z</time><extensions><gpxtpx:TrackPointExtension><gpxtpx:hr>139</gpxtpx:hr><gpxtpx:cad>79</gpxtpx:cad></gpxtpx:TrackPointExtension></extensions><extensions><gpxtpx:PowerExtension><gpxtpx:PowerInWatts>216</gpxtpx:PowerInWatts></gpxtpx:PowerExtension></extensions></trkpt>
<trkpt lat="38.5717993" lon="-121.4541111">
<ele>14</ele><time>2025-03-05T18:16:46.999Z</time><extensions><gpxtpx:TrackPointExtension><gpxtpx:hr>139</gpxtpx:hr><gpxtpx:cad>83</gpxtpx:cad></gpxtpx:TrackPointExtension></extensions><extensions><gpxtpx:PowerExtension><gpxtpx:PowerInWatts>216</gpxtpx:PowerInWatts></gpxtpx:PowerExtension></extensions></trkpt>
<trkpt lat="38.5718582" lon="-121.4540824">
<ele>14</ele><time>2025-03-05T18:16:49.999Z</time><extensions><gpxtpx:TrackPointExtension><gpxtpx:hr>139</gpxtpx:hr><gpxtpx:cad>83</gpxtpx:cad></gpxtpx:TrackPointExtension></extensions><extensions><gpxtpx:PowerExtension><gpxtpx:PowerInWatts>216</gpxtpx:PowerInWatts></gpxtpx:PowerExtension></extensions></trkpt>
<trkpt lat="38.5719267" lon="-121.4540510">
<ele>14</ele><time>2025-03-05T18:16:52.999Z</time><extensions><gpxtpx:TrackPointExtension><gpxtpx:hr>140</gpxtpx:hr><gpxtpx:cad>83</gpxtpx:cad></gpxtpx:TrackPointExtension></extensions><extensions><gpxtpx:PowerExtension><gpxtpx:PowerInWatts>205</gpxtpx:PowerInWatts></gpxtpx:PowerExtension></extensions></trkpt>
<trkpt lat="38.5719700" lon="-121.4540311">
<ele>14</ele><time>2025-03-05T18:16:54.999Z</time><extensions><gpxtpx:TrackPointExtension><gpxtpx:hr>140</gpxtpx:hr><gpxtpx:cad>83</gpxtpx:cad></gpxtpx:TrackPointExtension></extensions><extensions><gpxtpx:PowerExtension><gpxtpx:PowerInWatts>205</gpxtpx:PowerInWatts></gpxtpx:PowerExtension></extensions></trkpt>
<trkpt lat="38.5720263" lon="-121.4540091">
<ele>14</ele><time>2025-03-05T18:16:56.999Z</time><extensions><gpxtpx:TrackPointExtension><gpxtpx:hr>140</gpxtpx:hr><gpxtpx:cad>82</gpxtpx:cad></gpxtpx:TrackPointExtension></extensions><extensions><gpxtpx:PowerExtension><gpxtpx:PowerInWatts>203</gpxtpx:PowerInWatts></gpxtpx:PowerExtension></extensions></trkpt>
<trkpt lat="38.5720787" lon="-121.4539972">
<ele>14</ele><time>2025-03-05T18:16:58.999Z</time><extensions><gpxtpx:TrackPointExtension><gpxtpx:hr>140</gpxtpx:hr><gpxtpx:cad>79</gpxtpx:cad></gpxtpx:TrackPointExtension></extensions><extensions><gpxtpx:PowerExtension><gpxtpx:PowerInWatts>203</gpxtpx:PowerInWatts></gpxtpx:PowerExtension></extensions></trkpt>
<trkpt lat="38.5721247" lon="-121.4539920">
<ele>14</ele><time>2025-03-05T18:17:00.999Z</time><extensions><gpxtpx:TrackPointExtension><gpxtpx:hr>140</gpxtpx:hr><gpxtpx:cad>80</gpxtpx:cad></gpxtpx:TrackPointExtension></extensions><extensions><gpxtpx:PowerExtension><gpxtpx:PowerInWatts>205</gpxtpx:PowerInWatts></gpxtpx:PowerExtension></extensions></trkpt>
<trkpt lat="38.5721731" lon="-121.4540001">
<ele>14</ele><time>2025-03-05T18:17:02.999Z</time><extensions><gpxtpx:TrackPointExtension><gpxtpx:hr>140</gpxtpx:hr><gpxtpx:cad>81</gpxtpx:cad></gpxtpx:TrackPointExtension></extensions><extensions><gpxtpx:PowerExtension><gpxtpx:PowerInWatts>205</gpxtpx:PowerInWatts></gpxtpx:PowerExtension></extensions></trkpt>
<trkpt lat="38.5722269" lon="-121.4540089">
<ele>14</ele><time>2025-03-05T18:17:04.999Z</time><extensions><gpxtpx:TrackPointExtension><gpxtpx:hr>141</gpxtpx:hr><gpxtpx:cad>83</gpxtpx:cad></gpxtpx:TrackPointExtension></extensions><extensions><gpxtpx:PowerExtension><gpxtpx:PowerInWatts>206</gpxtpx:PowerInWatts></gpxtpx:PowerExtension></extensions></trkpt>
<trkpt lat="38.5722770" lon="-121.4540157">
<ele>14</ele><time>2025-03-05T18:17:06.999Z</time><extensions><gpxtpx:TrackPointExtension><gpxtpx:hr>141</gpxtpx:hr><gpxtpx:cad>77</gpxtpx:cad></gpxtpx:TrackPointExtension></extensions><extensions><gpxtpx:PowerExtension><gpxtpx:PowerInWatts>206</gpxtpx:PowerInWatts></gpxtpx:PowerExtension></extensions></trkpt>
<trkpt lat="38.5723441" lon="-121.4540237">
<ele>14</ele><time>2025-03-05T18:17:08.999Z</time><extensions><gpxtpx:TrackPointExtension><gpxtpx:hr>141</gpxtpx:hr><gpxtpx:cad>81</gpxtpx:cad></gpxtpx:TrackPointExtension></extensions><extensions><gpxtpx:PowerExtension><gpxtpx:PowerInWatts>208</gpxtpx:PowerInWatts></gpxtpx:PowerExtension></extensions></trkpt>
<trkpt lat="38.5723897" lon="-121.4540198">
<ele>14</ele><time>2025-03-05T18:17:10.999Z</time><extensions><gpxtpx:TrackPointExtension><gpxtpx:hr>141</gpxtpx:hr><gpxtpx:cad>83</gpxtpx:cad></gpxtpx:TrackPointExtension></extensions><extensions><gpxtpx:PowerExtension><gpxtpx:PowerInWatts>208</gpxtpx:PowerInWatts></gpxtpx:PowerExtension></extensions></trkpt>
<trkpt lat="38.5724579" lon="-121.4540106">
<ele>14</ele><time>2025-03-05T18:17:13.999Z</time><extensions><gpxtpx:TrackPointExtension><gpxtpx:hr>142</gpxtpx:hr><gpxtpx:cad>82</gpxtpx:cad></gpxtpx:TrackPointExtension></extensions><extensions><gpxtpx:PowerExtension><gpxtpx:PowerInWatts>216</gpxtpx:PowerInWatts></gpxtpx:PowerExtension></extensions></trkpt>
<trkpt lat="38.5725029" lon="-121.4539911">
<ele>14</ele><time>2025-03-05T18:17:15.999Z</time><extensions><gpxtpx:TrackPointExtension><gpxtpx:hr>142</gpxtpx:hr><gpxtpx:cad>79</gpxtpx:cad></gpxtpx:TrackPointExtension></extensions><extensions><gpxtpx:PowerExtension><gpxtpx:PowerInWatts>216</gpxtpx:PowerInWatts></gpxtpx:PowerExtension></extensions></trkpt>
<trkpt lat="38.5725500" lon="-121.4539611">
<ele>14</ele><time>2025-03-05T18:17:17.999Z</time><extensions><gpxtpx:TrackPointExtension><gpxtpx:hr>142</gpxtpx:hr><gpxtpx:cad>79</gpxtpx:cad></gpxtpx:TrackPointExtension></extensions><extensions><gpxtpx:PowerExtension><gpxtpx:PowerInWatts>216</gpxtpx:PowerInWatts></gpxtpx:PowerExtension></extensions></trkpt>
<trkpt lat="38.5726058" lon="-121.4539414">
<ele>14</ele><time>2025-03-05T18:17:19.999Z</time><extensions><gpxtpx:TrackPointExtension><gpxtpx:hr>142</gpxtpx:hr><gpxtpx:cad>80</gpxtpx:cad></gpxtpx:TrackPointExtension></extensions><extensions><gpxtpx:PowerExtension><gpxtpx:PowerInWatts>210</gpxtpx:PowerInWatts></gpxtpx:PowerExtension></extensions></trkpt>
<trkpt lat="38.5726489" lon="-121.4539238">
<ele>14</ele><time>2025-03-05T18:17:21.999Z</time><extensions><gpxtpx:TrackPointExtension><gpxtpx:hr>142</gpxtpx:hr><gpxtpx:cad>83</gpxtpx:cad></gpxtpx:TrackPointExtension></extensions><extensions><gpxtpx:PowerExtension><gpxtpx:PowerInWatts>208</gpxtpx:PowerInWatts></gpxtpx:PowerExtension></extensions></trkpt>
<trkpt lat="38.5726957" lon="-121.4538994">
<ele>14</ele><time>2025-03-05T18:17:23.999Z</time><extensions><gpxtpx:TrackPointExtension><gpxtpx:hr>142</gpxtpx:hr><gpxtpx:cad>79</gpxtpx:cad></gpxtpx:TrackPointExtension></extensions><extensions><gpxtpx:PowerExtension><gpxtpx:PowerInWatts>207</gpxtpx:PowerInWatts></gpxtpx:PowerExtension></extensions></trkpt>
<trkpt lat="38.5727389" lon="-121.4538710">
<ele>14</ele><time>2025-03-05T18:17:25.999Z</time><extensions><gpxtpx:TrackPointExtension><gpxtpx:hr>142</gpxtpx:hr><gpxtpx:cad>78</gpxtpx:cad></gpxtpx:TrackPointExtension></extensions><extensions><gpxtpx:PowerExtension><gpxtpx:PowerInWatts>207</gpxtpx:PowerInWatts></gpxtpx:PowerExtension></extensions></trkpt>
<trkpt lat="38.5727985" lon="-121.4538371">
<ele>14</ele><time>2025-03-05T18:17:28.999Z</time><extensions><gpxtpx:TrackPointExtension><gpxtpx:hr>142</gpxtpx:hr><gpxtpx:cad>78</gpxtpx:cad></gpxtpx:TrackPointExtension></extensions><extensions><gpxtpx:PowerExtension><gpxtpx:PowerInWatts>203</gpxtpx:PowerInWatts></gpxtpx:PowerExtension></extensions></trkpt>
<trkpt lat="38.5728588" lon="-121.4538056">
<ele>14</ele><time>2025-03-05T18:17:31.999Z</time><extensions><gpxtpx:TrackPointExtension><gpxtpx:hr>142</gpxtpx:hr><gpxtpx:cad>77</gpxtpx:cad></gpxtpx:TrackPointExtension></extensions><extensions><gpxtpx:PowerExtension><gpxtpx:PowerInWatts>201</gpxtpx:PowerInWatts></gpxtpx:PowerExtension></extensions></trkpt>
<trkpt lat="38.5729055" lon="-121.4537871">
<ele>13</ele><time>2025-03-05T18:17:33.999Z</time><extensions><gpxtpx:TrackPointExtension><gpxtpx:hr>142</gpxtpx:hr><gpxtpx:cad>80</gpxtpx:cad></gpxtpx:TrackPointExtension></extensions><extensions><gpxtpx:PowerExtension><gpxtpx:PowerInWatts>199</gpxtpx:PowerInWatts></gpxtpx:PowerExtension></extensions></trkpt>
<trkpt lat="38.5729668" lon="-121.4537557">
<ele>13</ele><time>2025-03-05T18:17:36.999Z</time><extensions><gpxtpx:TrackPointExtension><gpxtpx:hr>142</gpxtpx:hr><gpxtpx:cad>83</gpxtpx:cad></gpxtpx:TrackPointExtension></extensions><extensions><gpxtpx:PowerExtension><gpxtpx:PowerInWatts>200</gpxtpx:PowerInWatts></gpxtpx:PowerExtension></extensions></trkpt>
<trkpt lat="38.5730153" lon="-121.4537212">
<ele>13</ele><time>2025-03-05T18:17:38.999Z</time><extensions><gpxtpx:TrackPointExtension><gpxtpx:hr>142</gpxtpx:hr><gpxtpx:cad>80</gpxtpx:cad></gpxtpx:TrackPointExtension></extensions><extensions><gpxtpx:PowerExtension><gpxtpx:PowerInWatts>200</gpxtpx:PowerInWatts></gpxtpx:PowerExtension></extensions></trkpt>
<trkpt lat="38.5730707" lon="-121.4536885">
<ele>13</ele><time>2025-03-05T18:17:40.999Z</time><extensions><gpxtpx:TrackPointExtension><gpxtpx:hr>142</gpxtpx:hr><gpxtpx:cad>78</gpxtpx:cad></gpxtpx:TrackPointExtension></extensions><extensions><gpxtpx:PowerExtension><gpxtpx:PowerInWatts>200</gpxtpx:PowerInWatts></gpxtpx:PowerExtension></extensions></trkpt>
<trkpt lat="38.5731217" lon="-121.4536669">
<ele>13</ele><time>2025-03-05T18:17:42.999Z</time><extensions><gpxtpx:TrackPointExtension><gpxtpx:hr>143</gpxtpx:hr><gpxtpx:cad>78</gpxtpx:cad></gpxtpx:TrackPointExtension></extensions><extensions><gpxtpx:PowerExtension><gpxtpx:PowerInWatts>201</gpxtpx:PowerInWatts></gpxtpx:PowerExtension></extensions></trkpt>
<trkpt lat="38.5731886" lon="-121.4536324">
<ele>13</ele><time>2025-03-05T18:17:45.999Z</time><extensions><gpxtpx:TrackPointExtension><gpxtpx:hr>143</gpxtpx:hr><gpxtpx:cad>81</gpxtpx:cad></gpxtpx:TrackPointExtension></extensions><extensions><gpxtpx:PowerExtension><gpxtpx:PowerInWatts>202</gpxtpx:PowerInWatts></gpxtpx:PowerExtension></extensions></trkpt>
<trkpt lat="38.5732346" lon="-121.4536196">
<ele>13</ele><time>2025-03-05T18:17:47.999Z</time><extensions><gpxtpx:TrackPointExtension><gpxtpx:hr>143</gpxtpx:hr><gpxtpx:cad>80</gpxtpx:cad></gpxtpx:TrackPointExtension></extensions><extensions><gpxtpx:PowerExtension><gpxtpx:PowerInWatts>202</gpxtpx:PowerInWatts></gpxtpx:PowerExtension></extensions></trkpt>
<trkpt lat="38.5732899" lon="-121.4535909">
<ele>13</ele><time>2025-03-05T18:17:49.999Z</time><extensions><gpxtpx:TrackPointExtension><gpxtpx:hr>143</gpxtpx:hr><gpxtpx:cad>80</gpxtpx:cad></gpxtpx:TrackPointExtension></extensions><extensions><gpxtpx:PowerExtension><gpxtpx:PowerInWatts>201</gpxtpx:PowerInWatts></gpxtpx:PowerExtension></extensions></trkpt>
<trkpt lat="38.5733375" lon="-121.4535662">
<ele>13</ele><time>2025-03-05T18:17:51.999Z</time><extensions><gpxtpx:TrackPointExtension><gpxtpx:hr>143</gpxtpx:hr><gpxtpx:cad>83</gpxtpx:cad></gpxtpx:TrackPointExtension></extensions><extensions><gpxtpx:PowerExtension><gpxtpx:PowerInWatts>201</gpxtpx:PowerInWatts></gpxtpx:PowerExtension></extensions></trkpt>
<trkpt lat="38.5733862" lon="-121.4535409">
<ele>13</ele><time>2025-03-05T18:17:53.999Z</time><extensions><gpxtpx:TrackPointExtension><gpxtpx:hr>143</gpxtpx:hr><gpxtpx:cad>79</gpxtpx:cad></gpxtpx:TrackPointExtension></extensions><extensions><gpxtpx:PowerExtension><gpxtpx:PowerInWatts>201</gpxtpx:PowerInWatts></gpxtpx:PowerExtension></extensions></trkpt>
<trkpt lat="38.5734360" lon="-121.4535151">
<ele>13</ele><time>2025-03-05T18:17:55.999Z</time><extensions><gpxtpx:TrackPointExtension><gpxtpx:hr>143</gpxtpx:hr><gpxtpx:cad>80</gpxtpx:cad></gpxtpx:TrackPointExtension></extensions><extensions><gpxtpx:PowerExtension><gpxtpx:PowerInWatts>201</gpxtpx:PowerInWatts></gpxtpx:PowerExtension></extensions></trkpt>
<trkpt lat="38.5734954" lon="-121.4534842">
<ele>13</ele><time>2025-03-05T18:17:57.999Z</time><extensions><gpxtpx:TrackPointExtension><gpxtpx:hr>144</gpxtpx:hr><gpxtpx:cad>80</gpxtpx:cad></gpxtpx:TrackPointExtension></extensions><extensions><gpxtpx:PowerExtension><gpxtpx:PowerInWatts>205</gpxtpx:PowerInWatts></gpxtpx:PowerExtension></extensions></trkpt>
<trkpt lat="38.5735407" lon="-121.4534555">
<ele>13</ele><time>2025-03-05T18:17:59.999Z</time><extensions><gpxtpx:TrackPointExtension><gpxtpx:hr>144</gpxtpx:hr><gpxtpx:cad>81</gpxtpx:cad></gpxtpx:TrackPointExtension></extensions><extensions><gpxtpx:PowerExtension><gpxtpx:PowerInWatts>207</gpxtpx:PowerInWatts></gpxtpx:PowerExtension></extensions></trkpt>
<trkpt lat="38.5736066" lon="-121.4534253">
<ele>12</ele><time>2025-03-05T18:18:02.999Z</time><extensions><gpxtpx:TrackPointExtension><gpxtpx:hr>144</gpxtpx:hr><gpxtpx:cad>79</gpxtpx:cad></gpxtpx:TrackPointExtension></extensions><extensions><gpxtpx:PowerExtension><gpxtpx:PowerInWatts>211</gpxtpx:PowerInWatts></gpxtpx:PowerExtension></extensions></trkpt>
<trkpt lat="38.5736561" lon="-121.4533957">
<ele>12</ele><time>2025-03-05T18:18:04.999Z</time><extensions><gpxtpx:TrackPointExtension><gpxtpx:hr>144</gpxtpx:hr><gpxtpx:cad>79</gpxtpx:cad></gpxtpx:TrackPointExtension></extensions><extensions><gpxtpx:PowerExtension><gpxtpx:PowerInWatts>211</gpxtpx:PowerInWatts></gpxtpx:PowerExtension></extensions></trkpt>
<trkpt lat="38.5737011" lon="-121.4533722">
<ele>12</ele><time>2025-03-05T18:18:06.999Z</time><extensions><gpxtpx:TrackPointExtension><gpxtpx:hr>144</gpxtpx:hr><gpxtpx:cad>81</gpxtpx:cad></gpxtpx:TrackPointExtension></extensions><extensions><gpxtpx:PowerExtension><gpxtpx:PowerInWatts>210</gpxtpx:PowerInWatts></gpxtpx:PowerExtension></extensions></trkpt>
<trkpt lat="38.5737525" lon="-121.4533324">
<ele>12</ele><time>2025-03-05T18:18:08.999Z</time><extensions><gpxtpx:TrackPointExtension><gpxtpx:hr>144</gpxtpx:hr><gpxtpx:cad>84</gpxtpx:cad></gpxtpx:TrackPointExtension></extensions><extensions><gpxtpx:PowerExtension><gpxtpx:PowerInWatts>210</gpxtpx:PowerInWatts></gpxtpx:PowerExtension></extensions></trkpt>
<trkpt lat="38.5738118" lon="-121.4533109">
<ele>12</ele><time>2025-03-05T18:18:10.999Z</time><extensions><gpxtpx:TrackPointExtension><gpxtpx:hr>144</gpxtpx:hr><gpxtpx:cad>87</gpxtpx:cad></gpxtpx:TrackPointExtension></extensions><extensions><gpxtpx:PowerExtension><gpxtpx:PowerInWatts>210</gpxtpx:PowerInWatts></gpxtpx:PowerExtension></extensions></trkpt>
<trkpt lat="38.5738694" lon="-121.4532678">
<ele>12</ele><time>2025-03-05T18:18:13.999Z</time><extensions><gpxtpx:TrackPointExtension><gpxtpx:hr>144</gpxtpx:hr><gpxtpx:cad>80</gpxtpx:cad></gpxtpx:TrackPointExtension></extensions><extensions><gpxtpx:PowerExtension><gpxtpx:PowerInWatts>210</gpxtpx:PowerInWatts></gpxtpx:PowerExtension></extensions></trkpt>
<trkpt lat="38.5739436" lon="-121.4532493">
<ele>12</ele><time>2025-03-05T18:18:16.999Z</time><extensions><gpxtpx:TrackPointExtension><gpxtpx:hr>144</gpxtpx:hr><gpxtpx:cad>80</gpxtpx:cad></gpxtpx:TrackPointExtension></extensions><extensions><gpxtpx:PowerExtension><gpxtpx:PowerInWatts>210</gpxtpx:PowerInWatts></gpxtpx:PowerExtension></extensions></trkpt>
<trkpt lat="38.5739871" lon="-121.4532292">
<ele>12</ele><time>2025-03-05T18:18:18.999Z</time><extensions><gpxtpx:TrackPointExtension><gpxtpx:hr>144</gpxtpx:hr><gpxtpx:cad>81</gpxtpx:cad></gpxtpx:TrackPointExtension></extensions><extensions><gpxtpx:PowerExtension><gpxtpx:PowerInWatts>208</gpxtpx:PowerInWatts></gpxtpx:PowerExtension></extensions></trkpt>
<trkpt lat="38.5740388" lon="-121.4532026">
<ele>12</ele><time>2025-03-05T18:18:20.999Z</time><extensions><gpxtpx:TrackPointExtension><gpxtpx:hr>144</gpxtpx:hr><gpxtpx:cad>81</gpxtpx:cad></gpxtpx:TrackPointExtension></extensions><extensions><gpxtpx:PowerExtension><gpxtpx:PowerInWatts>208</gpxtpx:PowerInWatts></gpxtpx:PowerExtension></extensions></trkpt>
<trkpt lat="38.5740886" lon="-121.4531767">
<ele>12</ele><time>2025-03-05T18:18:22.999Z</time><extensions><gpxtpx:TrackPointExtension><gpxtpx:hr>144</gpxtpx:hr><gpxtpx:cad>78</gpxtpx:cad></gpxtpx:TrackPointExtension></extensions><extensions><gpxtpx:PowerExtension><gpxtpx:PowerInWatts>205</gpxtpx:PowerInWatts></gpxtpx:PowerExtension></extensions></trkpt>
<trkpt lat="38.5741311" lon="-121.4531546">
<ele>12</ele><time>2025-03-05T18:18:24.999Z</time><extensions><gpxtpx:TrackPointExtension><gpxtpx:hr>144</gpxtpx:hr><gpxtpx:cad>78</gpxtpx:cad></gpxtpx:TrackPointExtension></extensions><extensions><gpxtpx:PowerExtension><gpxtpx:PowerInWatts>207</gpxtpx:PowerInWatts></gpxtpx:PowerExtension></extensions></trkpt>
<trkpt lat="38.5741731" lon="-121.4531328">
<ele>12</ele><time>2025-03-05T18:18:26.999Z</time><extensions><gpxtpx:TrackPointExtension><gpxtpx:hr>144</gpxtpx:hr><gpxtpx:cad>81</gpxtpx:cad></gpxtpx:TrackPointExtension></extensions><extensions><gpxtpx:PowerExtension><gpxtpx:PowerInWatts>207</gpxtpx:PowerInWatts></gpxtpx:PowerExtension></extensions></trkpt>
<trkpt lat="38.5742227" lon="-121.4531070">
<ele>12</ele><time>2025-03-05T18:18:28.999Z</time><extensions><gpxtpx:TrackPointExtension><gpxtpx:hr>143</gpxtpx:hr><gpxtpx:cad>83</gpxtpx:cad></gpxtpx:TrackPointExtension></extensions><extensions><gpxtpx:PowerExtension><gpxtpx:PowerInWatts>206</gpxtpx:PowerInWatts></gpxtpx:PowerExtension></extensions></trkpt>
<trkpt lat="38.5742816" lon="-121.4530764">
<ele>12</ele><time>2025-03-05T18:18:30.999Z</time><extensions><gpxtpx:TrackPointExtension><gpxtpx:hr>143</gpxtpx:hr><gpxtpx:cad>87</gpxtpx:cad></gpxtpx:TrackPointExtension></extensions><extensions><gpxtpx:PowerExtension><gpxtpx:PowerInWatts>205</gpxtpx:PowerInWatts></gpxtpx:PowerExtension></extensions></trkpt>
<trkpt lat="38.5743282" lon="-121.4530522">
<ele>12</ele><time>2025-03-05T18:18:32.999Z</time><extensions><gpxtpx:TrackPointExtension><gpxtpx:hr>143</gpxtpx:hr><gpxtpx:cad>86</gpxtpx:cad></gpxtpx:TrackPointExtension></extensions><extensions><gpxtpx:PowerExtension><gpxtpx:PowerInWatts>205</gpxtpx:PowerInWatts></gpxtpx:PowerExtension></extensions></trkpt>
<trkpt lat="38.5743825" lon="-121.4530240">
<ele>12</ele><time>2025-03-05T18:18:34.999Z</time><extensions><gpxtpx:TrackPointExtension><gpxtpx:hr>143</gpxtpx:hr><gpxtpx:cad>81</gpxtpx:cad></gpxtpx:TrackPointExtension></extensions><extensions><gpxtpx:PowerExtension><gpxtpx:PowerInWatts>205</gpxtpx:PowerInWatts></gpxtpx:PowerExtension></extensions></trkpt>
<trkpt lat="38.5744435" lon="-121.4529802">
<ele>12</ele><time>2025-03-05T18:18:36.999Z</time><extensions><gpxtpx:TrackPointExtension><gpxtpx:hr>143</gpxtpx:hr><gpxtpx:cad>79</gpxtpx:cad></gpxtpx:TrackPointExtension></extensions><extensions><gpxtpx:PowerExtension><gpxtpx:PowerInWatts>209</gpxtpx:PowerInWatts></gpxtpx:PowerExtension></extensions></trkpt>
<trkpt lat="38.5744992" lon="-121.4529584">
<ele>12</ele><time>2025-03-05T18:18:39.999Z</time><extensions><gpxtpx:TrackPointExtension><gpxtpx:hr>144</gpxtpx:hr><gpxtpx:cad>79</gpxtpx:cad></gpxtpx:TrackPointExtension></extensions><extensions><gpxtpx:PowerExtension><gpxtpx:PowerInWatts>210</gpxtpx:PowerInWatts></gpxtpx:PowerExtension></extensions></trkpt>
<trkpt lat="38.5745506" lon="-121.4529328">
<ele>12</ele><time>2025-03-05T18:18:41.999Z</time><extensions><gpxtpx:TrackPointExtension><gpxtpx:hr>144</gpxtpx:hr><gpxtpx:cad>81</gpxtpx:cad></gpxtpx:TrackPointExtension></extensions><extensions><gpxtpx:PowerExtension><gpxtpx:PowerInWatts>213</gpxtpx:PowerInWatts></gpxtpx:PowerExtension></extensions></trkpt>
<trkpt lat="38.5745980" lon="-121.4529104">
<ele>12</ele><time>2025-03-05T18:18:43.999Z</time><extensions><gpxtpx:TrackPointExtension><gpxtpx:hr>144</gpxtpx:hr><gpxtpx:cad>84</gpxtpx:cad></gpxtpx:TrackPointExtension></extensions><extensions><gpxtpx:PowerExtension><gpxtpx:PowerInWatts>211</gpxtpx:PowerInWatts></gpxtpx:PowerExtension></extensions></trkpt>
<trkpt lat="38.5746428" lon="-121.4528887">
<ele>12</ele><time>2025-03-05T18:18:45.999Z</time><extensions><gpxtpx:TrackPointExtension><gpxtpx:hr>144</gpxtpx:hr><gpxtpx:cad>80</gpxtpx:cad></gpxtpx:TrackPointExtension></extensions><extensions><gpxtpx:PowerExtension><gpxtpx:PowerInWatts>207</gpxtpx:PowerInWatts></gpxtpx:PowerExtension></extensions></trkpt>
<trkpt lat="38.5746884" lon="-121.4528649">
<ele>12</ele><time>2025-03-05T18:18:47.999Z</time><extensions><gpxtpx:TrackPointExtension><gpxtpx:hr>145</gpxtpx:hr><gpxtpx:cad>80</gpxtpx:cad></gpxtpx:TrackPointExtension></extensions><extensions><gpxtpx:PowerExtension><gpxtpx:PowerInWatts>207</gpxtpx:PowerInWatts></gpxtpx:PowerExtension></extensions></trkpt>
<trkpt lat="38.5747411" lon="-121.4528353">
<ele>12</ele><time>2025-03-05T18:18:49.999Z</time><extensions><gpxtpx:TrackPointExtension><gpxtpx:hr>145</gpxtpx:hr><gpxtpx:cad>80</gpxtpx:cad></gpxtpx:TrackPointExtension></extensions><extensions><gpxtpx:PowerExtension><gpxtpx:PowerInWatts>207</gpxtpx:PowerInWatts></gpxtpx:PowerExtension></extensions></trkpt>
<trkpt lat="38.5747849" lon="-121.4528148">
<ele>12</ele><time>2025-03-05T18:18:51.999Z</time><extensions><gpxtpx:TrackPointExtension><gpxtpx:hr>145</gpxtpx:hr><gpxtpx:cad>86</gpxtpx:cad></gpxtpx:TrackPointExtension></extensions><extensions><gpxtpx:PowerExtension><gpxtpx:PowerInWatts>206</gpxtpx:PowerInWatts></gpxtpx:PowerExtension></extensions></trkpt>
<trkpt lat="38.5748330" lon="-121.4527897">
<ele>12</ele><time>2025-03-05T18:18:53.999Z</time><extensions><gpxtpx:TrackPointExtension><gpxtpx:hr>145</gpxtpx:hr><gpxtpx:cad>89</gpxtpx:cad></gpxtpx:TrackPointExtension></extensions><extensions><gpxtpx:PowerExtension><gpxtpx:PowerInWatts>206</gpxtpx:PowerInWatts></gpxtpx:PowerExtension></extensions></trkpt>
<trkpt lat="38.5748870" lon="-121.4527617">
<ele>12</ele><time>2025-03-05T18:18:55.999Z</time><extensions><gpxtpx:TrackPointExtension><gpxtpx:hr>145</gpxtpx:hr><gpxtpx:cad>88</gpxtpx:cad></gpxtpx:TrackPointExtension></extensions><extensions><gpxtpx:PowerExtension><gpxtpx:PowerInWatts>207</gpxtpx:PowerInWatts></gpxtpx:PowerExtension></extensions></trkpt>
<trkpt lat="38.5749461" lon="-121.4527310">
<ele>12</ele><time>2025-03-05T18:18:57.999Z</time><extensions><gpxtpx:TrackPointExtension><gpxtpx:hr>146</gpxtpx:hr><gpxtpx:cad>84</gpxtpx:cad></gpxtpx:TrackPointExtension></extensions><extensions><gpxtpx:PowerExtension><gpxtpx:PowerInWatts>207</gpxtpx:PowerInWatts></gpxtpx:PowerExtension></extensions></trkpt>
<trkpt lat="38.5749954" lon="-121.4527015">
<ele>12</ele><time>2025-03-05T18:18:59.999Z</time><extensions><gpxtpx:TrackPointExtension><gpxtpx:hr>146</gpxtpx:hr><gpxtpx:cad>78</gpxtpx:cad></gpxtpx:TrackPointExtension></extensions><extensions><gpxtpx:PowerExtension><gpxtpx:PowerInWatts>207</gpxtpx:PowerInWatts></gpxtpx:PowerExtension></extensions></trkpt>
<trkpt lat="38.5750413" lon="-121.4526815">
<ele>12</ele><time>2025-03-05T18:19:01.999Z</time><extensions><gpxtpx:TrackPointExtension><gpxtpx:hr>146</gpxtpx:hr><gpxtpx:cad>80</gpxtpx:cad></gpxtpx:TrackPointExtension></extensions><extensions><gpxtpx:PowerExtension><gpxtpx:PowerInWatts>207</gpxtpx:PowerInWatts></gpxtpx:PowerExtension></extensions></trkpt>
<trkpt lat="38.5750872" lon="-121.4526569">
<ele>12</ele><time>2025-03-05T18:19:03.999Z</time><extensions><gpxtpx:TrackPointExtension><gpxtpx:hr>146</gpxtpx:hr><gpxtpx:cad>84</gpxtpx:cad></gpxtpx:TrackPointExtension></extensions><extensions><gpxtpx:PowerExtension><gpxtpx:PowerInWatts>213</gpxtpx:PowerInWatts></gpxtpx:PowerExtension></extensions></trkpt>
<trkpt lat="38.5751312" lon="-121.4526187">
<ele>12</ele><time>2025-03-05T18:19:05.999Z</time><extensions><gpxtpx:TrackPointExtension><gpxtpx:hr>147</gpxtpx:hr><gpxtpx:cad>83</gpxtpx:cad></gpxtpx:TrackPointExtension></extensions><extensions><gpxtpx:PowerExtension><gpxtpx:PowerInWatts>212</gpxtpx:PowerInWatts></gpxtpx:PowerExtension></extensions></trkpt>
<trkpt lat="38.5751913" lon="-121.4526022">
<ele>12</ele><time>2025-03-05T18:19:07.999Z</time><extensions><gpxtpx:TrackPointExtension><gpxtpx:hr>147</gpxtpx:hr><gpxtpx:cad>79</gpxtpx:cad></gpxtpx:TrackPointExtension></extensions><extensions><gpxtpx:PowerExtension><gpxtpx:PowerInWatts>212</gpxtpx:PowerInWatts></gpxtpx:PowerExtension></extensions></trkpt>
<trkpt lat="38.5752470" lon="-121.4525726">
<ele>12</ele><time>2025-03-05T18:19:10.999Z</time><extensions><gpxtpx:TrackPointExtension><gpxtpx:hr>147</gpxtpx:hr><gpxtpx:cad>79</gpxtpx:cad></gpxtpx:TrackPointExtension></extensions><extensions><gpxtpx:PowerExtension><gpxtpx:PowerInWatts>213</gpxtpx:PowerInWatts></gpxtpx:PowerExtension></extensions></trkpt>
<trkpt lat="38.5752916" lon="-121.4525488">
<ele>12</ele><time>2025-03-05T18:19:12.999Z</time><extensions><gpxtpx:TrackPointExtension><gpxtpx:hr>147</gpxtpx:hr><gpxtpx:cad>84</gpxtpx:cad></gpxtpx:TrackPointExtension></extensions><extensions><gpxtpx:PowerExtension><gpxtpx:PowerInWatts>213</gpxtpx:PowerInWatts></gpxtpx:PowerExtension></extensions></trkpt>
<trkpt lat="38.5753380" lon="-121.4525241">
<ele>12</ele><time>2025-03-05T18:19:14.999Z</time><extensions><gpxtpx:TrackPointExtension><gpxtpx:hr>147</gpxtpx:hr><gpxtpx:cad>86</gpxtpx:cad></gpxtpx:TrackPointExtension></extensions><extensions><gpxtpx:PowerExtension><gpxtpx:PowerInWatts>212</gpxtpx:PowerInWatts></gpxtpx:PowerExtension></extensions></trkpt>
<trkpt lat="38.5753756" lon="-121.4524873">
<ele>12</ele><time>2025-03-05T18:19:16.999Z</time><extensions><gpxtpx:TrackPointExtension><gpxtpx:hr>147</gpxtpx:hr><gpxtpx:cad>84</gpxtpx:cad></gpxtpx:TrackPointExtension></extensions><extensions><gpxtpx:PowerExtension><gpxtpx:PowerInWatts>212</gpxtpx:PowerInWatts></gpxtpx:PowerExtension></extensions></trkpt>
<trkpt lat="38.5754304" lon="-121.4524753">
<ele>12</ele><time>2025-03-05T18:19:18.999Z</time><extensions><gpxtpx:TrackPointExtension><gpxtpx:hr>147</gpxtpx:hr><gpxtpx:cad>82</gpxtpx:cad></gpxtpx:TrackPointExtension></extensions><extensions><gpxtpx:PowerExtension><gpxtpx:PowerInWatts>212</gpxtpx:PowerInWatts></gpxtpx:PowerExtension></extensions></trkpt>
<trkpt lat="38.5754938" lon="-121.4524427">
<ele>12</ele><time>2025-03-05T18:19:20.999Z</time><extensions><gpxtpx:TrackPointExtension><gpxtpx:hr>148</gpxtpx:hr><gpxtpx:cad>81</gpxtpx:cad></gpxtpx:TrackPointExtension></extensions><extensions><gpxtpx:PowerExtension><gpxtpx:PowerInWatts>212</gpxtpx:PowerInWatts></gpxtpx:PowerExtension></extensions></trkpt>
<trkpt lat="38.5755496" lon="-121.4523946">
<ele>12</ele><time>2025-03-05T18:19:22.999Z</time><extensions><gpxtpx:TrackPointExtension><gpxtpx:hr>148</gpxtpx:hr><gpxtpx:cad>79</gpxtpx:cad></gpxtpx:TrackPointExtension></extensions><extensions><gpxtpx:PowerExtension><gpxtpx:PowerInWatts>211</gpxtpx:PowerInWatts></gpxtpx:PowerExtension></extensions></trkpt>
<trkpt lat="38.5756126" lon="-121.4523802">
<ele>12</ele><time>2025-03-05T18:19:24.999Z</time><extensions><gpxtpx:TrackPointExtension><gpxtpx:hr>148</gpxtpx:hr><gpxtpx:cad>76</gpxtpx:cad></gpxtpx:TrackPointExtension></extensions><extensions><gpxtpx:PowerExtension><gpxtpx:PowerInWatts>213</gpxtpx:PowerInWatts></gpxtpx:PowerExtension></extensions></trkpt>
<trkpt lat="38.5756668" lon="-121.4523537">
<ele>12</ele><time>2025-03-05T18:19:26.999Z</time><extensions><gpxtpx:TrackPointExtension><gpxtpx:hr>148</gpxtpx:hr><gpxtpx:cad>79</gpxtpx:cad></gpxtpx:TrackPointExtension></extensions><extensions><gpxtpx:PowerExtension><gpxtpx:PowerInWatts>223</gpxtpx:PowerInWatts></gpxtpx:PowerExtension></extensions></trkpt>
<trkpt lat="38.5757285" lon="-121.4523219">
<ele>12</ele><time>2025-03-05T18:19:28.999Z</time><extensions><gpxtpx:TrackPointExtension><gpxtpx:hr>148</gpxtpx:hr><gpxtpx:cad>82</gpxtpx:cad></gpxtpx:TrackPointExtension></extensions><extensions><gpxtpx:PowerExtension><gpxtpx:PowerInWatts>226</gpxtpx:PowerInWatts></gpxtpx:PowerExtension></extensions></trkpt>
<trkpt lat="38.5757920" lon="-121.4522893">
<ele>12</ele><time>2025-03-05T18:19:31.999Z</time><extensions><gpxtpx:TrackPointExtension><gpxtpx:hr>147</gpxtpx:hr><gpxtpx:cad>81</gpxtpx:cad></gpxtpx:TrackPointExtension></extensions><extensions><gpxtpx:PowerExtension><gpxtpx:PowerInWatts>226</gpxtpx:PowerInWatts></gpxtpx:PowerExtension></extensions></trkpt>
<trkpt lat="38.5758465" lon="-121.4522608">
<ele>12</ele><time>2025-03-05T18:19:33.999Z</time><extensions><gpxtpx:TrackPointExtension><gpxtpx:hr>147</gpxtpx:hr><gpxtpx:cad>84</gpxtpx:cad></gpxtpx:TrackPointExtension></extensions><extensions><gpxtpx:PowerExtension><gpxtpx:PowerInWatts>227</gpxtpx:PowerInWatts></gpxtpx:PowerExtension></extensions></trkpt>
<trkpt lat="38.5759058" lon="-121.4522298">
<ele>11</ele><time>2025-03-05T18:19:35.999Z</time><extensions><gpxtpx:TrackPointExtension><gpxtpx:hr>147</gpxtpx:hr><gpxtpx:cad>81</gpxtpx:cad></gpxtpx:TrackPointExtension></extensions><extensions><gpxtpx:PowerExtension><gpxtpx:PowerInWatts>227</gpxtpx:PowerInWatts></gpxtpx:PowerExtension></extensions></trkpt>
<trkpt lat="38.5759585" lon="-121.4522022">
<ele>11</ele><time>2025-03-05T18:19:37.999Z</time><extensions><gpxtpx:TrackPointExtension><gpxtpx:hr>147</gpxtpx:hr><gpxtpx:cad>79</gpxtpx:cad></gpxtpx:TrackPointExtension></extensions><extensions><gpxtpx:PowerExtension><gpxtpx:PowerInWatts>227</gpxtpx:PowerInWatts></gpxtpx:PowerExtension></extensions></trkpt>
<trkpt lat="38.5760163" lon="-121.4521720">
<ele>11</ele><time>2025-03-05T18:19:40.999Z</time><extensions><gpxtpx:TrackPointExtension><gpxtpx:hr>147</gpxtpx:hr><gpxtpx:cad>79</gpxtpx:cad></gpxtpx:TrackPointExtension></extensions><extensions><gpxtpx:PowerExtension><gpxtpx:PowerInWatts>226</gpxtpx:PowerInWatts></gpxtpx:PowerExtension></extensions></trkpt>
<trkpt lat="38.5760733" lon="-121.4521422">
<ele>11</ele><time>2025-03-05T18:19:42.999Z</time><extensions><gpxtpx:TrackPointExtension><gpxtpx:hr>147</gpxtpx:hr><gpxtpx:cad>80</gpxtpx:cad></gpxtpx:TrackPointExtension></extensions><extensions><gpxtpx:PowerExtension><gpxtpx:PowerInWatts>231</gpxtpx:PowerInWatts></gpxtpx:PowerExtension></extensions></trkpt>
<trkpt lat="38.5761249" lon="-121.4521151">
<ele>11</ele><time>2025-03-05T18:19:44.999Z</time><extensions><gpxtpx:TrackPointExtension><gpxtpx:hr>147</gpxtpx:hr><gpxtpx:cad>81</gpxtpx:cad></gpxtpx:TrackPointExtension></extensions><extensions><gpxtpx:PowerExtension><gpxtpx:PowerInWatts>231</gpxtpx:PowerInWatts></gpxtpx:PowerExtension></extensions></trkpt>
<trkpt lat="38.5761700" lon="-121.4520916">
<ele>11</ele><time>2025-03-05T18:19:46.999Z</time><extensions><gpxtpx:TrackPointExtension><gpxtpx:hr>146</gpxtpx:hr><gpxtpx:cad>82</gpxtpx:cad></gpxtpx:TrackPointExtension></extensions><extensions><gpxtpx:PowerExtension><gpxtpx:PowerInWatts>224</gpxtpx:PowerInWatts></gpxtpx:PowerExtension></extensions></trkpt>
<trkpt lat="38.5762211" lon="-121.4520648">
<ele>11</ele><time>2025-03-05T18:19:48.999Z</time><extensions><gpxtpx:TrackPointExtension><gpxtpx:hr>146</gpxtpx:hr><gpxtpx:cad>85</gpxtpx:cad></gpxtpx:TrackPointExtension></extensions><extensions><gpxtpx:PowerExtension><gpxtpx:PowerInWatts>224</gpxtpx:PowerInWatts></gpxtpx:PowerExtension></extensions></trkpt>
<trkpt lat="38.5762683" lon="-121.4520401">
<ele>11</ele><time>2025-03-05T18:19:50.999Z</time><extensions><gpxtpx:TrackPointExtension><gpxtpx:hr>146</gpxtpx:hr><gpxtpx:cad>84</gpxtpx:cad></gpxtpx:TrackPointExtension></extensions><extensions><gpxtpx:PowerExtension><gpxtpx:PowerInWatts>224</gpxtpx:PowerInWatts></gpxtpx:PowerExtension></extensions></trkpt>
<trkpt lat="38.5763236" lon="-121.4520112">
<ele>11</ele><time>2025-03-05T18:19:53.999Z</time><extensions><gpxtpx:TrackPointExtension><gpxtpx:hr>145</gpxtpx:hr><gpxtpx:cad>85</gpxtpx:cad></gpxtpx:TrackPointExtension></extensions><extensions><gpxtpx:PowerExtension><gpxtpx:PowerInWatts>225</gpxtpx:PowerInWatts></gpxtpx:PowerExtension></extensions></trkpt>
<trkpt lat="38.5763671" lon="-121.4519884">
<ele>11</ele><time>2025-03-05T18:19:55.999Z</time><extensions><gpxtpx:TrackPointExtension><gpxtpx:hr>145</gpxtpx:hr><gpxtpx:cad>85</gpxtpx:cad></gpxtpx:TrackPointExtension></extensions><extensions><gpxtpx:PowerExtension><gpxtpx:PowerInWatts>220</gpxtpx:PowerInWatts></gpxtpx:PowerExtension></extensions></trkpt>
<trkpt lat="38.5764185" lon="-121.4519615">
<ele>11</ele><time>2025-03-05T18:19:57.999Z</time><extensions><gpxtpx:TrackPointExtension><gpxtpx:hr>146</gpxtpx:hr><gpxtpx:cad>83</gpxtpx:cad></gpxtpx:TrackPointExtension></extensions><extensions><gpxtpx:PowerExtension><gpxtpx:PowerInWatts>220</gpxtpx:PowerInWatts></gpxtpx:PowerExtension></extensions></trkpt>
<trkpt lat="38.5764763" lon="-121.4519313">
<ele>11</ele><time>2025-03-05T18:19:59.999Z</time><extensions><gpxtpx:TrackPointExtension><gpxtpx:hr>146</gpxtpx:hr><gpxtpx:cad>82</gpxtpx:cad></gpxtpx:TrackPointExtension></extensions><extensions><gpxtpx:PowerExtension><gpxtpx:PowerInWatts>215</gpxtpx:PowerInWatts></gpxtpx:PowerExtension></extensions></trkpt>
<trkpt lat="38.5765279" lon="-121.4519043">
<ele>11</ele><time>2025-03-05T18:20:01.999Z</time><extensions><gpxtpx:TrackPointExtension><gpxtpx:hr>146</gpxtpx:hr><gpxtpx:cad>82</gpxtpx:cad></gpxtpx:TrackPointExtension></extensions><extensions><gpxtpx:PowerExtension><gpxtpx:PowerInWatts>215</gpxtpx:PowerInWatts></gpxtpx:PowerExtension></extensions></trkpt>
<trkpt lat="38.5765684" lon="-121.4519441">
<ele>11</ele><time>2025-03-05T18:20:04.999Z</time><extensions><gpxtpx:TrackPointExtension><gpxtpx:hr>147</gpxtpx:hr><gpxtpx:cad>87</gpxtpx:cad></gpxtpx:TrackPointExtension></extensions><extensions><gpxtpx:PowerExtension><gpxtpx:PowerInWatts>215</gpxtpx:PowerInWatts></gpxtpx:PowerExtension></extensions></trkpt>
<trkpt lat="38.5765327" lon="-121.4519939">
<ele>12</ele><time>2025-03-05T18:20:05.999Z</time><extensions><gpxtpx:TrackPointExtension><gpxtpx:hr>147</gpxtpx:hr><gpxtpx:cad>90</gpxtpx:cad></gpxtpx:TrackPointExtension></extensions><extensions><gpxtpx:PowerExtension><gpxtpx:PowerInWatts>215</gpxtpx:PowerInWatts></gpxtpx:PowerExtension></extensions></trkpt>
<trkpt lat="38.5765102" lon="-121.4520781">
<ele>12</ele><time>2025-03-05T18:20:07.999Z</time><extensions><gpxtpx:TrackPointExtension><gpxtpx:hr>148</gpxtpx:hr><gpxtpx:cad>87</gpxtpx:cad></gpxtpx:TrackPointExtension></extensions><extensions><gpxtpx:PowerExtension><gpxtpx:PowerInWatts>270</gpxtpx:PowerInWatts></gpxtpx:PowerExtension></extensions></trkpt>
<trkpt lat="38.5765221" lon="-121.4522131">
<ele>12</ele><time>2025-03-05T18:20:08.999Z</time><extensions><gpxtpx:TrackPointExtension><gpxtpx:hr>148</gpxtpx:hr><gpxtpx:cad>83</gpxtpx:cad></gpxtpx:TrackPointExtension></extensions><extensions><gpxtpx:PowerExtension><gpxtpx:PowerInWatts>270</gpxtpx:PowerInWatts></gpxtpx:PowerExtension></extensions></trkpt>
<trkpt lat="38.5765004" lon="-121.4522945">
<ele>12</ele><time>2025-03-05T18:20:10.999Z</time><extensions><gpxtpx:TrackPointExtension><gpxtpx:hr>149</gpxtpx:hr><gpxtpx:cad>82</gpxtpx:cad></gpxtpx:TrackPointExtension></extensions><extensions><gpxtpx:PowerExtension><gpxtpx:PowerInWatts>270</gpxtpx:PowerInWatts></gpxtpx:PowerExtension></extensions></trkpt>
<trkpt lat="38.5764834" lon="-121.4523804">
<ele>12</ele><time>2025-03-05T18:20:12.999Z</time><extensions><gpxtpx:TrackPointExtension><gpxtpx:hr>150</gpxtpx:hr><gpxtpx:cad>81</gpxtpx:cad></gpxtpx:TrackPointExtension></extensions><extensions><gpxtpx:PowerExtension><gpxtpx:PowerInWatts>240</gpxtpx:PowerInWatts></gpxtpx:PowerExtension></extensions></trkpt>
<trkpt lat="38.5764513" lon="-121.4524490">
<ele>12</ele><time>2025-03-05T18:20:14.999Z</time><extensions><gpxtpx:TrackPointExtension><gpxtpx:hr>151</gpxtpx:hr><gpxtpx:cad>85</gpxtpx:cad></gpxtpx:TrackPointExtension></extensions><extensions><gpxtpx:PowerExtension><gpxtpx:PowerInWatts>231</gpxtpx:PowerInWatts></gpxtpx:PowerExtension></extensions></trkpt>
<trkpt lat="38.5764349" lon="-121.4525192">
<ele>12</ele><time>2025-03-05T18:20:16.999Z</time><extensions><gpxtpx:TrackPointExtension><gpxtpx:hr>151</gpxtpx:hr><gpxtpx:cad>83</gpxtpx:cad></gpxtpx:TrackPointExtension></extensions><extensions><gpxtpx:PowerExtension><gpxtpx:PowerInWatts>231</gpxtpx:PowerInWatts></gpxtpx:PowerExtension></extensions></trkpt>
<trkpt lat="38.5764156" lon="-121.4526018">
<ele>12</ele><time>2025-03-05T18:20:18.999Z</time><extensions><gpxtpx:TrackPointExtension><gpxtpx:hr>151</gpxtpx:hr><gpxtpx:cad>82</gpxtpx:cad></gpxtpx:TrackPointExtension></extensions><extensions><gpxtpx:PowerExtension><gpxtpx:PowerInWatts>238</gpxtpx:PowerInWatts></gpxtpx:PowerExtension></extensions></trkpt>
<trkpt lat="38.5764055" lon="-121.4526831">
<ele>12</ele><time>2025-03-05T18:20:21.999Z</time><extensions><gpxtpx:TrackPointExtension><gpxtpx:hr>152</gpxtpx:hr><gpxtpx:cad>86</gpxtpx:cad></gpxtpx:TrackPointExtension></extensions><extensions><gpxtpx:PowerExtension><gpxtpx:PowerInWatts>241</gpxtpx:PowerInWatts></gpxtpx:PowerExtension></extensions></trkpt>
<trkpt lat="38.5763793" lon="-121.4527592">
<ele>12</ele><time>2025-03-05T18:20:23.999Z</time><extensions><gpxtpx:TrackPointExtension><gpxtpx:hr>152</gpxtpx:hr><gpxtpx:cad>88</gpxtpx:cad></gpxtpx:TrackPointExtension></extensions><extensions><gpxtpx:PowerExtension><gpxtpx:PowerInWatts>240</gpxtpx:PowerInWatts></gpxtpx:PowerExtension></extensions></trkpt>
<trkpt lat="38.5763642" lon="-121.4528245">
<ele>12</ele><time>2025-03-05T18:20:25.999Z</time><extensions><gpxtpx:TrackPointExtension><gpxtpx:hr>153</gpxtpx:hr><gpxtpx:cad>83</gpxtpx:cad></gpxtpx:TrackPointExtension></extensions><extensions><gpxtpx:PowerExtension><gpxtpx:PowerInWatts>240</gpxtpx:PowerInWatts></gpxtpx:PowerExtension></extensions></trkpt>
<trkpt lat="38.5763429" lon="-121.4528923">
<ele>12</ele><time>2025-03-05T18:20:27.999Z</time><extensions><gpxtpx:TrackPointExtension><gpxtpx:hr>153</gpxtpx:hr><gpxtpx:cad>80</gpxtpx:cad></gpxtpx:TrackPointExtension></extensions><extensions><gpxtpx:PowerExtension><gpxtpx:PowerInWatts>235</gpxtpx:PowerInWatts></gpxtpx:PowerExtension></extensions></trkpt>
<trkpt lat="38.5763267" lon="-121.4529600">
<ele>12</ele><time>2025-03-05T18:20:29.999Z</time><extensions><gpxtpx:TrackPointExtension><gpxtpx:hr>153</gpxtpx:hr><gpxtpx:cad>84</gpxtpx:cad></gpxtpx:TrackPointExtension></extensions><extensions><gpxtpx:PowerExtension><gpxtpx:PowerInWatts>235</gpxtpx:PowerInWatts></gpxtpx:PowerExtension></extensions></trkpt>
<trkpt lat="38.5763115" lon="-121.4530156">
<ele>12</ele><time>2025-03-05T18:20:31.999Z</time><extensions><gpxtpx:TrackPointExtension><gpxtpx:hr>153</gpxtpx:hr><gpxtpx:cad>88</gpxtpx:cad></gpxtpx:TrackPointExtension></extensions><extensions><gpxtpx:PowerExtension><gpxtpx:PowerInWatts>235</gpxtpx:PowerInWatts></gpxtpx:PowerExtension></extensions></trkpt>
<trkpt lat="38.5762927" lon="-121.4530804">
<ele>12</ele><time>2025-03-05T18:20:33.999Z</time><extensions><gpxtpx:TrackPointExtension><gpxtpx:hr>153</gpxtpx:hr><gpxtpx:cad>90</gpxtpx:cad></gpxtpx:TrackPointExtension></extensions><extensions><gpxtpx:PowerExtension><gpxtpx:PowerInWatts>231</gpxtpx:PowerInWatts></gpxtpx:PowerExtension></extensions></trkpt>
<trkpt lat="38.5762716" lon="-121.4531552">
<ele>12</ele><time>2025-03-05T18:20:35.999Z</time><extensions><gpxtpx:TrackPointExtension><gpxtpx:hr>153</gpxtpx:hr><gpxtpx:cad>91</gpxtpx:cad></gpxtpx:TrackPointExtension></extensions><extensions><gpxtpx:PowerExtension><gpxtpx:PowerInWatts>234</gpxtpx:PowerInWatts></gpxtpx:PowerExtension></extensions></trkpt>
<trkpt lat="38.5762662" lon="-121.4532335">
<ele>12</ele><time>2025-03-05T18:20:37.999Z</time><extensions><gpxtpx:TrackPointExtension><gpxtpx:hr>154</gpxtpx:hr><gpxtpx:cad>87</gpxtpx:cad></gpxtpx:TrackPointExtension></extensions><extensions><gpxtpx:PowerExtension><gpxtpx:PowerInWatts>229</gpxtpx:PowerInWatts></gpxtpx:PowerExtension></extensions></trkpt>
<trkpt lat="38.5762498" lon="-121.4533115">
<ele>12</ele><time>2025-03-05T18:20:39.999Z</time><extensions><gpxtpx:TrackPointExtension><gpxtpx:hr>153</gpxtpx:hr><gpxtpx:cad>84</gpxtpx:cad></gpxtpx:TrackPointExtension></extensions><extensions><gpxtpx:PowerExtension><gpxtpx:PowerInWatts>229</gpxtpx:PowerInWatts></gpxtpx:PowerExtension></extensions></trkpt>
<trkpt lat="38.5762149" lon="-121.4533810">
<ele>12</ele><time>2025-03-05T18:20:41.999Z</time><extensions><gpxtpx:TrackPointExtension><gpxtpx:hr>154</gpxtpx:hr><gpxtpx:cad>83</gpxtpx:cad></gpxtpx:TrackPointExtension></extensions><extensions><gpxtpx:PowerExtension><gpxtpx:PowerInWatts>229</gpxtpx:PowerInWatts></gpxtpx:PowerExtension></extensions></trkpt>
<trkpt lat="38.5761934" lon="-121.4534788">
<ele>12</ele><time>2025-03-05T18:20:43.999Z</time><extensions><gpxtpx:TrackPointExtension><gpxtpx:hr>154</gpxtpx:hr><gpxtpx:cad>87</gpxtpx:cad></gpxtpx:TrackPointExtension></extensions><extensions><gpxtpx:PowerExtension><gpxtpx:PowerInWatts>235</gpxtpx:PowerInWatts></gpxtpx:PowerExtension></extensions></trkpt>
<trkpt lat="38.5761809" lon="-121.4535365">
<ele>12</ele><time>2025-03-05T18:20:45.999Z</time><extensions><gpxtpx:TrackPointExtension><gpxtpx:hr>154</gpxtpx:hr><gpxtpx:cad>84</gpxtpx:cad></gpxtpx:TrackPointExtension></extensions><extensions><gpxtpx:PowerExtension><gpxtpx:PowerInWatts>239</gpxtpx:PowerInWatts></gpxtpx:PowerExtension></extensions></trkpt>
<trkpt lat="38.5761679" lon="-121.4536214">
<ele>12</ele><time>2025-03-05T18:20:47.999Z</time><extensions><gpxtpx:TrackPointExtension><gpxtpx:hr>154</gpxtpx:hr><gpxtpx:cad>81</gpxtpx:cad></gpxtpx:TrackPointExtension></extensions><extensions><gpxtpx:PowerExtension><gpxtpx:PowerInWatts>239</gpxtpx:PowerInWatts></gpxtpx:PowerExtension></extensions></trkpt>
<trkpt lat="38.5761555" lon="-121.4537025">
<ele>12</ele><time>2025-03-05T18:20:49.999Z</time><extensions><gpxtpx:TrackPointExtension><gpxtpx:hr>154</gpxtpx:hr><gpxtpx:cad>84</gpxtpx:cad></gpxtpx:TrackPointExtension></extensions><extensions><gpxtpx:PowerExtension><gpxtpx:PowerInWatts>244</gpxtpx:PowerInWatts></gpxtpx:PowerExtension></extensions></trkpt>
<trkpt lat="38.5761538" lon="-121.4537758">
<ele>12</ele><time>2025-03-05T18:20:51.999Z</time><extensions><gpxtpx:TrackPointExtension><gpxtpx:hr>155</gpxtpx:hr><gpxtpx:cad>87</gpxtpx:cad></gpxtpx:TrackPointExtension></extensions><extensions><gpxtpx:PowerExtension><gpxtpx:PowerInWatts>245</gpxtpx:PowerInWatts></gpxtpx:PowerExtension></extensions></trkpt>
<trkpt lat="38.5761444" lon="-121.4538437">
<ele>12</ele><time>2025-03-05T18:20:53.999Z</time><extensions><gpxtpx:TrackPointExtension><gpxtpx:hr>155</gpxtpx:hr><gpxtpx:cad>90</gpxtpx:cad></gpxtpx:TrackPointExtension></extensions><extensions><gpxtpx:PowerExtension><gpxtpx:PowerInWatts>245</gpxtpx:PowerInWatts></gpxtpx:PowerExtension></extensions></trkpt>
<trkpt lat="38.5761309" lon="-121.4539274">
<ele>12</ele><time>2025-03-05T18:20:55.999Z</time><extensions><gpxtpx:TrackPointExtension><gpxtpx:hr>156</gpxtpx:hr><gpxtpx:cad>87</gpxtpx:cad></gpxtpx:TrackPointExtension></extensions><extensions><gpxtpx:PowerExtension><gpxtpx:PowerInWatts>249</gpxtpx:PowerInWatts></gpxtpx:PowerExtension></extensions></trkpt>
<trkpt lat="38.5761219" lon="-121.4539977">
<ele>12</ele><time>2025-03-05T18:20:57.999Z</time><extensions><gpxtpx:TrackPointExtension><gpxtpx:hr>155</gpxtpx:hr><gpxtpx:cad>81</gpxtpx:cad></gpxtpx:TrackPointExtension></extensions><extensions><gpxtpx:PowerExtension><gpxtpx:PowerInWatts>249</gpxtpx:PowerInWatts></gpxtpx:PowerExtension></extensions></trkpt>
<trkpt lat="38.5760902" lon="-121.4540646">
<ele>12</ele><time>2025-03-05T18:20:59.999Z</time><extensions><gpxtpx:TrackPointExtension><gpxtpx:hr>155</gpxtpx:hr><gpxtpx:cad>81</gpxtpx:cad></gpxtpx:TrackPointExtension></extensions><extensions><gpxtpx:PowerExtension><gpxtpx:PowerInWatts>249</gpxtpx:PowerInWatts></gpxtpx:PowerExtension></extensions></trkpt>
<trkpt lat="38.5760620" lon="-121.4541595">
<ele>12</ele><time>2025-03-05T18:21:01.999Z</time><extensions><gpxtpx:TrackPointExtension><gpxtpx:hr>156</gpxtpx:hr><gpxtpx:cad>79</gpxtpx:cad></gpxtpx:TrackPointExtension></extensions><extensions><gpxtpx:PowerExtension><gpxtpx:PowerInWatts>249</gpxtpx:PowerInWatts></gpxtpx:PowerExtension></extensions></trkpt>
<trkpt lat="38.5760609" lon="-121.4542323">
<ele>12</ele><time>2025-03-05T18:21:03.999Z</time><extensions><gpxtpx:TrackPointExtension><gpxtpx:hr>156</gpxtpx:hr><gpxtpx:cad>83</gpxtpx:cad></gpxtpx:TrackPointExtension></extensions><extensions><gpxtpx:PowerExtension><gpxtpx:PowerInWatts>249</gpxtpx:PowerInWatts></gpxtpx:PowerExtension></extensions></trkpt>
<trkpt lat="38.5760365" lon="-121.4542961">
<ele>12</ele><time>2025-03-05T18:21:05.999Z</time><extensions><gpxtpx:TrackPointExtension><gpxtpx:hr>156</gpxtpx:hr><gpxtpx:cad>85</gpxtpx:cad></gpxtpx:TrackPointExtension></extensions><extensions><gpxtpx:PowerExtension><gpxtpx:PowerInWatts>249</gpxtpx:PowerInWatts></gpxtpx:PowerExtension></extensions></trkpt>
<trkpt lat="38.5760235" lon="-121.4543544">
<ele>12</ele><time>2025-03-05T18:21:06.999Z</time><extensions><gpxtpx:TrackPointExtension><gpxtpx:hr>156</gpxtpx:hr><gpxtpx:cad>85</gpxtpx:cad></gpxtpx:TrackPointExtension></extensions><extensions><gpxtpx:PowerExtension><gpxtpx:PowerInWatts>246</gpxtpx:PowerInWatts></gpxtpx:PowerExtension></extensions></trkpt>
<trkpt lat="38.5760241" lon="-121.4544411">
<ele>12</ele><time>2025-03-05T18:21:08.999Z</time><extensions><gpxtpx:TrackPointExtension><gpxtpx:hr>156</gpxtpx:hr><gpxtpx:cad>85</gpxtpx:cad></gpxtpx:TrackPointExtension></extensions><extensions><gpxtpx:PowerExtension><gpxtpx:PowerInWatts>246</gpxtpx:PowerInWatts></gpxtpx:PowerExtension></extensions></trkpt>
<trkpt lat="38.5760261" lon="-121.4545163">
<ele>12</ele><time>2025-03-05T18:21:10.999Z</time><extensions><gpxtpx:TrackPointExtension><gpxtpx:hr>156</gpxtpx:hr><gpxtpx:cad>84</gpxtpx:cad></gpxtpx:TrackPointExtension></extensions><extensions><gpxtpx:PowerExtension><gpxtpx:PowerInWatts>256</gpxtpx:PowerInWatts></gpxtpx:PowerExtension></extensions></trkpt>
<trkpt lat="38.5760518" lon="-121.4546115">
<ele>12</ele><time>2025-03-05T18:21:12.999Z</time><extensions><gpxtpx:TrackPointExtension><gpxtpx:hr>156</gpxtpx:hr><gpxtpx:cad>85</gpxtpx:cad></gpxtpx:TrackPointExtension></extensions><extensions><gpxtpx:PowerExtension><gpxtpx:PowerInWatts>257</gpxtpx:PowerInWatts></gpxtpx:PowerExtension></extensions></trkpt>
<trkpt lat="38.5760510" lon="-121.4546959">
<ele>12</ele><time>2025-03-05T18:21:14.999Z</time><extensions><gpxtpx:TrackPointExtension><gpxtpx:hr>156</gpxtpx:hr><gpxtpx:cad>85</gpxtpx:cad></gpxtpx:TrackPointExtension></extensions><extensions><gpxtpx:PowerExtension><gpxtpx:PowerInWatts>263</gpxtpx:PowerInWatts></gpxtpx:PowerExtension></extensions></trkpt>
<trkpt lat="38.5760723" lon="-121.4547630">
<ele>12</ele><time>2025-03-05T18:21:16.999Z</time><extensions><gpxtpx:TrackPointExtension><gpxtpx:hr>156</gpxtpx:hr><gpxtpx:cad>83</gpxtpx:cad></gpxtpx:TrackPointExtension></extensions><extensions><gpxtpx:PowerExtension><gpxtpx:PowerInWatts>263</gpxtpx:PowerInWatts></gpxtpx:PowerExtension></extensions></trkpt>
<trkpt lat="38.5760745" lon="-121.4548483">
<ele>12</ele><time>2025-03-05T18:21:18.999Z</time><extensions><gpxtpx:TrackPointExtension><gpxtpx:hr>157</gpxtpx:hr><gpxtpx:cad>83</gpxtpx:cad></gpxtpx:TrackPointExtension></extensions><extensions><gpxtpx:PowerExtension><gpxtpx:PowerInWatts>263</gpxtpx:PowerInWatts></gpxtpx:PowerExtension></extensions></trkpt>
<trkpt lat="38.5760894" lon="-121.4549337">
<ele>12</ele><time>2025-03-05T18:21:20.999Z</time><extensions><gpxtpx:TrackPointExtension><gpxtpx:hr>157</gpxtpx:hr><gpxtpx:cad>92</gpxtpx:cad></gpxtpx:TrackPointExtension></extensions><extensions><gpxtpx:PowerExtension><gpxtpx:PowerInWatts>265</gpxtpx:PowerInWatts></gpxtpx:PowerExtension></extensions></trkpt>
<trkpt lat="38.5761056" lon="-121.4549928">
<ele>12</ele><time>2025-03-05T18:21:22.999Z</time><extensions><gpxtpx:TrackPointExtension><gpxtpx:hr>157</gpxtpx:hr><gpxtpx:cad>90</gpxtpx:cad></gpxtpx:TrackPointExtension></extensions><extensions><gpxtpx:PowerExtension><gpxtpx:PowerInWatts>266</gpxtpx:PowerInWatts></gpxtpx:PowerExtension></extensions></trkpt>
<trkpt lat="38.5761009" lon="-121.4550612">
<ele>12</ele><time>2025-03-05T18:21:24.999Z</time><extensions><gpxtpx:TrackPointExtension><gpxtpx:hr>157</gpxtpx:hr><gpxtpx:cad>89</gpxtpx:cad></gpxtpx:TrackPointExtension></extensions><extensions><gpxtpx:PowerExtension><gpxtpx:PowerInWatts>262</gpxtpx:PowerInWatts></gpxtpx:PowerExtension></extensions></trkpt>
<trkpt lat="38.5761124" lon="-121.4551320">
<ele>12</ele><time>2025-03-05T18:21:26.999Z</time><extensions><gpxtpx:TrackPointExtension><gpxtpx:hr>157</gpxtpx:hr><gpxtpx:cad>86</gpxtpx:cad></gpxtpx:TrackPointExtension></extensions><extensions><gpxtpx:PowerExtension><gpxtpx:PowerInWatts>260</gpxtpx:PowerInWatts></gpxtpx:PowerExtension></extensions></trkpt>
<trkpt lat="38.5761400" lon="-121.4552099">
<ele>12</ele><time>2025-03-05T18:21:28.999Z</time><extensions><gpxtpx:TrackPointExtension><gpxtpx:hr>157</gpxtpx:hr><gpxtpx:cad>87</gpxtpx:cad></gpxtpx:TrackPointExtension></extensions><extensions><gpxtpx:PowerExtension><gpxtpx:PowerInWatts>260</gpxtpx:PowerInWatts></gpxtpx:PowerExtension></extensions></trkpt>
<trkpt lat="38.5761503" lon="-121.4552865">
<ele>12</ele><time>2025-03-05T18:21:30.999Z</time><extensions><gpxtpx:TrackPointExtension><gpxtpx:hr>157</gpxtpx:hr><gpxtpx:cad>84</gpxtpx:cad></gpxtpx:TrackPointExtension></extensions><extensions><gpxtpx:PowerExtension><gpxtpx:PowerInWatts>260</gpxtpx:PowerInWatts></gpxtpx:PowerExtension></extensions></trkpt>
<trkpt lat="38.5761769" lon="-121.4553629">
<ele>12</ele><time>2025-03-05T18:21:32.999Z</time><extensions><gpxtpx:TrackPointExtension><gpxtpx:hr>157</gpxtpx:hr><gpxtpx:cad>84</gpxtpx:cad></gpxtpx:TrackPointExtension></extensions><extensions><gpxtpx:PowerExtension><gpxtpx:PowerInWatts>260</gpxtpx:PowerInWatts></gpxtpx:PowerExtension></extensions></trkpt>
<trkpt lat="38.5761960" lon="-121.4554294">
<ele>12</ele><time>2025-03-05T18:21:34.999Z</time><extensions><gpxtpx:TrackPointExtension><gpxtpx:hr>157</gpxtpx:hr><gpxtpx:cad>85</gpxtpx:cad></gpxtpx:TrackPointExtension></extensions><extensions><gpxtpx:PowerExtension><gpxtpx:PowerInWatts>254</gpxtpx:PowerInWatts></gpxtpx:PowerExtension></extensions></trkpt>
<trkpt lat="38.5762322" lon="-121.4555356">
<ele>12</ele><time>2025-03-05T18:21:37.999Z</time><extensions><gpxtpx:TrackPointExtension><gpxtpx:hr>157</gpxtpx:hr><gpxtpx:cad>89</gpxtpx:cad></gpxtpx:TrackPointExtension></extensions><extensions><gpxtpx:PowerExtension><gpxtpx:PowerInWatts>260</gpxtpx:PowerInWatts></gpxtpx:PowerExtension></extensions></trkpt>
<trkpt lat="38.5762493" lon="-121.4556047">
<ele>12</ele><time>2025-03-05T18:21:39.999Z</time><extensions><gpxtpx:TrackPointExtension><gpxtpx:hr>157</gpxtpx:hr><gpxtpx:cad>89</gpxtpx:cad></gpxtpx:TrackPointExtension></extensions><extensions><gpxtpx:PowerExtension><gpxtpx:PowerInWatts>260</gpxtpx:PowerInWatts></gpxtpx:PowerExtension></extensions></trkpt>
<trkpt lat="38.5762889" lon="-121.4556643">
<ele>12</ele><time>2025-03-05T18:21:41.999Z</time><extensions><gpxtpx:TrackPointExtension><gpxtpx:hr>157</gpxtpx:hr><gpxtpx:cad>81</gpxtpx:cad></gpxtpx:TrackPointExtension></extensions><extensions><gpxtpx:PowerExtension><gpxtpx:PowerInWatts>259</gpxtpx:PowerInWatts></gpxtpx:PowerExtension></extensions></trkpt>
<trkpt lat="38.5763038" lon="-121.4557439">
<ele>12</ele><time>2025-03-05T18:21:43.999Z</time><extensions><gpxtpx:TrackPointExtension><gpxtpx:hr>157</gpxtpx:hr><gpxtpx:cad>83</gpxtpx:cad></gpxtpx:TrackPointExtension></extensions><extensions><gpxtpx:PowerExtension><gpxtpx:PowerInWatts>259</gpxtpx:PowerInWatts></gpxtpx:PowerExtension></extensions></trkpt>
<trkpt lat="38.5763367" lon="-121.4558221">
<ele>12</ele><time>2025-03-05T18:21:45.999Z</time><extensions><gpxtpx:TrackPointExtension><gpxtpx:hr>157</gpxtpx:hr><gpxtpx:cad>87</gpxtpx:cad></gpxtpx:TrackPointExtension></extensions><extensions><gpxtpx:PowerExtension><gpxtpx:PowerInWatts>258</gpxtpx:PowerInWatts></gpxtpx:PowerExtension></extensions></trkpt>
<trkpt lat="38.5763553" lon="-121.4559094">
<ele>12</ele><time>2025-03-05T18:21:47.999Z</time><extensions><gpxtpx:TrackPointExtension><gpxtpx:hr>157</gpxtpx:hr><gpxtpx:cad>79</gpxtpx:cad></gpxtpx:TrackPointExtension></extensions><extensions><gpxtpx:PowerExtension><gpxtpx:PowerInWatts>258</gpxtpx:PowerInWatts></gpxtpx:PowerExtension></extensions></trkpt>
<trkpt lat="38.5763957" lon="-121.4559570">
<ele>12</ele><time>2025-03-05T18:21:49.999Z</time><extensions><gpxtpx:TrackPointExtension><gpxtpx:hr>157</gpxtpx:hr><gpxtpx:cad>81</gpxtpx:cad></gpxtpx:TrackPointExtension></extensions><extensions><gpxtpx:PowerExtension><gpxtpx:PowerInWatts>260</gpxtpx:PowerInWatts></gpxtpx:PowerExtension></extensions></trkpt>
<trkpt lat="38.5763978" lon="-121.4560351">
<ele>12</ele><time>2025-03-05T18:21:51.999Z</time><extensions><gpxtpx:TrackPointExtension><gpxtpx:hr>157</gpxtpx:hr><gpxtpx:cad>82</gpxtpx:cad></gpxtpx:TrackPointExtension></extensions><extensions><gpxtpx:PowerExtension><gpxtpx:PowerInWatts>260</gpxtpx:PowerInWatts></gpxtpx:PowerExtension></extensions></trkpt>
<trkpt lat="38.5764151" lon="-121.4561141">
<ele>12</ele><time>2025-03-05T18:21:53.999Z</time><extensions><gpxtpx:TrackPointExtension><gpxtpx:hr>157</gpxtpx:hr><gpxtpx:cad>81</gpxtpx:cad></gpxtpx:TrackPointExtension></extensions><extensions><gpxtpx:PowerExtension><gpxtpx:PowerInWatts>260</gpxtpx:PowerInWatts></gpxtpx:PowerExtension></extensions></trkpt>
<trkpt lat="38.5764356" lon="-121.4562002">
<ele>12</ele><time>2025-03-05T18:21:55.999Z</time><extensions><gpxtpx:TrackPointExtension><gpxtpx:hr>158</gpxtpx:hr><gpxtpx:cad>87</gpxtpx:cad></gpxtpx:TrackPointExtension></extensions><extensions><gpxtpx:PowerExtension><gpxtpx:PowerInWatts>260</gpxtpx:PowerInWatts></gpxtpx:PowerExtension></extensions></trkpt>
<trkpt lat="38.5764301" lon="-121.4563014">
<ele>12</ele><time>2025-03-05T18:21:57.999Z</time><extensions><gpxtpx:TrackPointExtension><gpxtpx:hr>158</gpxtpx:hr><gpxtpx:cad>92</gpxtpx:cad></gpxtpx:TrackPointExtension></extensions><extensions><gpxtpx:PowerExtension><gpxtpx:PowerInWatts>256</gpxtpx:PowerInWatts></gpxtpx:PowerExtension></extensions></trkpt>
<trkpt lat="38.5764566" lon="-121.4563571">
<ele>12</ele><time>2025-03-05T18:21:59.999Z</time><extensions><gpxtpx:TrackPointExtension><gpxtpx:hr>158</gpxtpx:hr><gpxtpx:cad>85</gpxtpx:cad></gpxtpx:TrackPointExtension></extensions><extensions><gpxtpx:PowerExtension><gpxtpx:PowerInWatts>256</gpxtpx:PowerInWatts></gpxtpx:PowerExtension></extensions></trkpt>
<trkpt lat="38.5764586" lon="-121.4564234">
<ele>12</ele><time>2025-03-05T18:22:01.999Z</time><extensions><gpxtpx:TrackPointExtension><gpxtpx:hr>158</gpxtpx:hr><gpxtpx:cad>82</gpxtpx:cad></gpxtpx:TrackPointExtension></extensions><extensions><gpxtpx:PowerExtension><gpxtpx:PowerInWatts>256</gpxtpx:PowerInWatts></gpxtpx:PowerExtension></extensions></trkpt>
<trkpt lat="38.5764642" lon="-121.4565043">
<ele>12</ele><time>2025-03-05T18:22:03.999Z</time><extensions><gpxtpx:TrackPointExtension><gpxtpx:hr>158</gpxtpx:hr><gpxtpx:cad>83</gpxtpx:cad></gpxtpx:TrackPointExtension></extensions><extensions><gpxtpx:PowerExtension><gpxtpx:PowerInWatts>265</gpxtpx:PowerInWatts></gpxtpx:PowerExtension></extensions></trkpt>
<trkpt lat="38.5764834" lon="-121.4565763">
<ele>12</ele><time>2025-03-05T18:22:05.999Z</time><extensions><gpxtpx:TrackPointExtension><gpxtpx:hr>158</gpxtpx:hr><gpxtpx:cad>88</gpxtpx:cad></gpxtpx:TrackPointExtension></extensions><extensions><gpxtpx:PowerExtension><gpxtpx:PowerInWatts>265</gpxtpx:PowerInWatts></gpxtpx:PowerExtension></extensions></trkpt>
<trkpt lat="38.5765082" lon="-121.4566494">
<ele>12</ele><time>2025-03-05T18:22:07.999Z</time><extensions><gpxtpx:TrackPointExtension><gpxtpx:hr>158</gpxtpx:hr><gpxtpx:cad>87</gpxtpx:cad></gpxtpx:TrackPointExtension></extensions><extensions><gpxtpx:PowerExtension><gpxtpx:PowerInWatts>255</gpxtpx:PowerInWatts></gpxtpx:PowerExtension></extensions></trkpt>
<trkpt lat="38.5765396" lon="-121.4567133">
<ele>12</ele><time>2025-03-05T18:22:09.999Z</time><extensions><gpxtpx:TrackPointExtension><gpxtpx:hr>158</gpxtpx:hr><gpxtpx:cad>83</gpxtpx:cad></gpxtpx:TrackPointExtension></extensions><extensions><gpxtpx:PowerExtension><gpxtpx:PowerInWatts>255</gpxtpx:PowerInWatts></gpxtpx:PowerExtension></extensions></trkpt>
<trkpt lat="38.5765926" lon="-121.4567906">
<ele>12</ele><time>2025-03-05T18:22:11.999Z</time><extensions><gpxtpx:TrackPointExtension><gpxtpx:hr>158</gpxtpx:hr><gpxtpx:cad>83</gpxtpx:cad></gpxtpx:TrackPointExtension></extensions><extensions><gpxtpx:PowerExtension><gpxtpx:PowerInWatts>255</gpxtpx:PowerInWatts></gpxtpx:PowerExtension></extensions></trkpt>
<trkpt lat="38.5766013" lon="-121.4568583">
<ele>12</ele><time>2025-03-05T18:22:13.999Z</time><extensions><gpxtpx:TrackPointExtension><gpxtpx:hr>159</gpxtpx:hr><gpxtpx:cad>86</gpxtpx:cad></gpxtpx:TrackPointExtension></extensions><extensions><gpxtpx:PowerExtension><gpxtpx:PowerInWatts>255</gpxtpx:PowerInWatts></gpxtpx:PowerExtension></extensions></trkpt>
<trkpt lat="38.5766115" lon="-121.4569338">
<ele>12</ele><time>2025-03-05T18:22:15.999Z</time><extensions><gpxtpx:TrackPointExtension><gpxtpx:hr>159</gpxtpx:hr><gpxtpx:cad>85</gpxtpx:cad></gpxtpx:TrackPointExtension></extensions><extensions><gpxtpx:PowerExtension><gpxtpx:PowerInWatts>254</gpxtpx:PowerInWatts></gpxtpx:PowerExtension></extensions></trkpt>
<trkpt lat="38.5766443" lon="-121.4570201">
<ele>12</ele><time>2025-03-05T18:22:17.999Z</time><extensions><gpxtpx:TrackPointExtension><gpxtpx:hr>159</gpxtpx:hr><gpxtpx:cad>85</gpxtpx:cad></gpxtpx:TrackPointExtension></extensions><extensions><gpxtpx:PowerExtension><gpxtpx:PowerInWatts>256</gpxtpx:PowerInWatts></gpxtpx:PowerExtension></extensions></trkpt>
<trkpt lat="38.5766527" lon="-121.4570967">
<ele>12</ele><time>2025-03-05T18:22:19.999Z</time><extensions><gpxtpx:TrackPointExtension><gpxtpx:hr>159</gpxtpx:hr><gpxtpx:cad>76</gpxtpx:cad></gpxtpx:TrackPointExtension></extensions><extensions><gpxtpx:PowerExtension><gpxtpx:PowerInWatts>256</gpxtpx:PowerInWatts></gpxtpx:PowerExtension></extensions></trkpt>
<trkpt lat="38.5766490" lon="-121.4571842">
<ele>12</ele><time>2025-03-05T18:22:21.999Z</time><extensions><gpxtpx:TrackPointExtension><gpxtpx:hr>159</gpxtpx:hr><gpxtpx:cad>71</gpxtpx:cad></gpxtpx:TrackPointExtension></extensions><extensions><gpxtpx:PowerExtension><gpxtpx:PowerInWatts>254</gpxtpx:PowerInWatts></gpxtpx:PowerExtension></extensions></trkpt>
<trkpt lat="38.5766651" lon="-121.4572608">
<ele>12</ele><time>2025-03-05T18:22:23.999Z</time><extensions><gpxtpx:TrackPointExtension><gpxtpx:hr>159</gpxtpx:hr><gpxtpx:cad>74</gpxtpx:cad></gpxtpx:TrackPointExtension></extensions><extensions><gpxtpx:PowerExtension><gpxtpx:PowerInWatts>254</gpxtpx:PowerInWatts></gpxtpx:PowerExtension></extensions></trkpt>
<trkpt lat="38.5766443" lon="-121.4573222">
<ele>12</ele><time>2025-03-05T18:22:25.999Z</time><extensions><gpxtpx:TrackPointExtension><gpxtpx:hr>159</gpxtpx:hr><gpxtpx:cad>78</gpxtpx:cad></gpxtpx:TrackPointExtension></extensions><extensions><gpxtpx:PowerExtension><gpxtpx:PowerInWatts>260</gpxtpx:PowerInWatts></gpxtpx:PowerExtension></extensions></trkpt>
<trkpt lat="38.5766414" lon="-121.4573855">
<ele>12</ele><time>2025-03-05T18:22:31.999Z</time><extensions><gpxtpx:TrackPointExtension><gpxtpx:hr>159</gpxtpx:hr><gpxtpx:cad>72</gpxtpx:cad></gpxtpx:TrackPointExtension></extensions><extensions><gpxtpx:PowerExtension><gpxtpx:PowerInWatts>260</gpxtpx:PowerInWatts></gpxtpx:PowerExtension></extensions></trkpt>
</trkseg><trkseg>
<trkpt lat="38.5766630" lon="-121.4574852">
<ele>12</ele><time>2025-03-05T18:22:55.000Z</time><extensions><gpxtpx:TrackPointExtension><gpxtpx:hr>145</gpxtpx:hr><gpxtpx:cad>74</gpxtpx:cad></gpxtpx:TrackPointExtension></extensions><extensions><gpxtpx:PowerExtension><gpxtpx:PowerInWatts>195</gpxtpx:PowerInWatts></gpxtpx:PowerExtension></extensions></trkpt>
<trkpt lat="38.5767025" lon="-121.4575452">
<ele>12</ele><time>2025-03-05T18:22:58.000Z</time><extensions><gpxtpx:TrackPointExtension><gpxtpx:hr>142</gpxtpx:hr><gpxtpx:cad>76</gpxtpx:cad></gpxtpx:TrackPointExtension></extensions><extensions><gpxtpx:PowerExtension><gpxtpx:PowerInWatts>195</gpxtpx:PowerInWatts></gpxtpx:PowerExtension></extensions></trkpt>
<trkpt lat="38.5767220" lon="-121.4576109">
<ele>12</ele><time>2025-03-05T18:23:00.000Z</time><extensions><gpxtpx:TrackPointExtension><gpxtpx:hr>141</gpxtpx:hr><gpxtpx:cad>75</gpxtpx:cad></gpxtpx:TrackPointExtension></extensions><extensions><gpxtpx:PowerExtension><gpxtpx:PowerInWatts>195</gpxtpx:PowerInWatts></gpxtpx:PowerExtension></extensions></trkpt>
<trkpt lat="38.5767345" lon="-121.4576695">
<ele>12</ele><time>2025-03-05T18:23:02.000Z</time><extensions><gpxtpx:TrackPointExtension><gpxtpx:hr>141</gpxtpx:hr><gpxtpx:cad>76</gpxtpx:cad></gpxtpx:TrackPointExtension></extensions><extensions><gpxtpx:PowerExtension><gpxtpx:PowerInWatts>63</gpxtpx:PowerInWatts></gpxtpx:PowerExtension></extensions></trkpt>
<trkpt lat="38.5767408" lon="-121.4577338">
<ele>12</ele><time>2025-03-05T18:23:04.000Z</time><extensions><gpxtpx:TrackPointExtension><gpxtpx:hr>141</gpxtpx:hr><gpxtpx:cad>75</gpxtpx:cad></gpxtpx:TrackPointExtension></extensions><extensions><gpxtpx:PowerExtension><gpxtpx:PowerInWatts>85</gpxtpx:PowerInWatts></gpxtpx:PowerExtension></extensions></trkpt>
<trkpt lat="38.5767611" lon="-121.4578016">
<ele>12</ele><time>2025-03-05T18:23:06.000Z</time><extensions><gpxtpx:TrackPointExtension><gpxtpx:hr>142</gpxtpx:hr><gpxtpx:cad>77</gpxtpx:cad></gpxtpx:TrackPointExtension></extensions><extensions><gpxtpx:PowerExtension><gpxtpx:PowerInWatts>85</gpxtpx:PowerInWatts></gpxtpx:PowerExtension></extensions></trkpt>
<trkpt lat="38.5767699" lon="-121.4578676">
<ele>12</ele><time>2025-03-05T18:23:08.000Z</time><extensions><gpxtpx:TrackPointExtension><gpxtpx:hr>142</gpxtpx:hr><gpxtpx:cad>76</gpxtpx:cad></gpxtpx:TrackPointExtension></extensions><extensions><gpxtpx:PowerExtension><gpxtpx:PowerInWatts>261</gpxtpx:PowerInWatts></gpxtpx:PowerExtension></extensions></trkpt>
<trkpt lat="38.5767755" lon="-121.4579318">
<ele>12</ele><time>2025-03-05T18:23:10.000Z</time><extensions><gpxtpx:TrackPointExtension><gpxtpx:hr>142</gpxtpx:hr><gpxtpx:cad>86</gpxtpx:cad></gpxtpx:TrackPointExtension></extensions><extensions><gpxtpx:PowerExtension><gpxtpx:PowerInWatts>206</gpxtpx:PowerInWatts></gpxtpx:PowerExtension></extensions></trkpt>
<trkpt lat="38.5767899" lon="-121.4580029">
<ele>12</ele><time>2025-03-05T18:23:12.000Z</time><extensions><gpxtpx:TrackPointExtension><gpxtpx:hr>141</gpxtpx:hr><gpxtpx:cad>87</gpxtpx:cad></gpxtpx:TrackPointExtension></extensions><extensions><gpxtpx:PowerExtension><gpxtpx:PowerInWatts>206</gpxtpx:PowerInWatts></gpxtpx:PowerExtension></extensions></trkpt>
<trkpt lat="38.5768283" lon="-121.4580791">
<ele>12</ele><time>2025-03-05T18:23:15.000Z</time><extensions><gpxtpx:TrackPointExtension><gpxtpx:hr>141</gpxtpx:hr><gpxtpx:cad>86</gpxtpx:cad></gpxtpx:TrackPointExtension></extensions><extensions><gpxtpx:PowerExtension><gpxtpx:PowerInWatts>208</gpxtpx:PowerInWatts></gpxtpx:PowerExtension></extensions></trkpt>
<trkpt lat="38.5768395" lon="-121.4581429">
<ele>12</ele><time>2025-03-05T18:23:17.000Z</time><extensions><gpxtpx:TrackPointExtension><gpxtpx:hr>141</gpxtpx:hr><gpxtpx:cad>83</gpxtpx:cad></gpxtpx:TrackPointExtension></extensions><extensions><gpxtpx:PowerExtension><gpxtpx:PowerInWatts>208</gpxtpx:PowerInWatts></gpxtpx:PowerExtension></extensions></trkpt>
<trkpt lat="38.5768498" lon="-121.4582020">
<ele>12</ele><time>2025-03-05T18:23:19.000Z</time><extensions><gpxtpx:TrackPointExtension><gpxtpx:hr>141</gpxtpx:hr><gpxtpx:cad>80</gpxtpx:cad></gpxtpx:TrackPointExtension></extensions><extensions><gpxtpx:PowerExtension><gpxtpx:PowerInWatts>208</gpxtpx:PowerInWatts></gpxtpx:PowerExtension></extensions></trkpt>
<trkpt lat="38.5768493" lon="-121.4582730">
<ele>12</ele><time>2025-03-05T18:23:21.000Z</time><extensions><gpxtpx:TrackPointExtension><gpxtpx:hr>141</gpxtpx:hr><gpxtpx:cad>84</gpxtpx:cad></gpxtpx:TrackPointExtension></extensions><extensions><gpxtpx:PowerExtension><gpxtpx:PowerInWatts>209</gpxtpx:PowerInWatts></gpxtpx:PowerExtension></extensions></trkpt>
<trkpt lat="38.5768848" lon="-121.4583290">
<ele>12</ele><time>2025-03-05T18:23:23.000Z</time><extensions><gpxtpx:TrackPointExtension><gpxtpx:hr>141</gpxtpx:hr><gpxtpx:cad>88</gpxtpx:cad></gpxtpx:TrackPointExtension></extensions><extensions><gpxtpx:PowerExtension><gpxtpx:PowerInWatts>208</gpxtpx:PowerInWatts></gpxtpx:PowerExtension></extensions></trkpt>
<trkpt lat="38.5769238" lon="-121.4583984">
<ele>12</ele><time>2025-03-05T18:23:25.000Z</time><extensions><gpxtpx:TrackPointExtension><gpxtpx:hr>141</gpxtpx:hr><gpxtpx:cad>89</gpxtpx:cad></gpxtpx:TrackPointExtension></extensions><extensions><gpxtpx:PowerExtension><gpxtpx:PowerInWatts>212</gpxtpx:PowerInWatts></gpxtpx:PowerExtension></extensions></trkpt>
<trkpt lat="38.5769546" lon="-121.4584662">
<ele>12</ele><time>2025-03-05T18:23:27.000Z</time><extensions><gpxtpx:TrackPointExtension><gpxtpx:hr>141</gpxtpx:hr><gpxtpx:cad>84</gpxtpx:cad></gpxtpx:TrackPointExtension></extensions><extensions><gpxtpx:PowerExtension><gpxtpx:PowerInWatts>218</gpxtpx:PowerInWatts></gpxtpx:PowerExtension></extensions></trkpt>
<trkpt lat="38.5770009" lon="-121.4585521">
<ele>12</ele><time>2025-03-05T18:23:29.000Z</time><extensions><gpxtpx:TrackPointExtension><gpxtpx:hr>142</gpxtpx:hr><gpxtpx:cad>84</gpxtpx:cad></gpxtpx:TrackPointExtension></extensions><extensions><gpxtpx:PowerExtension><gpxtpx:PowerInWatts>218</gpxtpx:PowerInWatts></gpxtpx:PowerExtension></extensions></trkpt>
<trkpt lat="38.5770302" lon="-121.4586100">
<ele>12</ele><time>2025-03-05T18:23:31.000Z</time><extensions><gpxtpx:TrackPointExtension><gpxtpx:hr>142</gpxtpx:hr><gpxtpx:cad>84</gpxtpx:cad></gpxtpx:TrackPointExtension></extensions><extensions><gpxtpx:PowerExtension><gpxtpx:PowerInWatts>218</gpxtpx:PowerInWatts></gpxtpx:PowerExtension></extensions></trkpt>
<trkpt lat="38.5770418" lon="-121.4586815">
<ele>12</ele><time>2025-03-05T18:23:33.000Z</time><extensions><gpxtpx:TrackPointExtension><gpxtpx:hr>142</gpxtpx:hr><gpxtpx:cad>85</gpxtpx:cad></gpxtpx:TrackPointExtension></extensions><extensions><gpxtpx:PowerExtension><gpxtpx:PowerInWatts>228</gpxtpx:PowerInWatts></gpxtpx:PowerExtension></extensions></trkpt>
<trkpt lat="38.5770780" lon="-121.4587414">
<ele>12</ele><time>2025-03-05T18:23:35.000Z</time><extensions><gpxtpx:TrackPointExtension><gpxtpx:hr>142</gpxtpx:hr><gpxtpx:cad>88</gpxtpx:cad></gpxtpx:TrackPointExtension></extensions><extensions><gpxtpx:PowerExtension><gpxtpx:PowerInWatts>262</gpxtpx:PowerInWatts></gpxtpx:PowerExtension></extensions></trkpt>
<trkpt lat="38.5770795" lon="-121.4588077">
<ele>12</ele><time>2025-03-05T18:23:37.000Z</time><extensions><gpxtpx:TrackPointExtension><gpxtpx:hr>142</gpxtpx:hr><gpxtpx:cad>74</gpxtpx:cad></gpxtpx:TrackPointExtension></extensions><extensions><gpxtpx:PowerExtension><gpxtpx:PowerInWatts>265</gpxtpx:PowerInWatts></gpxtpx:PowerExtension></extensions></trkpt>
<trkpt lat="38.5770955" lon="-121.4588917">
<ele>12</ele><time>2025-03-05T18:23:39.000Z</time><extensions><gpxtpx:TrackPointExtension><gpxtpx:hr>141</gpxtpx:hr><gpxtpx:cad>78</gpxtpx:cad></gpxtpx:TrackPointExtension></extensions><extensions><gpxtpx:PowerExtension><gpxtpx:PowerInWatts>265</gpxtpx:PowerInWatts></gpxtpx:PowerExtension></extensions></trkpt>
<trkpt lat="38.5771108" lon="-121.4589681">
<ele>12</ele><time>2025-03-05T18:23:41.000Z</time><extensions><gpxtpx:TrackPointExtension><gpxtpx:hr>140</gpxtpx:hr><gpxtpx:cad>79</gpxtpx:cad></gpxtpx:TrackPointExtension></extensions><extensions><gpxtpx:PowerExtension><gpxtpx:PowerInWatts>254</gpxtpx:PowerInWatts></gpxtpx:PowerExtension></extensions></trkpt>
<trkpt lat="38.5771244" lon="-121.4590296">
<ele>12</ele><time>2025-03-05T18:23:43.000Z</time><extensions><gpxtpx:TrackPointExtension><gpxtpx:hr>139</gpxtpx:hr><gpxtpx:cad>85</gpxtpx:cad></gpxtpx:TrackPointExtension></extensions><extensions><gpxtpx:PowerExtension><gpxtpx:PowerInWatts>229</gpxtpx:PowerInWatts></gpxtpx:PowerExtension></extensions></trkpt>
<trkpt lat="38.5771462" lon="-121.4590890">
<ele>12</ele><time>2025-03-05T18:23:45.000Z</time><extensions><gpxtpx:TrackPointExtension><gpxtpx:hr>137</gpxtpx:hr><gpxtpx:cad>88</gpxtpx:cad></gpxtpx:TrackPointExtension></extensions><extensions><gpxtpx:PowerExtension><gpxtpx:PowerInWatts>237</gpxtpx:PowerInWatts></gpxtpx:PowerExtension></extensions></trkpt>
<trkpt lat="38.5771761" lon="-121.4591520">
<ele>12</ele><time>2025-03-05T18:23:47.000Z</time><extensions><gpxtpx:TrackPointExtension><gpxtpx:hr>136</gpxtpx:hr><gpxtpx:cad>88</gpxtpx:cad></gpxtpx:TrackPointExtension></extensions><extensions><gpxtpx:PowerExtension><gpxtpx:PowerInWatts>237</gpxtpx:PowerInWatts></gpxtpx:PowerExtension></extensions></trkpt>
<trkpt lat="38.5771822" lon="-121.4592581">
<ele>12</ele><time>2025-03-05T18:23:50.000Z</time><extensions><gpxtpx:TrackPointExtension><gpxtpx:hr>136</gpxtpx:hr><gpxtpx:cad>84</gpxtpx:cad></gpxtpx:TrackPointExtension></extensions><extensions><gpxtpx:PowerExtension><gpxtpx:PowerInWatts>233</gpxtpx:PowerInWatts></gpxtpx:PowerExtension></extensions></trkpt>
<trkpt lat="38.5771807" lon="-121.4593634">
<ele>12</ele><time>2025-03-05T18:23:52.000Z</time><extensions><gpxtpx:TrackPointExtension><gpxtpx:hr>137</gpxtpx:hr><gpxtpx:cad>83</gpxtpx:cad></gpxtpx:TrackPointExtension></extensions><extensions><gpxtpx:PowerExtension><gpxtpx:PowerInWatts>233</gpxtpx:PowerInWatts></gpxtpx:PowerExtension></extensions></trkpt>
<trkpt lat="38.5772014" lon="-121.4594406">
<ele>12</ele><time>2025-03-05T18:23:54.000Z</time><extensions><gpxtpx:TrackPointExtension><gpxtpx:hr>138</gpxtpx:hr><gpxtpx:cad>85</gpxtpx:cad></gpxtpx:TrackPointExtension></extensions><extensions><gpxtpx:PowerExtension><gpxtpx:PowerInWatts>233</gpxtpx:PowerInWatts></gpxtpx:PowerExtension></extensions></trkpt>
<trkpt lat="38.5772148" lon="-121.4595216">
<ele>12</ele><time>2025-03-05T18:23:56.000Z</time><extensions><gpxtpx:TrackPointExtension><gpxtpx:hr>143</gpxtpx:hr><gpxtpx:cad>82</gpxtpx:cad></gpxtpx:TrackPointExtension></extensions><extensions><gpxtpx:PowerExtension><gpxtpx:PowerInWatts>231</gpxtpx:PowerInWatts></gpxtpx:PowerExtension></extensions></trkpt>
<trkpt lat="38.5772393" lon="-121.4595928">
<ele>12</ele><time>2025-03-05T18:23:58.000Z</time><extensions><gpxtpx:TrackPointExtension><gpxtpx:hr>143</gpxtpx:hr><gpxtpx:cad>81</gpxtpx:cad></gpxtpx:TrackPointExtension></extensions><extensions><gpxtpx:PowerExtension><gpxtpx:PowerInWatts>307</gpxtpx:PowerInWatts></gpxtpx:PowerExtension></extensions></trkpt>
<trkpt lat="38.5772629" lon="-121.4596473">
<ele>12</ele><time>2025-03-05T18:24:00.000Z</time><extensions><gpxtpx:TrackPointExtension><gpxtpx:hr>144</gpxtpx:hr><gpxtpx:cad>79</gpxtpx:cad></gpxtpx:TrackPointExtension></extensions><extensions><gpxtpx:PowerExtension><gpxtpx:PowerInWatts>281</gpxtpx:PowerInWatts></gpxtpx:PowerExtension></extensions></trkpt>
<trkpt lat="38.5772867" lon="-121.4597390">
<ele>12</ele><time>2025-03-05T18:24:03.000Z</time><extensions><gpxtpx:TrackPointExtension><gpxtpx:hr>146</gpxtpx:hr><gpxtpx:cad>78</gpxtpx:cad></gpxtpx:TrackPointExtension></extensions><extensions><gpxtpx:PowerExtension><gpxtpx:PowerInWatts>262</gpxtpx:PowerInWatts></gpxtpx:PowerExtension></extensions></trkpt>
<trkpt lat="38.5772845" lon="-121.4598049">
<ele>12</ele><time>2025-03-05T18:24:05.000Z</time><extensions><gpxtpx:TrackPointExtension><gpxtpx:hr>147</gpxtpx:hr><gpxtpx:cad>85</gpxtpx:cad></gpxtpx:TrackPointExtension></extensions><extensions><gpxtpx:PowerExtension><gpxtpx:PowerInWatts>262</gpxtpx:PowerInWatts></gpxtpx:PowerExtension></extensions></trkpt>
<trkpt lat="38.5773049" lon="-121.4598783">
<ele>12</ele><time>2025-03-05T18:24:07.000Z</time><extensions><gpxtpx:TrackPointExtension><gpxtpx:hr>148</gpxtpx:hr><gpxtpx:cad>89</gpxtpx:cad></gpxtpx:TrackPointExtension></extensions><extensions><gpxtpx:PowerExtension><gpxtpx:PowerInWatts>262</gpxtpx:PowerInWatts></gpxtpx:PowerExtension></extensions></trkpt>
<trkpt lat="38.5773378" lon="-121.4599461">
<ele>12</ele><time>2025-03-05T18:24:09.000Z</time><extensions><gpxtpx:TrackPointExtension><gpxtpx:hr>149</gpxtpx:hr><gpxtpx:cad>84</gpxtpx:cad></gpxtpx:TrackPointExtension></extensions><extensions><gpxtpx:PowerExtension><gpxtpx:PowerInWatts>220</gpxtpx:PowerInWatts></gpxtpx:PowerExtension></extensions></trkpt>
<trkpt lat="38.5773518" lon="-121.4600012">
<ele>12</ele><time>2025-03-05T18:24:11.000Z</time><extensions><gpxtpx:TrackPointExtension><gpxtpx:hr>149</gpxtpx:hr><gpxtpx:cad>79</gpxtpx:cad></gpxtpx:TrackPointExtension></extensions><extensions><gpxtpx:PowerExtension><gpxtpx:PowerInWatts>223</gpxtpx:PowerInWatts></gpxtpx:PowerExtension></extensions></trkpt>
<trkpt lat="38.5773873" lon="-121.4600750">
<ele>12</ele><time>2025-03-05T18:24:14.000Z</time><extensions><gpxtpx:TrackPointExtension><gpxtpx:hr>150</gpxtpx:hr><gpxtpx:cad>79</gpxtpx:cad></gpxtpx:TrackPointExtension></extensions><extensions><gpxtpx:PowerExtension><gpxtpx:PowerInWatts>225</gpxtpx:PowerInWatts></gpxtpx:PowerExtension></extensions></trkpt>
<trkpt lat="38.5774084" lon="-121.4601568">
<ele>12</ele><time>2025-03-05T18:24:17.000Z</time><extensions><gpxtpx:TrackPointExtension><gpxtpx:hr>150</gpxtpx:hr><gpxtpx:cad>82</gpxtpx:cad></gpxtpx:TrackPointExtension></extensions><extensions><gpxtpx:PowerExtension><gpxtpx:PowerInWatts>225</gpxtpx:PowerInWatts></gpxtpx:PowerExtension></extensions></trkpt>
<trkpt lat="38.5774256" lon="-121.4602153">
<ele>12</ele><time>2025-03-05T18:24:19.000Z</time><extensions><gpxtpx:TrackPointExtension><gpxtpx:hr>150</gpxtpx:hr><gpxtpx:cad>79</gpxtpx:cad></gpxtpx:TrackPointExtension></extensions><extensions><gpxtpx:PowerExtension><gpxtpx:PowerInWatts>225</gpxtpx:PowerInWatts></gpxtpx:PowerExtension></extensions></trkpt>
<trkpt lat="38.5774400" lon="-121.4602718">
<ele>12</ele><time>2025-03-05T18:24:21.000Z</time><extensions><gpxtpx:TrackPointExtension><gpxtpx:hr>151</gpxtpx:hr><gpxtpx:cad>78</gpxtpx:cad></gpxtpx:TrackPointExtension></extensions><extensions><gpxtpx:PowerExtension><gpxtpx:PowerInWatts>217</gpxtpx:PowerInWatts></gpxtpx:PowerExtension></extensions></trkpt>
<trkpt lat="38.5774635" lon="-121.4603299">
<ele>12</ele><time>2025-03-05T18:24:23.000Z</time><extensions><gpxtpx:TrackPointExtension><gpxtpx:hr>150</gpxtpx:hr><gpxtpx:cad>82</gpxtpx:cad></gpxtpx:TrackPointExtension></extensions><extensions><gpxtpx:PowerExtension><gpxtpx:PowerInWatts>217</gpxtpx:PowerInWatts></gpxtpx:PowerExtension></extensions></trkpt>
<trkpt lat="38.5774767" lon="-121.4603916">
<ele>12</ele><time>2025-03-05T18:24:25.000Z</time><extensions><gpxtpx:TrackPointExtension><gpxtpx:hr>150</gpxtpx:hr><gpxtpx:cad>85</gpxtpx:cad></gpxtpx:TrackPointExtension></extensions><extensions><gpxtpx:PowerExtension><gpxtpx:PowerInWatts>211</gpxtpx:PowerInWatts></gpxtpx:PowerExtension></extensions></trkpt>
<trkpt lat="38.5775012" lon="-121.4604747">
<ele>12</ele><time>2025-03-05T18:24:27.000Z</time><extensions><gpxtpx:TrackPointExtension><gpxtpx:hr>150</gpxtpx:hr><gpxtpx:cad>83</gpxtpx:cad></gpxtpx:TrackPointExtension></extensions><extensions><gpxtpx:PowerExtension><gpxtpx:PowerInWatts>210</gpxtpx:PowerInWatts></gpxtpx:PowerExtension></extensions></trkpt>
<trkpt lat="38.5775227" lon="-121.4605441">
<ele>12</ele><time>2025-03-05T18:24:29.000Z</time><extensions><gpxtpx:TrackPointExtension><gpxtpx:hr>150</gpxtpx:hr><gpxtpx:cad>85</gpxtpx:cad></gpxtpx:TrackPointExtension></extensions><extensions><gpxtpx:PowerExtension><gpxtpx:PowerInWatts>210</gpxtpx:PowerInWatts></gpxtpx:PowerExtension></extensions></trkpt>
<trkpt lat="38.5775308" lon="-121.4606131">
<ele>12</ele><time>2025-03-05T18:24:31.000Z</time><extensions><gpxtpx:TrackPointExtension><gpxtpx:hr>150</gpxtpx:hr><gpxtpx:cad>89</gpxtpx:cad></gpxtpx:TrackPointExtension></extensions><extensions><gpxtpx:PowerExtension><gpxtpx:PowerInWatts>211</gpxtpx:PowerInWatts></gpxtpx:PowerExtension></extensions></trkpt>
<trkpt lat="38.5775419" lon="-121.4606789">
<ele>12</ele><time>2025-03-05T18:24:33.000Z</time><extensions><gpxtpx:TrackPointExtension><gpxtpx:hr>150</gpxtpx:hr><gpxtpx:cad>84</gpxtpx:cad></gpxtpx:TrackPointExtension></extensions><extensions><gpxtpx:PowerExtension><gpxtpx:PowerInWatts>211</gpxtpx:PowerInWatts></gpxtpx:PowerExtension></extensions></trkpt>
<trkpt lat="38.5775497" lon="-121.4607412">
<ele>12</ele><time>2025-03-05T18:24:35.000Z</time><extensions><gpxtpx:TrackPointExtension><gpxtpx:hr>150</gpxtpx:hr><gpxtpx:cad>81</gpxtpx:cad></gpxtpx:TrackPointExtension></extensions><extensions><gpxtpx:PowerExtension><gpxtpx:PowerInWatts>216</gpxtpx:PowerInWatts></gpxtpx:PowerExtension></extensions></trkpt>
<trkpt lat="38.5775747" lon="-121.4608109">
<ele>12</ele><time>2025-03-05T18:24:37.000Z</time><extensions><gpxtpx:TrackPointExtension><gpxtpx:hr>150</gpxtpx:hr><gpxtpx:cad>80</gpxtpx:cad></gpxtpx:TrackPointExtension></extensions><extensions><gpxtpx:PowerExtension><gpxtpx:PowerInWatts>216</gpxtpx:PowerInWatts></gpxtpx:PowerExtension></extensions></trkpt>
<trkpt lat="38.5775960" lon="-121.4608727">
<ele>12</ele><time>2025-03-05T18:24:39.000Z</time><extensions><gpxtpx:TrackPointExtension><gpxtpx:hr>150</gpxtpx:hr><gpxtpx:cad>83</gpxtpx:cad></gpxtpx:TrackPointExtension></extensions><extensions><gpxtpx:PowerExtension><gpxtpx:PowerInWatts>223</gpxtpx:PowerInWatts></gpxtpx:PowerExtension></extensions></trkpt>
<trkpt lat="38.5776293" lon="-121.4609553">
<ele>12</ele><time>2025-03-05T18:24:42.000Z</time><extensions><gpxtpx:TrackPointExtension><gpxtpx:hr>150</gpxtpx:hr><gpxtpx:cad>85</gpxtpx:cad></gpxtpx:TrackPointExtension></extensions><extensions><gpxtpx:PowerExtension><gpxtpx:PowerInWatts>223</gpxtpx:PowerInWatts></gpxtpx:PowerExtension></extensions></trkpt>
<trkpt lat="38.5776533" lon="-121.4610183">
<ele>12</ele><time>2025-03-05T18:24:44.000Z</time><extensions><gpxtpx:TrackPointExtension><gpxtpx:hr>150</gpxtpx:hr><gpxtpx:cad>85</gpxtpx:cad></gpxtpx:TrackPointExtension></extensions><extensions><gpxtpx:PowerExtension><gpxtpx:PowerInWatts>224</gpxtpx:PowerInWatts></gpxtpx:PowerExtension></extensions></trkpt>
<trkpt lat="38.5776643" lon="-121.4610864">
<ele>12</ele><time>2025-03-05T18:24:46.000Z</time><extensions><gpxtpx:TrackPointExtension><gpxtpx:hr>150</gpxtpx:hr><gpxtpx:cad>80</gpxtpx:cad></gpxtpx:TrackPointExtension></extensions><extensions><gpxtpx:PowerExtension><gpxtpx:PowerInWatts>224</gpxtpx:PowerInWatts></gpxtpx:PowerExtension></extensions></trkpt>
<trkpt lat="38.5776702" lon="-121.4611502">
<ele>12</ele><time>2025-03-05T18:24:48.000Z</time><extensions><gpxtpx:TrackPointExtension><gpxtpx:hr>150</gpxtpx:hr><gpxtpx:cad>81</gpxtpx:cad></gpxtpx:TrackPointExtension></extensions><extensions><gpxtpx:PowerExtension><gpxtpx:PowerInWatts>225</gpxtpx:PowerInWatts></gpxtpx:PowerExtension></extensions></trkpt>
<trkpt lat="38.5776913" lon="-121.4612210">
<ele>12</ele><time>2025-03-05T18:24:50.000Z</time><extensions><gpxtpx:TrackPointExtension><gpxtpx:hr>150</gpxtpx:hr><gpxtpx:cad>84</gpxtpx:cad></gpxtpx:TrackPointExtension></extensions><extensions><gpxtpx:PowerExtension><gpxtpx:PowerInWatts>225</gpxtpx:PowerInWatts></gpxtpx:PowerExtension></extensions></trkpt>
<trkpt lat="38.5777218" lon="-121.4612912">
<ele>12</ele><time>2025-03-05T18:24:52.000Z</time><extensions><gpxtpx:TrackPointExtension><gpxtpx:hr>150</gpxtpx:hr><gpxtpx:cad>84</gpxtpx:cad></gpxtpx:TrackPointExtension></extensions><extensions><gpxtpx:PowerExtension><gpxtpx:PowerInWatts>227</gpxtpx:PowerInWatts></gpxtpx:PowerExtension></extensions></trkpt>
<trkpt lat="38.5777363" lon="-121.4613698">
<ele>12</ele><time>2025-03-05T18:24:55.000Z</time><extensions><gpxtpx:TrackPointExtension><gpxtpx:hr>150</gpxtpx:hr><gpxtpx:cad>85</gpxtpx:cad></gpxtpx:TrackPointExtension></extensions><extensions><gpxtpx:PowerExtension><gpxtpx:PowerInWatts>227</gpxtpx:PowerInWatts></gpxtpx:PowerExtension></extensions></trkpt>
<trkpt lat="38.5777565" lon="-121.4614266">
<ele>12</ele><time>2025-03-05T18:24:57.000Z</time><extensions><gpxtpx:TrackPointExtension><gpxtpx:hr>150</gpxtpx:hr><gpxtpx:cad>84</gpxtpx:cad></gpxtpx:TrackPointExtension></extensions><extensions><gpxtpx:PowerExtension><gpxtpx:PowerInWatts>227</gpxtpx:PowerInWatts></gpxtpx:PowerExtension></extensions></trkpt>
<trkpt lat="38.5777644" lon="-121.4614862">
<ele>12</ele><time>2025-03-05T18:24:59.000Z</time><extensions><gpxtpx:TrackPointExtension><gpxtpx:hr>150</gpxtpx:hr><gpxtpx:cad>79</gpxtpx:cad></gpxtpx:TrackPointExtension></extensions><extensions><gpxtpx:PowerExtension><gpxtpx:PowerInWatts>232</gpxtpx:PowerInWatts></gpxtpx:PowerExtension></extensions></trkpt>
<trkpt lat="38.5777901" lon="-121.4615560">
<ele>12</ele><time>2025-03-05T18:25:01.000Z</time><extensions><gpxtpx:TrackPointExtension><gpxtpx:hr>150</gpxtpx:hr><gpxtpx:cad>88</gpxtpx:cad></gpxtpx:TrackPointExtension></extensions><extensions><gpxtpx:PowerExtension><gpxtpx:PowerInWatts>232</gpxtpx:PowerInWatts></gpxtpx:PowerExtension></extensions></trkpt>
<trkpt lat="38.5778151" lon="-121.4616194">
<ele>12</ele><time>2025-03-05T18:25:03.000Z</time><extensions><gpxtpx:TrackPointExtension><gpxtpx:hr>150</gpxtpx:hr><gpxtpx:cad>87</gpxtpx:cad></gpxtpx:TrackPointExtension></extensions><extensions><gpxtpx:PowerExtension><gpxtpx:PowerInWatts>225</gpxtpx:PowerInWatts></gpxtpx:PowerExtension></extensions></trkpt>
<trkpt lat="38.5778249" lon="-121.4616942">
<ele>12</ele><time>2025-03-05T18:25:05.000Z</time><extensions><gpxtpx:TrackPointExtension><gpxtpx:hr>150</gpxtpx:hr><gpxtpx:cad>84</gpxtpx:cad></gpxtpx:TrackPointExtension></extensions><extensions><gpxtpx:PowerExtension><gpxtpx:PowerInWatts>225</gpxtpx:PowerInWatts></gpxtpx:PowerExtension></extensions></trkpt>
<trkpt lat="38.5778378" lon="-121.4617608">
<ele>12</ele><time>2025-03-05T18:25:07.000Z</time><extensions><gpxtpx:TrackPointExtension><gpxtpx:hr>150</gpxtpx:hr><gpxtpx:cad>80</gpxtpx:cad></gpxtpx:TrackPointExtension></extensions><extensions><gpxtpx:PowerExtension><gpxtpx:PowerInWatts>223</gpxtpx:PowerInWatts></gpxtpx:PowerExtension></extensions></trkpt>
<trkpt lat="38.5778567" lon="-121.4618250">
<ele>12</ele><time>2025-03-05T18:25:09.000Z</time><extensions><gpxtpx:TrackPointExtension><gpxtpx:hr>150</gpxtpx:hr><gpxtpx:cad>82</gpxtpx:cad></gpxtpx:TrackPointExtension></extensions><extensions><gpxtpx:PowerExtension><gpxtpx:PowerInWatts>223</gpxtpx:PowerInWatts></gpxtpx:PowerExtension></extensions></trkpt>
<trkpt lat="38.5778725" lon="-121.4618843">
<ele>13</ele><time>2025-03-05T18:25:11.000Z</time><extensions><gpxtpx:TrackPointExtension><gpxtpx:hr>150</gpxtpx:hr><gpxtpx:cad>83</gpxtpx:cad></gpxtpx:TrackPointExtension></extensions><extensions><gpxtpx:PowerExtension><gpxtpx:PowerInWatts>226</gpxtpx:PowerInWatts></gpxtpx:PowerExtension></extensions></trkpt>
<trkpt lat="38.5778706" lon="-121.4619444">
<ele>13</ele><time>2025-03-05T18:25:13.000Z</time><extensions><gpxtpx:TrackPointExtension><gpxtpx:hr>150</gpxtpx:hr><gpxtpx:cad>83</gpxtpx:cad></gpxtpx:TrackPointExtension></extensions><extensions><gpxtpx:PowerExtension><gpxtpx:PowerInWatts>226</gpxtpx:PowerInWatts></gpxtpx:PowerExtension></extensions></trkpt>
<trkpt lat="38.5779038" lon="-121.4620203">
<ele>13</ele><time>2025-03-05T18:25:15.000Z</time><extensions><gpxtpx:TrackPointExtension><gpxtpx:hr>150</gpxtpx:hr><gpxtpx:cad>83</gpxtpx:cad></gpxtpx:TrackPointExtension></extensions><extensions><gpxtpx:PowerExtension><gpxtpx:PowerInWatts>227</gpxtpx:PowerInWatts></gpxtpx:PowerExtension></extensions></trkpt>
<trkpt lat="38.5779208" lon="-121.4620902">
<ele>13</ele><time>2025-03-05T18:25:17.000Z</time><extensions><gpxtpx:TrackPointExtension><gpxtpx:hr>150</gpxtpx:hr><gpxtpx:cad>83</gpxtpx:cad></gpxtpx:TrackPointExtension></extensions><extensions><gpxtpx:PowerExtension><gpxtpx:PowerInWatts>222</gpxtpx:PowerInWatts></gpxtpx:PowerExtension></extensions></trkpt>
<trkpt lat="38.5779379" lon="-121.4621638">
<ele>13</ele><time>2025-03-05T18:25:19.000Z</time><extensions><gpxtpx:TrackPointExtension><gpxtpx:hr>150</gpxtpx:hr><gpxtpx:cad>84</gpxtpx:cad></gpxtpx:TrackPointExtension></extensions><extensions><gpxtpx:PowerExtension><gpxtpx:PowerInWatts>222</gpxtpx:PowerInWatts></gpxtpx:PowerExtension></extensions></trkpt>
<trkpt lat="38.5779543" lon="-121.4622204">
<ele>13</ele><time>2025-03-05T18:25:21.000Z</time><extensions><gpxtpx:TrackPointExtension><gpxtpx:hr>150</gpxtpx:hr><gpxtpx:cad>84</gpxtpx:cad></gpxtpx:TrackPointExtension></extensions><extensions><gpxtpx:PowerExtension><gpxtpx:PowerInWatts>222</gpxtpx:PowerInWatts></gpxtpx:PowerExtension></extensions></trkpt>
<trkpt lat="38.5779793" lon="-121.4622856">
<ele>13</ele><time>2025-03-05T18:25:23.000Z</time><extensions><gpxtpx:TrackPointExtension><gpxtpx:hr>150</gpxtpx:hr><gpxtpx:cad>80</gpxtpx:cad></gpxtpx:TrackPointExtension></extensions><extensions><gpxtpx:PowerExtension><gpxtpx:PowerInWatts>227</gpxtpx:PowerInWatts></gpxtpx:PowerExtension></extensions></trkpt>
<trkpt lat="38.5779994" lon="-121.4623466">
<ele>13</ele><time>2025-03-05T18:25:25.000Z</time><extensions><gpxtpx:TrackPointExtension><gpxtpx:hr>150</gpxtpx:hr><gpxtpx:cad>81</gpxtpx:cad></gpxtpx:TrackPointExtension></extensions><extensions><gpxtpx:PowerExtension><gpxtpx:PowerInWatts>229</gpxtpx:PowerInWatts></gpxtpx:PowerExtension></extensions></trkpt>
<trkpt lat="38.5780111" lon="-121.4624126">
<ele>13</ele><time>2025-03-05T18:25:27.000Z</time><extensions><gpxtpx:TrackPointExtension><gpxtpx:hr>151</gpxtpx:hr><gpxtpx:cad>83</gpxtpx:cad></gpxtpx:TrackPointExtension></extensions><extensions><gpxtpx:PowerExtension><gpxtpx:PowerInWatts>229</gpxtpx:PowerInWatts></gpxtpx:PowerExtension></extensions></trkpt>
<trkpt lat="38.5780209" lon="-121.4624863">
<ele>13</ele><time>2025-03-05T18:25:29.000Z</time><extensions><gpxtpx:TrackPointExtension><gpxtpx:hr>151</gpxtpx:hr><gpxtpx:cad>74</gpxtpx:cad></gpxtpx:TrackPointExtension></extensions><extensions><gpxtpx:PowerExtension><gpxtpx:PowerInWatts>229</gpxtpx:PowerInWatts></gpxtpx:PowerExtension></extensions></trkpt>
<trkpt lat="38.5780465" lon="-121.4625644">
<ele>13</ele><time>2025-03-05T18:25:31.000Z</time><extensions><gpxtpx:TrackPointExtension><gpxtpx:hr>151</gpxtpx:hr><gpxtpx:cad>79</gpxtpx:cad></gpxtpx:TrackPointExtension></extensions><extensions><gpxtpx:PowerExtension><gpxtpx:PowerInWatts>228</gpxtpx:PowerInWatts></gpxtpx:PowerExtension></extensions></trkpt>
<trkpt lat="38.5780619" lon="-121.4626390">
<ele>13</ele><time>2025-03-05T18:25:33.000Z</time><extensions><gpxtpx:TrackPointExtension><gpxtpx:hr>151</gpxtpx:hr><gpxtpx:cad>85</gpxtpx:cad></gpxtpx:TrackPointExtension></extensions><extensions><gpxtpx:PowerExtension><gpxtpx:PowerInWatts>227</gpxtpx:PowerInWatts></gpxtpx:PowerExtension></extensions></trkpt>
<trkpt lat="38.5780745" lon="-121.4627059">
<ele>13</ele><time>2025-03-05T18:25:35.000Z</time><extensions><gpxtpx:TrackPointExtension><gpxtpx:hr>151</gpxtpx:hr><gpxtpx:cad>89</gpxtpx:cad></gpxtpx:TrackPointExtension></extensions><extensions><gpxtpx:PowerExtension><gpxtpx:PowerInWatts>231</gpxtpx:PowerInWatts></gpxtpx:PowerExtension></extensions></trkpt>
<trkpt lat="38.5780739" lon="-121.4627730">
<ele>13</ele><time>2025-03-05T18:25:37.000Z</time><extensions><gpxtpx:TrackPointExtension><gpxtpx:hr>151</gpxtpx:hr><gpxtpx:cad>85</gpxtpx:cad></gpxtpx:TrackPointExtension></extensions><extensions><gpxtpx:PowerExtension><gpxtpx:PowerInWatts>231</gpxtpx:PowerInWatts></gpxtpx:PowerExtension></extensions></trkpt>
<trkpt lat="38.5780433" lon="-121.4628248">
<ele>13</ele><time>2025-03-05T18:25:39.000Z</time><extensions><gpxtpx:TrackPointExtension><gpxtpx:hr>151</gpxtpx:hr><gpxtpx:cad>81</gpxtpx:cad></gpxtpx:TrackPointExtension></extensions><extensions><gpxtpx:PowerExtension><gpxtpx:PowerInWatts>231</gpxtpx:PowerInWatts></gpxtpx:PowerExtension></extensions></trkpt>
<trkpt lat="38.5779897" lon="-121.4628520">
<ele>13</ele><time>2025-03-05T18:25:42.000Z</time><extensions><gpxtpx:TrackPointExtension><gpxtpx:hr>151</gpxtpx:hr><gpxtpx:cad>83</gpxtpx:cad></gpxtpx:TrackPointExtension></extensions><extensions><gpxtpx:PowerExtension><gpxtpx:PowerInWatts>233</gpxtpx:PowerInWatts></gpxtpx:PowerExtension></extensions></trkpt>
<trkpt lat="38.5779395" lon="-121.4628701">
<ele>13</ele><time>2025-03-05T18:25:44.000Z</time><extensions><gpxtpx:TrackPointExtension><gpxtpx:hr>151</gpxtpx:hr><gpxtpx:cad>87</gpxtpx:cad></gpxtpx:TrackPointExtension></extensions><extensions><gpxtpx:PowerExtension><gpxtpx:PowerInWatts>232</gpxtpx:PowerInWatts></gpxtpx:PowerExtension></extensions></trkpt>
<trkpt lat="38.5778883" lon="-121.4628890">
<ele>13</ele><time>2025-03-05T18:25:46.000Z</time><extensions><gpxtpx:TrackPointExtension><gpxtpx:hr>151</gpxtpx:hr><gpxtpx:cad>86</gpxtpx:cad></gpxtpx:TrackPointExtension></extensions><extensions><gpxtpx:PowerExtension><gpxtpx:PowerInWatts>227</gpxtpx:PowerInWatts></gpxtpx:PowerExtension></extensions></trkpt>
<trkpt lat="38.5778332" lon="-121.4629183">
<ele>13</ele><time>2025-03-05T18:25:48.000Z</time><extensions><gpxtpx:TrackPointExtension><gpxtpx:hr>151</gpxtpx:hr><gpxtpx:cad>81</gpxtpx:cad></gpxtpx:TrackPointExtension></extensions><extensions><gpxtpx:PowerExtension><gpxtpx:PowerInWatts>215</gpxtpx:PowerInWatts></gpxtpx:PowerExtension></extensions></trkpt>
<trkpt lat="38.5777834" lon="-121.4629278">
<ele>13</ele><time>2025-03-05T18:25:50.000Z</time><extensions><gpxtpx:TrackPointExtension><gpxtpx:hr>151</gpxtpx:hr><gpxtpx:cad>81</gpxtpx:cad></gpxtpx:TrackPointExtension></extensions><extensions><gpxtpx:PowerExtension><gpxtpx:PowerInWatts>217</gpxtpx:PowerInWatts></gpxtpx:PowerExtension></extensions></trkpt>
<trkpt lat="38.5777233" lon="-121.4629485">
<ele>13</ele><time>2025-03-05T18:25:52.000Z</time><extensions><gpxtpx:TrackPointExtension><gpxtpx:hr>151</gpxtpx:hr><gpxtpx:cad>86</gpxtpx:cad></gpxtpx:TrackPointExtension></extensions><extensions><gpxtpx:PowerExtension><gpxtpx:PowerInWatts>217</gpxtpx:PowerInWatts></gpxtpx:PowerExtension></extensions></trkpt>
<trkpt lat="38.5776625" lon="-121.4629752">
<ele>13</ele><time>2025-03-05T18:25:54.000Z</time><extensions><gpxtpx:TrackPointExtension><gpxtpx:hr>151</gpxtpx:hr><gpxtpx:cad>89</gpxtpx:cad></gpxtpx:TrackPointExtension></extensions><extensions><gpxtpx:PowerExtension><gpxtpx:PowerInWatts>217</gpxtpx:PowerInWatts></gpxtpx:PowerExtension></extensions></trkpt>
<trkpt lat="38.5776171" lon="-121.4630099">
<ele>13</ele><time>2025-03-05T18:25:56.000Z</time><extensions><gpxtpx:TrackPointExtension><gpxtpx:hr>151</gpxtpx:hr><gpxtpx:cad>88</gpxtpx:cad></gpxtpx:TrackPointExtension></extensions><extensions><gpxtpx:PowerExtension><gpxtpx:PowerInWatts>219</gpxtpx:PowerInWatts></gpxtpx:PowerExtension></extensions></trkpt>
<trkpt lat="38.5775636" lon="-121.4630166">
<ele>13</ele><time>2025-03-05T18:25:58.000Z</time><extensions><gpxtpx:TrackPointExtension><gpxtpx:hr>151</gpxtpx:hr><gpxtpx:cad>84</gpxtpx:cad></gpxtpx:TrackPointExtension></extensions><extensions><gpxtpx:PowerExtension><gpxtpx:PowerInWatts>221</gpxtpx:PowerInWatts></gpxtpx:PowerExtension></extensions></trkpt>
<trkpt lat="38.5775155" lon="-121.4630343">
<ele>13</ele><time>2025-03-05T18:26:00.000Z</time><extensions><gpxtpx:TrackPointExtension><gpxtpx:hr>151</gpxtpx:hr><gpxtpx:cad>84</gpxtpx:cad></gpxtpx:TrackPointExtension></extensions><extensions><gpxtpx:PowerExtension><gpxtpx:PowerInWatts>221</gpxtpx:PowerInWatts></gpxtpx:PowerExtension></extensions></trkpt>
<trkpt lat="38.5774634" lon="-121.4630534">
<ele>13</ele><time>2025-03-05T18:26:02.000Z</time><extensions><gpxtpx:TrackPointExtension><gpxtpx:hr>151</gpxtpx:hr><gpxtpx:cad>84</gpxtpx:cad></gpxtpx:TrackPointExtension></extensions><extensions><gpxtpx:PowerExtension><gpxtpx:PowerInWatts>227</gpxtpx:PowerInWatts></gpxtpx:PowerExtension></extensions></trkpt>
<trkpt lat="38.5774204" lon="-121.4630964">
<ele>13</ele><time>2025-03-05T18:26:04.000Z</time><extensions><gpxtpx:TrackPointExtension><gpxtpx:hr>151</gpxtpx:hr><gpxtpx:cad>83</gpxtpx:cad></gpxtpx:TrackPointExtension></extensions><extensions><gpxtpx:PowerExtension><gpxtpx:PowerInWatts>225</gpxtpx:PowerInWatts></gpxtpx:PowerExtension></extensions></trkpt>
<trkpt lat="38.5773641" lon="-121.4631113">
<ele>13</ele><time>2025-03-05T18:26:06.000Z</time><extensions><gpxtpx:TrackPointExtension><gpxtpx:hr>152</gpxtpx:hr><gpxtpx:cad>85</gpxtpx:cad></gpxtpx:TrackPointExtension></extensions><extensions><gpxtpx:PowerExtension><gpxtpx:PowerInWatts>224</gpxtpx:PowerInWatts></gpxtpx:PowerExtension></extensions></trkpt>
<trkpt lat="38.5772986" lon="-121.4631317">
<ele>13</ele><time>2025-03-05T18:26:08.000Z</time><extensions><gpxtpx:TrackPointExtension><gpxtpx:hr>152</gpxtpx:hr><gpxtpx:cad>85</gpxtpx:cad></gpxtpx:TrackPointExtension></extensions><extensions><gpxtpx:PowerExtension><gpxtpx:PowerInWatts>223</gpxtpx:PowerInWatts></gpxtpx:PowerExtension></extensions></trkpt>
<trkpt lat="38.5772475" lon="-121.4631552">
<ele>13</ele><time>2025-03-05T18:26:10.000Z</time><extensions><gpxtpx:TrackPointExtension><gpxtpx:hr>152</gpxtpx:hr><gpxtpx:cad>84</gpxtpx:cad></gpxtpx:TrackPointExtension></extensions><extensions><gpxtpx:PowerExtension><gpxtpx:PowerInWatts>223</gpxtpx:PowerInWatts></gpxtpx:PowerExtension></extensions></trkpt>
<trkpt lat="38.5771880" lon="-121.4631852">
<ele>13</ele><time>2025-03-05T18:26:12.000Z</time><extensions><gpxtpx:TrackPointExtension><gpxtpx:hr>152</gpxtpx:hr><gpxtpx:cad>84</gpxtpx:cad></gpxtpx:TrackPointExtension></extensions><extensions><gpxtpx:PowerExtension><gpxtpx:PowerInWatts>224</gpxtpx:PowerInWatts></gpxtpx:PowerExtension></extensions></trkpt>
<trkpt lat="38.5771266" lon="-121.4632196">
<ele>13</ele><time>2025-03-05T18:26:14.000Z</time><extensions><gpxtpx:TrackPointExtension><gpxtpx:hr>153</gpxtpx:hr><gpxtpx:cad>84</gpxtpx:cad></gpxtpx:TrackPointExtension></extensions><extensions><gpxtpx:PowerExtension><gpxtpx:PowerInWatts>227</gpxtpx:PowerInWatts></gpxtpx:PowerExtension></extensions></trkpt>
<trkpt lat="38.5770843" lon="-121.4632420">
<ele>13</ele><time>2025-03-05T18:26:16.000Z</time><extensions><gpxtpx:TrackPointExtension><gpxtpx:hr>153</gpxtpx:hr><gpxtpx:cad>84</gpxtpx:cad></gpxtpx:TrackPointExtension></extensions><extensions><gpxtpx:PowerExtension><gpxtpx:PowerInWatts>227</gpxtpx:PowerInWatts></gpxtpx:PowerExtension></extensions></trkpt>
<trkpt lat="38.5770314" lon="-121.4632491">
<ele>13</ele><time>2025-03-05T18:26:18.000Z</time><extensions><gpxtpx:TrackPointExtension><gpxtpx:hr>153</gpxtpx:hr><gpxtpx:cad>83</gpxtpx:cad></gpxtpx:TrackPointExtension></extensions><extensions><gpxtpx:PowerExtension><gpxtpx:PowerInWatts>227</gpxtpx:PowerInWatts></gpxtpx:PowerExtension></extensions></trkpt>
<trkpt lat="38.5769794" lon="-121.4632672">
<ele>13</ele><time>2025-03-05T18:26:20.000Z</time><extensions><gpxtpx:TrackPointExtension><gpxtpx:hr>153</gpxtpx:hr><gpxtpx:cad>83</gpxtpx:cad></gpxtpx:TrackPointExtension></extensions><extensions><gpxtpx:PowerExtension><gpxtpx:PowerInWatts>236</gpxtpx:PowerInWatts></gpxtpx:PowerExtension></extensions></trkpt>
<trkpt lat="38.5769225" lon="-121.4632974">
<ele>13</ele><time>2025-03-05T18:26:22.000Z</time><extensions><gpxtpx:TrackPointExtension><gpxtpx:hr>153</gpxtpx:hr><gpxtpx:cad>84</gpxtpx:cad></gpxtpx:TrackPointExtension></extensions><extensions><gpxtpx:PowerExtension><gpxtpx:PowerInWatts>239</gpxtpx:PowerInWatts></gpxtpx:PowerExtension></extensions></trkpt>
<trkpt lat="38.5768658" lon="-121.4633300">
<ele>13</ele><time>2025-03-05T18:26:24.000Z</time><extensions><gpxtpx:TrackPointExtension><gpxtpx:hr>153</gpxtpx:hr><gpxtpx:cad>84</gpxtpx:cad></gpxtpx:TrackPointExtension></extensions><extensions><gpxtpx:PowerExtension><gpxtpx:PowerInWatts>239</gpxtpx:PowerInWatts></gpxtpx:PowerExtension></extensions></trkpt>
<trkpt lat="38.5768130" lon="-121.4633433">
<ele>13</ele><time>2025-03-05T18:26:26.000Z</time><extensions><gpxtpx:TrackPointExtension><gpxtpx:hr>153</gpxtpx:hr><gpxtpx:cad>84</gpxtpx:cad></gpxtpx:TrackPointExtension></extensions><extensions><gpxtpx:PowerExtension><gpxtpx:PowerInWatts>239</gpxtpx:PowerInWatts></gpxtpx:PowerExtension></extensions></trkpt>
<trkpt lat="38.5767642" lon="-121.4633713">
<ele>13</ele><time>2025-03-05T18:26:28.000Z</time><extensions><gpxtpx:TrackPointExtension><gpxtpx:hr>153</gpxtpx:hr><gpxtpx:cad>84</gpxtpx:cad></gpxtpx:TrackPointExtension></extensions><extensions><gpxtpx:PowerExtension><gpxtpx:PowerInWatts>239</gpxtpx:PowerInWatts></gpxtpx:PowerExtension></extensions></trkpt>
<trkpt lat="38.5767064" lon="-121.4633933">
<ele>13</ele><time>2025-03-05T18:26:30.000Z</time><extensions><gpxtpx:TrackPointExtension><gpxtpx:hr>153</gpxtpx:hr><gpxtpx:cad>83</gpxtpx:cad></gpxtpx:TrackPointExtension></extensions><extensions><gpxtpx:PowerExtension><gpxtpx:PowerInWatts>240</gpxtpx:PowerInWatts></gpxtpx:PowerExtension></extensions></trkpt>
<trkpt lat="38.5766454" lon="-121.4634201">
<ele>13</ele><time>2025-03-05T18:26:32.000Z</time><extensions><gpxtpx:TrackPointExtension><gpxtpx:hr>153</gpxtpx:hr><gpxtpx:cad>82</gpxtpx:cad></gpxtpx:TrackPointExtension></extensions><extensions><gpxtpx:PowerExtension><gpxtpx:PowerInWatts>240</gpxtpx:PowerInWatts></gpxtpx:PowerExtension></extensions></trkpt>
<trkpt lat="38.5765855" lon="-121.4634485">
<ele>13</ele><time>2025-03-05T18:26:34.000Z</time><extensions><gpxtpx:TrackPointExtension><gpxtpx:hr>153</gpxtpx:hr><gpxtpx:cad>81</gpxtpx:cad></gpxtpx:TrackPointExtension></extensions><extensions><gpxtpx:PowerExtension><gpxtpx:PowerInWatts>236</gpxtpx:PowerInWatts></gpxtpx:PowerExtension></extensions></trkpt>
<trkpt lat="38.5765297" lon="-121.4634780">
<ele>13</ele><time>2025-03-05T18:26:36.000Z</time><extensions><gpxtpx:TrackPointExtension><gpxtpx:hr>153</gpxtpx:hr><gpxtpx:cad>83</gpxtpx:cad></gpxtpx:TrackPointExtension></extensions><extensions><gpxtpx:PowerExtension><gpxtpx:PowerInWatts>238</gpxtpx:PowerInWatts></gpxtpx:PowerExtension></extensions></trkpt>
<trkpt lat="38.5764778" lon="-121.4634965">
<ele>13</ele><time>2025-03-05T18:26:38.000Z</time><extensions><gpxtpx:TrackPointExtension><gpxtpx:hr>153</gpxtpx:hr><gpxtpx:cad>82</gpxtpx:cad></gpxtpx:TrackPointExtension></extensions><extensions><gpxtpx:PowerExtension><gpxtpx:PowerInWatts>238</gpxtpx:PowerInWatts></gpxtpx:PowerExtension></extensions></trkpt>
<trkpt lat="38.5764181" lon="-121.4635082">
<ele>13</ele><time>2025-03-05T18:26:40.000Z</time><extensions><gpxtpx:TrackPointExtension><gpxtpx:hr>154</gpxtpx:hr><gpxtpx:cad>79</gpxtpx:cad></gpxtpx:TrackPointExtension></extensions><extensions><gpxtpx:PowerExtension><gpxtpx:PowerInWatts>238</gpxtpx:PowerInWatts></gpxtpx:PowerExtension></extensions></trkpt>
<trkpt lat="38.5763677" lon="-121.4635448">
<ele>13</ele><time>2025-03-05T18:26:42.000Z</time><extensions><gpxtpx:TrackPointExtension><gpxtpx:hr>153</gpxtpx:hr><gpxtpx:cad>80</gpxtpx:cad></gpxtpx:TrackPointExtension></extensions><extensions><gpxtpx:PowerExtension><gpxtpx:PowerInWatts>240</gpxtpx:PowerInWatts></gpxtpx:PowerExtension></extensions></trkpt>
<trkpt lat="38.5763056" lon="-121.4635728">
<ele>13</ele><time>2025-03-05T18:26:44.000Z</time><extensions><gpxtpx:TrackPointExtension><gpxtpx:hr>153</gpxtpx:hr><gpxtpx:cad>82</gpxtpx:cad></gpxtpx:TrackPointExtension></extensions><extensions><gpxtpx:PowerExtension><gpxtpx:PowerInWatts>240</gpxtpx:PowerInWatts></gpxtpx:PowerExtension></extensions></trkpt>
<trkpt lat="38.5762571" lon="-121.4635962">
<ele>13</ele><time>2025-03-05T18:26:46.000Z</time><extensions><gpxtpx:TrackPointExtension><gpxtpx:hr>153</gpxtpx:hr><gpxtpx:cad>82</gpxtpx:cad></gpxtpx:TrackPointExtension></extensions><extensions><gpxtpx:PowerExtension><gpxtpx:PowerInWatts>240</gpxtpx:PowerInWatts></gpxtpx:PowerExtension></extensions></trkpt>
<trkpt lat="38.5761877" lon="-121.4636084">
<ele>13</ele><time>2025-03-05T18:26:48.000Z</time><extensions><gpxtpx:TrackPointExtension><gpxtpx:hr>153</gpxtpx:hr><gpxtpx:cad>81</gpxtpx:cad></gpxtpx:TrackPointExtension></extensions><extensions><gpxtpx:PowerExtension><gpxtpx:PowerInWatts>240</gpxtpx:PowerInWatts></gpxtpx:PowerExtension></extensions></trkpt>
<trkpt lat="38.5761313" lon="-121.4636219">
<ele>13</ele><time>2025-03-05T18:26:50.000Z</time><extensions><gpxtpx:TrackPointExtension><gpxtpx:hr>153</gpxtpx:hr><gpxtpx:cad>78</gpxtpx:cad></gpxtpx:TrackPointExtension></extensions><extensions><gpxtpx:PowerExtension><gpxtpx:PowerInWatts>239</gpxtpx:PowerInWatts></gpxtpx:PowerExtension></extensions></trkpt>
<trkpt lat="38.5760743" lon="-121.4636420">
<ele>13</ele><time>2025-03-05T18:26:53.000Z</time><extensions><gpxtpx:TrackPointExtension><gpxtpx:hr>153</gpxtpx:hr><gpxtpx:cad>81</gpxtpx:cad></gpxtpx:TrackPointExtension></extensions><extensions><gpxtpx:PowerExtension><gpxtpx:PowerInWatts>239</gpxtpx:PowerInWatts></gpxtpx:PowerExtension></extensions></trkpt>
<trkpt lat="38.5760280" lon="-121.4636211">
<ele>13</ele><time>2025-03-05T18:26:56.000Z</time><extensions><gpxtpx:TrackPointExtension><gpxtpx:hr>153</gpxtpx:hr><gpxtpx:cad>82</gpxtpx:cad></gpxtpx:TrackPointExtension></extensions><extensions><gpxtpx:PowerExtension><gpxtpx:PowerInWatts>239</gpxtpx:PowerInWatts></gpxtpx:PowerExtension></extensions></trkpt>
<trkpt lat="38.5759423" lon="-121.4635769">
<ele>12</ele><time>2025-03-05T18:26:58.000Z</time><extensions><gpxtpx:TrackPointExtension><gpxtpx:hr>153</gpxtpx:hr><gpxtpx:cad>83</gpxtpx:cad></gpxtpx:TrackPointExtension></extensions><extensions><gpxtpx:PowerExtension><gpxtpx:PowerInWatts>236</gpxtpx:PowerInWatts></gpxtpx:PowerExtension></extensions></trkpt>
<trkpt lat="38.5758936" lon="-121.4635806">
<ele>12</ele><time>2025-03-05T18:27:00.000Z</time><extensions><gpxtpx:TrackPointExtension><gpxtpx:hr>153</gpxtpx:hr><gpxtpx:cad>84</gpxtpx:cad></gpxtpx:TrackPointExtension></extensions><extensions><gpxtpx:PowerExtension><gpxtpx:PowerInWatts>236</gpxtpx:PowerInWatts></gpxtpx:PowerExtension></extensions></trkpt>
<trkpt lat="38.5758311" lon="-121.4635891">
<ele>12</ele><time>2025-03-05T18:27:02.000Z</time><extensions><gpxtpx:TrackPointExtension><gpxtpx:hr>153</gpxtpx:hr><gpxtpx:cad>87</gpxtpx:cad></gpxtpx:TrackPointExtension></extensions><extensions><gpxtpx:PowerExtension><gpxtpx:PowerInWatts>233</gpxtpx:PowerInWatts></gpxtpx:PowerExtension></extensions></trkpt>
<trkpt lat="38.5757581" lon="-121.4636083">
<ele>12</ele><time>2025-03-05T18:27:04.000Z</time><extensions><gpxtpx:TrackPointExtension><gpxtpx:hr>153</gpxtpx:hr><gpxtpx:cad>84</gpxtpx:cad></gpxtpx:TrackPointExtension></extensions><extensions><gpxtpx:PowerExtension><gpxtpx:PowerInWatts>233</gpxtpx:PowerInWatts></gpxtpx:PowerExtension></extensions></trkpt>
<trkpt lat="38.5757140" lon="-121.4636212">
<ele>12</ele><time>2025-03-05T18:27:06.000Z</time><extensions><gpxtpx:TrackPointExtension><gpxtpx:hr>153</gpxtpx:hr><gpxtpx:cad>88</gpxtpx:cad></gpxtpx:TrackPointExtension></extensions><extensions><gpxtpx:PowerExtension><gpxtpx:PowerInWatts>232</gpxtpx:PowerInWatts></gpxtpx:PowerExtension></extensions></trkpt>
<trkpt lat="38.5756524" lon="-121.4636495">
<ele>12</ele><time>2025-03-05T18:27:08.000Z</time><extensions><gpxtpx:TrackPointExtension><gpxtpx:hr>153</gpxtpx:hr><gpxtpx:cad>91</gpxtpx:cad></gpxtpx:TrackPointExtension></extensions><extensions><gpxtpx:PowerExtension><gpxtpx:PowerInWatts>236</gpxtpx:PowerInWatts></gpxtpx:PowerExtension></extensions></trkpt>
<trkpt lat="38.5755929" lon="-121.4636769">
<ele>12</ele><time>2025-03-05T18:27:10.000Z</time><extensions><gpxtpx:TrackPointExtension><gpxtpx:hr>154</gpxtpx:hr><gpxtpx:cad>86</gpxtpx:cad></gpxtpx:TrackPointExtension></extensions><extensions><gpxtpx:PowerExtension><gpxtpx:PowerInWatts>245</gpxtpx:PowerInWatts></gpxtpx:PowerExtension></extensions></trkpt>
<trkpt lat="38.5755408" lon="-121.4636990">
<ele>12</ele><time>2025-03-05T18:27:12.000Z</time><extensions><gpxtpx:TrackPointExtension><gpxtpx:hr>154</gpxtpx:hr><gpxtpx:cad>83</gpxtpx:cad></gpxtpx:TrackPointExtension></extensions><extensions><gpxtpx:PowerExtension><gpxtpx:PowerInWatts>249</gpxtpx:PowerInWatts></gpxtpx:PowerExtension></extensions></trkpt>
<trkpt lat="38.5754882" lon="-121.4637217">
<ele>12</ele><time>2025-03-05T18:27:14.000Z</time><extensions><gpxtpx:TrackPointExtension><gpxtpx:hr>154</gpxtpx:hr><gpxtpx:cad>91</gpxtpx:cad></gpxtpx:TrackPointExtension></extensions><extensions><gpxtpx:PowerExtension><gpxtpx:PowerInWatts>249</gpxtpx:PowerInWatts></gpxtpx:PowerExtension></extensions></trkpt>
<trkpt lat="38.5754354" lon="-121.4637444">
<ele>12</ele><time>2025-03-05T18:27:16.000Z</time><extensions><gpxtpx:TrackPointExtension><gpxtpx:hr>155</gpxtpx:hr><gpxtpx:cad>90</gpxtpx:cad></gpxtpx:TrackPointExtension></extensions><extensions><gpxtpx:PowerExtension><gpxtpx:PowerInWatts>249</gpxtpx:PowerInWatts></gpxtpx:PowerExtension></extensions></trkpt>
<trkpt lat="38.5753851" lon="-121.4637660">
<ele>12</ele><time>2025-03-05T18:27:18.000Z</time><extensions><gpxtpx:TrackPointExtension><gpxtpx:hr>155</gpxtpx:hr><gpxtpx:cad>85</gpxtpx:cad></gpxtpx:TrackPointExtension></extensions><extensions><gpxtpx:PowerExtension><gpxtpx:PowerInWatts>246</gpxtpx:PowerInWatts></gpxtpx:PowerExtension></extensions></trkpt>
<trkpt lat="38.5753358" lon="-121.4637872">
<ele>12</ele><time>2025-03-05T18:27:20.000Z</time><extensions><gpxtpx:TrackPointExtension><gpxtpx:hr>155</gpxtpx:hr><gpxtpx:cad>84</gpxtpx:cad></gpxtpx:TrackPointExtension></extensions><extensions><gpxtpx:PowerExtension><gpxtpx:PowerInWatts>239</gpxtpx:PowerInWatts></gpxtpx:PowerExtension></extensions></trkpt>
<trkpt lat="38.5752774" lon="-121.4638049">
<ele>12</ele><time>2025-03-05T18:27:22.000Z</time><extensions><gpxtpx:TrackPointExtension><gpxtpx:hr>155</gpxtpx:hr><gpxtpx:cad>83</gpxtpx:cad></gpxtpx:TrackPointExtension></extensions><extensions><gpxtpx:PowerExtension><gpxtpx:PowerInWatts>239</gpxtpx:PowerInWatts></gpxtpx:PowerExtension></extensions></trkpt>
<trkpt lat="38.5752268" lon="-121.4638039">
<ele>12</ele><time>2025-03-05T18:27:24.000Z</time><extensions><gpxtpx:TrackPointExtension><gpxtpx:hr>155</gpxtpx:hr><gpxtpx:cad>82</gpxtpx:cad></gpxtpx:TrackPointExtension></extensions><extensions><gpxtpx:PowerExtension><gpxtpx:PowerInWatts>238</gpxtpx:PowerInWatts></gpxtpx:PowerExtension></extensions></trkpt>
<trkpt lat="38.5751732" lon="-121.4637954">
<ele>12</ele><time>2025-03-05T18:27:26.000Z</time><extensions><gpxtpx:TrackPointExtension><gpxtpx:hr>155</gpxtpx:hr><gpxtpx:cad>80</gpxtpx:cad></gpxtpx:TrackPointExtension></extensions><extensions><gpxtpx:PowerExtension><gpxtpx:PowerInWatts>233</gpxtpx:PowerInWatts></gpxtpx:PowerExtension></extensions></trkpt>
<trkpt lat="38.5751196" lon="-121.4637811">
<ele>12</ele><time>2025-03-05T18:27:28.000Z</time><extensions><gpxtpx:TrackPointExtension><gpxtpx:hr>155</gpxtpx:hr><gpxtpx:cad>82</gpxtpx:cad></gpxtpx:TrackPointExtension></extensions><extensions><gpxtpx:PowerExtension><gpxtpx:PowerInWatts>233</gpxtpx:PowerInWatts></gpxtpx:PowerExtension></extensions></trkpt>
<trkpt lat="38.5750768" lon="-121.4637615">
<ele>12</ele><time>2025-03-05T18:27:30.000Z</time><extensions><gpxtpx:TrackPointExtension><gpxtpx:hr>155</gpxtpx:hr><gpxtpx:cad>87</gpxtpx:cad></gpxtpx:TrackPointExtension></extensions><extensions><gpxtpx:PowerExtension><gpxtpx:PowerInWatts>233</gpxtpx:PowerInWatts></gpxtpx:PowerExtension></extensions></trkpt>
<trkpt lat="38.5750268" lon="-121.4637274">
<ele>12</ele><time>2025-03-05T18:27:32.000Z</time><extensions><gpxtpx:TrackPointExtension><gpxtpx:hr>155</gpxtpx:hr><gpxtpx:cad>85</gpxtpx:cad></gpxtpx:TrackPointExtension></extensions><extensions><gpxtpx:PowerExtension><gpxtpx:PowerInWatts>226</gpxtpx:PowerInWatts></gpxtpx:PowerExtension></extensions></trkpt>
<trkpt lat="38.5749831" lon="-121.4636937">
<ele>12</ele><time>2025-03-05T18:27:34.000Z</time><extensions><gpxtpx:TrackPointExtension><gpxtpx:hr>155</gpxtpx:hr><gpxtpx:cad>79</gpxtpx:cad></gpxtpx:TrackPointExtension></extensions><extensions><gpxtpx:PowerExtension><gpxtpx:PowerInWatts>226</gpxtpx:PowerInWatts></gpxtpx:PowerExtension></extensions></trkpt>
<trkpt lat="38.5749442" lon="-121.4636552">
<ele>12</ele><time>2025-03-05T18:27:36.000Z</time><extensions><gpxtpx:TrackPointExtension><gpxtpx:hr>155</gpxtpx:hr><gpxtpx:cad>79</gpxtpx:cad></gpxtpx:TrackPointExtension></extensions><extensions><gpxtpx:PowerExtension><gpxtpx:PowerInWatts>224</gpxtpx:PowerInWatts></gpxtpx:PowerExtension></extensions></trkpt>
<trkpt lat="38.5749025" lon="-121.4636071">
<ele>12</ele><time>2025-03-05T18:27:38.000Z</time><extensions><gpxtpx:TrackPointExtension><gpxtpx:hr>155</gpxtpx:hr><gpxtpx:cad>84</gpxtpx:cad></gpxtpx:TrackPointExtension></extensions><extensions><gpxtpx:PowerExtension><gpxtpx:PowerInWatts>223</gpxtpx:PowerInWatts></gpxtpx:PowerExtension></extensions></trkpt>
<trkpt lat="38.5749158" lon="-121.4635423">
<ele>12</ele><time>2025-03-05T18:27:39.000Z</time><extensions><gpxtpx:TrackPointExtension><gpxtpx:hr>155</gpxtpx:hr><gpxtpx:cad>83</gpxtpx:cad></gpxtpx:TrackPointExtension></extensions><extensions><gpxtpx:PowerExtension><gpxtpx:PowerInWatts>223</gpxtpx:PowerInWatts></gpxtpx:PowerExtension></extensions></trkpt>
<trkpt lat="38.5748905" lon="-121.4634943">
<ele>12</ele><time>2025-03-05T18:27:41.000Z</time><extensions><gpxtpx:TrackPointExtension><gpxtpx:hr>155</gpxtpx:hr><gpxtpx:cad>73</gpxtpx:cad></gpxtpx:TrackPointExtension></extensions><extensions><gpxtpx:PowerExtension><gpxtpx:PowerInWatts>223</gpxtpx:PowerInWatts></gpxtpx:PowerExtension></extensions></trkpt>
<trkpt lat="38.5748850" lon="-121.4634299">
<ele>13</ele><time>2025-03-05T18:27:43.000Z</time><extensions><gpxtpx:TrackPointExtension><gpxtpx:hr>155</gpxtpx:hr><gpxtpx:cad>75</gpxtpx:cad></gpxtpx:TrackPointExtension></extensions><extensions><gpxtpx:PowerExtension><gpxtpx:PowerInWatts>221</gpxtpx:PowerInWatts></gpxtpx:PowerExtension></extensions></trkpt>
<trkpt lat="38.5748694" lon="-121.4633697">
<ele>13</ele><time>2025-03-05T18:27:45.000Z</time><extensions><gpxtpx:TrackPointExtension><gpxtpx:hr>155</gpxtpx:hr><gpxtpx:cad>78</gpxtpx:cad></gpxtpx:TrackPointExtension></extensions><extensions><gpxtpx:PowerExtension><gpxtpx:PowerInWatts>221</gpxtpx:PowerInWatts></gpxtpx:PowerExtension></extensions></trkpt>
<trkpt lat="38.5748482" lon="-121.4633164">
<ele>13</ele><time>2025-03-05T18:27:47.000Z</time><extensions><gpxtpx:TrackPointExtension><gpxtpx:hr>155</gpxtpx:hr><gpxtpx:cad>86</gpxtpx:cad></gpxtpx:TrackPointExtension></extensions><extensions><gpxtpx:PowerExtension><gpxtpx:PowerInWatts>221</gpxtpx:PowerInWatts></gpxtpx:PowerExtension></extensions></trkpt>
<trkpt lat="38.5748280" lon="-121.4632490">
<ele>13</ele><time>2025-03-05T18:27:49.000Z</time><extensions><gpxtpx:TrackPointExtension><gpxtpx:hr>155</gpxtpx:hr><gpxtpx:cad>88</gpxtpx:cad></gpxtpx:TrackPointExtension></extensions><extensions><gpxtpx:PowerExtension><gpxtpx:PowerInWatts>216</gpxtpx:PowerInWatts></gpxtpx:PowerExtension></extensions></trkpt>
<trkpt lat="38.5748334" lon="-121.4631868">
<ele>13</ele><time>2025-03-05T18:27:51.000Z</time><extensions><gpxtpx:TrackPointExtension><gpxtpx:hr>155</gpxtpx:hr><gpxtpx:cad>84</gpxtpx:cad></gpxtpx:TrackPointExtension></extensions><extensions><gpxtpx:PowerExtension><gpxtpx:PowerInWatts>216</gpxtpx:PowerInWatts></gpxtpx:PowerExtension></extensions></trkpt>
<trkpt lat="38.5748112" lon="-121.4631100">
<ele>13</ele><time>2025-03-05T18:27:53.000Z</time><extensions><gpxtpx:TrackPointExtension><gpxtpx:hr>155</gpxtpx:hr><gpxtpx:cad>80</gpxtpx:cad></gpxtpx:TrackPointExtension></extensions><extensions><gpxtpx:PowerExtension><gpxtpx:PowerInWatts>216</gpxtpx:PowerInWatts></gpxtpx:PowerExtension></extensions></trkpt>
<trkpt lat="38.5747847" lon="-121.4630456">
<ele>13</ele><time>2025-03-05T18:27:55.000Z</time><extensions><gpxtpx:TrackPointExtension><gpxtpx:hr>155</gpxtpx:hr><gpxtpx:cad>80</gpxtpx:cad></gpxtpx:TrackPointExtension></extensions><extensions><gpxtpx:PowerExtension><gpxtpx:PowerInWatts>216</gpxtpx:PowerInWatts></gpxtpx:PowerExtension></extensions></trkpt>
<trkpt lat="38.5747804" lon="-121.4629778">
<ele>13</ele><time>2025-03-05T18:27:57.000Z</time><extensions><gpxtpx:TrackPointExtension><gpxtpx:hr>155</gpxtpx:hr><gpxtpx:cad>76</gpxtpx:cad></gpxtpx:TrackPointExtension></extensions><extensions><gpxtpx:PowerExtension><gpxtpx:PowerInWatts>217</gpxtpx:PowerInWatts></gpxtpx:PowerExtension></extensions></trkpt>
<trkpt lat="38.5747434" lon="-121.4629046">
<ele>13</ele><time>2025-03-05T18:27:59.000Z</time><extensions><gpxtpx:TrackPointExtension><gpxtpx:hr>155</gpxtpx:hr><gpxtpx:cad>76</gpxtpx:cad></gpxtpx:TrackPointExtension></extensions><extensions><gpxtpx:PowerExtension><gpxtpx:PowerInWatts>215</gpxtpx:PowerInWatts></gpxtpx:PowerExtension></extensions></trkpt>
<trkpt lat="38.5747224" lon="-121.4628488">
<ele>13</ele><time>2025-03-05T18:28:01.000Z</time><extensions><gpxtpx:TrackPointExtension><gpxtpx:hr>155</gpxtpx:hr><gpxtpx:cad>80</gpxtpx:cad></gpxtpx:TrackPointExtension></extensions><extensions><gpxtpx:PowerExtension><gpxtpx:PowerInWatts>220</gpxtpx:PowerInWatts></gpxtpx:PowerExtension></extensions></trkpt>
<trkpt lat="38.5747197" lon="-121.4627895">
<ele>13</ele><time>2025-03-05T18:28:03.000Z</time><extensions><gpxtpx:TrackPointExtension><gpxtpx:hr>154</gpxtpx:hr><gpxtpx:cad>79</gpxtpx:cad></gpxtpx:TrackPointExtension></extensions><extensions><gpxtpx:PowerExtension><gpxtpx:PowerInWatts>220</gpxtpx:PowerInWatts></gpxtpx:PowerExtension></extensions></trkpt>
<trkpt lat="38.5746974" lon="-121.4627322">
<ele>13</ele><time>2025-03-05T18:28:05.000Z</time><extensions><gpxtpx:TrackPointExtension><gpxtpx:hr>155</gpxtpx:hr><gpxtpx:cad>78</gpxtpx:cad></gpxtpx:TrackPointExtension></extensions><extensions><gpxtpx:PowerExtension><gpxtpx:PowerInWatts>226</gpxtpx:PowerInWatts></gpxtpx:PowerExtension></extensions></trkpt>
<trkpt lat="38.5746776" lon="-121.4626519">
<ele>13</ele><time>2025-03-05T18:28:07.000Z</time><extensions><gpxtpx:TrackPointExtension><gpxtpx:hr>154</gpxtpx:hr><gpxtpx:cad>74</gpxtpx:cad></gpxtpx:TrackPointExtension></extensions><extensions><gpxtpx:PowerExtension><gpxtpx:PowerInWatts>221</gpxtpx:PowerInWatts></gpxtpx:PowerExtension></extensions></trkpt>
<trkpt lat="38.5746581" lon="-121.4625738">
<ele>13</ele><time>2025-03-05T18:28:10.000Z</time><extensions><gpxtpx:TrackPointExtension><gpxtpx:hr>154</gpxtpx:hr><gpxtpx:cad>81</gpxtpx:cad></gpxtpx:TrackPointExtension></extensions><extensions><gpxtpx:PowerExtension><gpxtpx:PowerInWatts>221</gpxtpx:PowerInWatts></gpxtpx:PowerExtension></extensions></trkpt>
<trkpt lat="38.5746521" lon="-121.4624957">
<ele>13</ele><time>2025-03-05T18:28:12.000Z</time><extensions><gpxtpx:TrackPointExtension><gpxtpx:hr>155</gpxtpx:hr><gpxtpx:cad>85</gpxtpx:cad></gpxtpx:TrackPointExtension></extensions><extensions><gpxtpx:PowerExtension><gpxtpx:PowerInWatts>221</gpxtpx:PowerInWatts></gpxtpx:PowerExtension></extensions></trkpt>
<trkpt lat="38.5746274" lon="-121.4624194">
<ele>13</ele><time>2025-03-05T18:28:14.000Z</time><extensions><gpxtpx:TrackPointExtension><gpxtpx:hr>155</gpxtpx:hr><gpxtpx:cad>79</gpxtpx:cad></gpxtpx:TrackPointExtension></extensions><extensions><gpxtpx:PowerExtension><gpxtpx:PowerInWatts>214</gpxtpx:PowerInWatts></gpxtpx:PowerExtension></extensions></trkpt>
<trkpt lat="38.5746175" lon="-121.4623475">
<ele>13</ele><time>2025-03-05T18:28:16.000Z</time><extensions><gpxtpx:TrackPointExtension><gpxtpx:hr>155</gpxtpx:hr><gpxtpx:cad>78</gpxtpx:cad></gpxtpx:TrackPointExtension></extensions><extensions><gpxtpx:PowerExtension><gpxtpx:PowerInWatts>214</gpxtpx:PowerInWatts></gpxtpx:PowerExtension></extensions></trkpt>
<trkpt lat="38.5746108" lon="-121.4622860">
<ele>13</ele><time>2025-03-05T18:28:18.000Z</time><extensions><gpxtpx:TrackPointExtension><gpxtpx:hr>155</gpxtpx:hr><gpxtpx:cad>74</gpxtpx:cad></gpxtpx:TrackPointExtension></extensions><extensions><gpxtpx:PowerExtension><gpxtpx:PowerInWatts>214</gpxtpx:PowerInWatts></gpxtpx:PowerExtension></extensions></trkpt>
<trkpt lat="38.5745893" lon="-121.4622140">
<ele>13</ele><time>2025-03-05T18:28:20.000Z</time><extensions><gpxtpx:TrackPointExtension><gpxtpx:hr>155</gpxtpx:hr><gpxtpx:cad>80</gpxtpx:cad></gpxtpx:TrackPointExtension></extensions><extensions><gpxtpx:PowerExtension><gpxtpx:PowerInWatts>218</gpxtpx:PowerInWatts></gpxtpx:PowerExtension></extensions></trkpt>
<trkpt lat="38.5745621" lon="-121.4621347">
<ele>13</ele><time>2025-03-05T18:28:22.000Z</time><extensions><gpxtpx:TrackPointExtension><gpxtpx:hr>155</gpxtpx:hr><gpxtpx:cad>85</gpxtpx:cad></gpxtpx:TrackPointExtension></extensions><extensions><gpxtpx:PowerExtension><gpxtpx:PowerInWatts>224</gpxtpx:PowerInWatts></gpxtpx:PowerExtension></extensions></trkpt>
<trkpt lat="38.5745357" lon="-121.4620677">
<ele>13</ele><time>2025-03-05T18:28:24.000Z</time><extensions><gpxtpx:TrackPointExtension><gpxtpx:hr>155</gpxtpx:hr><gpxtpx:cad>82</gpxtpx:cad></gpxtpx:TrackPointExtension></extensions><extensions><gpxtpx:PowerExtension><gpxtpx:PowerInWatts>226</gpxtpx:PowerInWatts></gpxtpx:PowerExtension></extensions></trkpt>
<trkpt lat="38.5745030" lon="-121.4619893">
<ele>13</ele><time>2025-03-05T18:28:26.000Z</time><extensions><gpxtpx:TrackPointExtension><gpxtpx:hr>155</gpxtpx:hr><gpxtpx:cad>83</gpxtpx:cad></gpxtpx:TrackPointExtension></extensions><extensions><gpxtpx:PowerExtension><gpxtpx:PowerInWatts>226</gpxtpx:PowerInWatts></gpxtpx:PowerExtension></extensions></trkpt>
<trkpt lat="38.5744820" lon="-121.4619125">
<ele>13</ele><time>2025-03-05T18:28:28.000Z</time><extensions><gpxtpx:TrackPointExtension><gpxtpx:hr>155</gpxtpx:hr><gpxtpx:cad>84</gpxtpx:cad></gpxtpx:TrackPointExtension></extensions><extensions><gpxtpx:PowerExtension><gpxtpx:PowerInWatts>227</gpxtpx:PowerInWatts></gpxtpx:PowerExtension></extensions></trkpt>
<trkpt lat="38.5744715" lon="-121.4618390">
<ele>13</ele><time>2025-03-05T18:28:30.000Z</time><extensions><gpxtpx:TrackPointExtension><gpxtpx:hr>155</gpxtpx:hr><gpxtpx:cad>87</gpxtpx:cad></gpxtpx:TrackPointExtension></extensions><extensions><gpxtpx:PowerExtension><gpxtpx:PowerInWatts>233</gpxtpx:PowerInWatts></gpxtpx:PowerExtension></extensions></trkpt>
<trkpt lat="38.5744505" lon="-121.4617634">
<ele>14</ele><time>2025-03-05T18:28:32.000Z</time><extensions><gpxtpx:TrackPointExtension><gpxtpx:hr>155</gpxtpx:hr><gpxtpx:cad>90</gpxtpx:cad></gpxtpx:TrackPointExtension></extensions><extensions><gpxtpx:PowerExtension><gpxtpx:PowerInWatts>235</gpxtpx:PowerInWatts></gpxtpx:PowerExtension></extensions></trkpt>
<trkpt lat="38.5744177" lon="-121.4616971">
<ele>14</ele><time>2025-03-05T18:28:34.000Z</time><extensions><gpxtpx:TrackPointExtension><gpxtpx:hr>155</gpxtpx:hr><gpxtpx:cad>83</gpxtpx:cad></gpxtpx:TrackPointExtension></extensions><extensions><gpxtpx:PowerExtension><gpxtpx:PowerInWatts>235</gpxtpx:PowerInWatts></gpxtpx:PowerExtension></extensions></trkpt>
<trkpt lat="38.5743872" lon="-121.4616323">
<ele>14</ele><time>2025-03-05T18:28:36.000Z</time><extensions><gpxtpx:TrackPointExtension><gpxtpx:hr>155</gpxtpx:hr><gpxtpx:cad>82</gpxtpx:cad></gpxtpx:TrackPointExtension></extensions><extensions><gpxtpx:PowerExtension><gpxtpx:PowerInWatts>235</gpxtpx:PowerInWatts></gpxtpx:PowerExtension></extensions></trkpt>
<trkpt lat="38.5743730" lon="-121.4615697">
<ele>14</ele><time>2025-03-05T18:28:38.000Z</time><extensions><gpxtpx:TrackPointExtension><gpxtpx:hr>155</gpxtpx:hr><gpxtpx:cad>79</gpxtpx:cad></gpxtpx:TrackPointExtension></extensions><extensions><gpxtpx:PowerExtension><gpxtpx:PowerInWatts>242</gpxtpx:PowerInWatts></gpxtpx:PowerExtension></extensions></trkpt>
<trkpt lat="38.5743579" lon="-121.4614994">
<ele>14</ele><time>2025-03-05T18:28:40.000Z</time><extensions><gpxtpx:TrackPointExtension><gpxtpx:hr>155</gpxtpx:hr><gpxtpx:cad>81</gpxtpx:cad></gpxtpx:TrackPointExtension></extensions><extensions><gpxtpx:PowerExtension><gpxtpx:PowerInWatts>242</gpxtpx:PowerInWatts></gpxtpx:PowerExtension></extensions></trkpt>
<trkpt lat="38.5743242" lon="-121.4614222">
<ele>14</ele><time>2025-03-05T18:28:42.000Z</time><extensions><gpxtpx:TrackPointExtension><gpxtpx:hr>155</gpxtpx:hr><gpxtpx:cad>83</gpxtpx:cad></gpxtpx:TrackPointExtension></extensions><extensions><gpxtpx:PowerExtension><gpxtpx:PowerInWatts>250</gpxtpx:PowerInWatts></gpxtpx:PowerExtension></extensions></trkpt>
<trkpt lat="38.5743129" lon="-121.4613542">
<ele>14</ele><time>2025-03-05T18:28:44.000Z</time><extensions><gpxtpx:TrackPointExtension><gpxtpx:hr>155</gpxtpx:hr><gpxtpx:cad>88</gpxtpx:cad></gpxtpx:TrackPointExtension></extensions><extensions><gpxtpx:PowerExtension><gpxtpx:PowerInWatts>250</gpxtpx:PowerInWatts></gpxtpx:PowerExtension></extensions></trkpt>
<trkpt lat="38.5743177" lon="-121.4612768">
<ele>13</ele><time>2025-03-05T18:28:46.000Z</time><extensions><gpxtpx:TrackPointExtension><gpxtpx:hr>155</gpxtpx:hr><gpxtpx:cad>80</gpxtpx:cad></gpxtpx:TrackPointExtension></extensions><extensions><gpxtpx:PowerExtension><gpxtpx:PowerInWatts>245</gpxtpx:PowerInWatts></gpxtpx:PowerExtension></extensions></trkpt>
<trkpt lat="38.5742907" lon="-121.4611993">
<ele>13</ele><time>2025-03-05T18:28:48.000Z</time><extensions><gpxtpx:TrackPointExtension><gpxtpx:hr>155</gpxtpx:hr><gpxtpx:cad>79</gpxtpx:cad></gpxtpx:TrackPointExtension></extensions><extensions><gpxtpx:PowerExtension><gpxtpx:PowerInWatts>243</gpxtpx:PowerInWatts></gpxtpx:PowerExtension></extensions></trkpt>
<trkpt lat="38.5742614" lon="-121.4611364">
<ele>13</ele><time>2025-03-05T18:28:50.000Z</time><extensions><gpxtpx:TrackPointExtension><gpxtpx:hr>155</gpxtpx:hr><gpxtpx:cad>85</gpxtpx:cad></gpxtpx:TrackPointExtension></extensions><extensions><gpxtpx:PowerExtension><gpxtpx:PowerInWatts>245</gpxtpx:PowerInWatts></gpxtpx:PowerExtension></extensions></trkpt>
<trkpt lat="38.5742462" lon="-121.4610400">
<ele>13</ele><time>2025-03-05T18:28:53.000Z</time><extensions><gpxtpx:TrackPointExtension><gpxtpx:hr>155</gpxtpx:hr><gpxtpx:cad>88</gpxtpx:cad></gpxtpx:TrackPointExtension></extensions><extensions><gpxtpx:PowerExtension><gpxtpx:PowerInWatts>245</gpxtpx:PowerInWatts></gpxtpx:PowerExtension></extensions></trkpt>
<trkpt lat="38.5742086" lon="-121.4609796">
<ele>13</ele><time>2025-03-05T18:28:55.000Z</time><extensions><gpxtpx:TrackPointExtension><gpxtpx:hr>155</gpxtpx:hr><gpxtpx:cad>84</gpxtpx:cad></gpxtpx:TrackPointExtension></extensions><extensions><gpxtpx:PowerExtension><gpxtpx:PowerInWatts>242</gpxtpx:PowerInWatts></gpxtpx:PowerExtension></extensions></trkpt>
<trkpt lat="38.5742085" lon="-121.4609157">
<ele>13</ele><time>2025-03-05T18:28:57.000Z</time><extensions><gpxtpx:TrackPointExtension><gpxtpx:hr>155</gpxtpx:hr><gpxtpx:cad>82</gpxtpx:cad></gpxtpx:TrackPointExtension></extensions><extensions><gpxtpx:PowerExtension><gpxtpx:PowerInWatts>238</gpxtpx:PowerInWatts></gpxtpx:PowerExtension></extensions></trkpt>
<trkpt lat="38.5741920" lon="-121.4608540">
<ele>13</ele><time>2025-03-05T18:28:59.000Z</time><extensions><gpxtpx:TrackPointExtension><gpxtpx:hr>155</gpxtpx:hr><gpxtpx:cad>82</gpxtpx:cad></gpxtpx:TrackPointExtension></extensions><extensions><gpxtpx:PowerExtension><gpxtpx:PowerInWatts>238</gpxtpx:PowerInWatts></gpxtpx:PowerExtension></extensions></trkpt>
<trkpt lat="38.5741588" lon="-121.4607850">
<ele>13</ele><time>2025-03-05T18:29:01.000Z</time><extensions><gpxtpx:TrackPointExtension><gpxtpx:hr>155</gpxtpx:hr><gpxtpx:cad>82</gpxtpx:cad></gpxtpx:TrackPointExtension></extensions><extensions><gpxtpx:PowerExtension><gpxtpx:PowerInWatts>238</gpxtpx:PowerInWatts></gpxtpx:PowerExtension></extensions></trkpt>
<trkpt lat="38.5741603" lon="-121.4607208">
<ele>13</ele><time>2025-03-05T18:29:03.000Z</time><extensions><gpxtpx:TrackPointExtension><gpxtpx:hr>155</gpxtpx:hr><gpxtpx:cad>91</gpxtpx:cad></gpxtpx:TrackPointExtension></extensions><extensions><gpxtpx:PowerExtension><gpxtpx:PowerInWatts>237</gpxtpx:PowerInWatts></gpxtpx:PowerExtension></extensions></trkpt>
<trkpt lat="38.5742137" lon="-121.4606974">
<ele>13</ele><time>2025-03-05T18:29:05.000Z</time><extensions><gpxtpx:TrackPointExtension><gpxtpx:hr>155</gpxtpx:hr><gpxtpx:cad>87</gpxtpx:cad></gpxtpx:TrackPointExtension></extensions><extensions><gpxtpx:PowerExtension><gpxtpx:PowerInWatts>235</gpxtpx:PowerInWatts></gpxtpx:PowerExtension></extensions></trkpt>
<trkpt lat="38.5742554" lon="-121.4606597">
<ele>13</ele><time>2025-03-05T18:29:07.000Z</time><extensions><gpxtpx:TrackPointExtension><gpxtpx:hr>155</gpxtpx:hr><gpxtpx:cad>85</gpxtpx:cad></gpxtpx:TrackPointExtension></extensions><extensions><gpxtpx:PowerExtension><gpxtpx:PowerInWatts>235</gpxtpx:PowerInWatts></gpxtpx:PowerExtension></extensions></trkpt>
<trkpt lat="38.5743065" lon="-121.4606353">
<ele>13</ele><time>2025-03-05T18:29:09.000Z</time><extensions><gpxtpx:TrackPointExtension><gpxtpx:hr>155</gpxtpx:hr><gpxtpx:cad>80</gpxtpx:cad></gpxtpx:TrackPointExtension></extensions><extensions><gpxtpx:PowerExtension><gpxtpx:PowerInWatts>235</gpxtpx:PowerInWatts></gpxtpx:PowerExtension></extensions></trkpt>
<trkpt lat="38.5743677" lon="-121.4606066">
<ele>13</ele><time>2025-03-05T18:29:12.000Z</time><extensions><gpxtpx:TrackPointExtension><gpxtpx:hr>156</gpxtpx:hr><gpxtpx:cad>78</gpxtpx:cad></gpxtpx:TrackPointExtension></extensions><extensions><gpxtpx:PowerExtension><gpxtpx:PowerInWatts>225</gpxtpx:PowerInWatts></gpxtpx:PowerExtension></extensions></trkpt>
<trkpt lat="38.5744162" lon="-121.4605820">
<ele>13</ele><time>2025-03-05T18:29:14.000Z</time><extensions><gpxtpx:TrackPointExtension><gpxtpx:hr>156</gpxtpx:hr><gpxtpx:cad>83</gpxtpx:cad></gpxtpx:TrackPointExtension></extensions><extensions><gpxtpx:PowerExtension><gpxtpx:PowerInWatts>225</gpxtpx:PowerInWatts></gpxtpx:PowerExtension></extensions></trkpt>
<trkpt lat="38.5744686" lon="-121.4605642">
<ele>13</ele><time>2025-03-05T18:29:16.000Z</time><extensions><gpxtpx:TrackPointExtension><gpxtpx:hr>156</gpxtpx:hr><gpxtpx:cad>86</gpxtpx:cad></gpxtpx:TrackPointExtension></extensions><extensions><gpxtpx:PowerExtension><gpxtpx:PowerInWatts>220</gpxtpx:PowerInWatts></gpxtpx:PowerExtension></extensions></trkpt>
<trkpt lat="38.5745217" lon="-121.4605368">
<ele>13</ele><time>2025-03-05T18:29:18.000Z</time><extensions><gpxtpx:TrackPointExtension><gpxtpx:hr>156</gpxtpx:hr><gpxtpx:cad>81</gpxtpx:cad></gpxtpx:TrackPointExtension></extensions><extensions><gpxtpx:PowerExtension><gpxtpx:PowerInWatts>221</gpxtpx:PowerInWatts></gpxtpx:PowerExtension></extensions></trkpt>
<trkpt lat="38.5745794" lon="-121.4605085">
<ele>13</ele><time>2025-03-05T18:29:20.000Z</time><extensions><gpxtpx:TrackPointExtension><gpxtpx:hr>155</gpxtpx:hr><gpxtpx:cad>78</gpxtpx:cad></gpxtpx:TrackPointExtension></extensions><extensions><gpxtpx:PowerExtension><gpxtpx:PowerInWatts>219</gpxtpx:PowerInWatts></gpxtpx:PowerExtension></extensions></trkpt>
<trkpt lat="38.5746409" lon="-121.4604855">
<ele>13</ele><time>2025-03-05T18:29:22.000Z</time><extensions><gpxtpx:TrackPointExtension><gpxtpx:hr>155</gpxtpx:hr><gpxtpx:cad>78</gpxtpx:cad></gpxtpx:TrackPointExtension></extensions><extensions><gpxtpx:PowerExtension><gpxtpx:PowerInWatts>219</gpxtpx:PowerInWatts></gpxtpx:PowerExtension></extensions></trkpt>
<trkpt lat="38.5746931" lon="-121.4604839">
<ele>13</ele><time>2025-03-05T18:29:24.000Z</time><extensions><gpxtpx:TrackPointExtension><gpxtpx:hr>155</gpxtpx:hr><gpxtpx:cad>80</gpxtpx:cad></gpxtpx:TrackPointExtension></extensions><extensions><gpxtpx:PowerExtension><gpxtpx:PowerInWatts>219</gpxtpx:PowerInWatts></gpxtpx:PowerExtension></extensions></trkpt>
<trkpt lat="38.5747456" lon="-121.4604552">
<ele>13</ele><time>2025-03-05T18:29:26.000Z</time><extensions><gpxtpx:TrackPointExtension><gpxtpx:hr>155</gpxtpx:hr><gpxtpx:cad>78</gpxtpx:cad></gpxtpx:TrackPointExtension></extensions><extensions><gpxtpx:PowerExtension><gpxtpx:PowerInWatts>223</gpxtpx:PowerInWatts></gpxtpx:PowerExtension></extensions></trkpt>
<trkpt lat="38.5747940" lon="-121.4604232">
<ele>13</ele><time>2025-03-05T18:29:28.000Z</time><extensions><gpxtpx:TrackPointExtension><gpxtpx:hr>155</gpxtpx:hr><gpxtpx:cad>80</gpxtpx:cad></gpxtpx:TrackPointExtension></extensions><extensions><gpxtpx:PowerExtension><gpxtpx:PowerInWatts>226</gpxtpx:PowerInWatts></gpxtpx:PowerExtension></extensions></trkpt>
<trkpt lat="38.5748525" lon="-121.4604075">
<ele>13</ele><time>2025-03-05T18:29:30.000Z</time><extensions><gpxtpx:TrackPointExtension><gpxtpx:hr>155</gpxtpx:hr><gpxtpx:cad>82</gpxtpx:cad></gpxtpx:TrackPointExtension></extensions><extensions><gpxtpx:PowerExtension><gpxtpx:PowerInWatts>226</gpxtpx:PowerInWatts></gpxtpx:PowerExtension></extensions></trkpt>
<trkpt lat="38.5749052" lon="-121.4603874">
<ele>13</ele><time>2025-03-05T18:29:32.000Z</time><extensions><gpxtpx:TrackPointExtension><gpxtpx:hr>155</gpxtpx:hr><gpxtpx:cad>72</gpxtpx:cad></gpxtpx:TrackPointExtension></extensions><extensions><gpxtpx:PowerExtension><gpxtpx:PowerInWatts>226</gpxtpx:PowerInWatts></gpxtpx:PowerExtension></extensions></trkpt>
<trkpt lat="38.5749578" lon="-121.4603634">
<ele>13</ele><time>2025-03-05T18:29:34.000Z</time><extensions><gpxtpx:TrackPointExtension><gpxtpx:hr>155</gpxtpx:hr><gpxtpx:cad>78</gpxtpx:cad></gpxtpx:TrackPointExtension></extensions><extensions><gpxtpx:PowerExtension><gpxtpx:PowerInWatts>229</gpxtpx:PowerInWatts></gpxtpx:PowerExtension></extensions></trkpt>
<trkpt lat="38.5750123" lon="-121.4603417">
<ele>13</ele><time>2025-03-05T18:29:36.000Z</time><extensions><gpxtpx:TrackPointExtension><gpxtpx:hr>155</gpxtpx:hr><gpxtpx:cad>85</gpxtpx:cad></gpxtpx:TrackPointExtension></extensions><extensions><gpxtpx:PowerExtension><gpxtpx:PowerInWatts>228</gpxtpx:PowerInWatts></gpxtpx:PowerExtension></extensions></trkpt>
<trkpt lat="38.5750786" lon="-121.4603251">
<ele>13</ele><time>2025-03-05T18:29:38.000Z</time><extensions><gpxtpx:TrackPointExtension><gpxtpx:hr>156</gpxtpx:hr><gpxtpx:cad>85</gpxtpx:cad></gpxtpx:TrackPointExtension></extensions><extensions><gpxtpx:PowerExtension><gpxtpx:PowerInWatts>228</gpxtpx:PowerInWatts></gpxtpx:PowerExtension></extensions></trkpt>
<trkpt lat="38.5751411" lon="-121.4602855">
<ele>13</ele><time>2025-03-05T18:29:40.000Z</time><extensions><gpxtpx:TrackPointExtension><gpxtpx:hr>156</gpxtpx:hr><gpxtpx:cad>83</gpxtpx:cad></gpxtpx:TrackPointExtension></extensions><extensions><gpxtpx:PowerExtension><gpxtpx:PowerInWatts>228</gpxtpx:PowerInWatts></gpxtpx:PowerExtension></extensions></trkpt>
<trkpt lat="38.5751948" lon="-121.4602630">
<ele>13</ele><time>2025-03-05T18:29:42.000Z</time><extensions><gpxtpx:TrackPointExtension><gpxtpx:hr>156</gpxtpx:hr><gpxtpx:cad>83</gpxtpx:cad></gpxtpx:TrackPointExtension></extensions><extensions><gpxtpx:PowerExtension><gpxtpx:PowerInWatts>231</gpxtpx:PowerInWatts></gpxtpx:PowerExtension></extensions></trkpt>
<trkpt lat="38.5752573" lon="-121.4602350">
<ele>13</ele><time>2025-03-05T18:29:44.000Z</time><extensions><gpxtpx:TrackPointExtension><gpxtpx:hr>156</gpxtpx:hr><gpxtpx:cad>83</gpxtpx:cad></gpxtpx:TrackPointExtension></extensions><extensions><gpxtpx:PowerExtension><gpxtpx:PowerInWatts>232</gpxtpx:PowerInWatts></gpxtpx:PowerExtension></extensions></trkpt>
<trkpt lat="38.5753138" lon="-121.4602367">
<ele>13</ele><time>2025-03-05T18:29:46.000Z</time><extensions><gpxtpx:TrackPointExtension><gpxtpx:hr>156</gpxtpx:hr><gpxtpx:cad>85</gpxtpx:cad></gpxtpx:TrackPointExtension></extensions><extensions><gpxtpx:PowerExtension><gpxtpx:PowerInWatts>232</gpxtpx:PowerInWatts></gpxtpx:PowerExtension></extensions></trkpt>
<trkpt lat="38.5753762" lon="-121.4601923">
<ele>13</ele><time>2025-03-05T18:29:48.000Z</time><extensions><gpxtpx:TrackPointExtension><gpxtpx:hr>156</gpxtpx:hr><gpxtpx:cad>85</gpxtpx:cad></gpxtpx:TrackPointExtension></extensions><extensions><gpxtpx:PowerExtension><gpxtpx:PowerInWatts>241</gpxtpx:PowerInWatts></gpxtpx:PowerExtension></extensions></trkpt>
<trkpt lat="38.5754320" lon="-121.4601644">
<ele>13</ele><time>2025-03-05T18:29:50.000Z</time><extensions><gpxtpx:TrackPointExtension><gpxtpx:hr>156</gpxtpx:hr><gpxtpx:cad>86</gpxtpx:cad></gpxtpx:TrackPointExtension></extensions><extensions><gpxtpx:PowerExtension><gpxtpx:PowerInWatts>241</gpxtpx:PowerInWatts></gpxtpx:PowerExtension></extensions></trkpt>
<trkpt lat="38.5754918" lon="-121.4601361">
<ele>13</ele><time>2025-03-05T18:29:52.000Z</time><extensions><gpxtpx:TrackPointExtension><gpxtpx:hr>156</gpxtpx:hr><gpxtpx:cad>86</gpxtpx:cad></gpxtpx:TrackPointExtension></extensions><extensions><gpxtpx:PowerExtension><gpxtpx:PowerInWatts>241</gpxtpx:PowerInWatts></gpxtpx:PowerExtension></extensions></trkpt>
<trkpt lat="38.5755676" lon="-121.4601045">
<ele>13</ele><time>2025-03-05T18:29:54.000Z</time><extensions><gpxtpx:TrackPointExtension><gpxtpx:hr>156</gpxtpx:hr><gpxtpx:cad>85</gpxtpx:cad></gpxtpx:TrackPointExtension></extensions><extensions><gpxtpx:PowerExtension><gpxtpx:PowerInWatts>244</gpxtpx:PowerInWatts></gpxtpx:PowerExtension></extensions></trkpt>
<trkpt lat="38.5756105" lon="-121.4600814">
<ele>13</ele><time>2025-03-05T18:29:55.000Z</time><extensions><gpxtpx:TrackPointExtension><gpxtpx:hr>156</gpxtpx:hr><gpxtpx:cad>85</gpxtpx:cad></gpxtpx:TrackPointExtension></extensions><extensions><gpxtpx:PowerExtension><gpxtpx:PowerInWatts>244</gpxtpx:PowerInWatts></gpxtpx:PowerExtension></extensions></trkpt>
<trkpt lat="38.5756629" lon="-121.4600447">
<ele>13</ele><time>2025-03-05T18:29:57.000Z</time><extensions><gpxtpx:TrackPointExtension><gpxtpx:hr>156</gpxtpx:hr><gpxtpx:cad>85</gpxtpx:cad></gpxtpx:TrackPointExtension></extensions><extensions><gpxtpx:PowerExtension><gpxtpx:PowerInWatts>244</gpxtpx:PowerInWatts></gpxtpx:PowerExtension></extensions></trkpt>
<trkpt lat="38.5757247" lon="-121.4600057">
<ele>12</ele><time>2025-03-05T18:29:59.000Z</time><extensions><gpxtpx:TrackPointExtension><gpxtpx:hr>157</gpxtpx:hr><gpxtpx:cad>80</gpxtpx:cad></gpxtpx:TrackPointExtension></extensions><extensions><gpxtpx:PowerExtension><gpxtpx:PowerInWatts>248</gpxtpx:PowerInWatts></gpxtpx:PowerExtension></extensions></trkpt>
<trkpt lat="38.5757863" lon="-121.4599745">
<ele>12</ele><time>2025-03-05T18:30:01.000Z</time><extensions><gpxtpx:TrackPointExtension><gpxtpx:hr>157</gpxtpx:hr><gpxtpx:cad>86</gpxtpx:cad></gpxtpx:TrackPointExtension></extensions><extensions><gpxtpx:PowerExtension><gpxtpx:PowerInWatts>248</gpxtpx:PowerInWatts></gpxtpx:PowerExtension></extensions></trkpt>
<trkpt lat="38.5758407" lon="-121.4599457">
<ele>12</ele><time>2025-03-05T18:30:03.000Z</time><extensions><gpxtpx:TrackPointExtension><gpxtpx:hr>157</gpxtpx:hr><gpxtpx:cad>90</gpxtpx:cad></gpxtpx:TrackPointExtension></extensions><extensions><gpxtpx:PowerExtension><gpxtpx:PowerInWatts>256</gpxtpx:PowerInWatts></gpxtpx:PowerExtension></extensions></trkpt>
<trkpt lat="38.5759031" lon="-121.4599240">
<ele>12</ele><time>2025-03-05T18:30:05.000Z</time><extensions><gpxtpx:TrackPointExtension><gpxtpx:hr>157</gpxtpx:hr><gpxtpx:cad>85</gpxtpx:cad></gpxtpx:TrackPointExtension></extensions><extensions><gpxtpx:PowerExtension><gpxtpx:PowerInWatts>263</gpxtpx:PowerInWatts></gpxtpx:PowerExtension></extensions></trkpt>
<trkpt lat="38.5759560" lon="-121.4598889">
<ele>12</ele><time>2025-03-05T18:30:07.000Z</time><extensions><gpxtpx:TrackPointExtension><gpxtpx:hr>157</gpxtpx:hr><gpxtpx:cad>84</gpxtpx:cad></gpxtpx:TrackPointExtension></extensions><extensions><gpxtpx:PowerExtension><gpxtpx:PowerInWatts>263</gpxtpx:PowerInWatts></gpxtpx:PowerExtension></extensions></trkpt>
<trkpt lat="38.5760129" lon="-121.4598808">
<ele>12</ele><time>2025-03-05T18:30:09.000Z</time><extensions><gpxtpx:TrackPointExtension><gpxtpx:hr>157</gpxtpx:hr><gpxtpx:cad>86</gpxtpx:cad></gpxtpx:TrackPointExtension></extensions><extensions><gpxtpx:PowerExtension><gpxtpx:PowerInWatts>265</gpxtpx:PowerInWatts></gpxtpx:PowerExtension></extensions></trkpt>
<trkpt lat="38.5760586" lon="-121.4598644">
<ele>12</ele><time>2025-03-05T18:30:10.000Z</time><extensions><gpxtpx:TrackPointExtension><gpxtpx:hr>157</gpxtpx:hr><gpxtpx:cad>86</gpxtpx:cad></gpxtpx:TrackPointExtension></extensions><extensions><gpxtpx:PowerExtension><gpxtpx:PowerInWatts>265</gpxtpx:PowerInWatts></gpxtpx:PowerExtension></extensions></trkpt>
<trkpt lat="38.5761178" lon="-121.4598489">
<ele>12</ele><time>2025-03-05T18:30:12.000Z</time><extensions><gpxtpx:TrackPointExtension><gpxtpx:hr>157</gpxtpx:hr><gpxtpx:cad>83</gpxtpx:cad></gpxtpx:TrackPointExtension></extensions><extensions><gpxtpx:PowerExtension><gpxtpx:PowerInWatts>265</gpxtpx:PowerInWatts></gpxtpx:PowerExtension></extensions></trkpt>
<trkpt lat="38.5761780" lon="-121.4598203">
<ele>12</ele><time>2025-03-05T18:30:14.000Z</time><extensions><gpxtpx:TrackPointExtension><gpxtpx:hr>158</gpxtpx:hr><gpxtpx:cad>80</gpxtpx:cad></gpxtpx:TrackPointExtension></extensions><extensions><gpxtpx:PowerExtension><gpxtpx:PowerInWatts>265</gpxtpx:PowerInWatts></gpxtpx:PowerExtension></extensions></trkpt>
<trkpt lat="38.5762316" lon="-121.4597886">
<ele>12</ele><time>2025-03-05T18:30:16.000Z</time><extensions><gpxtpx:TrackPointExtension><gpxtpx:hr>158</gpxtpx:hr><gpxtpx:cad>83</gpxtpx:cad></gpxtpx:TrackPointExtension></extensions><extensions><gpxtpx:PowerExtension><gpxtpx:PowerInWatts>265</gpxtpx:PowerInWatts></gpxtpx:PowerExtension></extensions></trkpt>
<trkpt lat="38.5762820" lon="-121.4597544">
<ele>12</ele><time>2025-03-05T18:30:18.000Z</time><extensions><gpxtpx:TrackPointExtension><gpxtpx:hr>158</gpxtpx:hr><gpxtpx:cad>86</gpxtpx:cad></gpxtpx:TrackPointExtension></extensions><extensions><gpxtpx:PowerExtension><gpxtpx:PowerInWatts>265</gpxtpx:PowerInWatts></gpxtpx:PowerExtension></extensions></trkpt>
<trkpt lat="38.5763339" lon="-121.4597206">
<ele>12</ele><time>2025-03-05T18:30:20.000Z</time><extensions><gpxtpx:TrackPointExtension><gpxtpx:hr>158</gpxtpx:hr><gpxtpx:cad>83</gpxtpx:cad></gpxtpx:TrackPointExtension></extensions><extensions><gpxtpx:PowerExtension><gpxtpx:PowerInWatts>265</gpxtpx:PowerInWatts></gpxtpx:PowerExtension></extensions></trkpt>
<trkpt lat="38.5763609" lon="-121.4596299">
<ele>13</ele><time>2025-03-05T18:30:22.000Z</time><extensions><gpxtpx:TrackPointExtension><gpxtpx:hr>159</gpxtpx:hr><gpxtpx:cad>81</gpxtpx:cad></gpxtpx:TrackPointExtension></extensions><extensions><gpxtpx:PowerExtension><gpxtpx:PowerInWatts>264</gpxtpx:PowerInWatts></gpxtpx:PowerExtension></extensions></trkpt>
<trkpt lat="38.5763615" lon="-121.4595486">
<ele>13</ele><time>2025-03-05T18:30:24.000Z</time><extensions><gpxtpx:TrackPointExtension><gpxtpx:hr>159</gpxtpx:hr><gpxtpx:cad>84</gpxtpx:cad></gpxtpx:TrackPointExtension></extensions><extensions><gpxtpx:PowerExtension><gpxtpx:PowerInWatts>257</gpxtpx:PowerInWatts></gpxtpx:PowerExtension></extensions></trkpt>
<trkpt lat="38.5763499" lon="-121.4594609">
<ele>13</ele><time>2025-03-05T18:30:26.000Z</time><extensions><gpxtpx:TrackPointExtension><gpxtpx:hr>159</gpxtpx:hr><gpxtpx:cad>83</gpxtpx:cad></gpxtpx:TrackPointExtension></extensions><extensions><gpxtpx:PowerExtension><gpxtpx:PowerInWatts>257</gpxtpx:PowerInWatts></gpxtpx:PowerExtension></extensions></trkpt>
<trkpt lat="38.5763063" lon="-121.4593800">
<ele>13</ele><time>2025-03-05T18:30:28.000Z</time><extensions><gpxtpx:TrackPointExtension><gpxtpx:hr>159</gpxtpx:hr><gpxtpx:cad>83</gpxtpx:cad></gpxtpx:TrackPointExtension></extensions><extensions><gpxtpx:PowerExtension><gpxtpx:PowerInWatts>260</gpxtpx:PowerInWatts></gpxtpx:PowerExtension></extensions></trkpt>
<trkpt lat="38.5762925" lon="-121.4593018">
<ele>13</ele><time>2025-03-05T18:30:30.000Z</time><extensions><gpxtpx:TrackPointExtension><gpxtpx:hr>159</gpxtpx:hr><gpxtpx:cad>83</gpxtpx:cad></gpxtpx:TrackPointExtension></extensions><extensions><gpxtpx:PowerExtension><gpxtpx:PowerInWatts>260</gpxtpx:PowerInWatts></gpxtpx:PowerExtension></extensions></trkpt>
<trkpt lat="38.5762908" lon="-121.4592428">
<ele>13</ele><time>2025-03-05T18:30:31.000Z</time><extensions><gpxtpx:TrackPointExtension><gpxtpx:hr>159</gpxtpx:hr><gpxtpx:cad>86</gpxtpx:cad></gpxtpx:TrackPointExtension></extensions><extensions><gpxtpx:PowerExtension><gpxtpx:PowerInWatts>260</gpxtpx:PowerInWatts></gpxtpx:PowerExtension></extensions></trkpt>
<trkpt lat="38.5762740" lon="-121.4591706">
<ele>13</ele><time>2025-03-05T18:30:33.000Z</time><extensions><gpxtpx:TrackPointExtension><gpxtpx:hr>159</gpxtpx:hr><gpxtpx:cad>86</gpxtpx:cad></gpxtpx:TrackPointExtension></extensions><extensions><gpxtpx:PowerExtension><gpxtpx:PowerInWatts>260</gpxtpx:PowerInWatts></gpxtpx:PowerExtension></extensions></trkpt>
<trkpt lat="38.5762461" lon="-121.4590910">
<ele>12</ele><time>2025-03-05T18:30:35.000Z</time><extensions><gpxtpx:TrackPointExtension><gpxtpx:hr>158</gpxtpx:hr><gpxtpx:cad>81</gpxtpx:cad></gpxtpx:TrackPointExtension></extensions><extensions><gpxtpx:PowerExtension><gpxtpx:PowerInWatts>261</gpxtpx:PowerInWatts></gpxtpx:PowerExtension></extensions></trkpt>
<trkpt lat="38.5762401" lon="-121.4590190">
<ele>12</ele><time>2025-03-05T18:30:37.000Z</time><extensions><gpxtpx:TrackPointExtension><gpxtpx:hr>159</gpxtpx:hr><gpxtpx:cad>83</gpxtpx:cad></gpxtpx:TrackPointExtension></extensions><extensions><gpxtpx:PowerExtension><gpxtpx:PowerInWatts>261</gpxtpx:PowerInWatts></gpxtpx:PowerExtension></extensions></trkpt>
<trkpt lat="38.5762196" lon="-121.4589511">
<ele>12</ele><time>2025-03-05T18:30:39.000Z</time><extensions><gpxtpx:TrackPointExtension><gpxtpx:hr>159</gpxtpx:hr><gpxtpx:cad>85</gpxtpx:cad></gpxtpx:TrackPointExtension></extensions><extensions><gpxtpx:PowerExtension><gpxtpx:PowerInWatts>261</gpxtpx:PowerInWatts></gpxtpx:PowerExtension></extensions></trkpt>
<trkpt lat="38.5762170" lon="-121.4588923">
<ele>12</ele><time>2025-03-05T18:30:41.000Z</time><extensions><gpxtpx:TrackPointExtension><gpxtpx:hr>159</gpxtpx:hr><gpxtpx:cad>85</gpxtpx:cad></gpxtpx:TrackPointExtension></extensions><extensions><gpxtpx:PowerExtension><gpxtpx:PowerInWatts>265</gpxtpx:PowerInWatts></gpxtpx:PowerExtension></extensions></trkpt>
<trkpt lat="38.5762117" lon="-121.4588157">
<ele>12</ele><time>2025-03-05T18:30:43.000Z</time><extensions><gpxtpx:TrackPointExtension><gpxtpx:hr>159</gpxtpx:hr><gpxtpx:cad>85</gpxtpx:cad></gpxtpx:TrackPointExtension></extensions><extensions><gpxtpx:PowerExtension><gpxtpx:PowerInWatts>264</gpxtpx:PowerInWatts></gpxtpx:PowerExtension></extensions></trkpt>
<trkpt lat="38.5762028" lon="-121.4587334">
<ele>12</ele><time>2025-03-05T18:30:45.000Z</time><extensions><gpxtpx:TrackPointExtension><gpxtpx:hr>159</gpxtpx:hr><gpxtpx:cad>89</gpxtpx:cad></gpxtpx:TrackPointExtension></extensions><extensions><gpxtpx:PowerExtension><gpxtpx:PowerInWatts>258</gpxtpx:PowerInWatts></gpxtpx:PowerExtension></extensions></trkpt>
<trkpt lat="38.5761811" lon="-121.4586617">
<ele>12</ele><time>2025-03-05T18:30:47.000Z</time><extensions><gpxtpx:TrackPointExtension><gpxtpx:hr>159</gpxtpx:hr><gpxtpx:cad>86</gpxtpx:cad></gpxtpx:TrackPointExtension></extensions><extensions><gpxtpx:PowerExtension><gpxtpx:PowerInWatts>251</gpxtpx:PowerInWatts></gpxtpx:PowerExtension></extensions></trkpt>
<trkpt lat="38.5761707" lon="-121.4585819">
<ele>12</ele><time>2025-03-05T18:30:49.000Z</time><extensions><gpxtpx:TrackPointExtension><gpxtpx:hr>159</gpxtpx:hr><gpxtpx:cad>83</gpxtpx:cad></gpxtpx:TrackPointExtension></extensions><extensions><gpxtpx:PowerExtension><gpxtpx:PowerInWatts>251</gpxtpx:PowerInWatts></gpxtpx:PowerExtension></extensions></trkpt>
<trkpt lat="38.5761436" lon="-121.4585186">
<ele>12</ele><time>2025-03-05T18:30:51.000Z</time><extensions><gpxtpx:TrackPointExtension><gpxtpx:hr>159</gpxtpx:hr><gpxtpx:cad>83</gpxtpx:cad></gpxtpx:TrackPointExtension></extensions><extensions><gpxtpx:PowerExtension><gpxtpx:PowerInWatts>251</gpxtpx:PowerInWatts></gpxtpx:PowerExtension></extensions></trkpt>
<trkpt lat="38.5761141" lon="-121.4584461">
<ele>12</ele><time>2025-03-05T18:30:53.000Z</time><extensions><gpxtpx:TrackPointExtension><gpxtpx:hr>159</gpxtpx:hr><gpxtpx:cad>84</gpxtpx:cad></gpxtpx:TrackPointExtension></extensions><extensions><gpxtpx:PowerExtension><gpxtpx:PowerInWatts>254</gpxtpx:PowerInWatts></gpxtpx:PowerExtension></extensions></trkpt>
<trkpt lat="38.5761034" lon="-121.4583537">
<ele>12</ele><time>2025-03-05T18:30:55.000Z</time><extensions><gpxtpx:TrackPointExtension><gpxtpx:hr>159</gpxtpx:hr><gpxtpx:cad>87</gpxtpx:cad></gpxtpx:TrackPointExtension></extensions><extensions><gpxtpx:PowerExtension><gpxtpx:PowerInWatts>255</gpxtpx:PowerInWatts></gpxtpx:PowerExtension></extensions></trkpt>
<trkpt lat="38.5760773" lon="-121.4582743">
<ele>12</ele><time>2025-03-05T18:30:57.000Z</time><extensions><gpxtpx:TrackPointExtension><gpxtpx:hr>159</gpxtpx:hr><gpxtpx:cad>85</gpxtpx:cad></gpxtpx:TrackPointExtension></extensions><extensions><gpxtpx:PowerExtension><gpxtpx:PowerInWatts>255</gpxtpx:PowerInWatts></gpxtpx:PowerExtension></extensions></trkpt>
<trkpt lat="38.5760440" lon="-121.4581977">
<ele>12</ele><time>2025-03-05T18:30:59.000Z</time><extensions><gpxtpx:TrackPointExtension><gpxtpx:hr>160</gpxtpx:hr><gpxtpx:cad>75</gpxtpx:cad></gpxtpx:TrackPointExtension></extensions><extensions><gpxtpx:PowerExtension><gpxtpx:PowerInWatts>255</gpxtpx:PowerInWatts></gpxtpx:PowerExtension></extensions></trkpt>
<trkpt lat="38.5760381" lon="-121.4580914">
<ele>12</ele><time>2025-03-05T18:31:01.000Z</time><extensions><gpxtpx:TrackPointExtension><gpxtpx:hr>160</gpxtpx:hr><gpxtpx:cad>77</gpxtpx:cad></gpxtpx:TrackPointExtension></extensions><extensions><gpxtpx:PowerExtension><gpxtpx:PowerInWatts>260</gpxtpx:PowerInWatts></gpxtpx:PowerExtension></extensions></trkpt>
<trkpt lat="38.5760184" lon="-121.4580062">
<ele>12</ele><time>2025-03-05T18:31:03.000Z</time><extensions><gpxtpx:TrackPointExtension><gpxtpx:hr>160</gpxtpx:hr><gpxtpx:cad>78</gpxtpx:cad></gpxtpx:TrackPointExtension></extensions><extensions><gpxtpx:PowerExtension><gpxtpx:PowerInWatts>260</gpxtpx:PowerInWatts></gpxtpx:PowerExtension></extensions></trkpt>
<trkpt lat="38.5759816" lon="-121.4579429">
<ele>12</ele><time>2025-03-05T18:31:05.000Z</time><extensions><gpxtpx:TrackPointExtension><gpxtpx:hr>160</gpxtpx:hr><gpxtpx:cad>76</gpxtpx:cad></gpxtpx:TrackPointExtension></extensions><extensions><gpxtpx:PowerExtension><gpxtpx:PowerInWatts>263</gpxtpx:PowerInWatts></gpxtpx:PowerExtension></extensions></trkpt>
<trkpt lat="38.5759454" lon="-121.4578960">
<ele>12</ele><time>2025-03-05T18:31:07.000Z</time><extensions><gpxtpx:TrackPointExtension><gpxtpx:hr>160</gpxtpx:hr><gpxtpx:cad>68</gpxtpx:cad></gpxtpx:TrackPointExtension></extensions><extensions><gpxtpx:PowerExtension><gpxtpx:PowerInWatts>263</gpxtpx:PowerInWatts></gpxtpx:PowerExtension></extensions></trkpt>
<trkpt lat="38.5759205" lon="-121.4578347">
<ele>12</ele><time>2025-03-05T18:31:10.000Z</time><extensions><gpxtpx:TrackPointExtension><gpxtpx:hr>160</gpxtpx:hr><gpxtpx:cad>68</gpxtpx:cad></gpxtpx:TrackPointExtension></extensions><extensions><gpxtpx:PowerExtension><gpxtpx:PowerInWatts>269</gpxtpx:PowerInWatts></gpxtpx:PowerExtension></extensions></trkpt>
<trkpt lat="38.5758880" lon="-121.4577948">
<ele>12</ele><time>2025-03-05T18:31:15.000Z</time><extensions><gpxtpx:TrackPointExtension><gpxtpx:hr>159</gpxtpx:hr><gpxtpx:cad>71</gpxtpx:cad></gpxtpx:TrackPointExtension></extensions><extensions><gpxtpx:PowerExtension><gpxtpx:PowerInWatts>252</gpxtpx:PowerInWatts></gpxtpx:PowerExtension></extensions></trkpt>
</trkseg></trk>
</gpx>
