<?xml version="1.0" encoding="UTF-8"?><gpx version="1.1" creator="HealthKitExporter" xmlns="http://www.topografix.com/GPX/1/1" xmlns:xsi="http://www.w3.org/2001/XMLSchema-instance" xsi:schemaLocation="http://www.topografix.com/GPX/1/1 http://www.topografix.com/GPX/1/1/gpx.xsd"><trk><trkseg><trkpt lat="38.584229" lon="-121.505206"><ele>9.413965336343214</ele><time>2025-11-23T19:32:13Z</time></trkpt><trkpt lat="38.584238" lon="-121.505208"><ele>9.795419685616011</ele><time>2025-11-23T19:32:14Z</time></trkpt><trkpt lat="38.584244" lon="-121.505209"><ele>9.732997746803147</ele><time>2025-11-23T19:32:15Z</time></trkpt><trkpt lat="38.584252" lon="-121.505207"><ele>9.704579452124154</ele><time>2025-11-23T19:32:16Z</time></trkpt><trkpt lat="38.584260" lon="-121.505206"><ele>9.690646094596339</ele><time>2025-11-23T19:32:17Z</time></trkpt><trkpt lat="38.584269" lon="-121.505205"><ele>9.584241133518095</ele><time>2025-11-23T19:32:18Z</time></trkpt><trkpt lat="38.584277" lon="-121.505203"><ele>9.557528914148197</ele><time>2025-11-23T19:32:19Z</time></trkpt><trkpt lat="38.584285" lon="-121.505203"><ele>9.535937954797706</ele><time>2025-11-23T19:32:20Z</time></trkpt><trkpt lat="38.584295" lon="-121.505204"><ele>9.559205297611086</ele><time>2025-11-23T19:32:21Z</time></trkpt><trkpt lat="38.584306" lon="-121.505200"><ele>9.579175340913398</ele><time>2025-11-23T19:32:22Z</time></trkpt><trkpt lat="38.584313" lon="-121.505196"><ele>9.549029445055641</ele><time>2025-11-23T19:32:23Z</time></trkpt><trkpt lat="38.584326" lon="-121.505186"><ele>9.615137539535478</ele><time>2025-11-23T19:32:24Z</time></trkpt><trkpt lat="38.584343" lon="-121.505172"><ele>9.643183069304861</ele><time>2025-11-23T19:32:25Z</time></trkpt><trkpt lat="38.584353" lon="-121.505165"><ele>9.643183230422437</ele><time>2025-11-23T19:32:26Z</time></trkpt><trkpt lat="38.584376" lon="-121.505148"><ele>9.551693761721253</ele><time>2025-11-23T19:32:27Z</time></trkpt><trkpt lat="38.584400" lon="-121.505131"><ele>9.628536579199135</ele><time>2025-11-23T19:32:28Z</time></trkpt><trkpt lat="38.584429" lon="-121.505119"><ele>9.683844272978604</ele><time>2025-11-23T19:32:29Z</time></trkpt><trkpt lat="38.584457" lon="-121.505110"><ele>9.653459050692618</ele><time>2025-11-23T19:32:30Z</time></trkpt><trkpt lat="38.584486" lon="-121.505105"><ele>9.63587605394423</ele><time>2025-11-23T19:32:31Z</time></trkpt><trkpt lat="38.584514" lon="-121.505096"><ele>9.535465192049742</ele><time>2025-11-23T19:32:32Z</time></trkpt><trkpt lat="38.584541" lon="-121.505083"><ele>9.422069773077965</ele><time>2025-11-23T19:32:33Z</time></trkpt><trkpt lat="38.584568" lon="-121.505074"><ele>9.414312534965575</ele><time>2025-11-23T19:32:34Z</time></trkpt><trkpt lat="38.584590" lon="-121.505075"><ele>9.349321007728577</ele><time>2025-11-23T19:32:35Z</time></trkpt><trkpt lat="38.584617" lon="-121.505074"><ele>9.307784385047853</ele><time>2025-11-23T19:32:36Z</time></trkpt><trkpt lat="38.584639" lon="-121.505092"><ele>9.355741126462817</ele><time>2025-11-23T19:32:37Z</time></trkpt><trkpt lat="38.584643" lon="-121.505112"><ele>9.465482559986413</ele><time>2025-11-23T19:32:38Z</time></trkpt><trkpt lat="38.584651" lon="-121.505127"><ele>9.354621700942516</ele><time>2025-11-23T19:32:39Z</time></trkpt><trkpt lat="38.584660" lon="-121.505138"><ele>9.33963604643941</ele><time>2025-11-23T19:32:40Z</time></trkpt><trkpt lat="38.584681" lon="-121.505144"><ele>9.443142428994179</ele><time>2025-11-23T19:32:41Z</time></trkpt><trkpt lat="38.584703" lon="-121.505130"><ele>9.562063791789114</ele><time>2025-11-23T19:32:42Z</time></trkpt><trkpt lat="38.584714" lon="-121.505103"><ele>9.469236207194626</ele><time>2025-11-23T19:32:43Z</time></trkpt><trkpt lat="38.584723" lon="-121.505077"><ele>9.568286020308733</ele><time>2025-11-23T19:32:44Z</time></trkpt><trkpt lat="38.584709" lon="-121.505047"><ele>9.553057827055454</ele><time>2025-11-23T19:32:45Z</time></trkpt><trkpt lat="38.584697" lon="-121.505064"><ele>12.796871554106474</ele><time>2025-11-23T19:32:46Z</time></trkpt><trkpt lat="38.584689" lon="-121.505022"><ele>12.487571340054274</ele><time>2025-11-23T19:32:47Z</time></trkpt><trkpt lat="38.584690" lon="-121.504980"><ele>12.387222707271576</ele><time>2025-11-23T19:32:48Z</time></trkpt><trkpt lat="38.584689" lon="-121.504935"><ele>12.340481323190033</ele><time>2025-11-23T19:32:49Z</time></trkpt><trkpt lat="38.584709" lon="-121.504907"><ele>12.076183534227312</ele><time>2025-11-23T19:32:50Z</time></trkpt><trkpt lat="38.584700" lon="-121.504881"><ele>11.80211322568357</ele><time>2025-11-23T19:32:51Z</time></trkpt><trkpt lat="38.584694" lon="-121.504858"><ele>12.070907357148826</ele><time>2025-11-23T19:32:52Z</time></trkpt><trkpt lat="38.584687" lon="-121.504833"><ele>11.430976177565753</ele><time>2025-11-23T19:32:53Z</time></trkpt><trkpt lat="38.584667" lon="-121.504795"><ele>11.963476618751884</ele><time>2025-11-23T19:32:54Z</time></trkpt><trkpt lat="38.584653" lon="-121.504766"><ele>12.081486562266946</ele><time>2025-11-23T19:32:55Z</time></trkpt><trkpt lat="38.584631" lon="-121.504735"><ele>11.674141526222229</ele><time>2025-11-23T19:32:56Z</time></trkpt><trkpt lat="38.584613" lon="-121.504702"><ele>12.223911933600903</ele><time>2025-11-23T19:32:57Z</time></trkpt><trkpt lat="38.584594" lon="-121.504670"><ele>11.628743694163859</ele><time>2025-11-23T19:32:58Z</time></trkpt><trkpt lat="38.584592" lon="-121.504645"><ele>11.242715348489583</ele><time>2025-11-23T19:32:59Z</time></trkpt><trkpt lat="38.584570" lon="-121.504598"><ele>12.07312476914376</ele><time>2025-11-23T19:33:00Z</time></trkpt><trkpt lat="38.584557" lon="-121.504558"><ele>11.675565625540912</ele><time>2025-11-23T19:33:01Z</time></trkpt><trkpt lat="38.584550" lon="-121.504529"><ele>12.040848524309695</ele><time>2025-11-23T19:33:02Z</time></trkpt><trkpt lat="38.584538" lon="-121.504487"><ele>11.581019185483456</ele><time>2025-11-23T19:33:03Z</time></trkpt><trkpt lat="38.584534" lon="-121.504454"><ele>11.856095001101494</ele><time>2025-11-23T19:33:04Z</time></trkpt><trkpt lat="38.584537" lon="-121.504431"><ele>11.37986749690026</ele><time>2025-11-23T19:33:05Z</time></trkpt><trkpt lat="38.584525" lon="-121.504394"><ele>12.49741723947227</ele><time>2025-11-23T19:33:06Z</time></trkpt><trkpt lat="38.584523" lon="-121.504367"><ele>12.04023277014494</ele><time>2025-11-23T19:33:07Z</time></trkpt><trkpt lat="38.584514" lon="-121.504328"><ele>12.168798972852528</ele><time>2025-11-23T19:33:08Z</time></trkpt><trkpt lat="38.584500" lon="-121.504300"><ele>11.48415666166693</ele><time>2025-11-23T19:33:09Z</time></trkpt><trkpt lat="38.584502" lon="-121.504280"><ele>11.593159837648273</ele><time>2025-11-23T19:33:10Z</time></trkpt><trkpt lat="38.584487" lon="-121.504238"><ele>12.426981099881232</ele><time>2025-11-23T19:33:11Z</time></trkpt><trkpt lat="38.584479" lon="-121.504209"><ele>12.77106942050159</ele><time>2025-11-23T19:33:12Z</time></trkpt><trkpt lat="38.584474" lon="-121.504193"><ele>12.870445789769292</ele><time>2025-11-23T19:33:13Z</time></trkpt><trkpt lat="38.584454" lon="-121.504163"><ele>12.958411726169288</ele><time>2025-11-23T19:33:14Z</time></trkpt><trkpt lat="38.584442" lon="-121.504131"><ele>12.478844023309648</ele><time>2025-11-23T19:33:15Z</time></trkpt><trkpt lat="38.584435" lon="-121.504110"><ele>13.30614628084004</ele><time>2025-11-23T19:33:16Z</time></trkpt><trkpt lat="38.584420" lon="-121.504074"><ele>12.151284714229405</ele><time>2025-11-23T19:33:17Z</time></trkpt><trkpt lat="38.584419" lon="-121.504046"><ele>12.332880324684083</ele><time>2025-11-23T19:33:18Z</time></trkpt><trkpt lat="38.584419" lon="-121.504014"><ele>11.68841100949794</ele><time>2025-11-23T19:33:19Z</time></trkpt><trkpt lat="38.584402" lon="-121.503972"><ele>10.943391071632504</ele><time>2025-11-23T19:33:20Z</time></trkpt><trkpt lat="38.584408" lon="-121.503931"><ele>11.146484913304448</ele><time>2025-11-23T19:33:21Z</time></trkpt><trkpt lat="38.584404" lon="-121.503892"><ele>10.966557676903903</ele><time>2025-11-23T19:33:22Z</time></trkpt><trkpt lat="38.584402" lon="-121.503865"><ele>11.437946486286819</ele><time>2025-11-23T19:33:23Z</time></trkpt><trkpt lat="38.584405" lon="-121.503840"><ele>11.006567170843482</ele><time>2025-11-23T19:33:24Z</time></trkpt><trkpt lat="38.584391" lon="-121.503802"><ele>11.293611666187644</ele><time>2025-11-23T19:33:25Z</time></trkpt><trkpt lat="38.584392" lon="-121.503764"><ele>11.339089904911816</ele><time>2025-11-23T19:33:26Z</time></trkpt><trkpt lat="38.584388" lon="-121.503735"><ele>11.431142475456</ele><time>2025-11-23T19:33:27Z</time></trkpt><trkpt lat="38.584368" lon="-121.503707"><ele>11.271800186485052</ele><time>2025-11-23T19:33:28Z</time></trkpt><trkpt lat="38.584345" lon="-121.503699"><ele>12.193733680061996</ele><time>2025-11-23T19:33:29Z</time></trkpt><trkpt lat="38.584304" lon="-121.503709"><ele>12.484692629426718</ele><time>2025-11-23T19:33:30Z</time></trkpt><trkpt lat="38.584260" lon="-121.503734"><ele>12.333465366624296</ele><time>2025-11-23T19:33:31Z</time></trkpt><trkpt lat="38.584232" lon="-121.503768"><ele>12.325995362363756</ele><time>2025-11-23T19:33:32Z</time></trkpt><trkpt lat="38.584226" lon="-121.503821"><ele>11.783319329842925</ele><time>2025-11-23T19:33:33Z</time></trkpt><trkpt lat="38.584242" lon="-121.503880"><ele>10.732693911530077</ele><time>2025-11-23T19:33:34Z</time></trkpt><trkpt lat="38.584261" lon="-121.503917"><ele>11.502728642895818</ele><time>2025-11-23T19:33:35Z</time></trkpt><trkpt lat="38.584264" lon="-121.503943"><ele>9.883026979863644</ele><time>2025-11-23T19:33:36Z</time></trkpt><trkpt lat="38.584267" lon="-121.503973"><ele>11.958995438180864</ele><time>2025-11-23T19:33:37Z</time></trkpt><trkpt lat="38.584275" lon="-121.504005"><ele>11.171255502849817</ele><time>2025-11-23T19:33:38Z</time></trkpt><trkpt lat="38.584283" lon="-121.504038"><ele>11.181997320614755</ele><time>2025-11-23T19:33:39Z</time></trkpt><trkpt lat="38.584302" lon="-121.504061"><ele>12.467683508992195</ele><time>2025-11-23T19:33:40Z</time></trkpt><trkpt lat="38.584288" lon="-121.504099"><ele>11.004109852947295</ele><time>2025-11-23T19:33:41Z</time></trkpt><trkpt lat="38.584295" lon="-121.504134"><ele>12.861110552214086</ele><time>2025-11-23T19:33:42Z</time></trkpt><trkpt lat="38.584299" lon="-121.504170"><ele>12.283583301119506</ele><time>2025-11-23T19:33:43Z</time></trkpt><trkpt lat="38.584298" lon="-121.504204"><ele>12.273716500028968</ele><time>2025-11-23T19:33:44Z</time></trkpt><trkpt lat="38.584312" lon="-121.504234"><ele>12.53816506266594</ele><time>2025-11-23T19:33:45Z</time></trkpt><trkpt lat="38.584317" lon="-121.504267"><ele>11.781609115190804</ele><time>2025-11-23T19:33:46Z</time></trkpt><trkpt lat="38.584322" lon="-121.504299"><ele>11.96832870412618</ele><time>2025-11-23T19:33:47Z</time></trkpt><trkpt lat="38.584336" lon="-121.504328"><ele>10.99520093202591</ele><time>2025-11-23T19:33:48Z</time></trkpt><trkpt lat="38.584338" lon="-121.504350"><ele>11.485223330557346</ele><time>2025-11-23T19:33:49Z</time></trkpt><trkpt lat="38.584316" lon="-121.504371"><ele>12.036032666452229</ele><time>2025-11-23T19:33:50Z</time></trkpt><trkpt lat="38.584292" lon="-121.504372"><ele>11.657421795651317</ele><time>2025-11-23T19:33:51Z</time></trkpt><trkpt lat="38.584243" lon="-121.504365"><ele>11.582419364713132</ele><time>2025-11-23T19:33:52Z</time></trkpt><trkpt lat="38.584201" lon="-121.504360"><ele>10.391815545037389</ele><time>2025-11-23T19:33:53Z</time></trkpt><trkpt lat="38.584173" lon="-121.504376"><ele>11.537191298790276</ele><time>2025-11-23T19:33:54Z</time></trkpt><trkpt lat="38.584152" lon="-121.504393"><ele>10.643469941802323</ele><time>2025-11-23T19:33:55Z</time></trkpt><trkpt lat="38.584116" lon="-121.504406"><ele>11.59658859204501</ele><time>2025-11-23T19:33:56Z</time></trkpt><trkpt lat="38.584095" lon="-121.504445"><ele>11.717800865881145</ele><time>2025-11-23T19:33:57Z</time></trkpt><trkpt lat="38.584079" lon="-121.504455"><ele>11.651701668277383</ele><time>2025-11-23T19:33:58Z</time></trkpt><trkpt lat="38.584041" lon="-121.504450"><ele>11.046658482402563</ele><time>2025-11-23T19:33:59Z</time></trkpt><trkpt lat="38.584014" lon="-121.504454"><ele>11.193033004179597</ele><time>2025-11-23T19:34:00Z</time></trkpt><trkpt lat="38.583985" lon="-121.504454"><ele>10.756600299850106</ele><time>2025-11-23T19:34:01Z</time></trkpt><trkpt lat="38.583945" lon="-121.504460"><ele>11.530921899713576</ele><time>2025-11-23T19:34:02Z</time></trkpt><trkpt lat="38.583901" lon="-121.504464"><ele>9.971810079179704</ele><time>2025-11-23T19:34:03Z</time></trkpt><trkpt lat="38.583877" lon="-121.504487"><ele>10.361264881677926</ele><time>2025-11-23T19:34:04Z</time></trkpt><trkpt lat="38.583844" lon="-121.504509"><ele>10.818122589029372</ele><time>2025-11-23T19:34:05Z</time></trkpt><trkpt lat="38.583807" lon="-121.504494"><ele>10.529112020507455</ele><time>2025-11-23T19:34:06Z</time></trkpt><trkpt lat="38.583786" lon="-121.504509"><ele>11.244087900035083</ele><time>2025-11-23T19:34:07Z</time></trkpt><trkpt lat="38.583765" lon="-121.504512"><ele>10.28112099505961</ele><time>2025-11-23T19:34:08Z</time></trkpt><trkpt lat="38.583741" lon="-121.504505"><ele>9.838208098895848</ele><time>2025-11-23T19:34:09Z</time></trkpt><trkpt lat="38.583738" lon="-121.504501"><ele>11.074932880699635</ele><time>2025-11-23T19:34:10Z</time></trkpt><trkpt lat="38.583724" lon="-121.504497"><ele>10.505837141536176</ele><time>2025-11-23T19:34:11Z</time></trkpt><trkpt lat="38.583687" lon="-121.504514"><ele>11.904560816474259</ele><time>2025-11-23T19:34:12Z</time></trkpt><trkpt lat="38.583667" lon="-121.504525"><ele>11.280258381739259</ele><time>2025-11-23T19:34:13Z</time></trkpt><trkpt lat="38.583643" lon="-121.504539"><ele>11.008752058260143</ele><time>2025-11-23T19:34:14Z</time></trkpt><trkpt lat="38.583619" lon="-121.504551"><ele>12.753254377283156</ele><time>2025-11-23T19:34:15Z</time></trkpt><trkpt lat="38.583598" lon="-121.504556"><ele>11.514957817271352</ele><time>2025-11-23T19:34:16Z</time></trkpt><trkpt lat="38.583566" lon="-121.504581"><ele>12.306524923071265</ele><time>2025-11-23T19:34:17Z</time></trkpt><trkpt lat="38.583541" lon="-121.504597"><ele>12.777134167030454</ele><time>2025-11-23T19:34:18Z</time></trkpt><trkpt lat="38.583508" lon="-121.504616"><ele>11.98647655826062</ele><time>2025-11-23T19:34:19Z</time></trkpt><trkpt lat="38.583483" lon="-121.504646"><ele>13.057320385240018</ele><time>2025-11-23T19:34:20Z</time></trkpt><trkpt lat="38.583455" lon="-121.504652"><ele>11.98309363424778</ele><time>2025-11-23T19:34:21Z</time></trkpt><trkpt lat="38.583432" lon="-121.504656"><ele>10.964449760504067</ele><time>2025-11-23T19:34:22Z</time></trkpt><trkpt lat="38.583407" lon="-121.504683"><ele>11.069698671810329</ele><time>2025-11-23T19:34:23Z</time></trkpt><trkpt lat="38.583383" lon="-121.504691"><ele>10.25502999406308</ele><time>2025-11-23T19:34:24Z</time></trkpt><trkpt lat="38.583365" lon="-121.504708"><ele>10.788941643200815</ele><time>2025-11-23T19:34:25Z</time></trkpt><trkpt lat="38.583346" lon="-121.504737"><ele>11.128305794671178</ele><time>2025-11-23T19:34:26Z</time></trkpt><trkpt lat="38.583326" lon="-121.504740"><ele>10.774309579282999</ele><time>2025-11-23T19:34:27Z</time></trkpt><trkpt lat="38.583306" lon="-121.504750"><ele>10.663315309211612</ele><time>2025-11-23T19:34:28Z</time></trkpt><trkpt lat="38.583292" lon="-121.504759"><ele>10.411813313141465</ele><time>2025-11-23T19:34:29Z</time></trkpt><trkpt lat="38.583276" lon="-121.504771"><ele>10.878348691388965</ele><time>2025-11-23T19:34:30Z</time></trkpt><trkpt lat="38.583245" lon="-121.504804"><ele>10.354296796023846</ele><time>2025-11-23T19:34:31Z</time></trkpt><trkpt lat="38.583222" lon="-121.504814"><ele>10.58837101329118</ele><time>2025-11-23T19:34:32Z</time></trkpt><trkpt lat="38.583194" lon="-121.504819"><ele>9.463944495655596</ele><time>2025-11-23T19:34:33Z</time></trkpt><trkpt lat="38.583161" lon="-121.504830"><ele>9.308913371525705</ele><time>2025-11-23T19:34:34Z</time></trkpt><trkpt lat="38.583135" lon="-121.504849"><ele>8.499792599119246</ele><time>2025-11-23T19:34:35Z</time></trkpt><trkpt lat="38.583110" lon="-121.504857"><ele>9.962914359755814</ele><time>2025-11-23T19:34:36Z</time></trkpt><trkpt lat="38.583076" lon="-121.504861"><ele>9.263290958479047</ele><time>2025-11-23T19:34:37Z</time></trkpt><trkpt lat="38.583046" lon="-121.504867"><ele>8.73617846891284</ele><time>2025-11-23T19:34:38Z</time></trkpt><trkpt lat="38.583019" lon="-121.504868"><ele>9.113209030590951</ele><time>2025-11-23T19:34:39Z</time></trkpt><trkpt lat="38.582982" lon="-121.504866"><ele>7.52944971434772</ele><time>2025-11-23T19:34:40Z</time></trkpt><trkpt lat="38.582942" lon="-121.504856"><ele>9.266611584462225</ele><time>2025-11-23T19:34:41Z</time></trkpt><trkpt lat="38.582918" lon="-121.504869"><ele>9.086725059896708</ele><time>2025-11-23T19:34:42Z</time></trkpt><trkpt lat="38.582891" lon="-121.504873"><ele>9.431064519099891</ele><time>2025-11-23T19:34:43Z</time></trkpt><trkpt lat="38.582861" lon="-121.504881"><ele>9.450295442715287</ele><time>2025-11-23T19:34:44Z</time></trkpt><trkpt lat="38.582838" lon="-121.504895"><ele>9.183101513423026</ele><time>2025-11-23T19:34:45Z</time></trkpt><trkpt lat="38.582814" lon="-121.504912"><ele>10.037005855701864</ele><time>2025-11-23T19:34:46Z</time></trkpt><trkpt lat="38.582788" lon="-121.504923"><ele>9.328637957572937</ele><time>2025-11-23T19:34:47Z</time></trkpt><trkpt lat="38.582764" lon="-121.504941"><ele>9.313865954056382</ele><time>2025-11-23T19:34:48Z</time></trkpt><trkpt lat="38.582748" lon="-121.504956"><ele>9.60084570478648</ele><time>2025-11-23T19:34:49Z</time></trkpt><trkpt lat="38.582728" lon="-121.504957"><ele>8.698460699990392</ele><time>2025-11-23T19:34:50Z</time></trkpt><trkpt lat="38.582704" lon="-121.504973"><ele>8.694368910044432</ele><time>2025-11-23T19:34:51Z</time></trkpt><trkpt lat="38.582682" lon="-121.504996"><ele>9.48814294859767</ele><time>2025-11-23T19:34:52Z</time></trkpt><trkpt lat="38.582652" lon="-121.505003"><ele>8.81278442312032</ele><time>2025-11-23T19:34:53Z</time></trkpt><trkpt lat="38.582627" lon="-121.505001"><ele>9.404080964624882</ele><time>2025-11-23T19:34:54Z</time></trkpt><trkpt lat="38.582601" lon="-121.505008"><ele>9.945937883108854</ele><time>2025-11-23T19:34:55Z</time></trkpt><trkpt lat="38.582578" lon="-121.505025"><ele>9.483045861124992</ele><time>2025-11-23T19:34:56Z</time></trkpt><trkpt lat="38.582552" lon="-121.505051"><ele>10.812972130253911</ele><time>2025-11-23T19:34:57Z</time></trkpt><trkpt lat="38.582529" lon="-121.505065"><ele>9.827771275304258</ele><time>2025-11-23T19:34:58Z</time></trkpt><trkpt lat="38.582508" lon="-121.505102"><ele>9.556260435841978</ele><time>2025-11-23T19:34:59Z</time></trkpt><trkpt lat="38.582493" lon="-121.505103"><ele>10.470132218673825</ele><time>2025-11-23T19:35:00Z</time></trkpt><trkpt lat="38.582468" lon="-121.505116"><ele>9.762243130244315</ele><time>2025-11-23T19:35:01Z</time></trkpt><trkpt lat="38.582447" lon="-121.505119"><ele>10.18764802441001</ele><time>2025-11-23T19:35:02Z</time></trkpt><trkpt lat="38.582424" lon="-121.505126"><ele>10.626128615811467</ele><time>2025-11-23T19:35:03Z</time></trkpt><trkpt lat="38.582405" lon="-121.505134"><ele>10.563027276657522</ele><time>2025-11-23T19:35:04Z</time></trkpt><trkpt lat="38.582391" lon="-121.505156"><ele>10.71744207572192</ele><time>2025-11-23T19:35:05Z</time></trkpt><trkpt lat="38.582370" lon="-121.505161"><ele>10.975582174025476</ele><time>2025-11-23T19:35:06Z</time></trkpt><trkpt lat="38.582345" lon="-121.505160"><ele>11.044460397213697</ele><time>2025-11-23T19:35:07Z</time></trkpt><trkpt lat="38.582322" lon="-121.505173"><ele>10.66840289812535</ele><time>2025-11-23T19:35:08Z</time></trkpt><trkpt lat="38.582303" lon="-121.505195"><ele>11.42980192694813</ele><time>2025-11-23T19:35:09Z</time></trkpt><trkpt lat="38.582279" lon="-121.505208"><ele>10.986317224800587</ele><time>2025-11-23T19:35:10Z</time></trkpt><trkpt lat="38.582263" lon="-121.505237"><ele>10.356674688868225</ele><time>2025-11-23T19:35:11Z</time></trkpt><trkpt lat="38.582245" lon="-121.505263"><ele>11.032911323942244</ele><time>2025-11-23T19:35:12Z</time></trkpt><trkpt lat="38.582232" lon="-121.505271"><ele>10.990133835934103</ele><time>2025-11-23T19:35:13Z</time></trkpt><trkpt lat="38.582211" lon="-121.505267"><ele>11.093211424537003</ele><time>2025-11-23T19:35:14Z</time></trkpt><trkpt lat="38.582188" lon="-121.505275"><ele>10.570597452111542</ele><time>2025-11-23T19:35:15Z</time></trkpt><trkpt lat="38.582168" lon="-121.505290"><ele>9.94897720310837</ele><time>2025-11-23T19:35:16Z</time></trkpt><trkpt lat="38.582142" lon="-121.505301"><ele>9.934710872359574</ele><time>2025-11-23T19:35:17Z</time></trkpt><trkpt lat="38.582122" lon="-121.505309"><ele>9.730813170783222</ele><time>2025-11-23T19:35:18Z</time></trkpt><trkpt lat="38.582104" lon="-121.505305"><ele>9.545678010210395</ele><time>2025-11-23T19:35:19Z</time></trkpt><trkpt lat="38.582079" lon="-121.505326"><ele>9.91160630248487</ele><time>2025-11-23T19:35:20Z</time></trkpt><trkpt lat="38.582059" lon="-121.505346"><ele>9.563754711300135</ele><time>2025-11-23T19:35:21Z</time></trkpt><trkpt lat="38.582035" lon="-121.505350"><ele>9.034427027218044</ele><time>2025-11-23T19:35:22Z</time></trkpt><trkpt lat="38.582005" lon="-121.505346"><ele>8.794112189672887</ele><time>2025-11-23T19:35:23Z</time></trkpt><trkpt lat="38.581981" lon="-121.505352"><ele>10.062432860955596</ele><time>2025-11-23T19:35:24Z</time></trkpt><trkpt lat="38.581952" lon="-121.505365"><ele>10.04509611800313</ele><time>2025-11-23T19:35:25Z</time></trkpt><trkpt lat="38.581924" lon="-121.505387"><ele>10.129817039705813</ele><time>2025-11-23T19:35:26Z</time></trkpt><trkpt lat="38.581894" lon="-121.505388"><ele>9.98106082342565</ele><time>2025-11-23T19:35:27Z</time></trkpt><trkpt lat="38.581863" lon="-121.505387"><ele>9.708375946618617</ele><time>2025-11-23T19:35:28Z</time></trkpt><trkpt lat="38.581839" lon="-121.505404"><ele>10.305587043985724</ele><time>2025-11-23T19:35:29Z</time></trkpt><trkpt lat="38.581812" lon="-121.505410"><ele>10.338545635342598</ele><time>2025-11-23T19:35:30Z</time></trkpt><trkpt lat="38.581787" lon="-121.505417"><ele>9.73315775860101</ele><time>2025-11-23T19:35:31Z</time></trkpt><trkpt lat="38.581763" lon="-121.505418"><ele>10.426237314939499</ele><time>2025-11-23T19:35:32Z</time></trkpt><trkpt lat="38.581743" lon="-121.505433"><ele>10.147788064554334</ele><time>2025-11-23T19:35:33Z</time></trkpt><trkpt lat="38.581732" lon="-121.505455"><ele>10.29322438314557</ele><time>2025-11-23T19:35:34Z</time></trkpt><trkpt lat="38.581715" lon="-121.505467"><ele>9.786144553683698</ele><time>2025-11-23T19:35:35Z</time></trkpt><trkpt lat="38.581693" lon="-121.505482"><ele>9.596516881138086</ele><time>2025-11-23T19:35:36Z</time></trkpt><trkpt lat="38.581659" lon="-121.505498"><ele>9.36411576718092</ele><time>2025-11-23T19:35:37Z</time></trkpt><trkpt lat="38.581634" lon="-121.505511"><ele>10.073375292122364</ele><time>2025-11-23T19:35:38Z</time></trkpt><trkpt lat="38.581608" lon="-121.505524"><ele>9.183817619457841</ele><time>2025-11-23T19:35:39Z</time></trkpt><trkpt lat="38.581579" lon="-121.505520"><ele>10.81028535682708</ele><time>2025-11-23T19:35:40Z</time></trkpt><trkpt lat="38.581548" lon="-121.505549"><ele>10.180449014529586</ele><time>2025-11-23T19:35:41Z</time></trkpt><trkpt lat="38.581531" lon="-121.505575"><ele>10.384530248120427</ele><time>2025-11-23T19:35:42Z</time></trkpt><trkpt lat="38.581505" lon="-121.505574"><ele>11.184984943829477</ele><time>2025-11-23T19:35:43Z</time></trkpt><trkpt lat="38.581484" lon="-121.505595"><ele>9.099192472174764</ele><time>2025-11-23T19:35:44Z</time></trkpt><trkpt lat="38.581457" lon="-121.505608"><ele>11.062277155928314</ele><time>2025-11-23T19:35:45Z</time></trkpt><trkpt lat="38.581418" lon="-121.505619"><ele>11.374108342453837</ele><time>2025-11-23T19:35:46Z</time></trkpt><trkpt lat="38.581387" lon="-121.505614"><ele>10.793517380021513</ele><time>2025-11-23T19:35:47Z</time></trkpt><trkpt lat="38.581374" lon="-121.505617"><ele>12.608663938008249</ele><time>2025-11-23T19:35:48Z</time></trkpt><trkpt lat="38.581331" lon="-121.505610"><ele>11.565141743980348</ele><time>2025-11-23T19:35:49Z</time></trkpt><trkpt lat="38.581305" lon="-121.505592"><ele>12.327467096038163</ele><time>2025-11-23T19:35:50Z</time></trkpt><trkpt lat="38.581278" lon="-121.505597"><ele>12.49002924375236</ele><time>2025-11-23T19:35:51Z</time></trkpt><trkpt lat="38.581251" lon="-121.505611"><ele>11.781050939112902</ele><time>2025-11-23T19:35:52Z</time></trkpt><trkpt lat="38.581229" lon="-121.505631"><ele>12.349688398651779</ele><time>2025-11-23T19:35:53Z</time></trkpt><trkpt lat="38.581222" lon="-121.505643"><ele>13.24672665540129</ele><time>2025-11-23T19:35:54Z</time></trkpt><trkpt lat="38.581201" lon="-121.505665"><ele>13.210341330617666</ele><time>2025-11-23T19:35:55Z</time></trkpt><trkpt lat="38.581187" lon="-121.505665"><ele>13.17384100612253</ele><time>2025-11-23T19:35:56Z</time></trkpt><trkpt lat="38.581173" lon="-121.505664"><ele>12.723780622705817</ele><time>2025-11-23T19:35:57Z</time></trkpt><trkpt lat="38.581160" lon="-121.505663"><ele>13.081606701016426</ele><time>2025-11-23T19:35:58Z</time></trkpt><trkpt lat="38.581136" lon="-121.505689"><ele>12.662487661466002</ele><time>2025-11-23T19:35:59Z</time></trkpt><trkpt lat="38.581118" lon="-121.505728"><ele>12.870694829151034</ele><time>2025-11-23T19:36:00Z</time></trkpt><trkpt lat="38.581109" lon="-121.505774"><ele>12.029555166140199</ele><time>2025-11-23T19:36:01Z</time></trkpt><trkpt lat="38.581118" lon="-121.505831"><ele>12.429718966595829</ele><time>2025-11-23T19:36:02Z</time></trkpt><trkpt lat="38.581124" lon="-121.505875"><ele>11.75059741269797</ele><time>2025-11-23T19:36:03Z</time></trkpt><trkpt lat="38.581119" lon="-121.505915"><ele>11.338815688155591</ele><time>2025-11-23T19:36:04Z</time></trkpt><trkpt lat="38.581128" lon="-121.505956"><ele>11.511151206679642</ele><time>2025-11-23T19:36:05Z</time></trkpt><trkpt lat="38.581132" lon="-121.505994"><ele>11.589220982044935</ele><time>2025-11-23T19:36:06Z</time></trkpt><trkpt lat="38.581132" lon="-121.506039"><ele>11.814311609603465</ele><time>2025-11-23T19:36:07Z</time></trkpt><trkpt lat="38.581143" lon="-121.506073"><ele>12.409021060913801</ele><time>2025-11-23T19:36:08Z</time></trkpt><trkpt lat="38.581140" lon="-121.506110"><ele>10.882157358340919</ele><time>2025-11-23T19:36:09Z</time></trkpt><trkpt lat="38.581152" lon="-121.506139"><ele>10.961799843236804</ele><time>2025-11-23T19:36:10Z</time></trkpt><trkpt lat="38.581166" lon="-121.506171"><ele>10.490782959386706</ele><time>2025-11-23T19:36:11Z</time></trkpt><trkpt lat="38.581175" lon="-121.506200"><ele>10.2288665054366</ele><time>2025-11-23T19:36:12Z</time></trkpt><trkpt lat="38.581197" lon="-121.506215"><ele>11.346189038828015</ele><time>2025-11-23T19:36:13Z</time></trkpt><trkpt lat="38.581209" lon="-121.506242"><ele>10.585878517478704</ele><time>2025-11-23T19:36:14Z</time></trkpt><trkpt lat="38.581223" lon="-121.506279"><ele>10.476185945793986</ele><time>2025-11-23T19:36:15Z</time></trkpt><trkpt lat="38.581237" lon="-121.506303"><ele>10.653050740249455</ele><time>2025-11-23T19:36:16Z</time></trkpt><trkpt lat="38.581225" lon="-121.506335"><ele>10.043086449615657</ele><time>2025-11-23T19:36:17Z</time></trkpt><trkpt lat="38.581209" lon="-121.506339"><ele>11.414350850507617</ele><time>2025-11-23T19:36:18Z</time></trkpt><trkpt lat="38.581189" lon="-121.506337"><ele>11.338372117839754</ele><time>2025-11-23T19:36:19Z</time></trkpt><trkpt lat="38.581189" lon="-121.506352"><ele>10.73712938837707</ele><time>2025-11-23T19:36:20Z</time></trkpt><trkpt lat="38.581186" lon="-121.506369"><ele>10.78521716967225</ele><time>2025-11-23T19:36:21Z</time></trkpt><trkpt lat="38.581180" lon="-121.506396"><ele>10.71288212761283</ele><time>2025-11-23T19:36:22Z</time></trkpt><trkpt lat="38.581157" lon="-121.506403"><ele>12.110373141244054</ele><time>2025-11-23T19:36:23Z</time></trkpt><trkpt lat="38.581081" lon="-121.506436"><ele>12.402709701098502</ele><time>2025-11-23T19:36:24Z</time></trkpt><trkpt lat="38.581070" lon="-121.506445"><ele>13.511144650168717</ele><time>2025-11-23T19:36:25Z</time></trkpt><trkpt lat="38.581056" lon="-121.506464"><ele>15.180332280695438</ele><time>2025-11-23T19:36:26Z</time></trkpt><trkpt lat="38.581039" lon="-121.506485"><ele>14.467836255207658</ele><time>2025-11-23T19:36:27Z</time></trkpt><trkpt lat="38.581021" lon="-121.506487"><ele>15.56064638774842</ele><time>2025-11-23T19:36:28Z</time></trkpt><trkpt lat="38.580991" lon="-121.506507"><ele>15.36561939585954</ele><time>2025-11-23T19:36:29Z</time></trkpt><trkpt lat="38.580967" lon="-121.506511"><ele>15.026529654860497</ele><time>2025-11-23T19:36:30Z</time></trkpt><trkpt lat="38.580951" lon="-121.506515"><ele>15.115474516525865</ele><time>2025-11-23T19:36:31Z</time></trkpt><trkpt lat="38.580931" lon="-121.506538"><ele>15.688964139670134</ele><time>2025-11-23T19:36:32Z</time></trkpt><trkpt lat="38.580929" lon="-121.506580"><ele>15.698877958580852</ele><time>2025-11-23T19:36:33Z</time></trkpt><trkpt lat="38.580924" lon="-121.506621"><ele>16.468267763964832</ele><time>2025-11-23T19:36:34Z</time></trkpt><trkpt lat="38.580921" lon="-121.506667"><ele>15.938487471081316</ele><time>2025-11-23T19:36:35Z</time></trkpt><trkpt lat="38.580905" lon="-121.506703"><ele>15.473762022331357</ele><time>2025-11-23T19:36:36Z</time></trkpt><trkpt lat="38.580877" lon="-121.506725"><ele>15.463026956655085</ele><time>2025-11-23T19:36:37Z</time></trkpt><trkpt lat="38.580843" lon="-121.506747"><ele>15.564667926169932</ele><time>2025-11-23T19:36:38Z</time></trkpt><trkpt lat="38.580813" lon="-121.506759"><ele>13.968246540054679</ele><time>2025-11-23T19:36:39Z</time></trkpt><trkpt lat="38.580806" lon="-121.506766"><ele>13.758954900316894</ele><time>2025-11-23T19:36:40Z</time></trkpt><trkpt lat="38.580780" lon="-121.506781"><ele>13.26769570633769</ele><time>2025-11-23T19:36:41Z</time></trkpt><trkpt lat="38.580750" lon="-121.506791"><ele>13.31735531706363</ele><time>2025-11-23T19:36:42Z</time></trkpt><trkpt lat="38.580727" lon="-121.506804"><ele>14.015366855077446</ele><time>2025-11-23T19:36:43Z</time></trkpt><trkpt lat="38.580692" lon="-121.506824"><ele>13.3376603461802</ele><time>2025-11-23T19:36:44Z</time></trkpt><trkpt lat="38.580658" lon="-121.506820"><ele>14.152078002691269</ele><time>2025-11-23T19:36:45Z</time></trkpt><trkpt lat="38.580634" lon="-121.506805"><ele>13.024126457981765</ele><time>2025-11-23T19:36:46Z</time></trkpt><trkpt lat="38.580617" lon="-121.506816"><ele>12.463063082657754</ele><time>2025-11-23T19:36:47Z</time></trkpt><trkpt lat="38.580596" lon="-121.506844"><ele>13.639047658070922</ele><time>2025-11-23T19:36:48Z</time></trkpt><trkpt lat="38.580579" lon="-121.506861"><ele>11.899736516177654</ele><time>2025-11-23T19:36:49Z</time></trkpt><trkpt lat="38.580551" lon="-121.506885"><ele>12.971985464915633</ele><time>2025-11-23T19:36:50Z</time></trkpt><trkpt lat="38.580533" lon="-121.506911"><ele>13.002052310854197</ele><time>2025-11-23T19:36:51Z</time></trkpt><trkpt lat="38.580515" lon="-121.506914"><ele>12.34241434559226</ele><time>2025-11-23T19:36:52Z</time></trkpt><trkpt lat="38.580492" lon="-121.506912"><ele>13.297075937502086</ele><time>2025-11-23T19:36:53Z</time></trkpt><trkpt lat="38.580480" lon="-121.506896"><ele>12.551694746129215</ele><time>2025-11-23T19:36:54Z</time></trkpt><trkpt lat="38.580471" lon="-121.506864"><ele>12.948304558172822</ele><time>2025-11-23T19:36:55Z</time></trkpt><trkpt lat="38.580446" lon="-121.506867"><ele>13.326695119030774</ele><time>2025-11-23T19:36:56Z</time></trkpt><trkpt lat="38.580414" lon="-121.506857"><ele>13.878667948767543</ele><time>2025-11-23T19:36:57Z</time></trkpt><trkpt lat="38.580396" lon="-121.506830"><ele>13.568832056596875</ele><time>2025-11-23T19:36:58Z</time></trkpt><trkpt lat="38.580376" lon="-121.506803"><ele>13.969872234389186</ele><time>2025-11-23T19:36:59Z</time></trkpt><trkpt lat="38.580349" lon="-121.506775"><ele>13.873801863752306</ele><time>2025-11-23T19:37:00Z</time></trkpt><trkpt lat="38.580327" lon="-121.506756"><ele>14.568635165691376</ele><time>2025-11-23T19:37:01Z</time></trkpt><trkpt lat="38.580316" lon="-121.506734"><ele>14.031901865266263</ele><time>2025-11-23T19:37:02Z</time></trkpt><trkpt lat="38.580305" lon="-121.506711"><ele>14.198945905081928</ele><time>2025-11-23T19:37:03Z</time></trkpt><trkpt lat="38.580298" lon="-121.506694"><ele>14.55302811972797</ele><time>2025-11-23T19:37:04Z</time></trkpt><trkpt lat="38.580277" lon="-121.506677"><ele>13.99441091157496</ele><time>2025-11-23T19:37:05Z</time></trkpt><trkpt lat="38.580260" lon="-121.506648"><ele>13.646948479115963</ele><time>2025-11-23T19:37:06Z</time></trkpt><trkpt lat="38.580250" lon="-121.506616"><ele>13.566780213266611</ele><time>2025-11-23T19:37:07Z</time></trkpt><trkpt lat="38.580230" lon="-121.506586"><ele>13.096228724345565</ele><time>2025-11-23T19:37:08Z</time></trkpt><trkpt lat="38.580218" lon="-121.506554"><ele>13.48582328017801</ele><time>2025-11-23T19:37:09Z</time></trkpt><trkpt lat="38.580195" lon="-121.506526"><ele>12.868530362844467</ele><time>2025-11-23T19:37:10Z</time></trkpt><trkpt lat="38.580174" lon="-121.506493"><ele>13.02188285999</ele><time>2025-11-23T19:37:11Z</time></trkpt><trkpt lat="38.580173" lon="-121.506469"><ele>13.388301289640367</ele><time>2025-11-23T19:37:12Z</time></trkpt><trkpt lat="38.580174" lon="-121.506438"><ele>12.716280040331185</ele><time>2025-11-23T19:37:13Z</time></trkpt><trkpt lat="38.580158" lon="-121.506419"><ele>13.774358447641134</ele><time>2025-11-23T19:37:14Z</time></trkpt><trkpt lat="38.580154" lon="-121.506405"><ele>14.08054414857179</ele><time>2025-11-23T19:37:15Z</time></trkpt><trkpt lat="38.580147" lon="-121.506376"><ele>13.93536154460162</ele><time>2025-11-23T19:37:16Z</time></trkpt><trkpt lat="38.580137" lon="-121.506344"><ele>14.372203110717237</ele><time>2025-11-23T19:37:17Z</time></trkpt><trkpt lat="38.580122" lon="-121.506318"><ele>13.01732282154262</ele><time>2025-11-23T19:37:18Z</time></trkpt><trkpt lat="38.580111" lon="-121.506283"><ele>13.268593288958073</ele><time>2025-11-23T19:37:19Z</time></trkpt><trkpt lat="38.580115" lon="-121.506245"><ele>13.654461279511452</ele><time>2025-11-23T19:37:20Z</time></trkpt><trkpt lat="38.580111" lon="-121.506210"><ele>13.070523452013731</ele><time>2025-11-23T19:37:21Z</time></trkpt><trkpt lat="38.580113" lon="-121.506164"><ele>13.472955853678286</ele><time>2025-11-23T19:37:22Z</time></trkpt><trkpt lat="38.580117" lon="-121.506128"><ele>13.015476047992706</ele><time>2025-11-23T19:37:23Z</time></trkpt><trkpt lat="38.580122" lon="-121.506089"><ele>12.968882467597723</ele><time>2025-11-23T19:37:24Z</time></trkpt><trkpt lat="38.580121" lon="-121.506055"><ele>13.029866271652281</ele><time>2025-11-23T19:37:25Z</time></trkpt><trkpt lat="38.580131" lon="-121.506019"><ele>13.124604224227369</ele><time>2025-11-23T19:37:26Z</time></trkpt><trkpt lat="38.580128" lon="-121.505979"><ele>12.669932562857866</ele><time>2025-11-23T19:37:27Z</time></trkpt><trkpt lat="38.580133" lon="-121.505941"><ele>12.194051838479936</ele><time>2025-11-23T19:37:28Z</time></trkpt><trkpt lat="38.580132" lon="-121.505913"><ele>11.527998150326312</ele><time>2025-11-23T19:37:29Z</time></trkpt><trkpt lat="38.580121" lon="-121.505881"><ele>10.949418078176677</ele><time>2025-11-23T19:37:30Z</time></trkpt><trkpt lat="38.580122" lon="-121.505863"><ele>10.905708646401763</ele><time>2025-11-23T19:37:31Z</time></trkpt><trkpt lat="38.580116" lon="-121.505841"><ele>10.828714960254729</ele><time>2025-11-23T19:37:32Z</time></trkpt><trkpt lat="38.580100" lon="-121.505810"><ele>10.707281263545156</ele><time>2025-11-23T19:37:33Z</time></trkpt><trkpt lat="38.580102" lon="-121.505777"><ele>11.567865481600165</ele><time>2025-11-23T19:37:34Z</time></trkpt><trkpt lat="38.580108" lon="-121.505741"><ele>11.226683451794088</ele><time>2025-11-23T19:37:35Z</time></trkpt><trkpt lat="38.580109" lon="-121.505710"><ele>12.132099409587681</ele><time>2025-11-23T19:37:36Z</time></trkpt><trkpt lat="38.580113" lon="-121.505692"><ele>12.885169852524996</ele><time>2025-11-23T19:37:37Z</time></trkpt><trkpt lat="38.580085" lon="-121.505666"><ele>11.702049535699189</ele><time>2025-11-23T19:37:38Z</time></trkpt><trkpt lat="38.580068" lon="-121.505640"><ele>11.963532377034426</ele><time>2025-11-23T19:37:39Z</time></trkpt><trkpt lat="38.580051" lon="-121.505608"><ele>11.987488001585007</ele><time>2025-11-23T19:37:40Z</time></trkpt><trkpt lat="38.580040" lon="-121.505588"><ele>10.736052067950368</ele><time>2025-11-23T19:37:41Z</time></trkpt><trkpt lat="38.580024" lon="-121.505580"><ele>9.869371463544667</ele><time>2025-11-23T19:37:42Z</time></trkpt><trkpt lat="38.580011" lon="-121.505603"><ele>10.152945474721491</ele><time>2025-11-23T19:37:43Z</time></trkpt><trkpt lat="38.580018" lon="-121.505629"><ele>9.325319864787161</ele><time>2025-11-23T19:37:44Z</time></trkpt><trkpt lat="38.580023" lon="-121.505645"><ele>9.061285270377994</ele><time>2025-11-23T19:37:45Z</time></trkpt><trkpt lat="38.580025" lon="-121.505654"><ele>8.807856019586325</ele><time>2025-11-23T19:37:46Z</time></trkpt><trkpt lat="38.580023" lon="-121.505629"><ele>8.31105699017644</ele><time>2025-11-23T19:37:47Z</time></trkpt><trkpt lat="38.580006" lon="-121.505605"><ele>8.85550516564399</ele><time>2025-11-23T19:37:48Z</time></trkpt><trkpt lat="38.579996" lon="-121.505575"><ele>8.957427667453885</ele><time>2025-11-23T19:37:49Z</time></trkpt><trkpt lat="38.579992" lon="-121.505553"><ele>8.193526786752045</ele><time>2025-11-23T19:37:50Z</time></trkpt><trkpt lat="38.579993" lon="-121.505534"><ele>8.41182144638151</ele><time>2025-11-23T19:37:51Z</time></trkpt><trkpt lat="38.579989" lon="-121.505522"><ele>8.446607475169003</ele><time>2025-11-23T19:37:52Z</time></trkpt><trkpt lat="38.579980" lon="-121.505499"><ele>8.445570188574493</ele><time>2025-11-23T19:37:53Z</time></trkpt><trkpt lat="38.579975" lon="-121.505488"><ele>8.19043133314699</ele><time>2025-11-23T19:37:54Z</time></trkpt><trkpt lat="38.579980" lon="-121.505487"><ele>8.025058847852051</ele><time>2025-11-23T19:37:55Z</time></trkpt><trkpt lat="38.579980" lon="-121.505492"><ele>7.686945135705173</ele><time>2025-11-23T19:37:56Z</time></trkpt><trkpt lat="38.579981" lon="-121.505495"><ele>8.41762931831181</ele><time>2025-11-23T19:37:57Z</time></trkpt><trkpt lat="38.579970" lon="-121.505498"><ele>8.670594720169902</ele><time>2025-11-23T19:37:58Z</time></trkpt><trkpt lat="38.579969" lon="-121.505497"><ele>8.610567636787891</ele><time>2025-11-23T19:37:59Z</time></trkpt><trkpt lat="38.579967" lon="-121.505497"><ele>8.542069326154888</ele><time>2025-11-23T19:38:00Z</time></trkpt><trkpt lat="38.579967" lon="-121.505492"><ele>8.462393243797123</ele><time>2025-11-23T19:38:01Z</time></trkpt><trkpt lat="38.579969" lon="-121.505489"><ele>8.423116823658347</ele><time>2025-11-23T19:38:02Z</time></trkpt><trkpt lat="38.579964" lon="-121.505497"><ele>8.609472551383078</ele><time>2025-11-23T19:38:03Z</time></trkpt><trkpt lat="38.579962" lon="-121.505499"><ele>8.659584824927151</ele><time>2025-11-23T19:38:04Z</time></trkpt><trkpt lat="38.579960" lon="-121.505500"><ele>8.64012563508004</ele><time>2025-11-23T19:38:05Z</time></trkpt><trkpt lat="38.579960" lon="-121.505500"><ele>8.64012563508004</ele><time>2025-11-23T19:38:06Z</time></trkpt><trkpt lat="38.579960" lon="-121.505500"><ele>8.64012563508004</ele><time>2025-11-23T19:38:07Z</time></trkpt><trkpt lat="38.579960" lon="-121.505500"><ele>8.64012563508004</ele><time>2025-11-23T19:38:08Z</time></trkpt><trkpt lat="38.579965" lon="-121.505490"><ele>7.943446069955826</ele><time>2025-11-23T19:38:09Z</time></trkpt><trkpt lat="38.579961" lon="-121.505490"><ele>7.731111967936158</ele><time>2025-11-23T19:38:10Z</time></trkpt><trkpt lat="38.579957" lon="-121.505477"><ele>7.601315495558083</ele><time>2025-11-23T19:38:11Z</time></trkpt><trkpt lat="38.579953" lon="-121.505442"><ele>7.679740083403885</ele><time>2025-11-23T19:38:12Z</time></trkpt><trkpt lat="38.579954" lon="-121.505431"><ele>7.85338709037751</ele><time>2025-11-23T19:38:13Z</time></trkpt><trkpt lat="38.579952" lon="-121.505422"><ele>8.097109274938703</ele><time>2025-11-23T19:38:14Z</time></trkpt><trkpt lat="38.579945" lon="-121.505407"><ele>7.989469018764794</ele><time>2025-11-23T19:38:15Z</time></trkpt><trkpt lat="38.579938" lon="-121.505388"><ele>7.967930559068918</ele><time>2025-11-23T19:38:16Z</time></trkpt><trkpt lat="38.579931" lon="-121.505363"><ele>7.517634470947087</ele><time>2025-11-23T19:38:17Z</time></trkpt><trkpt lat="38.579917" lon="-121.505325"><ele>7.55888815689832</ele><time>2025-11-23T19:38:18Z</time></trkpt><trkpt lat="38.579888" lon="-121.505278"><ele>7.741504941135645</ele><time>2025-11-23T19:38:19Z</time></trkpt><trkpt lat="38.579882" lon="-121.505245"><ele>7.331988439895213</ele><time>2025-11-23T19:38:20Z</time></trkpt><trkpt lat="38.579876" lon="-121.505208"><ele>8.46076986193657</ele><time>2025-11-23T19:38:21Z</time></trkpt><trkpt lat="38.579870" lon="-121.505180"><ele>8.485823451541364</ele><time>2025-11-23T19:38:22Z</time></trkpt><trkpt lat="38.579872" lon="-121.505159"><ele>8.07735337689519</ele><time>2025-11-23T19:38:23Z</time></trkpt><trkpt lat="38.579859" lon="-121.505133"><ele>8.401198480278254</ele><time>2025-11-23T19:38:24Z</time></trkpt><trkpt lat="38.579856" lon="-121.505104"><ele>8.729112259112298</ele><time>2025-11-23T19:38:25Z</time></trkpt><trkpt lat="38.579855" lon="-121.505076"><ele>9.779845893383026</ele><time>2025-11-23T19:38:26Z</time></trkpt><trkpt lat="38.579846" lon="-121.505035"><ele>9.471631783992052</ele><time>2025-11-23T19:38:27Z</time></trkpt><trkpt lat="38.579847" lon="-121.504995"><ele>9.579070878215134</ele><time>2025-11-23T19:38:28Z</time></trkpt><trkpt lat="38.579837" lon="-121.504957"><ele>10.469263201579452</ele><time>2025-11-23T19:38:29Z</time></trkpt><trkpt lat="38.579833" lon="-121.504920"><ele>9.865430478937924</ele><time>2025-11-23T19:38:30Z</time></trkpt><trkpt lat="38.579839" lon="-121.504883"><ele>10.503202259540558</ele><time>2025-11-23T19:38:31Z</time></trkpt><trkpt lat="38.579819" lon="-121.504850"><ele>9.767657106742263</ele><time>2025-11-23T19:38:32Z</time></trkpt><trkpt lat="38.579820" lon="-121.504815"><ele>10.803010517731309</ele><time>2025-11-23T19:38:33Z</time></trkpt><trkpt lat="38.579816" lon="-121.504775"><ele>10.545420796610415</ele><time>2025-11-23T19:38:34Z</time></trkpt><trkpt lat="38.579803" lon="-121.504741"><ele>10.893836024217308</ele><time>2025-11-23T19:38:35Z</time></trkpt><trkpt lat="38.579807" lon="-121.504717"><ele>11.550399076193571</ele><time>2025-11-23T19:38:36Z</time></trkpt><trkpt lat="38.579800" lon="-121.504684"><ele>11.324957299977541</ele><time>2025-11-23T19:38:37Z</time></trkpt><trkpt lat="38.579788" lon="-121.504655"><ele>11.975167478434741</ele><time>2025-11-23T19:38:38Z</time></trkpt><trkpt lat="38.579783" lon="-121.504628"><ele>11.668438992463052</ele><time>2025-11-23T19:38:39Z</time></trkpt><trkpt lat="38.579770" lon="-121.504601"><ele>11.56721537746489</ele><time>2025-11-23T19:38:40Z</time></trkpt><trkpt lat="38.579762" lon="-121.504563"><ele>11.623980697244406</ele><time>2025-11-23T19:38:41Z</time></trkpt><trkpt lat="38.579756" lon="-121.504526"><ele>12.612929137423635</ele><time>2025-11-23T19:38:42Z</time></trkpt><trkpt lat="38.579740" lon="-121.504499"><ele>11.978598663583398</ele><time>2025-11-23T19:38:43Z</time></trkpt><trkpt lat="38.579737" lon="-121.504460"><ele>12.97123415954411</ele><time>2025-11-23T19:38:44Z</time></trkpt><trkpt lat="38.579720" lon="-121.504417"><ele>12.571784052997828</ele><time>2025-11-23T19:38:45Z</time></trkpt><trkpt lat="38.579712" lon="-121.504371"><ele>13.447321444749832</ele><time>2025-11-23T19:38:46Z</time></trkpt><trkpt lat="38.579685" lon="-121.504331"><ele>12.66033717431128</ele><time>2025-11-23T19:38:47Z</time></trkpt><trkpt lat="38.579677" lon="-121.504284"><ele>12.86151028983295</ele><time>2025-11-23T19:38:48Z</time></trkpt><trkpt lat="38.579660" lon="-121.504235"><ele>11.573798910714686</ele><time>2025-11-23T19:38:49Z</time></trkpt><trkpt lat="38.579661" lon="-121.504169"><ele>13.25071150995791</ele><time>2025-11-23T19:38:50Z</time></trkpt><trkpt lat="38.579635" lon="-121.504109"><ele>12.936118106357753</ele><time>2025-11-23T19:38:51Z</time></trkpt><trkpt lat="38.579633" lon="-121.504045"><ele>13.461331418715417</ele><time>2025-11-23T19:38:52Z</time></trkpt><trkpt lat="38.579596" lon="-121.504014"><ele>12.998641598969698</ele><time>2025-11-23T19:38:53Z</time></trkpt><trkpt lat="38.579581" lon="-121.503977"><ele>11.104578334838152</ele><time>2025-11-23T19:38:54Z</time></trkpt><trkpt lat="38.579568" lon="-121.503940"><ele>12.229609610512853</ele><time>2025-11-23T19:38:55Z</time></trkpt><trkpt lat="38.579554" lon="-121.503883"><ele>11.848668396472931</ele><time>2025-11-23T19:38:56Z</time></trkpt><trkpt lat="38.579539" lon="-121.503855"><ele>12.340711765922606</ele><time>2025-11-23T19:38:57Z</time></trkpt><trkpt lat="38.579536" lon="-121.503820"><ele>12.20686041098088</ele><time>2025-11-23T19:38:58Z</time></trkpt><trkpt lat="38.579541" lon="-121.503787"><ele>12.30668833758682</ele><time>2025-11-23T19:38:59Z</time></trkpt><trkpt lat="38.579547" lon="-121.503759"><ele>12.339874778874218</ele><time>2025-11-23T19:39:00Z</time></trkpt><trkpt lat="38.579532" lon="-121.503709"><ele>11.908094848506153</ele><time>2025-11-23T19:39:01Z</time></trkpt><trkpt lat="38.579523" lon="-121.503687"><ele>11.63595125824213</ele><time>2025-11-23T19:39:02Z</time></trkpt><trkpt lat="38.579517" lon="-121.503653"><ele>11.454184315167367</ele><time>2025-11-23T19:39:03Z</time></trkpt><trkpt lat="38.579504" lon="-121.503612"><ele>11.924820831976831</ele><time>2025-11-23T19:39:04Z</time></trkpt><trkpt lat="38.579499" lon="-121.503580"><ele>12.336907762102783</ele><time>2025-11-23T19:39:05Z</time></trkpt><trkpt lat="38.579487" lon="-121.503544"><ele>12.831387970596552</ele><time>2025-11-23T19:39:06Z</time></trkpt><trkpt lat="38.579477" lon="-121.503512"><ele>12.743831502273679</ele><time>2025-11-23T19:39:07Z</time></trkpt><trkpt lat="38.579465" lon="-121.503484"><ele>12.345281884074211</ele><time>2025-11-23T19:39:08Z</time></trkpt><trkpt lat="38.579447" lon="-121.503450"><ele>11.553259142674506</ele><time>2025-11-23T19:39:09Z</time></trkpt><trkpt lat="38.579442" lon="-121.503426"><ele>11.429085660725832</ele><time>2025-11-23T19:39:10Z</time></trkpt><trkpt lat="38.579431" lon="-121.503386"><ele>11.621170299127698</ele><time>2025-11-23T19:39:11Z</time></trkpt><trkpt lat="38.579421" lon="-121.503355"><ele>11.465351508930326</ele><time>2025-11-23T19:39:12Z</time></trkpt><trkpt lat="38.579410" lon="-121.503326"><ele>10.804693431593478</ele><time>2025-11-23T19:39:13Z</time></trkpt><trkpt lat="38.579388" lon="-121.503296"><ele>10.528836527839303</ele><time>2025-11-23T19:39:14Z</time></trkpt><trkpt lat="38.579385" lon="-121.503270"><ele>9.569262158125639</ele><time>2025-11-23T19:39:15Z</time></trkpt><trkpt lat="38.579381" lon="-121.503232"><ele>10.490761922672391</ele><time>2025-11-23T19:39:16Z</time></trkpt><trkpt lat="38.579367" lon="-121.503193"><ele>10.508351075462997</ele><time>2025-11-23T19:39:17Z</time></trkpt><trkpt lat="38.579354" lon="-121.503163"><ele>10.364250495098531</ele><time>2025-11-23T19:39:18Z</time></trkpt><trkpt lat="38.579337" lon="-121.503137"><ele>10.43908672221005</ele><time>2025-11-23T19:39:19Z</time></trkpt><trkpt lat="38.579327" lon="-121.503114"><ele>9.661635029129684</ele><time>2025-11-23T19:39:20Z</time></trkpt><trkpt lat="38.579331" lon="-121.503085"><ele>9.693538780324161</ele><time>2025-11-23T19:39:21Z</time></trkpt><trkpt lat="38.579317" lon="-121.503052"><ele>9.635937943123281</ele><time>2025-11-23T19:39:22Z</time></trkpt><trkpt lat="38.579308" lon="-121.503023"><ele>9.568393093533814</ele><time>2025-11-23T19:39:23Z</time></trkpt><trkpt lat="38.579308" lon="-121.502995"><ele>9.560860422439873</ele><time>2025-11-23T19:39:24Z</time></trkpt><trkpt lat="38.579299" lon="-121.502964"><ele>9.361059137620032</ele><time>2025-11-23T19:39:25Z</time></trkpt><trkpt lat="38.579298" lon="-121.502932"><ele>9.342865513637662</ele><time>2025-11-23T19:39:26Z</time></trkpt><trkpt lat="38.579293" lon="-121.502905"><ele>9.047944851219654</ele><time>2025-11-23T19:39:27Z</time></trkpt><trkpt lat="38.579277" lon="-121.502863"><ele>9.468003636226058</ele><time>2025-11-23T19:39:28Z</time></trkpt><trkpt lat="38.579268" lon="-121.502827"><ele>9.448003909550607</ele><time>2025-11-23T19:39:29Z</time></trkpt><trkpt lat="38.579261" lon="-121.502790"><ele>9.633921474218369</ele><time>2025-11-23T19:39:30Z</time></trkpt><trkpt lat="38.579255" lon="-121.502766"><ele>9.443626016378403</ele><time>2025-11-23T19:39:31Z</time></trkpt><trkpt lat="38.579249" lon="-121.502744"><ele>9.195997463539243</ele><time>2025-11-23T19:39:32Z</time></trkpt><trkpt lat="38.579240" lon="-121.502713"><ele>9.836340656504035</ele><time>2025-11-23T19:39:33Z</time></trkpt><trkpt lat="38.579231" lon="-121.502682"><ele>9.673848788253963</ele><time>2025-11-23T19:39:34Z</time></trkpt><trkpt lat="38.579222" lon="-121.502649"><ele>9.633808813989162</ele><time>2025-11-23T19:39:35Z</time></trkpt><trkpt lat="38.579210" lon="-121.502610"><ele>10.185270653106272</ele><time>2025-11-23T19:39:36Z</time></trkpt><trkpt lat="38.579203" lon="-121.502577"><ele>10.117219732142985</ele><time>2025-11-23T19:39:37Z</time></trkpt><trkpt lat="38.579195" lon="-121.502550"><ele>10.430336127988994</ele><time>2025-11-23T19:39:38Z</time></trkpt><trkpt lat="38.579186" lon="-121.502517"><ele>10.108294688165188</ele><time>2025-11-23T19:39:39Z</time></trkpt><trkpt lat="38.579175" lon="-121.502487"><ele>9.639160921797156</ele><time>2025-11-23T19:39:40Z</time></trkpt><trkpt lat="38.579169" lon="-121.502456"><ele>9.524458008818328</ele><time>2025-11-23T19:39:41Z</time></trkpt><trkpt lat="38.579159" lon="-121.502419"><ele>9.703696290031075</ele><time>2025-11-23T19:39:42Z</time></trkpt><trkpt lat="38.579149" lon="-121.502388"><ele>9.032957956194878</ele><time>2025-11-23T19:39:43Z</time></trkpt><trkpt lat="38.579142" lon="-121.502355"><ele>9.294486689381301</ele><time>2025-11-23T19:39:44Z</time></trkpt><trkpt lat="38.579133" lon="-121.502325"><ele>9.81635609548539</ele><time>2025-11-23T19:39:45Z</time></trkpt><trkpt lat="38.579125" lon="-121.502293"><ele>10.218253754079342</ele><time>2025-11-23T19:39:46Z</time></trkpt><trkpt lat="38.579115" lon="-121.502259"><ele>9.773332144133747</ele><time>2025-11-23T19:39:47Z</time></trkpt><trkpt lat="38.579107" lon="-121.502229"><ele>8.869526860304177</ele><time>2025-11-23T19:39:48Z</time></trkpt><trkpt lat="38.579099" lon="-121.502198"><ele>9.542467884719372</ele><time>2025-11-23T19:39:49Z</time></trkpt><trkpt lat="38.579090" lon="-121.502165"><ele>8.51157595589757</ele><time>2025-11-23T19:39:50Z</time></trkpt><trkpt lat="38.579081" lon="-121.502134"><ele>8.735173923894763</ele><time>2025-11-23T19:39:51Z</time></trkpt><trkpt lat="38.579062" lon="-121.502107"><ele>8.623358136974275</ele><time>2025-11-23T19:39:52Z</time></trkpt><trkpt lat="38.579044" lon="-121.502083"><ele>8.43571438267827</ele><time>2025-11-23T19:39:53Z</time></trkpt><trkpt lat="38.579032" lon="-121.502058"><ele>9.124479103833437</ele><time>2025-11-23T19:39:54Z</time></trkpt><trkpt lat="38.579033" lon="-121.502035"><ele>8.290008787997067</ele><time>2025-11-23T19:39:55Z</time></trkpt><trkpt lat="38.579019" lon="-121.502012"><ele>8.67315126862377</ele><time>2025-11-23T19:39:56Z</time></trkpt><trkpt lat="38.578998" lon="-121.501991"><ele>8.164760807529092</ele><time>2025-11-23T19:39:57Z</time></trkpt><trkpt lat="38.578984" lon="-121.501961"><ele>8.33101699873805</ele><time>2025-11-23T19:39:58Z</time></trkpt><trkpt lat="38.578972" lon="-121.501932"><ele>8.742661720141768</ele><time>2025-11-23T19:39:59Z</time></trkpt><trkpt lat="38.578962" lon="-121.501902"><ele>7.98278433829546</ele><time>2025-11-23T19:40:00Z</time></trkpt><trkpt lat="38.578942" lon="-121.501874"><ele>8.055301601998508</ele><time>2025-11-23T19:40:01Z</time></trkpt><trkpt lat="38.578928" lon="-121.501857"><ele>7.442151364870369</ele><time>2025-11-23T19:40:02Z</time></trkpt><trkpt lat="38.578912" lon="-121.501834"><ele>7.58573095779866</ele><time>2025-11-23T19:40:03Z</time></trkpt><trkpt lat="38.578903" lon="-121.501800"><ele>7.523661540821195</ele><time>2025-11-23T19:40:04Z</time></trkpt><trkpt lat="38.578901" lon="-121.501760"><ele>7.475619179196656</ele><time>2025-11-23T19:40:05Z</time></trkpt><trkpt lat="38.578902" lon="-121.501716"><ele>8.334605567157269</ele><time>2025-11-23T19:40:06Z</time></trkpt><trkpt lat="38.578900" lon="-121.501685"><ele>8.003881718032062</ele><time>2025-11-23T19:40:07Z</time></trkpt><trkpt lat="38.578889" lon="-121.501652"><ele>7.892809946089983</ele><time>2025-11-23T19:40:08Z</time></trkpt><trkpt lat="38.578871" lon="-121.501612"><ele>8.067476664669812</ele><time>2025-11-23T19:40:09Z</time></trkpt><trkpt lat="38.578871" lon="-121.501571"><ele>7.818148426711559</ele><time>2025-11-23T19:40:10Z</time></trkpt><trkpt lat="38.578865" lon="-121.501524"><ele>8.299243280664086</ele><time>2025-11-23T19:40:11Z</time></trkpt><trkpt lat="38.578856" lon="-121.501494"><ele>8.887538872659206</ele><time>2025-11-23T19:40:12Z</time></trkpt><trkpt lat="38.578841" lon="-121.501470"><ele>7.767769527621567</ele><time>2025-11-23T19:40:13Z</time></trkpt><trkpt lat="38.578826" lon="-121.501433"><ele>8.24333466310054</ele><time>2025-11-23T19:40:14Z</time></trkpt><trkpt lat="38.578820" lon="-121.501394"><ele>7.643315310589969</ele><time>2025-11-23T19:40:15Z</time></trkpt><trkpt lat="38.578805" lon="-121.501356"><ele>8.347220030613244</ele><time>2025-11-23T19:40:16Z</time></trkpt><trkpt lat="38.578783" lon="-121.501333"><ele>8.19158286228776</ele><time>2025-11-23T19:40:17Z</time></trkpt><trkpt lat="38.578771" lon="-121.501313"><ele>7.260587626136839</ele><time>2025-11-23T19:40:18Z</time></trkpt><trkpt lat="38.578781" lon="-121.501260"><ele>8.408587115816772</ele><time>2025-11-23T19:40:19Z</time></trkpt><trkpt lat="38.578815" lon="-121.501211"><ele>8.114569334313273</ele><time>2025-11-23T19:40:20Z</time></trkpt><trkpt lat="38.578827" lon="-121.501194"><ele>8.502830573357642</ele><time>2025-11-23T19:40:21Z</time></trkpt><trkpt lat="38.578824" lon="-121.501180"><ele>7.6269973842427135</ele><time>2025-11-23T19:40:22Z</time></trkpt><trkpt lat="38.578808" lon="-121.501120"><ele>7.60129801928997</ele><time>2025-11-23T19:40:23Z</time></trkpt><trkpt lat="38.578801" lon="-121.501091"><ele>7.6115501234307885</ele><time>2025-11-23T19:40:24Z</time></trkpt><trkpt lat="38.578795" lon="-121.501068"><ele>7.777795334346592</ele><time>2025-11-23T19:40:25Z</time></trkpt><trkpt lat="38.578787" lon="-121.501037"><ele>8.310182301327586</ele><time>2025-11-23T19:40:26Z</time></trkpt><trkpt lat="38.578777" lon="-121.500997"><ele>7.140795529820025</ele><time>2025-11-23T19:40:27Z</time></trkpt><trkpt lat="38.578766" lon="-121.500953"><ele>7.737742132507265</ele><time>2025-11-23T19:40:28Z</time></trkpt><trkpt lat="38.578755" lon="-121.500908"><ele>8.128290988504887</ele><time>2025-11-23T19:40:29Z</time></trkpt><trkpt lat="38.578744" lon="-121.500864"><ele>8.073334338143468</ele><time>2025-11-23T19:40:30Z</time></trkpt><trkpt lat="38.578735" lon="-121.500825"><ele>8.377796686254442</ele><time>2025-11-23T19:40:31Z</time></trkpt><trkpt lat="38.578725" lon="-121.500782"><ele>8.178408809006214</ele><time>2025-11-23T19:40:32Z</time></trkpt><trkpt lat="38.578716" lon="-121.500742"><ele>9.02568165678531</ele><time>2025-11-23T19:40:33Z</time></trkpt><trkpt lat="38.578708" lon="-121.500707"><ele>8.44887666311115</ele><time>2025-11-23T19:40:34Z</time></trkpt><trkpt lat="38.578701" lon="-121.500676"><ele>8.269254614599049</ele><time>2025-11-23T19:40:35Z</time></trkpt><trkpt lat="38.578692" lon="-121.500636"><ele>8.278403440490365</ele><time>2025-11-23T19:40:36Z</time></trkpt><trkpt lat="38.578685" lon="-121.500604"><ele>8.173152311705053</ele><time>2025-11-23T19:40:37Z</time></trkpt><trkpt lat="38.578676" lon="-121.500564"><ele>8.797616564668715</ele><time>2025-11-23T19:40:38Z</time></trkpt><trkpt lat="38.578669" lon="-121.500531"><ele>8.349219405092299</ele><time>2025-11-23T19:40:39Z</time></trkpt><trkpt lat="38.578661" lon="-121.500497"><ele>8.512672745622694</ele><time>2025-11-23T19:40:40Z</time></trkpt><trkpt lat="38.578652" lon="-121.500458"><ele>7.910866633988917</ele><time>2025-11-23T19:40:41Z</time></trkpt><trkpt lat="38.578647" lon="-121.500436"><ele>7.735440697520971</ele><time>2025-11-23T19:40:42Z</time></trkpt><trkpt lat="38.578640" lon="-121.500404"><ele>7.8096463875845075</ele><time>2025-11-23T19:40:43Z</time></trkpt><trkpt lat="38.578634" lon="-121.500377"><ele>8.123211226426065</ele><time>2025-11-23T19:40:44Z</time></trkpt><trkpt lat="38.578626" lon="-121.500351"><ele>7.627707286737859</ele><time>2025-11-23T19:40:45Z</time></trkpt><trkpt lat="38.578617" lon="-121.500315"><ele>8.118235378526151</ele><time>2025-11-23T19:40:46Z</time></trkpt><trkpt lat="38.578611" lon="-121.500290"><ele>7.151500619016588</ele><time>2025-11-23T19:40:47Z</time></trkpt><trkpt lat="38.578604" lon="-121.500263"><ele>8.062699823640287</ele><time>2025-11-23T19:40:48Z</time></trkpt><trkpt lat="38.578598" lon="-121.500239"><ele>7.181301008909941</ele><time>2025-11-23T19:40:49Z</time></trkpt><trkpt lat="38.578595" lon="-121.500226"><ele>7.973793885670602</ele><time>2025-11-23T19:40:50Z</time></trkpt><trkpt lat="38.578590" lon="-121.500207"><ele>8.477885938249528</ele><time>2025-11-23T19:40:51Z</time></trkpt><trkpt lat="38.578584" lon="-121.500183"><ele>7.578679163008928</ele><time>2025-11-23T19:40:52Z</time></trkpt><trkpt lat="38.578578" lon="-121.500158"><ele>8.176882016472518</ele><time>2025-11-23T19:40:53Z</time></trkpt><trkpt lat="38.578565" lon="-121.500146"><ele>7.636297939345241</ele><time>2025-11-23T19:40:54Z</time></trkpt><trkpt lat="38.578543" lon="-121.500129"><ele>7.065661592409015</ele><time>2025-11-23T19:40:55Z</time></trkpt><trkpt lat="38.578530" lon="-121.500100"><ele>9.036296245642006</ele><time>2025-11-23T19:40:56Z</time></trkpt><trkpt lat="38.578526" lon="-121.500081"><ele>8.144141620025039</ele><time>2025-11-23T19:40:57Z</time></trkpt><trkpt lat="38.578522" lon="-121.500061"><ele>8.88955960702151</ele><time>2025-11-23T19:40:58Z</time></trkpt><trkpt lat="38.578529" lon="-121.500029"><ele>8.037965717725456</ele><time>2025-11-23T19:40:59Z</time></trkpt><trkpt lat="38.578526" lon="-121.499984"><ele>7.642545296810567</ele><time>2025-11-23T19:41:00Z</time></trkpt><trkpt lat="38.578520" lon="-121.499942"><ele>7.651733937673271</ele><time>2025-11-23T19:41:01Z</time></trkpt><trkpt lat="38.578510" lon="-121.499903"><ele>7.060178195126355</ele><time>2025-11-23T19:41:02Z</time></trkpt><trkpt lat="38.578500" lon="-121.499866"><ele>7.6803831569850445</ele><time>2025-11-23T19:41:03Z</time></trkpt><trkpt lat="38.578490" lon="-121.499829"><ele>7.631863750517368</ele><time>2025-11-23T19:41:04Z</time></trkpt><trkpt lat="38.578481" lon="-121.499794"><ele>7.827986798249185</ele><time>2025-11-23T19:41:05Z</time></trkpt><trkpt lat="38.578471" lon="-121.499760"><ele>7.644974236376584</ele><time>2025-11-23T19:41:06Z</time></trkpt><trkpt lat="38.578464" lon="-121.499732"><ele>7.482932521030307</ele><time>2025-11-23T19:41:07Z</time></trkpt><trkpt lat="38.578442" lon="-121.499709"><ele>7.755200503394008</ele><time>2025-11-23T19:41:08Z</time></trkpt><trkpt lat="38.578434" lon="-121.499676"><ele>6.937188184820116</ele><time>2025-11-23T19:41:09Z</time></trkpt><trkpt lat="38.578436" lon="-121.499632"><ele>7.138646624982357</ele><time>2025-11-23T19:41:10Z</time></trkpt><trkpt lat="38.578427" lon="-121.499596"><ele>6.970137771219015</ele><time>2025-11-23T19:41:11Z</time></trkpt><trkpt lat="38.578416" lon="-121.499556"><ele>6.643525703810155</ele><time>2025-11-23T19:41:12Z</time></trkpt><trkpt lat="38.578407" lon="-121.499524"><ele>6.231820059008896</ele><time>2025-11-23T19:41:13Z</time></trkpt><trkpt lat="38.578396" lon="-121.499483"><ele>7.438997313380241</ele><time>2025-11-23T19:41:14Z</time></trkpt><trkpt lat="38.578471" lon="-121.499418"><ele>7.129990107379854</ele><time>2025-11-23T19:41:15Z</time></trkpt><trkpt lat="38.578473" lon="-121.499387"><ele>8.143543074838817</ele><time>2025-11-23T19:41:16Z</time></trkpt><trkpt lat="38.578474" lon="-121.499357"><ele>6.642953761853278</ele><time>2025-11-23T19:41:17Z</time></trkpt><trkpt lat="38.578469" lon="-121.499324"><ele>6.7262969287112355</ele><time>2025-11-23T19:41:18Z</time></trkpt><trkpt lat="38.578462" lon="-121.499293"><ele>7.441484002396464</ele><time>2025-11-23T19:41:19Z</time></trkpt><trkpt lat="38.578445" lon="-121.499268"><ele>7.592868395149708</ele><time>2025-11-23T19:41:20Z</time></trkpt><trkpt lat="38.578421" lon="-121.499251"><ele>8.83721400052309</ele><time>2025-11-23T19:41:21Z</time></trkpt><trkpt lat="38.578425" lon="-121.499215"><ele>8.034222671762109</ele><time>2025-11-23T19:41:22Z</time></trkpt><trkpt lat="38.578424" lon="-121.499181"><ele>8.245425732806325</ele><time>2025-11-23T19:41:23Z</time></trkpt><trkpt lat="38.578405" lon="-121.499154"><ele>7.601534168235958</ele><time>2025-11-23T19:41:24Z</time></trkpt><trkpt lat="38.578400" lon="-121.499119"><ele>8.02588885370642</ele><time>2025-11-23T19:41:25Z</time></trkpt><trkpt lat="38.578402" lon="-121.499066"><ele>8.366419757716358</ele><time>2025-11-23T19:41:26Z</time></trkpt><trkpt lat="38.578373" lon="-121.499022"><ele>7.675626114010811</ele><time>2025-11-23T19:41:27Z</time></trkpt><trkpt lat="38.578356" lon="-121.498988"><ele>7.700624510645866</ele><time>2025-11-23T19:41:28Z</time></trkpt><trkpt lat="38.578353" lon="-121.498951"><ele>7.913050563074648</ele><time>2025-11-23T19:41:29Z</time></trkpt><trkpt lat="38.578327" lon="-121.498930"><ele>8.508775749243796</ele><time>2025-11-23T19:41:30Z</time></trkpt><trkpt lat="38.578306" lon="-121.498881"><ele>8.281102429144084</ele><time>2025-11-23T19:41:31Z</time></trkpt><trkpt lat="38.578285" lon="-121.498843"><ele>8.637392277829349</ele><time>2025-11-23T19:41:32Z</time></trkpt><trkpt lat="38.578268" lon="-121.498819"><ele>8.23749296553433</ele><time>2025-11-23T19:41:33Z</time></trkpt><trkpt lat="38.578256" lon="-121.498790"><ele>8.30223248526454</ele><time>2025-11-23T19:41:34Z</time></trkpt><trkpt lat="38.578229" lon="-121.498769"><ele>8.10971817187965</ele><time>2025-11-23T19:41:35Z</time></trkpt><trkpt lat="38.578213" lon="-121.498749"><ele>7.7936273124068975</ele><time>2025-11-23T19:41:36Z</time></trkpt><trkpt lat="38.578199" lon="-121.498729"><ele>7.709085199050605</ele><time>2025-11-23T19:41:37Z</time></trkpt><trkpt lat="38.578199" lon="-121.498703"><ele>7.523216777481139</ele><time>2025-11-23T19:41:38Z</time></trkpt><trkpt lat="38.578163" lon="-121.498717"><ele>7.965874794870615</ele><time>2025-11-23T19:41:39Z</time></trkpt><trkpt lat="38.578146" lon="-121.498708"><ele>7.917097432538867</ele><time>2025-11-23T19:41:40Z</time></trkpt><trkpt lat="38.578126" lon="-121.498685"><ele>7.789670373313129</ele><time>2025-11-23T19:41:41Z</time></trkpt><trkpt lat="38.578111" lon="-121.498664"><ele>7.873353551141918</ele><time>2025-11-23T19:41:42Z</time></trkpt><trkpt lat="38.578098" lon="-121.498624"><ele>8.014094987884164</ele><time>2025-11-23T19:41:43Z</time></trkpt><trkpt lat="38.578093" lon="-121.498582"><ele>7.57819783128798</ele><time>2025-11-23T19:41:44Z</time></trkpt><trkpt lat="38.578096" lon="-121.498532"><ele>8.140548631548882</ele><time>2025-11-23T19:41:45Z</time></trkpt><trkpt lat="38.578093" lon="-121.498490"><ele>6.928544039838016</ele><time>2025-11-23T19:41:46Z</time></trkpt><trkpt lat="38.578084" lon="-121.498459"><ele>7.321348289959133</ele><time>2025-11-23T19:41:47Z</time></trkpt><trkpt lat="38.578086" lon="-121.498417"><ele>6.9784021861851215</ele><time>2025-11-23T19:41:48Z</time></trkpt><trkpt lat="38.578094" lon="-121.498367"><ele>7.156689410097897</ele><time>2025-11-23T19:41:49Z</time></trkpt><trkpt lat="38.578120" lon="-121.498321"><ele>8.10224526654929</ele><time>2025-11-23T19:41:50Z</time></trkpt><trkpt lat="38.578150" lon="-121.498296"><ele>7.587981906719506</ele><time>2025-11-23T19:41:51Z</time></trkpt><trkpt lat="38.578158" lon="-121.498251"><ele>7.604943225160241</ele><time>2025-11-23T19:41:52Z</time></trkpt><trkpt lat="38.578155" lon="-121.498204"><ele>7.1521557020023465</ele><time>2025-11-23T19:41:53Z</time></trkpt><trkpt lat="38.578161" lon="-121.498177"><ele>7.567447330802679</ele><time>2025-11-23T19:41:54Z</time></trkpt><trkpt lat="38.578129" lon="-121.498114"><ele>7.9614425068721175</ele><time>2025-11-23T19:41:55Z</time></trkpt><trkpt lat="38.578110" lon="-121.498077"><ele>7.320221425965428</ele><time>2025-11-23T19:41:56Z</time></trkpt><trkpt lat="38.578089" lon="-121.498039"><ele>7.629275511950254</ele><time>2025-11-23T19:41:57Z</time></trkpt><trkpt lat="38.578087" lon="-121.498003"><ele>7.890428185462952</ele><time>2025-11-23T19:41:58Z</time></trkpt><trkpt lat="38.578092" lon="-121.497960"><ele>7.221474722027779</ele><time>2025-11-23T19:41:59Z</time></trkpt><trkpt lat="38.578079" lon="-121.497923"><ele>7.270856466144323</ele><time>2025-11-23T19:42:00Z</time></trkpt><trkpt lat="38.578075" lon="-121.497891"><ele>7.207584127783775</ele><time>2025-11-23T19:42:01Z</time></trkpt><trkpt lat="38.578065" lon="-121.497855"><ele>7.400493832305074</ele><time>2025-11-23T19:42:02Z</time></trkpt><trkpt lat="38.578049" lon="-121.497822"><ele>7.975411950610578</ele><time>2025-11-23T19:42:03Z</time></trkpt><trkpt lat="38.578032" lon="-121.497792"><ele>7.917991373687983</ele><time>2025-11-23T19:42:04Z</time></trkpt><trkpt lat="38.578020" lon="-121.497765"><ele>7.562728567048907</ele><time>2025-11-23T19:42:05Z</time></trkpt><trkpt lat="38.578006" lon="-121.497735"><ele>7.8603738797828555</ele><time>2025-11-23T19:42:06Z</time></trkpt><trkpt lat="38.577988" lon="-121.497688"><ele>7.724244138225913</ele><time>2025-11-23T19:42:07Z</time></trkpt><trkpt lat="38.577963" lon="-121.497650"><ele>7.596685644239187</ele><time>2025-11-23T19:42:08Z</time></trkpt><trkpt lat="38.577952" lon="-121.497615"><ele>7.9148740051314235</ele><time>2025-11-23T19:42:09Z</time></trkpt><trkpt lat="38.577948" lon="-121.497577"><ele>7.967833562754095</ele><time>2025-11-23T19:42:10Z</time></trkpt><trkpt lat="38.577934" lon="-121.497540"><ele>8.131915271282196</ele><time>2025-11-23T19:42:11Z</time></trkpt><trkpt lat="38.577943" lon="-121.497490"><ele>7.5983031168580055</ele><time>2025-11-23T19:42:12Z</time></trkpt><trkpt lat="38.577929" lon="-121.497450"><ele>7.671359211206436</ele><time>2025-11-23T19:42:13Z</time></trkpt><trkpt lat="38.577924" lon="-121.497412"><ele>8.089849628508091</ele><time>2025-11-23T19:42:14Z</time></trkpt><trkpt lat="38.577906" lon="-121.497389"><ele>7.679553125053644</ele><time>2025-11-23T19:42:15Z</time></trkpt><trkpt lat="38.577884" lon="-121.497363"><ele>8.354573160409927</ele><time>2025-11-23T19:42:16Z</time></trkpt><trkpt lat="38.577868" lon="-121.497322"><ele>8.9703090172261</ele><time>2025-11-23T19:42:17Z</time></trkpt><trkpt lat="38.577854" lon="-121.497292"><ele>8.312468653544784</ele><time>2025-11-23T19:42:18Z</time></trkpt><trkpt lat="38.577843" lon="-121.497273"><ele>7.500821019522846</ele><time>2025-11-23T19:42:19Z</time></trkpt><trkpt lat="38.577836" lon="-121.497240"><ele>7.796889870427549</ele><time>2025-11-23T19:42:20Z</time></trkpt><trkpt lat="38.577824" lon="-121.497207"><ele>7.144421719014645</ele><time>2025-11-23T19:42:21Z</time></trkpt><trkpt lat="38.577812" lon="-121.497172"><ele>7.745212321169674</ele><time>2025-11-23T19:42:22Z</time></trkpt><trkpt lat="38.577801" lon="-121.497123"><ele>7.8217692682519555</ele><time>2025-11-23T19:42:23Z</time></trkpt><trkpt lat="38.577790" lon="-121.497098"><ele>8.715006182901561</ele><time>2025-11-23T19:42:24Z</time></trkpt><trkpt lat="38.577776" lon="-121.497053"><ele>8.383724407292902</ele><time>2025-11-23T19:42:25Z</time></trkpt><trkpt lat="38.577767" lon="-121.497018"><ele>8.438596345484257</ele><time>2025-11-23T19:42:26Z</time></trkpt><trkpt lat="38.577749" lon="-121.496997"><ele>8.471209350042045</ele><time>2025-11-23T19:42:27Z</time></trkpt><trkpt lat="38.577741" lon="-121.496959"><ele>8.192228485830128</ele><time>2025-11-23T19:42:28Z</time></trkpt><trkpt lat="38.577737" lon="-121.496915"><ele>9.384347919374704</ele><time>2025-11-23T19:42:29Z</time></trkpt><trkpt lat="38.577726" lon="-121.496885"><ele>9.40564177557826</ele><time>2025-11-23T19:42:30Z</time></trkpt><trkpt lat="38.577717" lon="-121.496850"><ele>9.139270368032157</ele><time>2025-11-23T19:42:31Z</time></trkpt><trkpt lat="38.577701" lon="-121.496827"><ele>8.73633055947721</ele><time>2025-11-23T19:42:32Z</time></trkpt><trkpt lat="38.577694" lon="-121.496794"><ele>7.998667890205979</ele><time>2025-11-23T19:42:33Z</time></trkpt><trkpt lat="38.577693" lon="-121.496751"><ele>8.895145596005023</ele><time>2025-11-23T19:42:34Z</time></trkpt><trkpt lat="38.577690" lon="-121.496714"><ele>8.659647522494197</ele><time>2025-11-23T19:42:35Z</time></trkpt><trkpt lat="38.577686" lon="-121.496677"><ele>8.70380138605833</ele><time>2025-11-23T19:42:36Z</time></trkpt><trkpt lat="38.577677" lon="-121.496653"><ele>8.360028742812574</ele><time>2025-11-23T19:42:37Z</time></trkpt><trkpt lat="38.577663" lon="-121.496615"><ele>8.205434979870915</ele><time>2025-11-23T19:42:38Z</time></trkpt><trkpt lat="38.577646" lon="-121.496583"><ele>7.823840159922838</ele><time>2025-11-23T19:42:39Z</time></trkpt><trkpt lat="38.577625" lon="-121.496561"><ele>7.96031953021884</ele><time>2025-11-23T19:42:40Z</time></trkpt><trkpt lat="38.577622" lon="-121.496527"><ele>8.383651756681502</ele><time>2025-11-23T19:42:41Z</time></trkpt><trkpt lat="38.577618" lon="-121.496488"><ele>8.132557203993201</ele><time>2025-11-23T19:42:42Z</time></trkpt><trkpt lat="38.577606" lon="-121.496460"><ele>8.194703646935523</ele><time>2025-11-23T19:42:43Z</time></trkpt><trkpt lat="38.577593" lon="-121.496430"><ele>8.278157589957118</ele><time>2025-11-23T19:42:44Z</time></trkpt><trkpt lat="38.577579" lon="-121.496402"><ele>8.026622500270605</ele><time>2025-11-23T19:42:45Z</time></trkpt><trkpt lat="38.577565" lon="-121.496386"><ele>7.412714431993663</ele><time>2025-11-23T19:42:46Z</time></trkpt><trkpt lat="38.577554" lon="-121.496352"><ele>8.774222960695624</ele><time>2025-11-23T19:42:47Z</time></trkpt><trkpt lat="38.577556" lon="-121.496310"><ele>7.577148979529738</ele><time>2025-11-23T19:42:48Z</time></trkpt><trkpt lat="38.577570" lon="-121.496289"><ele>7.614961709827185</ele><time>2025-11-23T19:42:49Z</time></trkpt><trkpt lat="38.577570" lon="-121.496292"><ele>6.85747130587697</ele><time>2025-11-23T19:42:50Z</time></trkpt><trkpt lat="38.577558" lon="-121.496296"><ele>6.852316181175411</ele><time>2025-11-23T19:42:51Z</time></trkpt><trkpt lat="38.577535" lon="-121.496303"><ele>6.722667853347957</ele><time>2025-11-23T19:42:52Z</time></trkpt><trkpt lat="38.577502" lon="-121.496313"><ele>6.809227882884443</ele><time>2025-11-23T19:42:53Z</time></trkpt><trkpt lat="38.577478" lon="-121.496317"><ele>7.4395891930907965</ele><time>2025-11-23T19:42:54Z</time></trkpt><trkpt lat="38.577468" lon="-121.496316"><ele>7.403768972493708</ele><time>2025-11-23T19:42:55Z</time></trkpt><trkpt lat="38.577452" lon="-121.496312"><ele>7.366141684353352</ele><time>2025-11-23T19:42:56Z</time></trkpt><trkpt lat="38.577440" lon="-121.496309"><ele>7.2461187383159995</ele><time>2025-11-23T19:42:57Z</time></trkpt><trkpt lat="38.577425" lon="-121.496320"><ele>7.338689950294793</ele><time>2025-11-23T19:42:58Z</time></trkpt><trkpt lat="38.577404" lon="-121.496333"><ele>7.625679800286889</ele><time>2025-11-23T19:42:59Z</time></trkpt><trkpt lat="38.577386" lon="-121.496340"><ele>7.287346427328885</ele><time>2025-11-23T19:43:00Z</time></trkpt><trkpt lat="38.577372" lon="-121.496354"><ele>7.605464858934283</ele><time>2025-11-23T19:43:01Z</time></trkpt><trkpt lat="38.577359" lon="-121.496366"><ele>7.788972325623035</ele><time>2025-11-23T19:43:02Z</time></trkpt><trkpt lat="38.577343" lon="-121.496355"><ele>7.270103078335524</ele><time>2025-11-23T19:43:03Z</time></trkpt><trkpt lat="38.577335" lon="-121.496355"><ele>6.944997547194362</ele><time>2025-11-23T19:43:04Z</time></trkpt><trkpt lat="38.577326" lon="-121.496360"><ele>6.860226267948747</ele><time>2025-11-23T19:43:05Z</time></trkpt><trkpt lat="38.577315" lon="-121.496367"><ele>6.996289469301701</ele><time>2025-11-23T19:43:06Z</time></trkpt><trkpt lat="38.577312" lon="-121.496356"><ele>6.817457617260516</ele><time>2025-11-23T19:43:07Z</time></trkpt><trkpt lat="38.577308" lon="-121.496347"><ele>6.638265526853502</ele><time>2025-11-23T19:43:08Z</time></trkpt><trkpt lat="38.577297" lon="-121.496350"><ele>7.3052359921857715</ele><time>2025-11-23T19:43:09Z</time></trkpt><trkpt lat="38.577269" lon="-121.496364"><ele>7.124236001633108</ele><time>2025-11-23T19:43:10Z</time></trkpt><trkpt lat="38.577276" lon="-121.496367"><ele>6.351805145852268</ele><time>2025-11-23T19:43:11Z</time></trkpt><trkpt lat="38.577267" lon="-121.496339"><ele>6.523946487344801</ele><time>2025-11-23T19:43:12Z</time></trkpt><trkpt lat="38.577266" lon="-121.496304"><ele>6.996192684397101</ele><time>2025-11-23T19:43:13Z</time></trkpt><trkpt lat="38.577255" lon="-121.496279"><ele>7.329740525223315</ele><time>2025-11-23T19:43:14Z</time></trkpt><trkpt lat="38.577236" lon="-121.496264"><ele>6.885332019999623</ele><time>2025-11-23T19:43:15Z</time></trkpt><trkpt lat="38.577214" lon="-121.496258"><ele>7.277153630740941</ele><time>2025-11-23T19:43:16Z</time></trkpt><trkpt lat="38.577197" lon="-121.496255"><ele>7.244101380929351</ele><time>2025-11-23T19:43:17Z</time></trkpt><trkpt lat="38.577172" lon="-121.496255"><ele>6.990165552124381</ele><time>2025-11-23T19:43:18Z</time></trkpt><trkpt lat="38.577153" lon="-121.496249"><ele>8.03752319328487</ele><time>2025-11-23T19:43:19Z</time></trkpt><trkpt lat="38.577117" lon="-121.496249"><ele>7.822319828905165</ele><time>2025-11-23T19:43:20Z</time></trkpt><trkpt lat="38.577078" lon="-121.496266"><ele>7.560653669759631</ele><time>2025-11-23T19:43:21Z</time></trkpt><trkpt lat="38.577042" lon="-121.496278"><ele>7.567527871578932</ele><time>2025-11-23T19:43:22Z</time></trkpt><trkpt lat="38.577007" lon="-121.496280"><ele>7.177770250476897</ele><time>2025-11-23T19:43:23Z</time></trkpt><trkpt lat="38.576984" lon="-121.496281"><ele>8.303265141323209</ele><time>2025-11-23T19:43:24Z</time></trkpt><trkpt lat="38.576953" lon="-121.496295"><ele>7.221032690256834</ele><time>2025-11-23T19:43:25Z</time></trkpt><trkpt lat="38.576931" lon="-121.496295"><ele>8.406207618303597</ele><time>2025-11-23T19:43:26Z</time></trkpt><trkpt lat="38.576910" lon="-121.496330"><ele>7.119066593237221</ele><time>2025-11-23T19:43:27Z</time></trkpt><trkpt lat="38.576885" lon="-121.496338"><ele>7.326315326616168</ele><time>2025-11-23T19:43:28Z</time></trkpt><trkpt lat="38.576859" lon="-121.496356"><ele>7.51585865393281</ele><time>2025-11-23T19:43:29Z</time></trkpt><trkpt lat="38.576838" lon="-121.496364"><ele>6.975045811384916</ele><time>2025-11-23T19:43:30Z</time></trkpt><trkpt lat="38.576813" lon="-121.496375"><ele>7.94273996911943</ele><time>2025-11-23T19:43:31Z</time></trkpt><trkpt lat="38.576784" lon="-121.496411"><ele>7.555413976311684</ele><time>2025-11-23T19:43:32Z</time></trkpt><trkpt lat="38.576755" lon="-121.496413"><ele>7.825455818325281</ele><time>2025-11-23T19:43:33Z</time></trkpt><trkpt lat="38.576719" lon="-121.496417"><ele>7.21974069904536</ele><time>2025-11-23T19:43:34Z</time></trkpt><trkpt lat="38.576698" lon="-121.496418"><ele>6.679395751096308</ele><time>2025-11-23T19:43:35Z</time></trkpt><trkpt lat="38.576673" lon="-121.496415"><ele>7.575610740110278</ele><time>2025-11-23T19:43:36Z</time></trkpt><trkpt lat="38.576652" lon="-121.496418"><ele>7.0737111466005445</ele><time>2025-11-23T19:43:37Z</time></trkpt><trkpt lat="38.576639" lon="-121.496414"><ele>8.05035614874214</ele><time>2025-11-23T19:43:38Z</time></trkpt><trkpt lat="38.576619" lon="-121.496416"><ele>7.791380448266864</ele><time>2025-11-23T19:43:39Z</time></trkpt><trkpt lat="38.576589" lon="-121.496418"><ele>7.582606613636017</ele><time>2025-11-23T19:43:40Z</time></trkpt><trkpt lat="38.576561" lon="-121.496434"><ele>8.269550615921617</ele><time>2025-11-23T19:43:41Z</time></trkpt><trkpt lat="38.576537" lon="-121.496437"><ele>7.389622922986746</ele><time>2025-11-23T19:43:42Z</time></trkpt><trkpt lat="38.576508" lon="-121.496439"><ele>7.84806845523417</ele><time>2025-11-23T19:43:43Z</time></trkpt><trkpt lat="38.576472" lon="-121.496435"><ele>7.348386690020561</ele><time>2025-11-23T19:43:44Z</time></trkpt><trkpt lat="38.576436" lon="-121.496439"><ele>7.151065709069371</ele><time>2025-11-23T19:43:45Z</time></trkpt><trkpt lat="38.576398" lon="-121.496460"><ele>7.1065284591168165</ele><time>2025-11-23T19:43:46Z</time></trkpt><trkpt lat="38.576370" lon="-121.496482"><ele>8.14108207821846</ele><time>2025-11-23T19:43:47Z</time></trkpt><trkpt lat="38.576364" lon="-121.496491"><ele>7.6030186945572495</ele><time>2025-11-23T19:43:48Z</time></trkpt><trkpt lat="38.576352" lon="-121.496492"><ele>7.512800605036318</ele><time>2025-11-23T19:43:49Z</time></trkpt><trkpt lat="38.576347" lon="-121.496511"><ele>7.581445396877825</ele><time>2025-11-23T19:43:50Z</time></trkpt><trkpt lat="38.576341" lon="-121.496504"><ele>6.863381770439446</ele><time>2025-11-23T19:43:51Z</time></trkpt><trkpt lat="38.576333" lon="-121.496506"><ele>7.164932956919074</ele><time>2025-11-23T19:43:52Z</time></trkpt><trkpt lat="38.576325" lon="-121.496515"><ele>7.258127597160637</ele><time>2025-11-23T19:43:53Z</time></trkpt><trkpt lat="38.576323" lon="-121.496520"><ele>7.861838628537953</ele><time>2025-11-23T19:43:54Z</time></trkpt><trkpt lat="38.576315" lon="-121.496527"><ele>8.45636236295104</ele><time>2025-11-23T19:43:55Z</time></trkpt><trkpt lat="38.576305" lon="-121.496529"><ele>8.541322750039399</ele><time>2025-11-23T19:43:56Z</time></trkpt><trkpt lat="38.576293" lon="-121.496538"><ele>8.428163591772318</ele><time>2025-11-23T19:43:57Z</time></trkpt><trkpt lat="38.576287" lon="-121.496531"><ele>8.198555772192776</ele><time>2025-11-23T19:43:58Z</time></trkpt><trkpt lat="38.576282" lon="-121.496521"><ele>7.986167243681848</ele><time>2025-11-23T19:43:59Z</time></trkpt><trkpt lat="38.576286" lon="-121.496504"><ele>7.944201777689159</ele><time>2025-11-23T19:44:00Z</time></trkpt><trkpt lat="38.576280" lon="-121.496495"><ele>8.362910337746143</ele><time>2025-11-23T19:44:01Z</time></trkpt><trkpt lat="38.576277" lon="-121.496477"><ele>8.627337678335607</ele><time>2025-11-23T19:44:02Z</time></trkpt><trkpt lat="38.576281" lon="-121.496468"><ele>7.767050290480256</ele><time>2025-11-23T19:44:03Z</time></trkpt><trkpt lat="38.576282" lon="-121.496458"><ele>7.695040648803115</ele><time>2025-11-23T19:44:04Z</time></trkpt><trkpt lat="38.576280" lon="-121.496443"><ele>7.975454727187753</ele><time>2025-11-23T19:44:05Z</time></trkpt><trkpt lat="38.576284" lon="-121.496418"><ele>7.9087904784828424</ele><time>2025-11-23T19:44:06Z</time></trkpt><trkpt lat="38.576281" lon="-121.496402"><ele>8.20484354160726</ele><time>2025-11-23T19:44:07Z</time></trkpt><trkpt lat="38.576262" lon="-121.496379"><ele>7.888651934452355</ele><time>2025-11-23T19:44:08Z</time></trkpt><trkpt lat="38.576252" lon="-121.496355"><ele>8.132319098338485</ele><time>2025-11-23T19:44:09Z</time></trkpt><trkpt lat="38.576251" lon="-121.496329"><ele>8.042225469835103</ele><time>2025-11-23T19:44:10Z</time></trkpt><trkpt lat="38.576240" lon="-121.496294"><ele>7.9219318479299545</ele><time>2025-11-23T19:44:11Z</time></trkpt><trkpt lat="38.576231" lon="-121.496271"><ele>8.250847209244967</ele><time>2025-11-23T19:44:12Z</time></trkpt><trkpt lat="38.576217" lon="-121.496221"><ele>8.649079274386168</ele><time>2025-11-23T19:44:13Z</time></trkpt><trkpt lat="38.576192" lon="-121.496195"><ele>8.51578495465219</ele><time>2025-11-23T19:44:14Z</time></trkpt><trkpt lat="38.576180" lon="-121.496167"><ele>9.188185353763402</ele><time>2025-11-23T19:44:15Z</time></trkpt><trkpt lat="38.576171" lon="-121.496140"><ele>9.540792854502797</ele><time>2025-11-23T19:44:16Z</time></trkpt><trkpt lat="38.576158" lon="-121.496125"><ele>9.127669844776392</ele><time>2025-11-23T19:44:17Z</time></trkpt><trkpt lat="38.576166" lon="-121.496095"><ele>9.04774190671742</ele><time>2025-11-23T19:44:18Z</time></trkpt><trkpt lat="38.576155" lon="-121.496058"><ele>8.566457392647862</ele><time>2025-11-23T19:44:19Z</time></trkpt><trkpt lat="38.576144" lon="-121.496028"><ele>8.41970100440085</ele><time>2025-11-23T19:44:20Z</time></trkpt><trkpt lat="38.576137" lon="-121.495990"><ele>8.519615511409938</ele><time>2025-11-23T19:44:21Z</time></trkpt><trkpt lat="38.576135" lon="-121.495952"><ele>8.503676974214613</ele><time>2025-11-23T19:44:22Z</time></trkpt><trkpt lat="38.576124" lon="-121.495914"><ele>9.554433244280517</ele><time>2025-11-23T19:44:23Z</time></trkpt><trkpt lat="38.576099" lon="-121.495883"><ele>8.326662075705826</ele><time>2025-11-23T19:44:24Z</time></trkpt><trkpt lat="38.576075" lon="-121.495856"><ele>9.417483751662076</ele><time>2025-11-23T19:44:25Z</time></trkpt><trkpt lat="38.576049" lon="-121.495830"><ele>8.108960196375847</ele><time>2025-11-23T19:44:26Z</time></trkpt><trkpt lat="38.576026" lon="-121.495803"><ele>8.300038053654134</ele><time>2025-11-23T19:44:27Z</time></trkpt><trkpt lat="38.576006" lon="-121.495775"><ele>8.233518564142287</ele><time>2025-11-23T19:44:28Z</time></trkpt><trkpt lat="38.575980" lon="-121.495747"><ele>7.188620617613196</ele><time>2025-11-23T19:44:29Z</time></trkpt><trkpt lat="38.575934" lon="-121.495736"><ele>7.280014205724001</ele><time>2025-11-23T19:44:30Z</time></trkpt><trkpt lat="38.575945" lon="-121.495692"><ele>7.802231330424547</ele><time>2025-11-23T19:44:31Z</time></trkpt><trkpt lat="38.575913" lon="-121.495661"><ele>6.985740939155221</ele><time>2025-11-23T19:44:32Z</time></trkpt><trkpt lat="38.575888" lon="-121.495645"><ele>7.136361792683601</ele><time>2025-11-23T19:44:33Z</time></trkpt><trkpt lat="38.575879" lon="-121.495605"><ele>6.912215865217149</ele><time>2025-11-23T19:44:34Z</time></trkpt><trkpt lat="38.575850" lon="-121.495581"><ele>7.549155281856656</ele><time>2025-11-23T19:44:35Z</time></trkpt><trkpt lat="38.575825" lon="-121.495559"><ele>7.058266077190638</ele><time>2025-11-23T19:44:36Z</time></trkpt><trkpt lat="38.575804" lon="-121.495532"><ele>6.587312892079353</ele><time>2025-11-23T19:44:37Z</time></trkpt><trkpt lat="38.575781" lon="-121.495525"><ele>6.459169915877283</ele><time>2025-11-23T19:44:38Z</time></trkpt><trkpt lat="38.575757" lon="-121.495521"><ele>6.226039848290384</ele><time>2025-11-23T19:44:39Z</time></trkpt><trkpt lat="38.575734" lon="-121.495501"><ele>6.858151761814952</ele><time>2025-11-23T19:44:40Z</time></trkpt><trkpt lat="38.575704" lon="-121.495477"><ele>7.176017066463828</ele><time>2025-11-23T19:44:41Z</time></trkpt><trkpt lat="38.575682" lon="-121.495468"><ele>6.737922097556293</ele><time>2025-11-23T19:44:42Z</time></trkpt><trkpt lat="38.575654" lon="-121.495479"><ele>7.417228894308209</ele><time>2025-11-23T19:44:43Z</time></trkpt><trkpt lat="38.575625" lon="-121.495487"><ele>6.719002244062722</ele><time>2025-11-23T19:44:44Z</time></trkpt><trkpt lat="38.575602" lon="-121.495487"><ele>6.2301371628418565</ele><time>2025-11-23T19:44:45Z</time></trkpt><trkpt lat="38.575585" lon="-121.495482"><ele>9.025709252804518</ele><time>2025-11-23T19:44:46Z</time></trkpt><trkpt lat="38.575550" lon="-121.495488"><ele>6.6163550447672606</ele><time>2025-11-23T19:44:47Z</time></trkpt><trkpt lat="38.575522" lon="-121.495489"><ele>7.049930674955249</ele><time>2025-11-23T19:44:48Z</time></trkpt><trkpt lat="38.575495" lon="-121.495490"><ele>8.166031749919057</ele><time>2025-11-23T19:44:49Z</time></trkpt><trkpt lat="38.575465" lon="-121.495484"><ele>5.839213641360402</ele><time>2025-11-23T19:44:50Z</time></trkpt><trkpt lat="38.575439" lon="-121.495486"><ele>8.071780307218432</ele><time>2025-11-23T19:44:51Z</time></trkpt><trkpt lat="38.575408" lon="-121.495494"><ele>6.479544307105243</ele><time>2025-11-23T19:44:52Z</time></trkpt><trkpt lat="38.575386" lon="-121.495502"><ele>6.482467215508223</ele><time>2025-11-23T19:44:53Z</time></trkpt><trkpt lat="38.575359" lon="-121.495516"><ele>8.08720048237592</ele><time>2025-11-23T19:44:54Z</time></trkpt><trkpt lat="38.575340" lon="-121.495526"><ele>6.555469065904617</ele><time>2025-11-23T19:44:55Z</time></trkpt><trkpt lat="38.575317" lon="-121.495540"><ele>8.714587952010334</ele><time>2025-11-23T19:44:56Z</time></trkpt><trkpt lat="38.575294" lon="-121.495554"><ele>6.054966378025711</ele><time>2025-11-23T19:44:57Z</time></trkpt><trkpt lat="38.575269" lon="-121.495565"><ele>7.859782765619457</ele><time>2025-11-23T19:44:58Z</time></trkpt><trkpt lat="38.575247" lon="-121.495575"><ele>7.53474454022944</ele><time>2025-11-23T19:44:59Z</time></trkpt><trkpt lat="38.575227" lon="-121.495583"><ele>5.830880903638899</ele><time>2025-11-23T19:45:00Z</time></trkpt><trkpt lat="38.575201" lon="-121.495594"><ele>7.72588783595711</ele><time>2025-11-23T19:45:01Z</time></trkpt><trkpt lat="38.575180" lon="-121.495603"><ele>6.05184661783278</ele><time>2025-11-23T19:45:02Z</time></trkpt><trkpt lat="38.575156" lon="-121.495615"><ele>7.169287154451013</ele><time>2025-11-23T19:45:03Z</time></trkpt><trkpt lat="38.575132" lon="-121.495625"><ele>8.044019042514265</ele><time>2025-11-23T19:45:04Z</time></trkpt><trkpt lat="38.575100" lon="-121.495639"><ele>7.291630451567471</ele><time>2025-11-23T19:45:05Z</time></trkpt><trkpt lat="38.575079" lon="-121.495648"><ele>9.303104469552636</ele><time>2025-11-23T19:45:06Z</time></trkpt><trkpt lat="38.575053" lon="-121.495659"><ele>7.755649914033711</ele><time>2025-11-23T19:45:07Z</time></trkpt><trkpt lat="38.575022" lon="-121.495672"><ele>8.8384711118415</ele><time>2025-11-23T19:45:08Z</time></trkpt><trkpt lat="38.574988" lon="-121.495687"><ele>7.662584441713989</ele><time>2025-11-23T19:45:09Z</time></trkpt><trkpt lat="38.574959" lon="-121.495700"><ele>7.033698484301567</ele><time>2025-11-23T19:45:10Z</time></trkpt><trkpt lat="38.574937" lon="-121.495709"><ele>7.685725601390004</ele><time>2025-11-23T19:45:11Z</time></trkpt><trkpt lat="38.574912" lon="-121.495719"><ele>7.120443564839661</ele><time>2025-11-23T19:45:12Z</time></trkpt><trkpt lat="38.574887" lon="-121.495730"><ele>7.994099515490234</ele><time>2025-11-23T19:45:13Z</time></trkpt><trkpt lat="38.574855" lon="-121.495744"><ele>7.545275926589966</ele><time>2025-11-23T19:45:14Z</time></trkpt><trkpt lat="38.574819" lon="-121.495759"><ele>7.532746088691056</ele><time>2025-11-23T19:45:15Z</time></trkpt><trkpt lat="38.574784" lon="-121.495774"><ele>7.427420292980969</ele><time>2025-11-23T19:45:16Z</time></trkpt><trkpt lat="38.574754" lon="-121.495788"><ele>7.680815727449954</ele><time>2025-11-23T19:45:17Z</time></trkpt><trkpt lat="38.574725" lon="-121.495801"><ele>6.811988555826247</ele><time>2025-11-23T19:45:18Z</time></trkpt><trkpt lat="38.574725" lon="-121.495801"><ele>8.743719632737339</ele><time>2025-11-23T19:45:19Z</time></trkpt><trkpt lat="38.574706" lon="-121.495809"><ele>6.4153009774163365</ele><time>2025-11-23T19:45:20Z</time></trkpt><trkpt lat="38.574690" lon="-121.495816"><ele>7.551203808747232</ele><time>2025-11-23T19:45:21Z</time></trkpt><trkpt lat="38.574672" lon="-121.495823"><ele>7.591587322764099</ele><time>2025-11-23T19:45:22Z</time></trkpt><trkpt lat="38.574650" lon="-121.495833"><ele>7.876230539754033</ele><time>2025-11-23T19:45:23Z</time></trkpt><trkpt lat="38.574634" lon="-121.495840"><ele>8.135517588816583</ele><time>2025-11-23T19:45:24Z</time></trkpt><trkpt lat="38.574633" lon="-121.495817"><ele>8.762579060159624</ele><time>2025-11-23T19:45:25Z</time></trkpt><trkpt lat="38.574622" lon="-121.495791"><ele>9.187462342903018</ele><time>2025-11-23T19:45:26Z</time></trkpt><trkpt lat="38.574592" lon="-121.495771"><ele>9.586736126802862</ele><time>2025-11-23T19:45:27Z</time></trkpt><trkpt lat="38.574592" lon="-121.495794"><ele>8.624305898323655</ele><time>2025-11-23T19:45:28Z</time></trkpt><trkpt lat="38.574598" lon="-121.495821"><ele>8.983334521763027</ele><time>2025-11-23T19:45:29Z</time></trkpt><trkpt lat="38.574615" lon="-121.495848"><ele>7.946441629901528</ele><time>2025-11-23T19:45:30Z</time></trkpt><trkpt lat="38.574535" lon="-121.495499"><ele>7.73361012339592</ele><time>2025-11-23T19:45:31Z</time></trkpt><trkpt lat="38.574533" lon="-121.495474"><ele>8.743661722168326</ele><time>2025-11-23T19:45:32Z</time></trkpt><trkpt lat="38.574524" lon="-121.495439"><ele>7.673278197646141</ele><time>2025-11-23T19:45:33Z</time></trkpt><trkpt lat="38.574508" lon="-121.495407"><ele>8.163290319032967</ele><time>2025-11-23T19:45:34Z</time></trkpt><trkpt lat="38.574493" lon="-121.495364"><ele>7.541433462873101</ele><time>2025-11-23T19:45:35Z</time></trkpt><trkpt lat="38.574483" lon="-121.495338"><ele>7.434950436465442</ele><time>2025-11-23T19:45:36Z</time></trkpt><trkpt lat="38.574474" lon="-121.495314"><ele>7.985443949699402</ele><time>2025-11-23T19:45:37Z</time></trkpt><trkpt lat="38.574477" lon="-121.495281"><ele>7.885334582068026</ele><time>2025-11-23T19:45:38Z</time></trkpt><trkpt lat="38.574467" lon="-121.495235"><ele>7.862687848508358</ele><time>2025-11-23T19:45:39Z</time></trkpt><trkpt lat="38.574461" lon="-121.495201"><ele>7.557808148674667</ele><time>2025-11-23T19:45:40Z</time></trkpt><trkpt lat="38.574446" lon="-121.495161"><ele>7.859798754565418</ele><time>2025-11-23T19:45:41Z</time></trkpt><trkpt lat="38.574435" lon="-121.495125"><ele>7.645690348930657</ele><time>2025-11-23T19:45:42Z</time></trkpt><trkpt lat="38.574445" lon="-121.495092"><ele>7.646871016360819</ele><time>2025-11-23T19:45:43Z</time></trkpt><trkpt lat="38.574439" lon="-121.495051"><ele>7.413484659045935</ele><time>2025-11-23T19:45:44Z</time></trkpt><trkpt lat="38.574443" lon="-121.495012"><ele>7.304046065546572</ele><time>2025-11-23T19:45:45Z</time></trkpt><trkpt lat="38.574448" lon="-121.494974"><ele>7.3697267305105925</ele><time>2025-11-23T19:45:46Z</time></trkpt><trkpt lat="38.574455" lon="-121.494934"><ele>8.23678777180612</ele><time>2025-11-23T19:45:47Z</time></trkpt><trkpt lat="38.574462" lon="-121.494896"><ele>7.5150396805256605</ele><time>2025-11-23T19:45:48Z</time></trkpt><trkpt lat="38.574467" lon="-121.494852"><ele>7.5100974207744</ele><time>2025-11-23T19:45:49Z</time></trkpt><trkpt lat="38.574472" lon="-121.494811"><ele>7.599327823147178</ele><time>2025-11-23T19:45:50Z</time></trkpt><trkpt lat="38.574480" lon="-121.494777"><ele>7.922169072553515</ele><time>2025-11-23T19:45:51Z</time></trkpt><trkpt lat="38.574489" lon="-121.494740"><ele>7.9054438676685095</ele><time>2025-11-23T19:45:52Z</time></trkpt><trkpt lat="38.574481" lon="-121.494706"><ele>8.090186970308423</ele><time>2025-11-23T19:45:53Z</time></trkpt><trkpt lat="38.574472" lon="-121.494673"><ele>8.417568370699883</ele><time>2025-11-23T19:45:54Z</time></trkpt><trkpt lat="38.574463" lon="-121.494637"><ele>7.5697425538674</ele><time>2025-11-23T19:45:55Z</time></trkpt><trkpt lat="38.574456" lon="-121.494609"><ele>7.669181153178215</ele><time>2025-11-23T19:45:56Z</time></trkpt><trkpt lat="38.574451" lon="-121.494589"><ele>7.905004774220288</ele><time>2025-11-23T19:45:57Z</time></trkpt><trkpt lat="38.574444" lon="-121.494562"><ele>7.010861019603908</ele><time>2025-11-23T19:45:58Z</time></trkpt><trkpt lat="38.574437" lon="-121.494532"><ele>7.880644066259265</ele><time>2025-11-23T19:45:59Z</time></trkpt><trkpt lat="38.574437" lon="-121.494494"><ele>7.096320723183453</ele><time>2025-11-23T19:46:00Z</time></trkpt><trkpt lat="38.574416" lon="-121.494466"><ele>7.671390019357204</ele><time>2025-11-23T19:46:01Z</time></trkpt><trkpt lat="38.574397" lon="-121.494440"><ele>7.378326796926558</ele><time>2025-11-23T19:46:02Z</time></trkpt><trkpt lat="38.574375" lon="-121.494412"><ele>7.821058674715459</ele><time>2025-11-23T19:46:03Z</time></trkpt><trkpt lat="38.574349" lon="-121.494394"><ele>8.092194307595491</ele><time>2025-11-23T19:46:04Z</time></trkpt><trkpt lat="38.574317" lon="-121.494385"><ele>7.4277025535702705</ele><time>2025-11-23T19:46:05Z</time></trkpt><trkpt lat="38.574287" lon="-121.494377"><ele>7.443332645110786</ele><time>2025-11-23T19:46:06Z</time></trkpt><trkpt lat="38.574259" lon="-121.494348"><ele>7.069488231092691</ele><time>2025-11-23T19:46:07Z</time></trkpt><trkpt lat="38.574244" lon="-121.494312"><ele>7.5442040571942925</ele><time>2025-11-23T19:46:08Z</time></trkpt><trkpt lat="38.574226" lon="-121.494281"><ele>7.734996856190264</ele><time>2025-11-23T19:46:09Z</time></trkpt><trkpt lat="38.574233" lon="-121.494247"><ele>7.916219723410904</ele><time>2025-11-23T19:46:10Z</time></trkpt><trkpt lat="38.574241" lon="-121.494216"><ele>8.116203289479017</ele><time>2025-11-23T19:46:11Z</time></trkpt><trkpt lat="38.574254" lon="-121.494183"><ele>7.567387955263257</ele><time>2025-11-23T19:46:12Z</time></trkpt><trkpt lat="38.574247" lon="-121.494143"><ele>7.713019876740873</ele><time>2025-11-23T19:46:13Z</time></trkpt><trkpt lat="38.574239" lon="-121.494105"><ele>7.150762367062271</ele><time>2025-11-23T19:46:14Z</time></trkpt><trkpt lat="38.574237" lon="-121.494069"><ele>7.000057996250689</ele><time>2025-11-23T19:46:15Z</time></trkpt><trkpt lat="38.574222" lon="-121.494036"><ele>6.644649361260235</ele><time>2025-11-23T19:46:16Z</time></trkpt><trkpt lat="38.574206" lon="-121.494000"><ele>7.604958700016141</ele><time>2025-11-23T19:46:17Z</time></trkpt><trkpt lat="38.574187" lon="-121.493966"><ele>8.397174233570695</ele><time>2025-11-23T19:46:18Z</time></trkpt><trkpt lat="38.574153" lon="-121.493939"><ele>8.345186893828213</ele><time>2025-11-23T19:46:19Z</time></trkpt><trkpt lat="38.574144" lon="-121.493903"><ele>6.875537282787263</ele><time>2025-11-23T19:46:20Z</time></trkpt><trkpt lat="38.574137" lon="-121.493864"><ele>7.413103946484625</ele><time>2025-11-23T19:46:21Z</time></trkpt><trkpt lat="38.574121" lon="-121.493832"><ele>7.508772845380008</ele><time>2025-11-23T19:46:22Z</time></trkpt><trkpt lat="38.574106" lon="-121.493805"><ele>7.9562362330034375</ele><time>2025-11-23T19:46:23Z</time></trkpt><trkpt lat="38.574090" lon="-121.493767"><ele>8.55949173308909</ele><time>2025-11-23T19:46:24Z</time></trkpt><trkpt lat="38.574078" lon="-121.493730"><ele>8.158498185686767</ele><time>2025-11-23T19:46:25Z</time></trkpt><trkpt lat="38.574087" lon="-121.493699"><ele>8.530914340168238</ele><time>2025-11-23T19:46:26Z</time></trkpt><trkpt lat="38.574082" lon="-121.493663"><ele>7.869868328794837</ele><time>2025-11-23T19:46:27Z</time></trkpt><trkpt lat="38.574077" lon="-121.493630"><ele>7.7360847713425756</ele><time>2025-11-23T19:46:28Z</time></trkpt><trkpt lat="38.574056" lon="-121.493602"><ele>8.791753604076803</ele><time>2025-11-23T19:46:29Z</time></trkpt><trkpt lat="38.574045" lon="-121.493567"><ele>8.294384574517608</ele><time>2025-11-23T19:46:30Z</time></trkpt><trkpt lat="38.574035" lon="-121.493527"><ele>8.756972358562052</ele><time>2025-11-23T19:46:31Z</time></trkpt><trkpt lat="38.574014" lon="-121.493490"><ele>7.821025672368705</ele><time>2025-11-23T19:46:32Z</time></trkpt><trkpt lat="38.574000" lon="-121.493462"><ele>7.763453509658575</ele><time>2025-11-23T19:46:33Z</time></trkpt><trkpt lat="38.574004" lon="-121.493432"><ele>7.519461226649582</ele><time>2025-11-23T19:46:34Z</time></trkpt><trkpt lat="38.574006" lon="-121.493395"><ele>7.338046722114086</ele><time>2025-11-23T19:46:35Z</time></trkpt><trkpt lat="38.574026" lon="-121.493363"><ele>7.92840038985014</ele><time>2025-11-23T19:46:36Z</time></trkpt><trkpt lat="38.574033" lon="-121.493325"><ele>8.112563921138644</ele><time>2025-11-23T19:46:37Z</time></trkpt><trkpt lat="38.574022" lon="-121.493278"><ele>8.046383978798985</ele><time>2025-11-23T19:46:38Z</time></trkpt><trkpt lat="38.574006" lon="-121.493238"><ele>7.460250093601644</ele><time>2025-11-23T19:46:39Z</time></trkpt><trkpt lat="38.574009" lon="-121.493206"><ele>7.655159691348672</ele><time>2025-11-23T19:46:40Z</time></trkpt><trkpt lat="38.574011" lon="-121.493171"><ele>7.820239869877696</ele><time>2025-11-23T19:46:41Z</time></trkpt><trkpt lat="38.574030" lon="-121.493143"><ele>7.566733716055751</ele><time>2025-11-23T19:46:42Z</time></trkpt><trkpt lat="38.574054" lon="-121.493101"><ele>8.129953984171152</ele><time>2025-11-23T19:46:43Z</time></trkpt><trkpt lat="38.574073" lon="-121.493060"><ele>7.283126732334495</ele><time>2025-11-23T19:46:44Z</time></trkpt><trkpt lat="38.574076" lon="-121.493014"><ele>7.617307690903544</ele><time>2025-11-23T19:46:45Z</time></trkpt><trkpt lat="38.574078" lon="-121.492969"><ele>7.259663989767432</ele><time>2025-11-23T19:46:46Z</time></trkpt><trkpt lat="38.574076" lon="-121.492927"><ele>7.350327878259122</ele><time>2025-11-23T19:46:47Z</time></trkpt><trkpt lat="38.574075" lon="-121.492888"><ele>7.717004654929042</ele><time>2025-11-23T19:46:48Z</time></trkpt><trkpt lat="38.574055" lon="-121.492854"><ele>8.465946484357119</ele><time>2025-11-23T19:46:49Z</time></trkpt><trkpt lat="38.574036" lon="-121.492827"><ele>7.884090913459659</ele><time>2025-11-23T19:46:50Z</time></trkpt><trkpt lat="38.573998" lon="-121.492800"><ele>8.296997223049402</ele><time>2025-11-23T19:46:51Z</time></trkpt><trkpt lat="38.573983" lon="-121.492772"><ele>8.038139525800943</ele><time>2025-11-23T19:46:52Z</time></trkpt><trkpt lat="38.573983" lon="-121.492733"><ele>7.997432187199593</ele><time>2025-11-23T19:46:53Z</time></trkpt><trkpt lat="38.573970" lon="-121.492702"><ele>8.36608203034848</ele><time>2025-11-23T19:46:54Z</time></trkpt><trkpt lat="38.573976" lon="-121.492671"><ele>7.349189233034849</ele><time>2025-11-23T19:46:55Z</time></trkpt><trkpt lat="38.573984" lon="-121.492632"><ele>7.744403173215687</ele><time>2025-11-23T19:46:56Z</time></trkpt><trkpt lat="38.573980" lon="-121.492588"><ele>7.578586203977466</ele><time>2025-11-23T19:46:57Z</time></trkpt><trkpt lat="38.573987" lon="-121.492551"><ele>7.899371416307986</ele><time>2025-11-23T19:46:58Z</time></trkpt><trkpt lat="38.573992" lon="-121.492516"><ele>7.396798928268254</ele><time>2025-11-23T19:46:59Z</time></trkpt><trkpt lat="38.573987" lon="-121.492482"><ele>7.394818842411041</ele><time>2025-11-23T19:47:00Z</time></trkpt><trkpt lat="38.573971" lon="-121.492448"><ele>7.797064094804227</ele><time>2025-11-23T19:47:01Z</time></trkpt><trkpt lat="38.573968" lon="-121.492401"><ele>7.6327381720766425</ele><time>2025-11-23T19:47:02Z</time></trkpt><trkpt lat="38.573967" lon="-121.492362"><ele>7.919390100054443</ele><time>2025-11-23T19:47:03Z</time></trkpt><trkpt lat="38.573972" lon="-121.492326"><ele>7.390677886083722</ele><time>2025-11-23T19:47:04Z</time></trkpt><trkpt lat="38.573959" lon="-121.492298"><ele>7.809591145254672</ele><time>2025-11-23T19:47:05Z</time></trkpt><trkpt lat="38.573953" lon="-121.492272"><ele>7.645348741672933</ele><time>2025-11-23T19:47:06Z</time></trkpt><trkpt lat="38.573936" lon="-121.492244"><ele>7.803201200440526</ele><time>2025-11-23T19:47:07Z</time></trkpt><trkpt lat="38.573930" lon="-121.492210"><ele>7.706593191251159</ele><time>2025-11-23T19:47:08Z</time></trkpt><trkpt lat="38.573927" lon="-121.492180"><ele>7.0434707421809435</ele><time>2025-11-23T19:47:09Z</time></trkpt><trkpt lat="38.573921" lon="-121.492148"><ele>7.437437298707664</ele><time>2025-11-23T19:47:10Z</time></trkpt><trkpt lat="38.573921" lon="-121.492114"><ele>7.1688009118661284</ele><time>2025-11-23T19:47:11Z</time></trkpt><trkpt lat="38.573925" lon="-121.492083"><ele>7.907761388458312</ele><time>2025-11-23T19:47:12Z</time></trkpt><trkpt lat="38.573906" lon="-121.492057"><ele>8.20068712066859</ele><time>2025-11-23T19:47:13Z</time></trkpt><trkpt lat="38.573900" lon="-121.492029"><ele>8.36338161304593</ele><time>2025-11-23T19:47:14Z</time></trkpt><trkpt lat="38.573900" lon="-121.491990"><ele>8.149391908198595</ele><time>2025-11-23T19:47:15Z</time></trkpt><trkpt lat="38.573901" lon="-121.491959"><ele>7.644577831029892</ele><time>2025-11-23T19:47:16Z</time></trkpt><trkpt lat="38.573909" lon="-121.491916"><ele>7.3491595182567835</ele><time>2025-11-23T19:47:17Z</time></trkpt><trkpt lat="38.573891" lon="-121.491894"><ele>7.4623831901699305</ele><time>2025-11-23T19:47:18Z</time></trkpt><trkpt lat="38.573876" lon="-121.491872"><ele>7.379519020207226</ele><time>2025-11-23T19:47:19Z</time></trkpt><trkpt lat="38.573871" lon="-121.491838"><ele>7.415057495236397</ele><time>2025-11-23T19:47:20Z</time></trkpt><trkpt lat="38.573859" lon="-121.491806"><ele>7.928437947295606</ele><time>2025-11-23T19:47:21Z</time></trkpt><trkpt lat="38.573864" lon="-121.491772"><ele>7.426059503108263</ele><time>2025-11-23T19:47:22Z</time></trkpt><trkpt lat="38.573850" lon="-121.491747"><ele>7.568231555633247</ele><time>2025-11-23T19:47:23Z</time></trkpt><trkpt lat="38.573830" lon="-121.491720"><ele>7.194058951921761</ele><time>2025-11-23T19:47:24Z</time></trkpt><trkpt lat="38.573812" lon="-121.491684"><ele>7.808722160756588</ele><time>2025-11-23T19:47:25Z</time></trkpt><trkpt lat="38.573783" lon="-121.491658"><ele>7.660360298119485</ele><time>2025-11-23T19:47:26Z</time></trkpt><trkpt lat="38.573755" lon="-121.491628"><ele>7.989102941937745</ele><time>2025-11-23T19:47:27Z</time></trkpt><trkpt lat="38.573729" lon="-121.491616"><ele>8.327877054922283</ele><time>2025-11-23T19:47:28Z</time></trkpt><trkpt lat="38.573711" lon="-121.491591"><ele>8.258552961982787</ele><time>2025-11-23T19:47:29Z</time></trkpt><trkpt lat="38.573698" lon="-121.491550"><ele>9.007716684602201</ele><time>2025-11-23T19:47:30Z</time></trkpt><trkpt lat="38.573653" lon="-121.491533"><ele>8.868614722043276</ele><time>2025-11-23T19:47:31Z</time></trkpt><trkpt lat="38.573618" lon="-121.491496"><ele>8.616378848440945</ele><time>2025-11-23T19:47:32Z</time></trkpt><trkpt lat="38.573596" lon="-121.491461"><ele>8.494320983998477</ele><time>2025-11-23T19:47:33Z</time></trkpt><trkpt lat="38.573546" lon="-121.491459"><ele>8.86502823419869</ele><time>2025-11-23T19:47:34Z</time></trkpt><trkpt lat="38.573508" lon="-121.491431"><ele>9.385515021160245</ele><time>2025-11-23T19:47:35Z</time></trkpt><trkpt lat="38.573479" lon="-121.491403"><ele>9.426318667829037</ele><time>2025-11-23T19:47:36Z</time></trkpt><trkpt lat="38.573467" lon="-121.491371"><ele>9.291937830857933</ele><time>2025-11-23T19:47:37Z</time></trkpt><trkpt lat="38.573472" lon="-121.491329"><ele>8.995056986808777</ele><time>2025-11-23T19:47:38Z</time></trkpt><trkpt lat="38.573505" lon="-121.491304"><ele>8.907942573539913</ele><time>2025-11-23T19:47:39Z</time></trkpt><trkpt lat="38.573516" lon="-121.491275"><ele>8.4027483696118</ele><time>2025-11-23T19:47:40Z</time></trkpt><trkpt lat="38.573516" lon="-121.491243"><ele>8.091479087248445</ele><time>2025-11-23T19:47:41Z</time></trkpt><trkpt lat="38.573497" lon="-121.491210"><ele>8.52869294770062</ele><time>2025-11-23T19:47:42Z</time></trkpt><trkpt lat="38.573488" lon="-121.491182"><ele>8.252877663820982</ele><time>2025-11-23T19:47:43Z</time></trkpt><trkpt lat="38.573468" lon="-121.491151"><ele>8.363679802976549</ele><time>2025-11-23T19:47:44Z</time></trkpt><trkpt lat="38.573448" lon="-121.491115"><ele>8.034590144641697</ele><time>2025-11-23T19:47:45Z</time></trkpt><trkpt lat="38.573422" lon="-121.491082"><ele>8.259915808215737</ele><time>2025-11-23T19:47:46Z</time></trkpt><trkpt lat="38.573411" lon="-121.491057"><ele>8.098867625929415</ele><time>2025-11-23T19:47:47Z</time></trkpt><trkpt lat="38.573402" lon="-121.491022"><ele>8.394569082185626</ele><time>2025-11-23T19:47:48Z</time></trkpt><trkpt lat="38.573387" lon="-121.490990"><ele>8.021627377718687</ele><time>2025-11-23T19:47:49Z</time></trkpt><trkpt lat="38.573391" lon="-121.490956"><ele>8.102264326997101</ele><time>2025-11-23T19:47:50Z</time></trkpt><trkpt lat="38.573383" lon="-121.490920"><ele>7.41866372898221</ele><time>2025-11-23T19:47:51Z</time></trkpt><trkpt lat="38.573387" lon="-121.490887"><ele>7.318603619933128</ele><time>2025-11-23T19:47:52Z</time></trkpt><trkpt lat="38.573368" lon="-121.490859"><ele>7.390071508474648</ele><time>2025-11-23T19:47:53Z</time></trkpt><trkpt lat="38.573355" lon="-121.490826"><ele>7.387361969798803</ele><time>2025-11-23T19:47:54Z</time></trkpt><trkpt lat="38.573347" lon="-121.490800"><ele>8.14884598273784</ele><time>2025-11-23T19:47:55Z</time></trkpt><trkpt lat="38.573325" lon="-121.490773"><ele>6.830580218695104</ele><time>2025-11-23T19:47:56Z</time></trkpt><trkpt lat="38.573300" lon="-121.490740"><ele>8.076746200211346</ele><time>2025-11-23T19:47:57Z</time></trkpt><trkpt lat="38.573280" lon="-121.490714"><ele>7.671387556008995</ele><time>2025-11-23T19:47:58Z</time></trkpt><trkpt lat="38.573259" lon="-121.490685"><ele>7.745045862160623</ele><time>2025-11-23T19:47:59Z</time></trkpt><trkpt lat="38.573245" lon="-121.490658"><ele>7.645403446629643</ele><time>2025-11-23T19:48:00Z</time></trkpt><trkpt lat="38.573232" lon="-121.490632"><ele>6.873241133056581</ele><time>2025-11-23T19:48:01Z</time></trkpt><trkpt lat="38.573223" lon="-121.490598"><ele>7.787837356328964</ele><time>2025-11-23T19:48:01Z</time></trkpt><trkpt lat="38.573218" lon="-121.490562"><ele>7.363634679466486</ele><time>2025-11-23T19:48:02Z</time></trkpt><trkpt lat="38.573221" lon="-121.490529"><ele>7.271851200610399</ele><time>2025-11-23T19:48:03Z</time></trkpt><trkpt lat="38.573224" lon="-121.490493"><ele>6.573220491409302</ele><time>2025-11-23T19:48:04Z</time></trkpt><trkpt lat="38.573244" lon="-121.490457"><ele>7.388776796869934</ele><time>2025-11-23T19:48:05Z</time></trkpt><trkpt lat="38.573243" lon="-121.490414"><ele>7.708706279285252</ele><time>2025-11-23T19:48:06Z</time></trkpt><trkpt lat="38.573240" lon="-121.490369"><ele>7.535320374183357</ele><time>2025-11-23T19:48:07Z</time></trkpt><trkpt lat="38.573247" lon="-121.490339"><ele>8.159457443282008</ele><time>2025-11-23T19:48:08Z</time></trkpt><trkpt lat="38.573240" lon="-121.490302"><ele>8.26204782910645</ele><time>2025-11-23T19:48:09Z</time></trkpt><trkpt lat="38.573229" lon="-121.490275"><ele>8.223395825363696</ele><time>2025-11-23T19:48:10Z</time></trkpt><trkpt lat="38.573211" lon="-121.490239"><ele>8.06123018451035</ele><time>2025-11-23T19:48:11Z</time></trkpt><trkpt lat="38.573191" lon="-121.490203"><ele>7.576306261122227</ele><time>2025-11-23T19:48:12Z</time></trkpt><trkpt lat="38.573186" lon="-121.490169"><ele>8.279409488663077</ele><time>2025-11-23T19:48:13Z</time></trkpt><trkpt lat="38.573167" lon="-121.490125"><ele>7.76605320814997</ele><time>2025-11-23T19:48:14Z</time></trkpt><trkpt lat="38.573165" lon="-121.490082"><ele>7.908567852340639</ele><time>2025-11-23T19:48:15Z</time></trkpt><trkpt lat="38.573156" lon="-121.490055"><ele>8.130834833718836</ele><time>2025-11-23T19:48:17Z</time></trkpt><trkpt lat="38.573146" lon="-121.490020"><ele>8.886727630160749</ele><time>2025-11-23T19:48:18Z</time></trkpt><trkpt lat="38.573138" lon="-121.489990"><ele>8.647590989246964</ele><time>2025-11-23T19:48:19Z</time></trkpt><trkpt lat="38.573129" lon="-121.489956"><ele>8.985174885950983</ele><time>2025-11-23T19:48:20Z</time></trkpt><trkpt lat="38.573118" lon="-121.489921"><ele>8.111101823858917</ele><time>2025-11-23T19:48:21Z</time></trkpt><trkpt lat="38.573112" lon="-121.489895"><ele>9.067250062711537</ele><time>2025-11-23T19:48:22Z</time></trkpt><trkpt lat="38.573103" lon="-121.489867"><ele>7.656036453321576</ele><time>2025-11-23T19:48:23Z</time></trkpt><trkpt lat="38.573084" lon="-121.489826"><ele>8.47193976957351</ele><time>2025-11-23T19:48:24Z</time></trkpt><trkpt lat="38.573086" lon="-121.489789"><ele>8.580002433620393</ele><time>2025-11-23T19:48:25Z</time></trkpt><trkpt lat="38.573085" lon="-121.489750"><ele>8.182240747846663</ele><time>2025-11-23T19:48:26Z</time></trkpt><trkpt lat="38.573060" lon="-121.489719"><ele>8.266255302354693</ele><time>2025-11-23T19:48:27Z</time></trkpt><trkpt lat="38.573060" lon="-121.489691"><ele>7.781656303443015</ele><time>2025-11-23T19:48:28Z</time></trkpt><trkpt lat="38.573047" lon="-121.489653"><ele>9.466163503937423</ele><time>2025-11-23T19:48:29Z</time></trkpt><trkpt lat="38.573034" lon="-121.489609"><ele>8.383871422149241</ele><time>2025-11-23T19:48:30Z</time></trkpt><trkpt lat="38.573043" lon="-121.489568"><ele>8.23398460354656</ele><time>2025-11-23T19:48:31Z</time></trkpt><trkpt lat="38.573018" lon="-121.489534"><ele>8.696462574414909</ele><time>2025-11-23T19:48:32Z</time></trkpt><trkpt lat="38.573000" lon="-121.489519"><ele>7.608398973941803</ele><time>2025-11-23T19:48:33Z</time></trkpt><trkpt lat="38.572989" lon="-121.489498"><ele>7.25622205529362</ele><time>2025-11-23T19:48:34Z</time></trkpt><trkpt lat="38.572976" lon="-121.489469"><ele>7.666164139285684</ele><time>2025-11-23T19:48:35Z</time></trkpt><trkpt lat="38.572966" lon="-121.489437"><ele>7.7558708703145385</ele><time>2025-11-23T19:48:36Z</time></trkpt><trkpt lat="38.572955" lon="-121.489403"><ele>7.9730578903108835</ele><time>2025-11-23T19:48:37Z</time></trkpt><trkpt lat="38.572906" lon="-121.489382"><ele>8.046515673398972</ele><time>2025-11-23T19:48:38Z</time></trkpt><trkpt lat="38.572923" lon="-121.489330"><ele>8.476523191668093</ele><time>2025-11-23T19:48:39Z</time></trkpt><trkpt lat="38.572922" lon="-121.489284"><ele>8.69314236100763</ele><time>2025-11-23T19:48:40Z</time></trkpt><trkpt lat="38.572904" lon="-121.489252"><ele>8.534057321958244</ele><time>2025-11-23T19:48:41Z</time></trkpt><trkpt lat="38.572897" lon="-121.489221"><ele>8.661861662752926</ele><time>2025-11-23T19:48:42Z</time></trkpt><trkpt lat="38.572880" lon="-121.489201"><ele>8.208236258476973</ele><time>2025-11-23T19:48:43Z</time></trkpt><trkpt lat="38.572866" lon="-121.489175"><ele>8.202222557738423</ele><time>2025-11-23T19:48:44Z</time></trkpt><trkpt lat="38.572870" lon="-121.489131"><ele>7.894299113191664</ele><time>2025-11-23T19:48:45Z</time></trkpt><trkpt lat="38.572858" lon="-121.489107"><ele>7.21632815990597</ele><time>2025-11-23T19:48:46Z</time></trkpt><trkpt lat="38.572851" lon="-121.489075"><ele>7.190032913349569</ele><time>2025-11-23T19:48:47Z</time></trkpt><trkpt lat="38.572838" lon="-121.489050"><ele>7.1616685800254345</ele><time>2025-11-23T19:48:48Z</time></trkpt><trkpt lat="38.572832" lon="-121.489028"><ele>7.422739962115884</ele><time>2025-11-23T19:48:49Z</time></trkpt><trkpt lat="38.572834" lon="-121.488990"><ele>8.808957920409739</ele><time>2025-11-23T19:48:50Z</time></trkpt><trkpt lat="38.572823" lon="-121.488943"><ele>6.773555410094559</ele><time>2025-11-23T19:48:51Z</time></trkpt><trkpt lat="38.572787" lon="-121.488890"><ele>7.309138850308955</ele><time>2025-11-23T19:48:52Z</time></trkpt><trkpt lat="38.572774" lon="-121.488842"><ele>8.225868722423911</ele><time>2025-11-23T19:48:53Z</time></trkpt><trkpt lat="38.572753" lon="-121.488807"><ele>7.890752791427076</ele><time>2025-11-23T19:48:54Z</time></trkpt><trkpt lat="38.572736" lon="-121.488787"><ele>8.184113503433764</ele><time>2025-11-23T19:48:55Z</time></trkpt><trkpt lat="38.572732" lon="-121.488753"><ele>8.246097365394235</ele><time>2025-11-23T19:48:56Z</time></trkpt><trkpt lat="38.572728" lon="-121.488707"><ele>7.11311854980886</ele><time>2025-11-23T19:48:57Z</time></trkpt><trkpt lat="38.572707" lon="-121.488681"><ele>7.674509717151523</ele><time>2025-11-23T19:48:58Z</time></trkpt><trkpt lat="38.572694" lon="-121.488655"><ele>7.102493150159717</ele><time>2025-11-23T19:48:59Z</time></trkpt><trkpt lat="38.572696" lon="-121.488613"><ele>7.2063843524083495</ele><time>2025-11-23T19:49:00Z</time></trkpt><trkpt lat="38.572693" lon="-121.488574"><ele>7.8249818831682205</ele><time>2025-11-23T19:49:01Z</time></trkpt><trkpt lat="38.572693" lon="-121.488525"><ele>7.320047338493168</ele><time>2025-11-23T19:49:02Z</time></trkpt><trkpt lat="38.572677" lon="-121.488494"><ele>8.23592609167099</ele><time>2025-11-23T19:49:03Z</time></trkpt><trkpt lat="38.572651" lon="-121.488481"><ele>7.1894102189689875</ele><time>2025-11-23T19:49:04Z</time></trkpt><trkpt lat="38.572638" lon="-121.488443"><ele>6.639066766947508</ele><time>2025-11-23T19:49:05Z</time></trkpt><trkpt lat="38.572622" lon="-121.488417"><ele>6.820177119225264</ele><time>2025-11-23T19:49:06Z</time></trkpt><trkpt lat="38.572602" lon="-121.488382"><ele>6.417013662867248</ele><time>2025-11-23T19:49:07Z</time></trkpt><trkpt lat="38.572593" lon="-121.488350"><ele>7.805662557482719</ele><time>2025-11-23T19:49:08Z</time></trkpt><trkpt lat="38.572607" lon="-121.488327"><ele>7.344947485253215</ele><time>2025-11-23T19:49:09Z</time></trkpt><trkpt lat="38.572645" lon="-121.488302"><ele>7.822847536765039</ele><time>2025-11-23T19:49:10Z</time></trkpt><trkpt lat="38.572662" lon="-121.488271"><ele>8.347952272742987</ele><time>2025-11-23T19:49:11Z</time></trkpt><trkpt lat="38.572677" lon="-121.488243"><ele>8.227184411138296</ele><time>2025-11-23T19:49:12Z</time></trkpt><trkpt lat="38.572682" lon="-121.488209"><ele>9.291665883734822</ele><time>2025-11-23T19:49:13Z</time></trkpt><trkpt lat="38.572662" lon="-121.488179"><ele>8.400762470439076</ele><time>2025-11-23T19:49:14Z</time></trkpt><trkpt lat="38.572656" lon="-121.488141"><ele>8.168040601536632</ele><time>2025-11-23T19:49:15Z</time></trkpt><trkpt lat="38.572656" lon="-121.488108"><ele>8.174491097219288</ele><time>2025-11-23T19:49:16Z</time></trkpt><trkpt lat="38.572656" lon="-121.488085"><ele>8.047958929091692</ele><time>2025-11-23T19:49:17Z</time></trkpt><trkpt lat="38.572639" lon="-121.488052"><ele>8.109860440716147</ele><time>2025-11-23T19:49:18Z</time></trkpt><trkpt lat="38.572620" lon="-121.488017"><ele>8.610768268816173</ele><time>2025-11-23T19:49:19Z</time></trkpt><trkpt lat="38.572599" lon="-121.487983"><ele>7.876189339905977</ele><time>2025-11-23T19:49:20Z</time></trkpt><trkpt lat="38.572579" lon="-121.487949"><ele>8.839819479733706</ele><time>2025-11-23T19:49:21Z</time></trkpt><trkpt lat="38.572569" lon="-121.487914"><ele>7.626806524582207</ele><time>2025-11-23T19:49:22Z</time></trkpt><trkpt lat="38.572562" lon="-121.487880"><ele>7.861100246198475</ele><time>2025-11-23T19:49:23Z</time></trkpt><trkpt lat="38.572552" lon="-121.487848"><ele>7.205299905501306</ele><time>2025-11-23T19:49:24Z</time></trkpt><trkpt lat="38.572551" lon="-121.487823"><ele>6.746875965036452</ele><time>2025-11-23T19:49:25Z</time></trkpt><trkpt lat="38.572558" lon="-121.487803"><ele>6.789315653964877</ele><time>2025-11-23T19:49:26Z</time></trkpt><trkpt lat="38.572539" lon="-121.487778"><ele>8.428677543997765</ele><time>2025-11-23T19:49:27Z</time></trkpt><trkpt lat="38.572531" lon="-121.487774"><ele>7.375055147334933</ele><time>2025-11-23T19:49:28Z</time></trkpt><trkpt lat="38.572527" lon="-121.487772"><ele>8.335182098671794</ele><time>2025-11-23T19:49:29Z</time></trkpt><trkpt lat="38.572517" lon="-121.487772"><ele>8.510110990144312</ele><time>2025-11-23T19:49:30Z</time></trkpt><trkpt lat="38.572505" lon="-121.487769"><ele>7.486397209577262</ele><time>2025-11-23T19:49:31Z</time></trkpt><trkpt lat="38.572491" lon="-121.487763"><ele>8.56292576994747</ele><time>2025-11-23T19:49:32Z</time></trkpt><trkpt lat="38.572466" lon="-121.487757"><ele>7.69729819893837</ele><time>2025-11-23T19:49:33Z</time></trkpt><trkpt lat="38.572447" lon="-121.487751"><ele>8.137729718349874</ele><time>2025-11-23T19:49:34Z</time></trkpt><trkpt lat="38.572408" lon="-121.487738"><ele>7.834163259714842</ele><time>2025-11-23T19:49:35Z</time></trkpt><trkpt lat="38.572378" lon="-121.487728"><ele>6.528961916454136</ele><time>2025-11-23T19:49:36Z</time></trkpt><trkpt lat="38.572362" lon="-121.487712"><ele>7.814363539218903</ele><time>2025-11-23T19:49:37Z</time></trkpt><trkpt lat="38.572298" lon="-121.487727"><ele>7.0059417793527246</ele><time>2025-11-23T19:49:38Z</time></trkpt><trkpt lat="38.572257" lon="-121.487758"><ele>7.181960188783705</ele><time>2025-11-23T19:49:39Z</time></trkpt><trkpt lat="38.572220" lon="-121.487784"><ele>7.357465748675168</ele><time>2025-11-23T19:49:40Z</time></trkpt><trkpt lat="38.572179" lon="-121.487828"><ele>7.290273752063513</ele><time>2025-11-23T19:49:41Z</time></trkpt><trkpt lat="38.572159" lon="-121.487848"><ele>8.15632297936827</ele><time>2025-11-23T19:49:42Z</time></trkpt><trkpt lat="38.572130" lon="-121.487889"><ele>7.221590276807547</ele><time>2025-11-23T19:49:43Z</time></trkpt><trkpt lat="38.572102" lon="-121.487910"><ele>7.90565475448966</ele><time>2025-11-23T19:49:44Z</time></trkpt><trkpt lat="38.572070" lon="-121.487929"><ele>7.305263443849981</ele><time>2025-11-23T19:49:45Z</time></trkpt><trkpt lat="38.572021" lon="-121.487934"><ele>7.541734578087926</ele><time>2025-11-23T19:49:46Z</time></trkpt><trkpt lat="38.571977" lon="-121.487932"><ele>7.557908280752599</ele><time>2025-11-23T19:49:47Z</time></trkpt><trkpt lat="38.571945" lon="-121.487942"><ele>7.217832270078361</ele><time>2025-11-23T19:49:48Z</time></trkpt><trkpt lat="38.571919" lon="-121.487973"><ele>7.073370865546167</ele><time>2025-11-23T19:49:49Z</time></trkpt><trkpt lat="38.571890" lon="-121.487973"><ele>8.172963635995984</ele><time>2025-11-23T19:49:50Z</time></trkpt><trkpt lat="38.571873" lon="-121.488006"><ele>7.238458360545337</ele><time>2025-11-23T19:49:51Z</time></trkpt><trkpt lat="38.571843" lon="-121.488010"><ele>7.332219872623682</ele><time>2025-11-23T19:49:52Z</time></trkpt><trkpt lat="38.571809" lon="-121.488041"><ele>7.68132415227592</ele><time>2025-11-23T19:49:53Z</time></trkpt><trkpt lat="38.571783" lon="-121.488058"><ele>7.077826126478612</ele><time>2025-11-23T19:49:54Z</time></trkpt><trkpt lat="38.571766" lon="-121.488065"><ele>8.170094671659172</ele><time>2025-11-23T19:49:55Z</time></trkpt><trkpt lat="38.571738" lon="-121.488078"><ele>7.092756605707109</ele><time>2025-11-23T19:49:56Z</time></trkpt><trkpt lat="38.571715" lon="-121.488088"><ele>6.840172635391355</ele><time>2025-11-23T19:49:57Z</time></trkpt><trkpt lat="38.571702" lon="-121.488094"><ele>7.3149359207600355</ele><time>2025-11-23T19:49:58Z</time></trkpt><trkpt lat="38.571680" lon="-121.488104"><ele>6.5002547316253185</ele><time>2025-11-23T19:49:59Z</time></trkpt><trkpt lat="38.571658" lon="-121.488114"><ele>6.988295585848391</ele><time>2025-11-23T19:50:00Z</time></trkpt><trkpt lat="38.571638" lon="-121.488122"><ele>7.48610541690141</ele><time>2025-11-23T19:50:01Z</time></trkpt><trkpt lat="38.571617" lon="-121.488131"><ele>6.949267350137234</ele><time>2025-11-23T19:50:02Z</time></trkpt><trkpt lat="38.571597" lon="-121.488140"><ele>7.26391009055078</ele><time>2025-11-23T19:50:03Z</time></trkpt><trkpt lat="38.571579" lon="-121.488147"><ele>7.531705407425761</ele><time>2025-11-23T19:50:04Z</time></trkpt><trkpt lat="38.571560" lon="-121.488155"><ele>6.576882530935109</ele><time>2025-11-23T19:50:05Z</time></trkpt><trkpt lat="38.571536" lon="-121.488165"><ele>7.042855394072831</ele><time>2025-11-23T19:50:06Z</time></trkpt><trkpt lat="38.571507" lon="-121.488182"><ele>7.0494215041399</ele><time>2025-11-23T19:50:07Z</time></trkpt><trkpt lat="38.571476" lon="-121.488198"><ele>6.46611104439944</ele><time>2025-11-23T19:50:08Z</time></trkpt><trkpt lat="38.571456" lon="-121.488208"><ele>7.540395883843303</ele><time>2025-11-23T19:50:08Z</time></trkpt><trkpt lat="38.571433" lon="-121.488221"><ele>7.937368266284466</ele><time>2025-11-23T19:50:09Z</time></trkpt><trkpt lat="38.571401" lon="-121.488229"><ele>6.596257214434445</ele><time>2025-11-23T19:50:10Z</time></trkpt><trkpt lat="38.571374" lon="-121.488265"><ele>7.280058383010328</ele><time>2025-11-23T19:50:12Z</time></trkpt><trkpt lat="38.571347" lon="-121.488292"><ele>6.904884330928326</ele><time>2025-11-23T19:50:13Z</time></trkpt><trkpt lat="38.571323" lon="-121.488309"><ele>8.506544757634401</ele><time>2025-11-23T19:50:14Z</time></trkpt><trkpt lat="38.571300" lon="-121.488307"><ele>7.765704269520938</ele><time>2025-11-23T19:50:15Z</time></trkpt><trkpt lat="38.571277" lon="-121.488325"><ele>7.76581415720284</ele><time>2025-11-23T19:50:16Z</time></trkpt><trkpt lat="38.571255" lon="-121.488331"><ele>7.564722976647317</ele><time>2025-11-23T19:50:17Z</time></trkpt><trkpt lat="38.571225" lon="-121.488338"><ele>7.0685720993205905</ele><time>2025-11-23T19:50:18Z</time></trkpt><trkpt lat="38.571193" lon="-121.488352"><ele>6.773799958638847</ele><time>2025-11-23T19:50:19Z</time></trkpt><trkpt lat="38.571166" lon="-121.488372"><ele>7.413690144196153</ele><time>2025-11-23T19:50:20Z</time></trkpt><trkpt lat="38.571139" lon="-121.488379"><ele>6.126766847446561</ele><time>2025-11-23T19:50:21Z</time></trkpt><trkpt lat="38.571119" lon="-121.488380"><ele>8.04262197483331</ele><time>2025-11-23T19:50:22Z</time></trkpt><trkpt lat="38.571084" lon="-121.488386"><ele>7.60765865445137</ele><time>2025-11-23T19:50:23Z</time></trkpt><trkpt lat="38.571051" lon="-121.488376"><ele>7.722249528393149</ele><time>2025-11-23T19:50:24Z</time></trkpt><trkpt lat="38.571019" lon="-121.488382"><ele>7.504650068469346</ele><time>2025-11-23T19:50:25Z</time></trkpt><trkpt lat="38.570990" lon="-121.488379"><ele>6.8634616350755095</ele><time>2025-11-23T19:50:26Z</time></trkpt><trkpt lat="38.570960" lon="-121.488399"><ele>8.249351064674556</ele><time>2025-11-23T19:50:27Z</time></trkpt><trkpt lat="38.570923" lon="-121.488412"><ele>7.429999536834657</ele><time>2025-11-23T19:50:28Z</time></trkpt><trkpt lat="38.570892" lon="-121.488412"><ele>7.899991775862873</ele><time>2025-11-23T19:50:29Z</time></trkpt><trkpt lat="38.570867" lon="-121.488426"><ele>8.00602157600224</ele><time>2025-11-23T19:50:30Z</time></trkpt><trkpt lat="38.570842" lon="-121.488436"><ele>7.492015508003533</ele><time>2025-11-23T19:50:31Z</time></trkpt><trkpt lat="38.570819" lon="-121.488443"><ele>7.946389618329704</ele><time>2025-11-23T19:50:32Z</time></trkpt><trkpt lat="38.570787" lon="-121.488462"><ele>7.062374371103942</ele><time>2025-11-23T19:50:33Z</time></trkpt><trkpt lat="38.570764" lon="-121.488482"><ele>8.866002602502704</ele><time>2025-11-23T19:50:34Z</time></trkpt><trkpt lat="38.570747" lon="-121.488492"><ele>8.735440746881068</ele><time>2025-11-23T19:50:35Z</time></trkpt><trkpt lat="38.570720" lon="-121.488511"><ele>8.623581930063665</ele><time>2025-11-23T19:50:36Z</time></trkpt><trkpt lat="38.570699" lon="-121.488516"><ele>9.61762942187488</ele><time>2025-11-23T19:50:37Z</time></trkpt><trkpt lat="38.570674" lon="-121.488526"><ele>9.123441021889448</ele><time>2025-11-23T19:50:38Z</time></trkpt><trkpt lat="38.570643" lon="-121.488545"><ele>9.474276295863092</ele><time>2025-11-23T19:50:39Z</time></trkpt><trkpt lat="38.570618" lon="-121.488548"><ele>8.815130413509905</ele><time>2025-11-23T19:50:40Z</time></trkpt><trkpt lat="38.570585" lon="-121.488571"><ele>8.96088095754385</ele><time>2025-11-23T19:50:41Z</time></trkpt><trkpt lat="38.570563" lon="-121.488587"><ele>9.233062885701656</ele><time>2025-11-23T19:50:42Z</time></trkpt><trkpt lat="38.570538" lon="-121.488595"><ele>9.121599746868014</ele><time>2025-11-23T19:50:43Z</time></trkpt><trkpt lat="38.570507" lon="-121.488616"><ele>9.410510114394128</ele><time>2025-11-23T19:50:44Z</time></trkpt><trkpt lat="38.570476" lon="-121.488610"><ele>9.009760505519807</ele><time>2025-11-23T19:50:45Z</time></trkpt><trkpt lat="38.570435" lon="-121.488633"><ele>9.336620092391968</ele><time>2025-11-23T19:50:46Z</time></trkpt><trkpt lat="38.570416" lon="-121.488643"><ele>9.406812543980777</ele><time>2025-11-23T19:50:47Z</time></trkpt><trkpt lat="38.570392" lon="-121.488683"><ele>10.97098601795733</ele><time>2025-11-23T19:50:48Z</time></trkpt><trkpt lat="38.570378" lon="-121.488686"><ele>11.707612792029977</ele><time>2025-11-23T19:50:49Z</time></trkpt><trkpt lat="38.570352" lon="-121.488674"><ele>10.490243619307876</ele><time>2025-11-23T19:50:50Z</time></trkpt><trkpt lat="38.570302" lon="-121.488695"><ele>11.145442074164748</ele><time>2025-11-23T19:50:51Z</time></trkpt><trkpt lat="38.570270" lon="-121.488713"><ele>11.06616724934429</ele><time>2025-11-23T19:50:52Z</time></trkpt><trkpt lat="38.570253" lon="-121.488735"><ele>10.817085257731378</ele><time>2025-11-23T19:50:53Z</time></trkpt><trkpt lat="38.570223" lon="-121.488746"><ele>11.134197228588164</ele><time>2025-11-23T19:50:54Z</time></trkpt><trkpt lat="38.570201" lon="-121.488748"><ele>9.78643698245287</ele><time>2025-11-23T19:50:55Z</time></trkpt><trkpt lat="38.570178" lon="-121.488764"><ele>10.9618827868253</ele><time>2025-11-23T19:50:56Z</time></trkpt><trkpt lat="38.570157" lon="-121.488785"><ele>9.357721926644444</ele><time>2025-11-23T19:50:57Z</time></trkpt><trkpt lat="38.570134" lon="-121.488792"><ele>10.112312443554401</ele><time>2025-11-23T19:50:58Z</time></trkpt><trkpt lat="38.570120" lon="-121.488802"><ele>11.183562641963363</ele><time>2025-11-23T19:50:59Z</time></trkpt><trkpt lat="38.570093" lon="-121.488805"><ele>10.112670418806374</ele><time>2025-11-23T19:51:00Z</time></trkpt><trkpt lat="38.570065" lon="-121.488798"><ele>10.90125531423837</ele><time>2025-11-23T19:51:01Z</time></trkpt><trkpt lat="38.570040" lon="-121.488812"><ele>9.611799611710012</ele><time>2025-11-23T19:51:02Z</time></trkpt><trkpt lat="38.570012" lon="-121.488829"><ele>10.058089622296393</ele><time>2025-11-23T19:51:03Z</time></trkpt><trkpt lat="38.569994" lon="-121.488842"><ele>11.307282039895654</ele><time>2025-11-23T19:51:04Z</time></trkpt><trkpt lat="38.569964" lon="-121.488851"><ele>9.72325943224132</ele><time>2025-11-23T19:51:05Z</time></trkpt><trkpt lat="38.569930" lon="-121.488852"><ele>11.249939531087875</ele><time>2025-11-23T19:51:06Z</time></trkpt><trkpt lat="38.569903" lon="-121.488859"><ele>9.772549342364073</ele><time>2025-11-23T19:51:07Z</time></trkpt><trkpt lat="38.569873" lon="-121.488877"><ele>10.085889805108309</ele><time>2025-11-23T19:51:08Z</time></trkpt><trkpt lat="38.569843" lon="-121.488912"><ele>9.651410381309688</ele><time>2025-11-23T19:51:09Z</time></trkpt><trkpt lat="38.569820" lon="-121.488921"><ele>9.83664614520967</ele><time>2025-11-23T19:51:10Z</time></trkpt><trkpt lat="38.569789" lon="-121.488940"><ele>9.851118898950517</ele><time>2025-11-23T19:51:11Z</time></trkpt><trkpt lat="38.569757" lon="-121.488955"><ele>9.201372723095119</ele><time>2025-11-23T19:51:12Z</time></trkpt><trkpt lat="38.569726" lon="-121.488982"><ele>9.33606202621013</ele><time>2025-11-23T19:51:13Z</time></trkpt><trkpt lat="38.569696" lon="-121.489009"><ele>8.908982634544373</ele><time>2025-11-23T19:51:14Z</time></trkpt><trkpt lat="38.569663" lon="-121.489037"><ele>8.470470328815281</ele><time>2025-11-23T19:51:15Z</time></trkpt><trkpt lat="38.569647" lon="-121.489042"><ele>8.10524454433471</ele><time>2025-11-23T19:51:16Z</time></trkpt><trkpt lat="38.569616" lon="-121.489042"><ele>7.875897872261703</ele><time>2025-11-23T19:51:17Z</time></trkpt><trkpt lat="38.569593" lon="-121.489033"><ele>7.474548378959298</ele><time>2025-11-23T19:51:18Z</time></trkpt><trkpt lat="38.569556" lon="-121.489049"><ele>7.765006221830845</ele><time>2025-11-23T19:51:19Z</time></trkpt><trkpt lat="38.569521" lon="-121.489079"><ele>7.189737092703581</ele><time>2025-11-23T19:51:20Z</time></trkpt><trkpt lat="38.569478" lon="-121.489079"><ele>8.080995321273804</ele><time>2025-11-23T19:51:21Z</time></trkpt><trkpt lat="38.569447" lon="-121.489104"><ele>7.479753819294274</ele><time>2025-11-23T19:51:22Z</time></trkpt><trkpt lat="38.569413" lon="-121.489103"><ele>7.060897936113179</ele><time>2025-11-23T19:51:23Z</time></trkpt><trkpt lat="38.569390" lon="-121.489106"><ele>6.829825670458376</ele><time>2025-11-23T19:51:24Z</time></trkpt><trkpt lat="38.569361" lon="-121.489127"><ele>5.872999214567244</ele><time>2025-11-23T19:51:25Z</time></trkpt><trkpt lat="38.569349" lon="-121.489121"><ele>6.470223503187299</ele><time>2025-11-23T19:51:26Z</time></trkpt><trkpt lat="38.569351" lon="-121.489129"><ele>5.5358181074261665</ele><time>2025-11-23T19:51:27Z</time></trkpt><trkpt lat="38.569350" lon="-121.489126"><ele>5.4232894172891974</ele><time>2025-11-23T19:51:28Z</time></trkpt><trkpt lat="38.569354" lon="-121.489125"><ele>5.72636691480875</ele><time>2025-11-23T19:51:29Z</time></trkpt><trkpt lat="38.569353" lon="-121.489129"><ele>5.9193867566064</ele><time>2025-11-23T19:51:30Z</time></trkpt><trkpt lat="38.569336" lon="-121.489137"><ele>5.542605188675225</ele><time>2025-11-23T19:51:31Z</time></trkpt><trkpt lat="38.569319" lon="-121.489153"><ele>6.070560364052653</ele><time>2025-11-23T19:51:32Z</time></trkpt><trkpt lat="38.569284" lon="-121.489164"><ele>5.7860897444188595</ele><time>2025-11-23T19:51:33Z</time></trkpt><trkpt lat="38.569248" lon="-121.489189"><ele>6.800828928127885</ele><time>2025-11-23T19:51:34Z</time></trkpt><trkpt lat="38.569207" lon="-121.489224"><ele>6.1334074614569545</ele><time>2025-11-23T19:51:35Z</time></trkpt><trkpt lat="38.569166" lon="-121.489249"><ele>5.878310830332339</ele><time>2025-11-23T19:51:36Z</time></trkpt><trkpt lat="38.569143" lon="-121.489292"><ele>6.5023773815482855</ele><time>2025-11-23T19:51:37Z</time></trkpt><trkpt lat="38.569120" lon="-121.489311"><ele>5.910662144422531</ele><time>2025-11-23T19:51:38Z</time></trkpt><trkpt lat="38.569100" lon="-121.489318"><ele>5.825982498936355</ele><time>2025-11-23T19:51:39Z</time></trkpt><trkpt lat="38.569080" lon="-121.489316"><ele>4.676038174889982</ele><time>2025-11-23T19:51:40Z</time></trkpt><trkpt lat="38.569067" lon="-121.489320"><ele>5.665780695155263</ele><time>2025-11-23T19:51:41Z</time></trkpt><trkpt lat="38.569046" lon="-121.489321"><ele>5.218631443567574</ele><time>2025-11-23T19:51:42Z</time></trkpt><trkpt lat="38.569000" lon="-121.489327"><ele>6.298117182217538</ele><time>2025-11-23T19:51:43Z</time></trkpt><trkpt lat="38.568962" lon="-121.489343"><ele>5.430059605278075</ele><time>2025-11-23T19:51:44Z</time></trkpt><trkpt lat="38.568925" lon="-121.489355"><ele>5.657277330756187</ele><time>2025-11-23T19:51:45Z</time></trkpt><trkpt lat="38.568901" lon="-121.489372"><ele>6.090802631340921</ele><time>2025-11-23T19:51:46Z</time></trkpt><trkpt lat="38.568890" lon="-121.489392"><ele>5.51360731665045</ele><time>2025-11-23T19:51:47Z</time></trkpt><trkpt lat="38.568876" lon="-121.489402"><ele>6.263393395580351</ele><time>2025-11-23T19:51:48Z</time></trkpt><trkpt lat="38.568849" lon="-121.489402"><ele>7.061869888566434</ele><time>2025-11-23T19:51:49Z</time></trkpt><trkpt lat="38.568811" lon="-121.489415"><ele>5.818982384167612</ele><time>2025-11-23T19:51:50Z</time></trkpt><trkpt lat="38.568787" lon="-121.489409"><ele>7.9726204155012965</ele><time>2025-11-23T19:51:51Z</time></trkpt><trkpt lat="38.568753" lon="-121.489418"><ele>6.100667284801602</ele><time>2025-11-23T19:51:52Z</time></trkpt><trkpt lat="38.568736" lon="-121.489408"><ele>6.7118228087201715</ele><time>2025-11-23T19:51:53Z</time></trkpt><trkpt lat="38.568706" lon="-121.489415"><ele>6.060271477326751</ele><time>2025-11-23T19:51:54Z</time></trkpt><trkpt lat="38.568686" lon="-121.489419"><ele>6.780645520426333</ele><time>2025-11-23T19:51:55Z</time></trkpt><trkpt lat="38.568665" lon="-121.489435"><ele>7.253143060021102</ele><time>2025-11-23T19:51:56Z</time></trkpt><trkpt lat="38.568643" lon="-121.489458"><ele>6.195949407294393</ele><time>2025-11-23T19:51:57Z</time></trkpt><trkpt lat="38.568613" lon="-121.489470"><ele>7.765512683428824</ele><time>2025-11-23T19:51:58Z</time></trkpt><trkpt lat="38.568598" lon="-121.489522"><ele>5.995277436450124</ele><time>2025-11-23T19:51:59Z</time></trkpt><trkpt lat="38.568568" lon="-121.489542"><ele>7.536513372324407</ele><time>2025-11-23T19:52:00Z</time></trkpt><trkpt lat="38.568543" lon="-121.489586"><ele>6.281556346453726</ele><time>2025-11-23T19:52:01Z</time></trkpt><trkpt lat="38.568517" lon="-121.489610"><ele>7.246711801737547</ele><time>2025-11-23T19:52:02Z</time></trkpt><trkpt lat="38.568465" lon="-121.489599"><ele>7.331531864590943</ele><time>2025-11-23T19:52:03Z</time></trkpt><trkpt lat="38.568428" lon="-121.489579"><ele>5.80126887653023</ele><time>2025-11-23T19:52:04Z</time></trkpt><trkpt lat="38.568404" lon="-121.489569"><ele>6.946633679792285</ele><time>2025-11-23T19:52:05Z</time></trkpt><trkpt lat="38.568373" lon="-121.489584"><ele>5.935040419921279</ele><time>2025-11-23T19:52:06Z</time></trkpt><trkpt lat="38.568353" lon="-121.489583"><ele>7.443588552996516</ele><time>2025-11-23T19:52:07Z</time></trkpt><trkpt lat="38.568334" lon="-121.489588"><ele>6.920137100853026</ele><time>2025-11-23T19:52:08Z</time></trkpt><trkpt lat="38.568305" lon="-121.489591"><ele>5.876205203123391</ele><time>2025-11-23T19:52:09Z</time></trkpt><trkpt lat="38.568287" lon="-121.489624"><ele>5.9221189906820655</ele><time>2025-11-23T19:52:10Z</time></trkpt><trkpt lat="38.568307" lon="-121.489701"><ele>4.891240912489593</ele><time>2025-11-23T19:52:11Z</time></trkpt><trkpt lat="38.568335" lon="-121.489753"><ele>6.037243930622935</ele><time>2025-11-23T19:52:12Z</time></trkpt><trkpt lat="38.568378" lon="-121.489777"><ele>5.55888416338712</ele><time>2025-11-23T19:52:13Z</time></trkpt><trkpt lat="38.568384" lon="-121.489806"><ele>5.418381319381297</ele><time>2025-11-23T19:52:14Z</time></trkpt><trkpt lat="38.568388" lon="-121.489839"><ele>6.453588136471808</ele><time>2025-11-23T19:52:15Z</time></trkpt><trkpt lat="38.568399" lon="-121.489872"><ele>5.43115964345634</ele><time>2025-11-23T19:52:16Z</time></trkpt><trkpt lat="38.568405" lon="-121.489899"><ele>6.558942444622517</ele><time>2025-11-23T19:52:17Z</time></trkpt><trkpt lat="38.568408" lon="-121.489932"><ele>5.753326962701976</ele><time>2025-11-23T19:52:18Z</time></trkpt><trkpt lat="38.568400" lon="-121.489965"><ele>6.623622575774789</ele><time>2025-11-23T19:52:19Z</time></trkpt><trkpt lat="38.568415" lon="-121.489995"><ele>7.299647212028503</ele><time>2025-11-23T19:52:20Z</time></trkpt><trkpt lat="38.568415" lon="-121.490023"><ele>5.860251692123711</ele><time>2025-11-23T19:52:21Z</time></trkpt><trkpt lat="38.568387" lon="-121.490048"><ele>6.143135906197131</ele><time>2025-11-23T19:52:22Z</time></trkpt><trkpt lat="38.568378" lon="-121.490081"><ele>7.569870077073574</ele><time>2025-11-23T19:52:23Z</time></trkpt><trkpt lat="38.568359" lon="-121.490144"><ele>6.1705363020300865</ele><time>2025-11-23T19:52:24Z</time></trkpt><trkpt lat="38.568371" lon="-121.490173"><ele>8.659522716887295</ele><time>2025-11-23T19:52:25Z</time></trkpt><trkpt lat="38.568373" lon="-121.490208"><ele>6.149453860707581</ele><time>2025-11-23T19:52:26Z</time></trkpt><trkpt lat="38.568365" lon="-121.490237"><ele>8.289373113773763</ele><time>2025-11-23T19:52:27Z</time></trkpt><trkpt lat="38.568366" lon="-121.490279"><ele>7.199277123436332</ele><time>2025-11-23T19:52:28Z</time></trkpt><trkpt lat="38.568318" lon="-121.490324"><ele>7.284468309953809</ele><time>2025-11-23T19:52:29Z</time></trkpt><trkpt lat="38.568317" lon="-121.490375"><ele>8.875164627097547</ele><time>2025-11-23T19:52:30Z</time></trkpt><trkpt lat="38.568309" lon="-121.490417"><ele>7.77521578874439</ele><time>2025-11-23T19:52:31Z</time></trkpt><trkpt lat="38.568289" lon="-121.490463"><ele>9.096214661374688</ele><time>2025-11-23T19:52:32Z</time></trkpt><trkpt lat="38.568295" lon="-121.490506"><ele>7.657981961965561</ele><time>2025-11-23T19:52:33Z</time></trkpt><trkpt lat="38.568302" lon="-121.490536"><ele>9.33210430573672</ele><time>2025-11-23T19:52:34Z</time></trkpt><trkpt lat="38.568313" lon="-121.490584"><ele>8.463852382265031</ele><time>2025-11-23T19:52:35Z</time></trkpt><trkpt lat="38.568325" lon="-121.490622"><ele>7.70743537787348</ele><time>2025-11-23T19:52:36Z</time></trkpt><trkpt lat="38.568334" lon="-121.490651"><ele>8.423699248582125</ele><time>2025-11-23T19:52:37Z</time></trkpt><trkpt lat="38.568344" lon="-121.490695"><ele>8.37891726847738</ele><time>2025-11-23T19:52:38Z</time></trkpt><trkpt lat="38.568347" lon="-121.490733"><ele>9.756465164013207</ele><time>2025-11-23T19:52:39Z</time></trkpt><trkpt lat="38.568355" lon="-121.490771"><ele>9.009045934304595</ele><time>2025-11-23T19:52:40Z</time></trkpt><trkpt lat="38.568373" lon="-121.490818"><ele>9.142594282515347</ele><time>2025-11-23T19:52:41Z</time></trkpt><trkpt lat="38.568378" lon="-121.490854"><ele>8.749047541990876</ele><time>2025-11-23T19:52:42Z</time></trkpt><trkpt lat="38.568416" lon="-121.490904"><ele>9.010890651494265</ele><time>2025-11-23T19:52:43Z</time></trkpt><trkpt lat="38.568415" lon="-121.490944"><ele>8.807061265222728</ele><time>2025-11-23T19:52:44Z</time></trkpt><trkpt lat="38.568422" lon="-121.490968"><ele>8.868865532800555</ele><time>2025-11-23T19:52:45Z</time></trkpt><trkpt lat="38.568427" lon="-121.491014"><ele>9.16541010234505</ele><time>2025-11-23T19:52:46Z</time></trkpt><trkpt lat="38.568424" lon="-121.491025"><ele>9.030353201553226</ele><time>2025-11-23T19:52:47Z</time></trkpt><trkpt lat="38.568442" lon="-121.491060"><ele>9.476367646828294</ele><time>2025-11-23T19:52:48Z</time></trkpt><trkpt lat="38.568438" lon="-121.491086"><ele>9.154668266884983</ele><time>2025-11-23T19:52:49Z</time></trkpt><trkpt lat="38.568449" lon="-121.491111"><ele>9.651761763729155</ele><time>2025-11-23T19:52:50Z</time></trkpt><trkpt lat="38.568459" lon="-121.491152"><ele>10.755353746004403</ele><time>2025-11-23T19:52:51Z</time></trkpt><trkpt lat="38.568471" lon="-121.491174"><ele>10.169112015515566</ele><time>2025-11-23T19:52:52Z</time></trkpt><trkpt lat="38.568524" lon="-121.491214"><ele>10.687661814503372</ele><time>2025-11-23T19:52:53Z</time></trkpt><trkpt lat="38.568545" lon="-121.491234"><ele>10.219208338297904</ele><time>2025-11-23T19:52:54Z</time></trkpt><trkpt lat="38.568570" lon="-121.491274"><ele>9.760665471665561</ele><time>2025-11-23T19:52:55Z</time></trkpt><trkpt lat="38.568592" lon="-121.491308"><ele>8.89591311942786</ele><time>2025-11-23T19:52:56Z</time></trkpt><trkpt lat="38.568620" lon="-121.491328"><ele>7.58263941667974</ele><time>2025-11-23T19:52:57Z</time></trkpt><trkpt lat="38.568659" lon="-121.491341"><ele>7.576748289167881</ele><time>2025-11-23T19:52:58Z</time></trkpt><trkpt lat="38.568675" lon="-121.491356"><ele>7.041243893094361</ele><time>2025-11-23T19:52:59Z</time></trkpt><trkpt lat="38.568687" lon="-121.491410"><ele>7.921434395946562</ele><time>2025-11-23T19:53:00Z</time></trkpt><trkpt lat="38.568703" lon="-121.491458"><ele>6.835224385373294</ele><time>2025-11-23T19:53:01Z</time></trkpt><trkpt lat="38.568710" lon="-121.491493"><ele>8.19842612463981</ele><time>2025-11-23T19:53:02Z</time></trkpt><trkpt lat="38.568715" lon="-121.491530"><ele>8.852017229422927</ele><time>2025-11-23T19:53:03Z</time></trkpt><trkpt lat="38.568722" lon="-121.491555"><ele>8.092339883558452</ele><time>2025-11-23T19:53:04Z</time></trkpt><trkpt lat="38.568715" lon="-121.491566"><ele>9.349305004812777</ele><time>2025-11-23T19:53:05Z</time></trkpt><trkpt lat="38.568731" lon="-121.491586"><ele>9.508720684796572</ele><time>2025-11-23T19:53:06Z</time></trkpt><trkpt lat="38.568745" lon="-121.491605"><ele>9.783990865573287</ele><time>2025-11-23T19:53:07Z</time></trkpt><trkpt lat="38.568758" lon="-121.491618"><ele>9.852879649028182</ele><time>2025-11-23T19:53:08Z</time></trkpt><trkpt lat="38.568765" lon="-121.491627"><ele>9.685723608359694</ele><time>2025-11-23T19:53:09Z</time></trkpt><trkpt lat="38.568771" lon="-121.491647"><ele>9.832617430947721</ele><time>2025-11-23T19:53:10Z</time></trkpt><trkpt lat="38.568780" lon="-121.491663"><ele>9.28187976591289</ele><time>2025-11-23T19:53:11Z</time></trkpt><trkpt lat="38.568802" lon="-121.491684"><ele>9.12673119455576</ele><time>2025-11-23T19:53:12Z</time></trkpt><trkpt lat="38.568813" lon="-121.491704"><ele>8.660982656292617</ele><time>2025-11-23T19:53:13Z</time></trkpt><trkpt lat="38.568812" lon="-121.491726"><ele>8.807651079259813</ele><time>2025-11-23T19:53:14Z</time></trkpt><trkpt lat="38.568821" lon="-121.491748"><ele>8.146547283045948</ele><time>2025-11-23T19:53:15Z</time></trkpt><trkpt lat="38.568836" lon="-121.491767"><ele>7.898139400407672</ele><time>2025-11-23T19:53:16Z</time></trkpt><trkpt lat="38.568844" lon="-121.491786"><ele>7.138437845744193</ele><time>2025-11-23T19:53:17Z</time></trkpt><trkpt lat="38.568851" lon="-121.491792"><ele>6.939329079352319</ele><time>2025-11-23T19:53:18Z</time></trkpt><trkpt lat="38.568850" lon="-121.491794"><ele>7.434122101403773</ele><time>2025-11-23T19:53:19Z</time></trkpt><trkpt lat="38.568849" lon="-121.491800"><ele>8.13340455852449</ele><time>2025-11-23T19:53:20Z</time></trkpt><trkpt lat="38.568845" lon="-121.491806"><ele>8.123644282110035</ele><time>2025-11-23T19:53:21Z</time></trkpt><trkpt lat="38.568842" lon="-121.491810"><ele>7.0819639740511775</ele><time>2025-11-23T19:53:22Z</time></trkpt><trkpt lat="38.568841" lon="-121.491814"><ele>6.9465638948604465</ele><time>2025-11-23T19:53:23Z</time></trkpt><trkpt lat="38.568836" lon="-121.491822"><ele>6.593367108143866</ele><time>2025-11-23T19:53:24Z</time></trkpt><trkpt lat="38.568834" lon="-121.491821"><ele>7.08855170942843</ele><time>2025-11-23T19:53:25Z</time></trkpt><trkpt lat="38.568841" lon="-121.491812"><ele>7.9203346241265535</ele><time>2025-11-23T19:53:26Z</time></trkpt><trkpt lat="38.568841" lon="-121.491804"><ele>7.858719062060118</ele><time>2025-11-23T19:53:27Z</time></trkpt><trkpt lat="38.568847" lon="-121.491804"><ele>7.739758003503084</ele><time>2025-11-23T19:53:28Z</time></trkpt><trkpt lat="38.568845" lon="-121.491800"><ele>8.087655222043395</ele><time>2025-11-23T19:53:29Z</time></trkpt><trkpt lat="38.568844" lon="-121.491800"><ele>8.692119586281478</ele><time>2025-11-23T19:53:30Z</time></trkpt><trkpt lat="38.568834" lon="-121.491813"><ele>9.300450204871595</ele><time>2025-11-23T19:53:31Z</time></trkpt><trkpt lat="38.568844" lon="-121.491804"><ele>8.40817342698574</ele><time>2025-11-23T19:53:32Z</time></trkpt><trkpt lat="38.568846" lon="-121.491805"><ele>8.737249281257391</ele><time>2025-11-23T19:53:33Z</time></trkpt><trkpt lat="38.568846" lon="-121.491797"><ele>8.988817371428013</ele><time>2025-11-23T19:53:34Z</time></trkpt><trkpt lat="38.568838" lon="-121.491820"><ele>9.190792756155133</ele><time>2025-11-23T19:53:35Z</time></trkpt><trkpt lat="38.568840" lon="-121.491804"><ele>8.476421090774238</ele><time>2025-11-23T19:53:36Z</time></trkpt><trkpt lat="38.568835" lon="-121.491802"><ele>8.293342685326934</ele><time>2025-11-23T19:53:37Z</time></trkpt><trkpt lat="38.568843" lon="-121.491819"><ele>8.042954810895026</ele><time>2025-11-23T19:53:38Z</time></trkpt><trkpt lat="38.568841" lon="-121.491849"><ele>7.670668198727071</ele><time>2025-11-23T19:53:39Z</time></trkpt><trkpt lat="38.568851" lon="-121.491867"><ele>8.325627171434462</ele><time>2025-11-23T19:53:40Z</time></trkpt><trkpt lat="38.568869" lon="-121.491872"><ele>8.607985510490835</ele><time>2025-11-23T19:53:41Z</time></trkpt><trkpt lat="38.568874" lon="-121.491878"><ele>8.578075076453388</ele><time>2025-11-23T19:53:42Z</time></trkpt><trkpt lat="38.568885" lon="-121.491898"><ele>8.952013758942485</ele><time>2025-11-23T19:53:43Z</time></trkpt><trkpt lat="38.568893" lon="-121.491917"><ele>8.435904051177204</ele><time>2025-11-23T19:53:44Z</time></trkpt><trkpt lat="38.568895" lon="-121.491923"><ele>8.465792153030634</ele><time>2025-11-23T19:53:45Z</time></trkpt><trkpt lat="38.568896" lon="-121.491931"><ele>8.194307695142925</ele><time>2025-11-23T19:53:46Z</time></trkpt><trkpt lat="38.568889" lon="-121.491940"><ele>8.123986156657338</ele><time>2025-11-23T19:53:47Z</time></trkpt><trkpt lat="38.568890" lon="-121.491947"><ele>8.489377183839679</ele><time>2025-11-23T19:53:48Z</time></trkpt><trkpt lat="38.568902" lon="-121.491961"><ele>8.42933909688145</ele><time>2025-11-23T19:53:49Z</time></trkpt><trkpt lat="38.568913" lon="-121.491974"><ele>8.442569199949503</ele><time>2025-11-23T19:53:50Z</time></trkpt><trkpt lat="38.568915" lon="-121.491987"><ele>7.704157848842442</ele><time>2025-11-23T19:53:51Z</time></trkpt><trkpt lat="38.568908" lon="-121.491997"><ele>7.58758201636374</ele><time>2025-11-23T19:53:52Z</time></trkpt><trkpt lat="38.568905" lon="-121.492009"><ele>8.097627697512507</ele><time>2025-11-23T19:53:53Z</time></trkpt><trkpt lat="38.568911" lon="-121.492023"><ele>7.997689972631633</ele><time>2025-11-23T19:53:54Z</time></trkpt><trkpt lat="38.568920" lon="-121.492040"><ele>8.282516674138606</ele><time>2025-11-23T19:53:55Z</time></trkpt><trkpt lat="38.568924" lon="-121.492051"><ele>8.072165831923485</ele><time>2025-11-23T19:53:56Z</time></trkpt><trkpt lat="38.568917" lon="-121.492059"><ele>7.609304187819362</ele><time>2025-11-23T19:53:57Z</time></trkpt><trkpt lat="38.568911" lon="-121.492053"><ele>7.444375501014292</ele><time>2025-11-23T19:53:58Z</time></trkpt><trkpt lat="38.568898" lon="-121.492052"><ele>7.4222730323672295</ele><time>2025-11-23T19:53:59Z</time></trkpt><trkpt lat="38.568895" lon="-121.492055"><ele>7.838860998861492</ele><time>2025-11-23T19:54:00Z</time></trkpt><trkpt lat="38.568913" lon="-121.492071"><ele>7.7799287578091025</ele><time>2025-11-23T19:54:01Z</time></trkpt><trkpt lat="38.568942" lon="-121.492074"><ele>7.8385219825431705</ele><time>2025-11-23T19:54:02Z</time></trkpt><trkpt lat="38.568956" lon="-121.492064"><ele>8.029507015831769</ele><time>2025-11-23T19:54:03Z</time></trkpt><trkpt lat="38.568965" lon="-121.492055"><ele>8.400970855727792</ele><time>2025-11-23T19:54:04Z</time></trkpt><trkpt lat="38.568966" lon="-121.492036"><ele>8.249984653666615</ele><time>2025-11-23T19:54:05Z</time></trkpt><trkpt lat="38.568968" lon="-121.492021"><ele>8.50877165235579</ele><time>2025-11-23T19:54:06Z</time></trkpt><trkpt lat="38.568965" lon="-121.492007"><ele>8.424131257459521</ele><time>2025-11-23T19:54:07Z</time></trkpt><trkpt lat="38.568965" lon="-121.491987"><ele>8.527487887069583</ele><time>2025-11-23T19:54:08Z</time></trkpt><trkpt lat="38.568965" lon="-121.491973"><ele>8.456988059915602</ele><time>2025-11-23T19:54:09Z</time></trkpt><trkpt lat="38.568958" lon="-121.491964"><ele>8.76968836132437</ele><time>2025-11-23T19:54:10Z</time></trkpt><trkpt lat="38.568955" lon="-121.491953"><ele>8.519758684560657</ele><time>2025-11-23T19:54:11Z</time></trkpt><trkpt lat="38.568955" lon="-121.491935"><ele>8.327106178738177</ele><time>2025-11-23T19:54:12Z</time></trkpt><trkpt lat="38.568950" lon="-121.491911"><ele>8.184793922118843</ele><time>2025-11-23T19:54:13Z</time></trkpt><trkpt lat="38.568944" lon="-121.491900"><ele>7.864907467737794</ele><time>2025-11-23T19:54:14Z</time></trkpt><trkpt lat="38.568944" lon="-121.491891"><ele>7.47350138053298</ele><time>2025-11-23T19:54:15Z</time></trkpt><trkpt lat="38.568939" lon="-121.491880"><ele>7.687145819887519</ele><time>2025-11-23T19:54:16Z</time></trkpt><trkpt lat="38.568928" lon="-121.491861"><ele>7.311131592839956</ele><time>2025-11-23T19:54:17Z</time></trkpt><trkpt lat="38.568916" lon="-121.491845"><ele>7.4069107342511415</ele><time>2025-11-23T19:54:18Z</time></trkpt><trkpt lat="38.568908" lon="-121.491838"><ele>7.636930061504245</ele><time>2025-11-23T19:54:19Z</time></trkpt><trkpt lat="38.568900" lon="-121.491839"><ele>7.980935476720333</ele><time>2025-11-23T19:54:20Z</time></trkpt><trkpt lat="38.568892" lon="-121.491841"><ele>8.138591857627034</ele><time>2025-11-23T19:54:21Z</time></trkpt><trkpt lat="38.568888" lon="-121.491837"><ele>8.318599849008024</ele><time>2025-11-23T19:54:22Z</time></trkpt><trkpt lat="38.568887" lon="-121.491831"><ele>8.397378747351468</ele><time>2025-11-23T19:54:23Z</time></trkpt><trkpt lat="38.568888" lon="-121.491834"><ele>8.572553933598101</ele><time>2025-11-23T19:54:24Z</time></trkpt><trkpt lat="38.568890" lon="-121.491833"><ele>8.598255360499024</ele><time>2025-11-23T19:54:25Z</time></trkpt><trkpt lat="38.568884" lon="-121.491823"><ele>8.946531216613948</ele><time>2025-11-23T19:54:26Z</time></trkpt><trkpt lat="38.568887" lon="-121.491803"><ele>8.681039752438664</ele><time>2025-11-23T19:54:27Z</time></trkpt><trkpt lat="38.568874" lon="-121.491795"><ele>8.74224707763642</ele><time>2025-11-23T19:54:28Z</time></trkpt><trkpt lat="38.568873" lon="-121.491795"><ele>8.83261248189956</ele><time>2025-11-23T19:54:29Z</time></trkpt><trkpt lat="38.568878" lon="-121.491801"><ele>8.26968517061323</ele><time>2025-11-23T19:54:30Z</time></trkpt><trkpt lat="38.568864" lon="-121.491798"><ele>7.986627564765513</ele><time>2025-11-23T19:54:31Z</time></trkpt><trkpt lat="38.568858" lon="-121.491788"><ele>7.825580148026347</ele><time>2025-11-23T19:54:32Z</time></trkpt><trkpt lat="38.568850" lon="-121.491789"><ele>7.803602227009833</ele><time>2025-11-23T19:54:33Z</time></trkpt><trkpt lat="38.568835" lon="-121.491798"><ele>7.913021265529096</ele><time>2025-11-23T19:54:34Z</time></trkpt><trkpt lat="38.568835" lon="-121.491798"><ele>8.020141616463661</ele><time>2025-11-23T19:54:35Z</time></trkpt><trkpt lat="38.568841" lon="-121.491806"><ele>8.460096411406994</ele><time>2025-11-23T19:54:36Z</time></trkpt><trkpt lat="38.568835" lon="-121.491813"><ele>8.797977709211409</ele><time>2025-11-23T19:54:37Z</time></trkpt><trkpt lat="38.568825" lon="-121.491796"><ele>8.444431426934898</ele><time>2025-11-23T19:54:38Z</time></trkpt><trkpt lat="38.568827" lon="-121.491798"><ele>8.553523194976151</ele><time>2025-11-23T19:54:39Z</time></trkpt><trkpt lat="38.568833" lon="-121.491812"><ele>8.267199899069965</ele><time>2025-11-23T19:54:40Z</time></trkpt><trkpt lat="38.568835" lon="-121.491819"><ele>8.070439925417304</ele><time>2025-11-23T19:54:41Z</time></trkpt><trkpt lat="38.568836" lon="-121.491824"><ele>8.100304245017469</ele><time>2025-11-23T19:54:42Z</time></trkpt><trkpt lat="38.568824" lon="-121.491817"><ele>7.856024844571948</ele><time>2025-11-23T19:54:43Z</time></trkpt><trkpt lat="38.568824" lon="-121.491812"><ele>7.611228511668742</ele><time>2025-11-23T19:54:44Z</time></trkpt><trkpt lat="38.568830" lon="-121.491813"><ele>7.598792388103902</ele><time>2025-11-23T19:54:45Z</time></trkpt><trkpt lat="38.568835" lon="-121.491816"><ele>7.765201601199806</ele><time>2025-11-23T19:54:46Z</time></trkpt><trkpt lat="38.568837" lon="-121.491814"><ele>7.815402453765273</ele><time>2025-11-23T19:54:47Z</time></trkpt><trkpt lat="38.568839" lon="-121.491812"><ele>8.258287323638797</ele><time>2025-11-23T19:54:48Z</time></trkpt><trkpt lat="38.568847" lon="-121.491804"><ele>8.593909719958901</ele><time>2025-11-23T19:54:49Z</time></trkpt><trkpt lat="38.568845" lon="-121.491798"><ele>7.799677194096148</ele><time>2025-11-23T19:54:50Z</time></trkpt><trkpt lat="38.568846" lon="-121.491798"><ele>8.56600305158645</ele><time>2025-11-23T19:54:51Z</time></trkpt><trkpt lat="38.568846" lon="-121.491798"><ele>8.509887335821986</ele><time>2025-11-23T19:54:52Z</time></trkpt><trkpt lat="38.568841" lon="-121.491796"><ele>8.398112302646041</ele><time>2025-11-23T19:54:53Z</time></trkpt><trkpt lat="38.568842" lon="-121.491795"><ele>8.06781510449946</ele><time>2025-11-23T19:54:54Z</time></trkpt><trkpt lat="38.568847" lon="-121.491792"><ele>8.07396048400551</ele><time>2025-11-23T19:54:55Z</time></trkpt><trkpt lat="38.568846" lon="-121.491791"><ele>8.049846600741148</ele><time>2025-11-23T19:54:56Z</time></trkpt><trkpt lat="38.568844" lon="-121.491792"><ele>7.9304842017591</ele><time>2025-11-23T19:54:57Z</time></trkpt><trkpt lat="38.568849" lon="-121.491790"><ele>8.18142256513238</ele><time>2025-11-23T19:54:58Z</time></trkpt><trkpt lat="38.568849" lon="-121.491790"><ele>8.18142256513238</ele><time>2025-11-23T19:54:59Z</time></trkpt><trkpt lat="38.568849" lon="-121.491790"><ele>8.18142256513238</ele><time>2025-11-23T19:55:00Z</time></trkpt></trkseg></trk></gpx>